[      70ms] [ERROR] Failed to load resource: the server responded with a status of 404 (Not Found) @ http://localhost:3090/api/health:0
[      80ms] [ERROR] Failed to load resource: the server responded with a status of 404 (Not Found) @ http://localhost:3090/ws:0
[      80ms] [ERROR] Failed to load resource: the server responded with a status of 404 (Not Found) @ http://localhost:8081/meetings:0
[     344ms] [INFO] %cDownload the React DevTools for a better development experience: https://react.dev/link/react-devtools font-weight:bold @ http://localhost:5173/node_modules/.vite/deps/react-dom_client.js?v=9b343416:20102
[     665ms] [WARNING] WebSocket connection to 'ws://localhost:3090/ws' failed: WebSocket is closed before the connection is established. @ http://localhost:5173/src/hooks/useWebSocket.js:97
[     706ms] [ERROR] WebSocket error: Event @ http://localhost:5173/src/hooks/useWebSocket.js:41
[     706ms] [LOG] WebSocket disconnected @ http://localhost:5173/src/hooks/useWebSocket.js:34
[     708ms] [ERROR] Failed to load resource: the server responded with a status of 404 (Not Found) @ http://localhost:3090/api/health:0
[     708ms] [ERROR] Failed to load resource: the server responded with a status of 404 (Not Found) @ http://localhost:3090/ws:0
[     708ms] [ERROR] Failed to load resource: the server responded with a status of 404 (Not Found) @ http://localhost:8081/meetings:0
[     812ms] [ERROR] Failed to load resource: the server responded with a status of 404 (Not Found) @ http://localhost:8081/meetings:0
[     813ms] [ERROR] Failed to load resource: the server responded with a status of 404 (Not Found) @ http://localhost:3090/api/health:0
[     813ms] [ERROR] Failed to load resource: the server responded with a status of 404 (Not Found) @ http://localhost:3090/ws:0
[     905ms] [LOG] WebSocket connected @ http://localhost:5173/src/hooks/useWebSocket.js:18
[    1134ms] [LOG] Unknown message type: subscribed @ http://localhost:5173/src/hooks/useWebSocket.js:80
[    1136ms] [ERROR] Failed to load resource: the server responded with a status of 404 (Not Found) @ http://localhost:3090/api/health:0
[    1137ms] [ERROR] Failed to load resource: the server responded with a status of 404 (Not Found) @ http://localhost:3090/ws:0
[    1137ms] [ERROR] Failed to load resource: the server responded with a status of 404 (Not Found) @ http://localhost:8081/meetings:0
[    1283ms] [ERROR] Failed to load resource: the server responded with a status of 404 (Not Found) @ http://localhost:3090/api/health:0
[    1283ms] [ERROR] Failed to load resource: the server responded with a status of 404 (Not Found) @ http://localhost:3090/ws:0
[    1283ms] [ERROR] Failed to load resource: the server responded with a status of 404 (Not Found) @ http://localhost:8081/meetings:0
[    1382ms] [ERROR] Failed to load resource: the server responded with a status of 404 (Not Found) @ http://localhost:3090/api/health:0
[    1382ms] [ERROR] Failed to load resource: the server responded with a status of 404 (Not Found) @ http://localhost:3090/ws:0
[    1382ms] [ERROR] Failed to load resource: the server responded with a status of 404 (Not Found) @ http://localhost:8081/meetings:0
[    1528ms] [ERROR] Failed to load resource: the server responded with a status of 404 (Not Found) @ http://localhost:3090/api/health:0
[    1529ms] [ERROR] Failed to load resource: the server responded with a status of 404 (Not Found) @ http://localhost:3090/ws:0
[    1529ms] [ERROR] Failed to load resource: the server responded with a status of 404 (Not Found) @ http://localhost:8081/meetings:0
[    1698ms] [ERROR] Failed to load resource: the server responded with a status of 404 (Not Found) @ http://localhost:3090/api/health:0
[    1699ms] [ERROR] Failed to load resource: the server responded with a status of 404 (Not Found) @ http://localhost:3090/ws:0
[    1700ms] [ERROR] Failed to load resource: the server responded with a status of 404 (Not Found) @ http://localhost:8081/meetings:0
[    1788ms] [ERROR] Failed to load resource: the server responded with a status of 404 (Not Found) @ http://localhost:3090/api/health:0
[    1789ms] [ERROR] Failed to load resource: the server responded with a status of 404 (Not Found) @ http://localhost:3090/ws:0
[    1789ms] [ERROR] Failed to load resource: the server responded with a status of 404 (Not Found) @ http://localhost:8081/meetings:0
[    1917ms] [ERROR] Failed to load resource: the server responded with a status of 404 (Not Found) @ http://localhost:3090/api/health:0
[    1925ms] [ERROR] Failed to load resource: the server responded with a status of 404 (Not Found) @ http://localhost:3090/ws:0
[    1926ms] [ERROR] Failed to load resource: the server responded with a status of 404 (Not Found) @ http://localhost:8081/meetings:0
[    2124ms] [ERROR] Failed to load resource: the server responded with a status of 404 (Not Found) @ http://localhost:3090/api/health:0
[    2131ms] [ERROR] Failed to load resource: the server responded with a status of 404 (Not Found) @ http://localhost:3090/ws:0
[    2131ms] [ERROR] Failed to load resource: the server responded with a status of 404 (Not Found) @ http://localhost:8081/meetings:0
[    2364ms] [ERROR] Failed to load resource: the server responded with a status of 404 (Not Found) @ http://localhost:3090/api/health:0
[    2364ms] [ERROR] Failed to load resource: the server responded with a status of 404 (Not Found) @ http://localhost:3090/ws:0
[    2364ms] [ERROR] Failed to load resource: the server responded with a status of 404 (Not Found) @ http://localhost:8081/meetings:0
[    2552ms] [ERROR] Failed to load resource: the server responded with a status of 404 (Not Found) @ http://localhost:3090/api/health:0
[    2552ms] [ERROR] Failed to load resource: the server responded with a status of 404 (Not Found) @ http://localhost:3090/ws:0
[    2553ms] [ERROR] Failed to load resource: the server responded with a status of 404 (Not Found) @ http://localhost:8081/meetings:0
[    2658ms] [ERROR] Failed to load resource: the server responded with a status of 404 (Not Found) @ http://localhost:3090/api/health:0
[    2673ms] [ERROR] Failed to load resource: the server responded with a status of 404 (Not Found) @ http://localhost:3090/ws:0
[    2673ms] [ERROR] Failed to load resource: the server responded with a status of 404 (Not Found) @ http://localhost:8081/meetings:0
[    2798ms] [ERROR] Failed to load resource: the server responded with a status of 404 (Not Found) @ http://localhost:3090/api/health:0
[    2798ms] [ERROR] Failed to load resource: the server responded with a status of 404 (Not Found) @ http://localhost:3090/ws:0
[    2799ms] [ERROR] Failed to load resource: the server responded with a status of 404 (Not Found) @ http://localhost:8081/meetings:0
[    2831ms] [ERROR] Failed to load resource: the server responded with a status of 404 (Not Found) @ http://localhost:3090/api/health:0
[    2831ms] [ERROR] Failed to load resource: the server responded with a status of 404 (Not Found) @ http://localhost:3090/ws:0
[    2832ms] [ERROR] Failed to load resource: the server responded with a status of 404 (Not Found) @ http://localhost:8081/meetings:0
[    3002ms] [ERROR] Failed to load resource: the server responded with a status of 404 (Not Found) @ http://localhost:3090/api/health:0
[    3003ms] [ERROR] Failed to load resource: the server responded with a status of 404 (Not Found) @ http://localhost:3090/ws:0
[    3003ms] [ERROR] Failed to load resource: the server responded with a status of 404 (Not Found) @ http://localhost:8081/meetings:0
[    3254ms] [ERROR] Failed to load resource: the server responded with a status of 404 (Not Found) @ http://localhost:3090/api/health:0
[    3254ms] [ERROR] Failed to load resource: the server responded with a status of 404 (Not Found) @ http://localhost:3090/ws:0
[    3255ms] [ERROR] Failed to load resource: the server responded with a status of 404 (Not Found) @ http://localhost:8081/meetings:0
[    3455ms] [ERROR] Failed to load resource: the server responded with a status of 404 (Not Found) @ http://localhost:3090/api/health:0
[    3455ms] [ERROR] Failed to load resource: the server responded with a status of 404 (Not Found) @ http://localhost:8081/meetings:0
[    3455ms] [ERROR] Failed to load resource: the server responded with a status of 404 (Not Found) @ http://localhost:3090/ws:0
[    3572ms] [ERROR] Failed to load resource: the server responded with a status of 404 (Not Found) @ http://localhost:3090/api/health:0
[    3573ms] [ERROR] Failed to load resource: the server responded with a status of 404 (Not Found) @ http://localhost:3090/ws:0
[    3573ms] [ERROR] Failed to load resource: the server responded with a status of 404 (Not Found) @ http://localhost:8081/meetings:0
[    3744ms] [ERROR] Failed to load resource: the server responded with a status of 404 (Not Found) @ http://localhost:3090/api/health:0
[    3745ms] [ERROR] Failed to load resource: the server responded with a status of 404 (Not Found) @ http://localhost:3090/ws:0
[    3745ms] [ERROR] Failed to load resource: the server responded with a status of 404 (Not Found) @ http://localhost:8081/meetings:0
[    3779ms] [ERROR] Failed to load resource: the server responded with a status of 404 (Not Found) @ http://localhost:3090/api/health:0
[    3793ms] [ERROR] Failed to load resource: the server responded with a status of 404 (Not Found) @ http://localhost:3090/ws:0
[    3793ms] [ERROR] Failed to load resource: the server responded with a status of 404 (Not Found) @ http://localhost:8081/meetings:0
[    3795ms] [LOG] WebSocket connected @ http://localhost:5173/src/hooks/useWebSocket.js:18
[    3797ms] [LOG] Unknown message type: subscribed @ http://localhost:5173/src/hooks/useWebSocket.js:80
[    3903ms] [ERROR] Failed to load resource: the server responded with a status of 404 (Not Found) @ http://localhost:3090/api/health:0
[    3910ms] [ERROR] Failed to load resource: the server responded with a status of 404 (Not Found) @ http://localhost:3090/ws:0
[    3910ms] [ERROR] Failed to load resource: the server responded with a status of 404 (Not Found) @ http://localhost:8081/meetings:0
[    4009ms] [ERROR] Failed to load resource: the server responded with a status of 404 (Not Found) @ http://localhost:3090/api/health:0
[    4016ms] [ERROR] Failed to load resource: the server responded with a status of 404 (Not Found) @ http://localhost:3090/ws:0
[    4017ms] [ERROR] Failed to load resource: the server responded with a status of 404 (Not Found) @ http://localhost:8081/meetings:0
[    4298ms] [ERROR] Failed to load resource: the server responded with a status of 404 (Not Found) @ http://localhost:3090/api/health:0
[    4298ms] [ERROR] Failed to load resource: the server responded with a status of 404 (Not Found) @ http://localhost:3090/ws:0
[    4299ms] [ERROR] Failed to load resource: the server responded with a status of 404 (Not Found) @ http://localhost:8081/meetings:0
[    4483ms] [ERROR] Failed to load resource: the server responded with a status of 404 (Not Found) @ http://localhost:3090/api/health:0
[    4483ms] [ERROR] Failed to load resource: the server responded with a status of 404 (Not Found) @ http://localhost:3090/ws:0
[    4483ms] [ERROR] Failed to load resource: the server responded with a status of 404 (Not Found) @ http://localhost:8081/meetings:0
[    4582ms] [ERROR] Failed to load resource: the server responded with a status of 404 (Not Found) @ http://localhost:3090/api/health:0
[    4582ms] [ERROR] Failed to load resource: the server responded with a status of 404 (Not Found) @ http://localhost:3090/ws:0
[    4582ms] [ERROR] Failed to load resource: the server responded with a status of 404 (Not Found) @ http://localhost:8081/meetings:0
[    4759ms] [ERROR] Failed to load resource: the server responded with a status of 404 (Not Found) @ http://localhost:3090/api/health:0
[    4759ms] [ERROR] Failed to load resource: the server responded with a status of 404 (Not Found) @ http://localhost:3090/ws:0
[    4759ms] [ERROR] Failed to load resource: the server responded with a status of 404 (Not Found) @ http://localhost:8081/meetings:0
[    4792ms] [ERROR] Failed to load resource: the server responded with a status of 404 (Not Found) @ http://localhost:3090/api/health:0
[    4792ms] [ERROR] Failed to load resource: the server responded with a status of 404 (Not Found) @ http://localhost:3090/ws:0
[    4793ms] [ERROR] Failed to load resource: the server responded with a status of 404 (Not Found) @ http://localhost:8081/meetings:0
[    4886ms] [ERROR] Failed to load resource: the server responded with a status of 404 (Not Found) @ http://localhost:3090/api/health:0
[    4894ms] [ERROR] Failed to load resource: the server responded with a status of 404 (Not Found) @ http://localhost:3090/ws:0
[    4895ms] [ERROR] Failed to load resource: the server responded with a status of 404 (Not Found) @ http://localhost:8081/meetings:0
[    5041ms] [ERROR] Failed to load resource: the server responded with a status of 404 (Not Found) @ http://localhost:3090/api/health:0
[    5042ms] [ERROR] Failed to load resource: the server responded with a status of 404 (Not Found) @ http://localhost:3090/ws:0
[    5042ms] [ERROR] Failed to load resource: the server responded with a status of 404 (Not Found) @ http://localhost:8081/meetings:0
[    5311ms] [ERROR] Failed to load resource: the server responded with a status of 404 (Not Found) @ http://localhost:3090/api/health:0
[    5320ms] [ERROR] Failed to load resource: the server responded with a status of 404 (Not Found) @ http://localhost:3090/ws:0
[    5320ms] [ERROR] Failed to load resource: the server responded with a status of 404 (Not Found) @ http://localhost:8081/meetings:0
[    5499ms] [ERROR] Failed to load resource: the server responded with a status of 404 (Not Found) @ http://localhost:3090/api/health:0
[    5500ms] [ERROR] Failed to load resource: the server responded with a status of 404 (Not Found) @ http://localhost:3090/ws:0
[    5500ms] [ERROR] Failed to load resource: the server responded with a status of 404 (Not Found) @ http://localhost:8081/meetings:0
[    5599ms] [ERROR] Failed to load resource: the server responded with a status of 404 (Not Found) @ http://localhost:3090/api/health:0
[    5599ms] [ERROR] Failed to load resource: the server responded with a status of 404 (Not Found) @ http://localhost:3090/ws:0
[    5599ms] [ERROR] Failed to load resource: the server responded with a status of 404 (Not Found) @ http://localhost:8081/meetings:0
[    5763ms] [ERROR] Failed to load resource: the server responded with a status of 404 (Not Found) @ http://localhost:3090/api/health:0
[    5764ms] [ERROR] Failed to load resource: the server responded with a status of 404 (Not Found) @ http://localhost:3090/ws:0
[    5764ms] [ERROR] Failed to load resource: the server responded with a status of 404 (Not Found) @ http://localhost:8081/meetings:0
[    5853ms] [ERROR] Failed to load resource: the server responded with a status of 404 (Not Found) @ http://localhost:3090/api/health:0
[    5854ms] [ERROR] Failed to load resource: the server responded with a status of 404 (Not Found) @ http://localhost:3090/ws:0
[    5854ms] [ERROR] Failed to load resource: the server responded with a status of 404 (Not Found) @ http://localhost:8081/meetings:0
[    6227ms] [ERROR] Failed to load resource: the server responded with a status of 404 (Not Found) @ http://localhost:3090/api/health:0
[    6237ms] [ERROR] Failed to load resource: the server responded with a status of 404 (Not Found) @ http://localhost:3090/ws:0
[    6238ms] [ERROR] Failed to load resource: the server responded with a status of 404 (Not Found) @ http://localhost:8081/meetings:0
[    6486ms] [ERROR] Failed to load resource: the server responded with a status of 404 (Not Found) @ http://localhost:3090/api/health:0
[    6486ms] [ERROR] Failed to load resource: the server responded with a status of 404 (Not Found) @ http://localhost:3090/ws:0
[    6487ms] [ERROR] Failed to load resource: the server responded with a status of 404 (Not Found) @ http://localhost:8081/meetings:0
[    6678ms] [ERROR] Failed to load resource: the server responded with a status of 404 (Not Found) @ http://localhost:3090/api/health:0
[    6679ms] [ERROR] Failed to load resource: the server responded with a status of 404 (Not Found) @ http://localhost:3090/ws:0
[    6679ms] [ERROR] Failed to load resource: the server responded with a status of 404 (Not Found) @ http://localhost:8081/meetings:0
[    6781ms] [ERROR] Failed to load resource: the server responded with a status of 404 (Not Found) @ http://localhost:3090/api/health:0
[    6790ms] [ERROR] Failed to load resource: the server responded with a status of 404 (Not Found) @ http://localhost:3090/ws:0
[    6791ms] [ERROR] Failed to load resource: the server responded with a status of 404 (Not Found) @ http://localhost:8081/meetings:0
[    6898ms] [ERROR] Failed to load resource: the server responded with a status of 404 (Not Found) @ http://localhost:3090/api/health:0
[    6899ms] [ERROR] Failed to load resource: the server responded with a status of 404 (Not Found) @ http://localhost:3090/ws:0
[    6899ms] [ERROR] Failed to load resource: the server responded with a status of 404 (Not Found) @ http://localhost:8081/meetings:0
[    6962ms] [ERROR] Failed to load resource: the server responded with a status of 404 (Not Found) @ http://localhost:3090/api/health:0
[    6963ms] [ERROR] Failed to load resource: the server responded with a status of 404 (Not Found) @ http://localhost:8081/meetings:0
[    6963ms] [ERROR] Failed to load resource: the server responded with a status of 404 (Not Found) @ http://localhost:3090/ws:0
[    7112ms] [ERROR] Failed to load resource: the server responded with a status of 404 (Not Found) @ http://localhost:3090/api/health:0
[    7121ms] [ERROR] Failed to load resource: the server responded with a status of 404 (Not Found) @ http://localhost:3090/ws:0
[    7122ms] [ERROR] Failed to load resource: the server responded with a status of 404 (Not Found) @ http://localhost:8081/meetings:0
[    7395ms] [ERROR] Failed to load resource: the server responded with a status of 404 (Not Found) @ http://localhost:3090/api/health:0
[    7395ms] [ERROR] Failed to load resource: the server responded with a status of 404 (Not Found) @ http://localhost:3090/ws:0
[    7395ms] [ERROR] Failed to load resource: the server responded with a status of 404 (Not Found) @ http://localhost:8081/meetings:0
[    7605ms] [ERROR] Failed to load resource: the server responded with a status of 404 (Not Found) @ http://localhost:3090/api/health:0
[    7605ms] [ERROR] Failed to load resource: the server responded with a status of 404 (Not Found) @ http://localhost:3090/ws:0
[    7605ms] [ERROR] Failed to load resource: the server responded with a status of 404 (Not Found) @ http://localhost:8081/meetings:0
[    7708ms] [ERROR] Failed to load resource: the server responded with a status of 404 (Not Found) @ http://localhost:3090/api/health:0
[    7708ms] [ERROR] Failed to load resource: the server responded with a status of 404 (Not Found) @ http://localhost:3090/ws:0
[    7709ms] [ERROR] Failed to load resource: the server responded with a status of 404 (Not Found) @ http://localhost:8081/meetings:0
[    7881ms] [ERROR] Failed to load resource: the server responded with a status of 404 (Not Found) @ http://localhost:3090/api/health:0
[    7881ms] [ERROR] Failed to load resource: the server responded with a status of 404 (Not Found) @ http://localhost:3090/ws:0
[    7882ms] [ERROR] Failed to load resource: the server responded with a status of 404 (Not Found) @ http://localhost:8081/meetings:0
[    7944ms] [ERROR] Failed to load resource: the server responded with a status of 404 (Not Found) @ http://localhost:3090/api/health:0
[    7945ms] [ERROR] Failed to load resource: the server responded with a status of 404 (Not Found) @ http://localhost:8081/meetings:0
[    7945ms] [ERROR] Failed to load resource: the server responded with a status of 404 (Not Found) @ http://localhost:3090/ws:0
[    8042ms] [ERROR] Failed to load resource: the server responded with a status of 404 (Not Found) @ http://localhost:3090/api/health:0
[    8043ms] [ERROR] Failed to load resource: the server responded with a status of 404 (Not Found) @ http://localhost:3090/ws:0
[    8043ms] [ERROR] Failed to load resource: the server responded with a status of 404 (Not Found) @ http://localhost:8081/meetings:0
[    8203ms] [ERROR] Failed to load resource: the server responded with a status of 404 (Not Found) @ http://localhost:3090/api/health:0
[    8204ms] [ERROR] Failed to load resource: the server responded with a status of 404 (Not Found) @ http://localhost:3090/ws:0
[    8204ms] [ERROR] Failed to load resource: the server responded with a status of 404 (Not Found) @ http://localhost:8081/meetings:0
[    8477ms] [ERROR] Failed to load resource: the server responded with a status of 404 (Not Found) @ http://localhost:3090/api/health:0
[    8477ms] [ERROR] Failed to load resource: the server responded with a status of 404 (Not Found) @ http://localhost:3090/ws:0
[    8477ms] [ERROR] Failed to load resource: the server responded with a status of 404 (Not Found) @ http://localhost:8081/meetings:0
[    8659ms] [ERROR] Failed to load resource: the server responded with a status of 404 (Not Found) @ http://localhost:3090/api/health:0
[    8659ms] [ERROR] Failed to load resource: the server responded with a status of 404 (Not Found) @ http://localhost:8081/meetings:0
[    8659ms] [ERROR] Failed to load resource: the server responded with a status of 404 (Not Found) @ http://localhost:3090/ws:0
[    8760ms] [ERROR] Failed to load resource: the server responded with a status of 404 (Not Found) @ http://localhost:3090/api/health:0
[    8760ms] [ERROR] Failed to load resource: the server responded with a status of 404 (Not Found) @ http://localhost:3090/ws:0
[    8761ms] [ERROR] Failed to load resource: the server responded with a status of 404 (Not Found) @ http://localhost:8081/meetings:0
[    8915ms] [ERROR] Failed to load resource: the server responded with a status of 404 (Not Found) @ http://localhost:3090/api/health:0
[    8915ms] [ERROR] Failed to load resource: the server responded with a status of 404 (Not Found) @ http://localhost:3090/ws:0
[    8915ms] [ERROR] Failed to load resource: the server responded with a status of 404 (Not Found) @ http://localhost:8081/meetings:0
[    8965ms] [ERROR] Failed to load resource: the server responded with a status of 404 (Not Found) @ http://localhost:3090/api/health:0
[    8965ms] [ERROR] Failed to load resource: the server responded with a status of 404 (Not Found) @ http://localhost:3090/ws:0
[    8970ms] [ERROR] Failed to load resource: the server responded with a status of 404 (Not Found) @ http://localhost:8081/meetings:0
[    9071ms] [ERROR] Failed to load resource: the server responded with a status of 404 (Not Found) @ http://localhost:3090/api/health:0
[    9071ms] [ERROR] Failed to load resource: the server responded with a status of 404 (Not Found) @ http://localhost:3090/ws:0
[    9083ms] [ERROR] Failed to load resource: the server responded with a status of 404 (Not Found) @ http://localhost:8081/meetings:0
[    9243ms] [ERROR] Failed to load resource: the server responded with a status of 404 (Not Found) @ http://localhost:3090/api/health:0
[    9243ms] [ERROR] Failed to load resource: the server responded with a status of 404 (Not Found) @ http://localhost:3090/ws:0
[    9253ms] [ERROR] Failed to load resource: the server responded with a status of 404 (Not Found) @ http://localhost:8081/meetings:0
[    9524ms] [ERROR] Failed to load resource: the server responded with a status of 404 (Not Found) @ http://localhost:3090/api/health:0
[    9524ms] [ERROR] Failed to load resource: the server responded with a status of 404 (Not Found) @ http://localhost:3090/ws:0
[    9532ms] [ERROR] Failed to load resource: the server responded with a status of 404 (Not Found) @ http://localhost:8081/meetings:0
[    9710ms] [ERROR] Failed to load resource: the server responded with a status of 404 (Not Found) @ http://localhost:3090/api/health:0
[    9711ms] [ERROR] Failed to load resource: the server responded with a status of 404 (Not Found) @ http://localhost:3090/ws:0
[    9712ms] [ERROR] Failed to load resource: the server responded with a status of 404 (Not Found) @ http://localhost:8081/meetings:0
[    9814ms] [ERROR] Failed to load resource: the server responded with a status of 404 (Not Found) @ http://localhost:3090/api/health:0
[    9814ms] [ERROR] Failed to load resource: the server responded with a status of 404 (Not Found) @ http://localhost:3090/ws:0
[    9815ms] [ERROR] Failed to load resource: the server responded with a status of 404 (Not Found) @ http://localhost:8081/meetings:0
[   10029ms] [ERROR] Failed to load resource: the server responded with a status of 404 (Not Found) @ http://localhost:3090/api/health:0
[   10029ms] [ERROR] Failed to load resource: the server responded with a status of 404 (Not Found) @ http://localhost:3090/ws:0
[   10030ms] [ERROR] Failed to load resource: the server responded with a status of 404 (Not Found) @ http://localhost:8081/meetings:0
[   10057ms] [ERROR] Failed to load resource: the server responded with a status of 404 (Not Found) @ http://localhost:3090/api/health:0
[   10057ms] [ERROR] Failed to load resource: the server responded with a status of 404 (Not Found) @ http://localhost:3090/ws:0
[   10057ms] [ERROR] Failed to load resource: the server responded with a status of 404 (Not Found) @ http://localhost:8081/meetings:0
[   10159ms] [ERROR] Failed to load resource: the server responded with a status of 404 (Not Found) @ http://localhost:3090/api/health:0
[   10160ms] [ERROR] Failed to load resource: the server responded with a status of 404 (Not Found) @ http://localhost:3090/ws:0
[   10160ms] [ERROR] Failed to load resource: the server responded with a status of 404 (Not Found) @ http://localhost:8081/meetings:0
[   10312ms] [ERROR] Failed to load resource: the server responded with a status of 404 (Not Found) @ http://localhost:3090/api/health:0
[   10312ms] [ERROR] Failed to load resource: the server responded with a status of 404 (Not Found) @ http://localhost:3090/ws:0
[   10313ms] [ERROR] Failed to load resource: the server responded with a status of 404 (Not Found) @ http://localhost:8081/meetings:0
[   10592ms] [ERROR] Failed to load resource: the server responded with a status of 404 (Not Found) @ http://localhost:3090/api/health:0
[   10592ms] [ERROR] Failed to load resource: the server responded with a status of 404 (Not Found) @ http://localhost:8081/meetings:0
[   10592ms] [ERROR] Failed to load resource: the server responded with a status of 404 (Not Found) @ http://localhost:3090/ws:0
[   10838ms] [ERROR] Failed to load resource: the server responded with a status of 404 (Not Found) @ http://localhost:3090/api/health:0
[   10839ms] [ERROR] Failed to load resource: the server responded with a status of 404 (Not Found) @ http://localhost:3090/ws:0
[   10839ms] [ERROR] Failed to load resource: the server responded with a status of 404 (Not Found) @ http://localhost:8081/meetings:0
[   10947ms] [ERROR] Failed to load resource: the server responded with a status of 404 (Not Found) @ http://localhost:3090/api/health:0
[   10947ms] [ERROR] Failed to load resource: the server responded with a status of 404 (Not Found) @ http://localhost:3090/ws:0
[   10947ms] [ERROR] Failed to load resource: the server responded with a status of 404 (Not Found) @ http://localhost:8081/meetings:0
[   11128ms] [ERROR] Failed to load resource: the server responded with a status of 404 (Not Found) @ http://localhost:3090/api/health:0
[   11129ms] [ERROR] Failed to load resource: the server responded with a status of 404 (Not Found) @ http://localhost:3090/ws:0
[   11129ms] [ERROR] Failed to load resource: the server responded with a status of 404 (Not Found) @ http://localhost:8081/meetings:0
[   11182ms] [ERROR] Failed to load resource: the server responded with a status of 404 (Not Found) @ http://localhost:3090/api/health:0
[   11183ms] [ERROR] Failed to load resource: the server responded with a status of 404 (Not Found) @ http://localhost:3090/ws:0
[   11183ms] [ERROR] Failed to load resource: the server responded with a status of 404 (Not Found) @ http://localhost:8081/meetings:0
[   11314ms] [ERROR] Failed to load resource: the server responded with a status of 404 (Not Found) @ http://localhost:3090/api/health:0
[   11315ms] [ERROR] Failed to load resource: the server responded with a status of 404 (Not Found) @ http://localhost:3090/ws:0
[   11315ms] [ERROR] Failed to load resource: the server responded with a status of 404 (Not Found) @ http://localhost:8081/meetings:0
[   11535ms] [ERROR] Failed to load resource: the server responded with a status of 404 (Not Found) @ http://localhost:3090/api/health:0
[   11535ms] [ERROR] Failed to load resource: the server responded with a status of 404 (Not Found) @ http://localhost:3090/ws:0
[   11535ms] [ERROR] Failed to load resource: the server responded with a status of 404 (Not Found) @ http://localhost:8081/meetings:0
[   11731ms] [ERROR] Failed to load resource: the server responded with a status of 404 (Not Found) @ http://localhost:3090/api/health:0
[   11731ms] [ERROR] Failed to load resource: the server responded with a status of 404 (Not Found) @ http://localhost:3090/ws:0
[   11731ms] [ERROR] Failed to load resource: the server responded with a status of 404 (Not Found) @ http://localhost:8081/meetings:0
[   11919ms] [ERROR] Failed to load resource: the server responded with a status of 404 (Not Found) @ http://localhost:3090/api/health:0
[   11919ms] [ERROR] Failed to load resource: the server responded with a status of 404 (Not Found) @ http://localhost:3090/ws:0
[   11919ms] [ERROR] Failed to load resource: the server responded with a status of 404 (Not Found) @ http://localhost:8081/meetings:0
[   12020ms] [ERROR] Failed to load resource: the server responded with a status of 404 (Not Found) @ http://localhost:3090/api/health:0
[   12028ms] [ERROR] Failed to load resource: the server responded with a status of 404 (Not Found) @ http://localhost:3090/ws:0
[   12029ms] [ERROR] Failed to load resource: the server responded with a status of 404 (Not Found) @ http://localhost:8081/meetings:0
[   12120ms] [ERROR] Failed to load resource: the server responded with a status of 404 (Not Found) @ http://localhost:3090/api/health:0
[   12120ms] [ERROR] Failed to load resource: the server responded with a status of 404 (Not Found) @ http://localhost:3090/ws:0
[   12131ms] [ERROR] Failed to load resource: the server responded with a status of 404 (Not Found) @ http://localhost:8081/meetings:0
[   12200ms] [ERROR] Failed to load resource: the server responded with a status of 404 (Not Found) @ http://localhost:3090/api/health:0
[   12211ms] [ERROR] Failed to load resource: the server responded with a status of 404 (Not Found) @ http://localhost:3090/ws:0
[   12212ms] [ERROR] Failed to load resource: the server responded with a status of 404 (Not Found) @ http://localhost:8081/meetings:0
[   12386ms] [ERROR] Failed to load resource: the server responded with a status of 404 (Not Found) @ http://localhost:3090/api/health:0
[   12386ms] [ERROR] Failed to load resource: the server responded with a status of 404 (Not Found) @ http://localhost:3090/ws:0
[   12395ms] [ERROR] Failed to load resource: the server responded with a status of 404 (Not Found) @ http://localhost:8081/meetings:0
[   12646ms] [ERROR] Failed to load resource: the server responded with a status of 404 (Not Found) @ http://localhost:3090/api/health:0
[   12646ms] [ERROR] Failed to load resource: the server responded with a status of 404 (Not Found) @ http://localhost:3090/ws:0
[   12647ms] [ERROR] Failed to load resource: the server responded with a status of 404 (Not Found) @ http://localhost:8081/meetings:0
[   12837ms] [ERROR] Failed to load resource: the server responded with a status of 404 (Not Found) @ http://localhost:3090/api/health:0
[   12837ms] [ERROR] Failed to load resource: the server responded with a status of 404 (Not Found) @ http://localhost:3090/ws:0
[   12837ms] [ERROR] Failed to load resource: the server responded with a status of 404 (Not Found) @ http://localhost:8081/meetings:0
[   12941ms] [ERROR] Failed to load resource: the server responded with a status of 404 (Not Found) @ http://localhost:3090/api/health:0
[   12951ms] [ERROR] Failed to load resource: the server responded with a status of 404 (Not Found) @ http://localhost:3090/ws:0
[   12951ms] [ERROR] Failed to load resource: the server responded with a status of 404 (Not Found) @ http://localhost:8081/meetings:0
[   13119ms] [ERROR] Failed to load resource: the server responded with a status of 404 (Not Found) @ http://localhost:3090/api/health:0
[   13120ms] [ERROR] Failed to load resource: the server responded with a status of 404 (Not Found) @ http://localhost:3090/ws:0
[   13120ms] [ERROR] Failed to load resource: the server responded with a status of 404 (Not Found) @ http://localhost:8081/meetings:0
[   13153ms] [ERROR] Failed to load resource: the server responded with a status of 404 (Not Found) @ http://localhost:3090/api/health:0
[   13153ms] [ERROR] Failed to load resource: the server responded with a status of 404 (Not Found) @ http://localhost:3090/ws:0
[   13154ms] [ERROR] Failed to load resource: the server responded with a status of 404 (Not Found) @ http://localhost:8081/meetings:0
[   13280ms] [ERROR] Failed to load resource: the server responded with a status of 404 (Not Found) @ http://localhost:3090/api/health:0
[   13290ms] [ERROR] Failed to load resource: the server responded with a status of 404 (Not Found) @ http://localhost:3090/ws:0
[   13290ms] [ERROR] Failed to load resource: the server responded with a status of 404 (Not Found) @ http://localhost:8081/meetings:0
[   13425ms] [ERROR] Failed to load resource: the server responded with a status of 404 (Not Found) @ http://localhost:3090/api/health:0
[   13426ms] [ERROR] Failed to load resource: the server responded with a status of 404 (Not Found) @ http://localhost:3090/ws:0
[   13426ms] [ERROR] Failed to load resource: the server responded with a status of 404 (Not Found) @ http://localhost:8081/meetings:0
[   13758ms] [ERROR] Failed to load resource: the server responded with a status of 404 (Not Found) @ http://localhost:3090/api/health:0
[   13758ms] [ERROR] Failed to load resource: the server responded with a status of 404 (Not Found) @ http://localhost:3090/ws:0
[   13759ms] [ERROR] Failed to load resource: the server responded with a status of 404 (Not Found) @ http://localhost:8081/meetings:0
[   13935ms] [ERROR] Failed to load resource: the server responded with a status of 404 (Not Found) @ http://localhost:3090/api/health:0
[   13936ms] [ERROR] Failed to load resource: the server responded with a status of 404 (Not Found) @ http://localhost:3090/ws:0
[   13936ms] [ERROR] Failed to load resource: the server responded with a status of 404 (Not Found) @ http://localhost:8081/meetings:0
[   14044ms] [ERROR] Failed to load resource: the server responded with a status of 404 (Not Found) @ http://localhost:3090/api/health:0
[   14044ms] [ERROR] Failed to load resource: the server responded with a status of 404 (Not Found) @ http://localhost:3090/ws:0
[   14044ms] [ERROR] Failed to load resource: the server responded with a status of 404 (Not Found) @ http://localhost:8081/meetings:0
[   14233ms] [ERROR] Failed to load resource: the server responded with a status of 404 (Not Found) @ http://localhost:3090/api/health:0
[   14233ms] [ERROR] Failed to load resource: the server responded with a status of 404 (Not Found) @ http://localhost:3090/ws:0
[   14233ms] [ERROR] Failed to load resource: the server responded with a status of 404 (Not Found) @ http://localhost:8081/meetings:0
[   14370ms] [ERROR] Failed to load resource: the server responded with a status of 404 (Not Found) @ http://localhost:3090/ws:0
[   14370ms] [ERROR] Failed to load resource: the server responded with a status of 404 (Not Found) @ http://localhost:3090/api/health:0
[   14370ms] [ERROR] Failed to load resource: the server responded with a status of 404 (Not Found) @ http://localhost:8081/meetings:0
[   14488ms] [ERROR] Failed to load resource: the server responded with a status of 404 (Not Found) @ http://localhost:3090/api/health:0
[   14488ms] [ERROR] Failed to load resource: the server responded with a status of 404 (Not Found) @ http://localhost:3090/ws:0
[   14505ms] [ERROR] Failed to load resource: the server responded with a status of 404 (Not Found) @ http://localhost:8081/meetings:0
[   14921ms] [ERROR] Failed to load resource: the server responded with a status of 404 (Not Found) @ http://localhost:3090/api/health:0
[   14921ms] [ERROR] Failed to load resource: the server responded with a status of 404 (Not Found) @ http://localhost:3090/ws:0
[   14922ms] [ERROR] Failed to load resource: the server responded with a status of 404 (Not Found) @ http://localhost:8081/meetings:0
[   15181ms] [ERROR] Failed to load resource: the server responded with a status of 404 (Not Found) @ http://localhost:3090/api/health:0
[   15181ms] [ERROR] Failed to load resource: the server responded with a status of 404 (Not Found) @ http://localhost:3090/ws:0
[   15182ms] [ERROR] Failed to load resource: the server responded with a status of 404 (Not Found) @ http://localhost:8081/meetings:0
[   15202ms] [ERROR] Failed to load resource: the server responded with a status of 404 (Not Found) @ http://localhost:3090/api/health:0
[   15303ms] [ERROR] Failed to load resource: the server responded with a status of 404 (Not Found) @ http://localhost:3090/ws:0
[   15318ms] [ERROR] Failed to load resource: the server responded with a status of 404 (Not Found) @ http://localhost:8081/meetings:0
[   15543ms] [ERROR] Failed to load resource: the server responded with a status of 404 (Not Found) @ http://localhost:3090/api/health:0
[   15544ms] [ERROR] Failed to load resource: the server responded with a status of 404 (Not Found) @ http://localhost:3090/ws:0
[   15545ms] [ERROR] Failed to load resource: the server responded with a status of 404 (Not Found) @ http://localhost:8081/meetings:0
[   15591ms] [ERROR] Failed to load resource: the server responded with a status of 404 (Not Found) @ http://localhost:3090/api/health:0
[   15592ms] [ERROR] Failed to load resource: the server responded with a status of 404 (Not Found) @ http://localhost:3090/ws:0
[   15592ms] [ERROR] Failed to load resource: the server responded with a status of 404 (Not Found) @ http://localhost:8081/meetings:0
[   15853ms] [ERROR] Failed to load resource: the server responded with a status of 404 (Not Found) @ http://localhost:3090/api/health:0
[   15854ms] [ERROR] Failed to load resource: the server responded with a status of 404 (Not Found) @ http://localhost:3090/ws:0
[   15854ms] [ERROR] Failed to load resource: the server responded with a status of 404 (Not Found) @ http://localhost:8081/meetings:0
[   16077ms] [ERROR] Failed to load resource: the server responded with a status of 404 (Not Found) @ http://localhost:3090/api/health:0
[   16077ms] [ERROR] Failed to load resource: the server responded with a status of 404 (Not Found) @ http://localhost:3090/ws:0
[   16078ms] [ERROR] Failed to load resource: the server responded with a status of 404 (Not Found) @ http://localhost:8081/meetings:0
[   16218ms] [ERROR] Failed to load resource: the server responded with a status of 404 (Not Found) @ http://localhost:3090/api/health:0
[   16218ms] [ERROR] Failed to load resource: the server responded with a status of 404 (Not Found) @ http://localhost:3090/ws:0
[   16219ms] [ERROR] Failed to load resource: the server responded with a status of 404 (Not Found) @ http://localhost:8081/meetings:0
[   16471ms] [ERROR] Failed to load resource: the server responded with a status of 404 (Not Found) @ http://localhost:3090/api/health:0
[   16472ms] [ERROR] Failed to load resource: the server responded with a status of 404 (Not Found) @ http://localhost:3090/ws:0
[   16472ms] [ERROR] Failed to load resource: the server responded with a status of 404 (Not Found) @ http://localhost:8081/meetings:0
[   16528ms] [ERROR] Failed to load resource: the server responded with a status of 404 (Not Found) @ http://localhost:3090/api/health:0
[   16529ms] [ERROR] Failed to load resource: the server responded with a status of 404 (Not Found) @ http://localhost:3090/ws:0
[   16529ms] [ERROR] Failed to load resource: the server responded with a status of 404 (Not Found) @ http://localhost:8081/meetings:0
[   16629ms] [ERROR] Failed to load resource: the server responded with a status of 404 (Not Found) @ http://localhost:3090/api/health:0
[   16630ms] [ERROR] Failed to load resource: the server responded with a status of 404 (Not Found) @ http://localhost:3090/ws:0
[   16630ms] [ERROR] Failed to load resource: the server responded with a status of 404 (Not Found) @ http://localhost:8081/meetings:0
[   16990ms] [ERROR] Failed to load resource: the server responded with a status of 404 (Not Found) @ http://localhost:3090/api/health:0
[   16990ms] [ERROR] Failed to load resource: the server responded with a status of 404 (Not Found) @ http://localhost:3090/ws:0
[   16999ms] [ERROR] Failed to load resource: the server responded with a status of 404 (Not Found) @ http://localhost:8081/meetings:0
[   17207ms] [ERROR] Failed to load resource: the server responded with a status of 404 (Not Found) @ http://localhost:3090/api/health:0
[   17209ms] [ERROR] Failed to load resource: the server responded with a status of 404 (Not Found) @ http://localhost:3090/ws:0
[   17210ms] [ERROR] Failed to load resource: the server responded with a status of 404 (Not Found) @ http://localhost:8081/meetings:0
[   17470ms] [ERROR] Failed to load resource: the server responded with a status of 404 (Not Found) @ http://localhost:3090/api/health:0
[   17471ms] [ERROR] Failed to load resource: the server responded with a status of 404 (Not Found) @ http://localhost:8081/meetings:0
[   17471ms] [ERROR] Failed to load resource: the server responded with a status of 404 (Not Found) @ http://localhost:3090/ws:0
[   17585ms] [ERROR] Failed to load resource: the server responded with a status of 404 (Not Found) @ http://localhost:3090/api/health:0
[   17585ms] [ERROR] Failed to load resource: the server responded with a status of 404 (Not Found) @ http://localhost:3090/ws:0
[   17585ms] [ERROR] Failed to load resource: the server responded with a status of 404 (Not Found) @ http://localhost:8081/meetings:0
[   17729ms] [ERROR] Failed to load resource: the server responded with a status of 404 (Not Found) @ http://localhost:3090/api/health:0
[   17730ms] [ERROR] Failed to load resource: the server responded with a status of 404 (Not Found) @ http://localhost:3090/ws:0
[   17750ms] [ERROR] Failed to load resource: the server responded with a status of 404 (Not Found) @ http://localhost:8081/meetings:0
[   18122ms] [ERROR] Failed to load resource: the server responded with a status of 404 (Not Found) @ http://localhost:3090/api/health:0
[   18122ms] [ERROR] Failed to load resource: the server responded with a status of 404 (Not Found) @ http://localhost:3090/ws:0
[   18137ms] [ERROR] Failed to load resource: the server responded with a status of 404 (Not Found) @ http://localhost:8081/meetings:0
[   18376ms] [ERROR] Failed to load resource: the server responded with a status of 404 (Not Found) @ http://localhost:3090/api/health:0
[   18376ms] [ERROR] Failed to load resource: the server responded with a status of 404 (Not Found) @ http://localhost:3090/ws:0
[   18376ms] [ERROR] Failed to load resource: the server responded with a status of 404 (Not Found) @ http://localhost:8081/meetings:0
[   18486ms] [ERROR] Failed to load resource: the server responded with a status of 404 (Not Found) @ http://localhost:3090/api/health:0
[   18492ms] [ERROR] Failed to load resource: the server responded with a status of 404 (Not Found) @ http://localhost:3090/ws:0
[   18492ms] [ERROR] Failed to load resource: the server responded with a status of 404 (Not Found) @ http://localhost:8081/meetings:0
[   18698ms] [ERROR] Failed to load resource: the server responded with a status of 404 (Not Found) @ http://localhost:3090/api/health:0
[   18699ms] [ERROR] Failed to load resource: the server responded with a status of 404 (Not Found) @ http://localhost:8081/meetings:0
[   18699ms] [ERROR] Failed to load resource: the server responded with a status of 404 (Not Found) @ http://localhost:3090/ws:0
[   18755ms] [ERROR] Failed to load resource: the server responded with a status of 404 (Not Found) @ http://localhost:3090/api/health:0
[   18755ms] [ERROR] Failed to load resource: the server responded with a status of 404 (Not Found) @ http://localhost:3090/ws:0
[   18755ms] [ERROR] Failed to load resource: the server responded with a status of 404 (Not Found) @ http://localhost:8081/meetings:0
[   18849ms] [ERROR] Failed to load resource: the server responded with a status of 404 (Not Found) @ http://localhost:3090/api/health:0
[   18849ms] [ERROR] Failed to load resource: the server responded with a status of 404 (Not Found) @ http://localhost:3090/ws:0
[   18860ms] [ERROR] Failed to load resource: the server responded with a status of 404 (Not Found) @ http://localhost:8081/meetings:0
[   19227ms] [ERROR] Failed to load resource: the server responded with a status of 404 (Not Found) @ http://localhost:3090/api/health:0
[   19228ms] [ERROR] Failed to load resource: the server responded with a status of 404 (Not Found) @ http://localhost:3090/ws:0
[   19228ms] [ERROR] Failed to load resource: the server responded with a status of 404 (Not Found) @ http://localhost:8081/meetings:0
[   19444ms] [ERROR] Failed to load resource: the server responded with a status of 404 (Not Found) @ http://localhost:3090/api/health:0
[   19444ms] [ERROR] Failed to load resource: the server responded with a status of 404 (Not Found) @ http://localhost:3090/ws:0
[   19444ms] [ERROR] Failed to load resource: the server responded with a status of 404 (Not Found) @ http://localhost:8081/meetings:0
[   19661ms] [ERROR] Failed to load resource: the server responded with a status of 404 (Not Found) @ http://localhost:3090/api/health:0
[   19662ms] [ERROR] Failed to load resource: the server responded with a status of 404 (Not Found) @ http://localhost:3090/ws:0
[   19662ms] [ERROR] Failed to load resource: the server responded with a status of 404 (Not Found) @ http://localhost:8081/meetings:0
[   19766ms] [ERROR] Failed to load resource: the server responded with a status of 404 (Not Found) @ http://localhost:3090/api/health:0
[   19767ms] [ERROR] Failed to load resource: the server responded with a status of 404 (Not Found) @ http://localhost:3090/ws:0
[   19768ms] [ERROR] Failed to load resource: the server responded with a status of 404 (Not Found) @ http://localhost:8081/meetings:0
[   19852ms] [ERROR] Failed to load resource: the server responded with a status of 404 (Not Found) @ http://localhost:3090/api/health:0
[   19853ms] [ERROR] Failed to load resource: the server responded with a status of 404 (Not Found) @ http://localhost:3090/ws:0
[   19854ms] [ERROR] Failed to load resource: the server responded with a status of 404 (Not Found) @ http://localhost:8081/meetings:0
[   20003ms] [ERROR] Failed to load resource: the server responded with a status of 404 (Not Found) @ http://localhost:3090/api/health:0
[   20003ms] [ERROR] Failed to load resource: the server responded with a status of 404 (Not Found) @ http://localhost:3090/ws:0
[   20004ms] [ERROR] Failed to load resource: the server responded with a status of 404 (Not Found) @ http://localhost:8081/meetings:0
[   20297ms] [ERROR] Failed to load resource: the server responded with a status of 404 (Not Found) @ http://localhost:3090/api/health:0
[   20298ms] [ERROR] Failed to load resource: the server responded with a status of 404 (Not Found) @ http://localhost:3090/ws:0
[   20298ms] [ERROR] Failed to load resource: the server responded with a status of 404 (Not Found) @ http://localhost:8081/meetings:0
[   20517ms] [ERROR] Failed to load resource: the server responded with a status of 404 (Not Found) @ http://localhost:3090/api/health:0
[   20517ms] [ERROR] Failed to load resource: the server responded with a status of 404 (Not Found) @ http://localhost:3090/ws:0
[   20517ms] [ERROR] Failed to load resource: the server responded with a status of 404 (Not Found) @ http://localhost:8081/meetings:0
[   20630ms] [ERROR] Failed to load resource: the server responded with a status of 404 (Not Found) @ http://localhost:3090/api/health:0
[   20630ms] [ERROR] Failed to load resource: the server responded with a status of 404 (Not Found) @ http://localhost:3090/ws:0
[   20642ms] [ERROR] Failed to load resource: the server responded with a status of 404 (Not Found) @ http://localhost:8081/meetings:0
[   20819ms] [ERROR] Failed to load resource: the server responded with a status of 404 (Not Found) @ http://localhost:3090/api/health:0
[   20819ms] [ERROR] Failed to load resource: the server responded with a status of 404 (Not Found) @ http://localhost:3090/ws:0
[   20820ms] [ERROR] Failed to load resource: the server responded with a status of 404 (Not Found) @ http://localhost:8081/meetings:0
[   20863ms] [ERROR] Failed to load resource: the server responded with a status of 404 (Not Found) @ http://localhost:3090/api/health:0
[   20863ms] [ERROR] Failed to load resource: the server responded with a status of 404 (Not Found) @ http://localhost:3090/ws:0
[   20863ms] [ERROR] Failed to load resource: the server responded with a status of 404 (Not Found) @ http://localhost:8081/meetings:0
[   20975ms] [ERROR] Failed to load resource: the server responded with a status of 404 (Not Found) @ http://localhost:3090/api/health:0
[   20975ms] [ERROR] Failed to load resource: the server responded with a status of 404 (Not Found) @ http://localhost:3090/ws:0
[   20975ms] [ERROR] Failed to load resource: the server responded with a status of 404 (Not Found) @ http://localhost:8081/meetings:0
[   21202ms] [ERROR] Failed to load resource: the server responded with a status of 404 (Not Found) @ http://localhost:3090/api/health:0
[   21203ms] [ERROR] Failed to load resource: the server responded with a status of 404 (Not Found) @ http://localhost:8081/meetings:0
[   21203ms] [ERROR] Failed to load resource: the server responded with a status of 404 (Not Found) @ http://localhost:3090/ws:0
[   21456ms] [ERROR] Failed to load resource: the server responded with a status of 404 (Not Found) @ http://localhost:3090/api/health:0
[   21457ms] [ERROR] Failed to load resource: the server responded with a status of 404 (Not Found) @ http://localhost:8081/meetings:0
[   21468ms] [ERROR] Failed to load resource: the server responded with a status of 404 (Not Found) @ http://localhost:3090/ws:0
[   21665ms] [ERROR] Failed to load resource: the server responded with a status of 404 (Not Found) @ http://localhost:3090/api/health:0
[   21666ms] [ERROR] Failed to load resource: the server responded with a status of 404 (Not Found) @ http://localhost:3090/ws:0
[   21666ms] [ERROR] Failed to load resource: the server responded with a status of 404 (Not Found) @ http://localhost:8081/meetings:0
[   21798ms] [ERROR] Failed to load resource: the server responded with a status of 404 (Not Found) @ http://localhost:3090/api/health:0
[   21798ms] [ERROR] Failed to load resource: the server responded with a status of 404 (Not Found) @ http://localhost:3090/ws:0
[   21798ms] [ERROR] Failed to load resource: the server responded with a status of 404 (Not Found) @ http://localhost:8081/meetings:0
[   21908ms] [ERROR] Failed to load resource: the server responded with a status of 404 (Not Found) @ http://localhost:3090/api/health:0
[   21908ms] [ERROR] Failed to load resource: the server responded with a status of 404 (Not Found) @ http://localhost:3090/ws:0
[   21909ms] [ERROR] Failed to load resource: the server responded with a status of 404 (Not Found) @ http://localhost:8081/meetings:0
[   21969ms] [ERROR] Failed to load resource: the server responded with a status of 404 (Not Found) @ http://localhost:3090/api/health:0
[   21969ms] [ERROR] Failed to load resource: the server responded with a status of 404 (Not Found) @ http://localhost:3090/ws:0
[   21969ms] [ERROR] Failed to load resource: the server responded with a status of 404 (Not Found) @ http://localhost:8081/meetings:0
[   22101ms] [ERROR] Failed to load resource: the server responded with a status of 404 (Not Found) @ http://localhost:3090/api/health:0
[   22101ms] [ERROR] Failed to load resource: the server responded with a status of 404 (Not Found) @ http://localhost:3090/ws:0
[   22101ms] [ERROR] Failed to load resource: the server responded with a status of 404 (Not Found) @ http://localhost:8081/meetings:0
[   22465ms] [ERROR] Failed to load resource: the server responded with a status of 404 (Not Found) @ http://localhost:3090/api/health:0
[   22466ms] [ERROR] Failed to load resource: the server responded with a status of 404 (Not Found) @ http://localhost:8081/meetings:0
[   22466ms] [ERROR] Failed to load resource: the server responded with a status of 404 (Not Found) @ http://localhost:3090/ws:0
[   22699ms] [ERROR] Failed to load resource: the server responded with a status of 404 (Not Found) @ http://localhost:3090/api/health:0
[   22699ms] [ERROR] Failed to load resource: the server responded with a status of 404 (Not Found) @ http://localhost:8081/meetings:0
[   22700ms] [ERROR] Failed to load resource: the server responded with a status of 404 (Not Found) @ http://localhost:3090/ws:0
[   22814ms] [ERROR] Failed to load resource: the server responded with a status of 404 (Not Found) @ http://localhost:3090/api/health:0
[   22814ms] [ERROR] Failed to load resource: the server responded with a status of 404 (Not Found) @ http://localhost:8081/meetings:0
[   22815ms] [ERROR] Failed to load resource: the server responded with a status of 404 (Not Found) @ http://localhost:3090/ws:0
[   23007ms] [ERROR] Failed to load resource: the server responded with a status of 404 (Not Found) @ http://localhost:3090/api/health:0
[   23007ms] [ERROR] Failed to load resource: the server responded with a status of 404 (Not Found) @ http://localhost:3090/ws:0
[   23008ms] [ERROR] Failed to load resource: the server responded with a status of 404 (Not Found) @ http://localhost:8081/meetings:0
[   23075ms] [ERROR] Failed to load resource: the server responded with a status of 404 (Not Found) @ http://localhost:3090/api/health:0
[   23076ms] [ERROR] Failed to load resource: the server responded with a status of 404 (Not Found) @ http://localhost:3090/ws:0
[   23076ms] [ERROR] Failed to load resource: the server responded with a status of 404 (Not Found) @ http://localhost:8081/meetings:0
[   23209ms] [ERROR] Failed to load resource: the server responded with a status of 404 (Not Found) @ http://localhost:3090/api/health:0
[   23209ms] [ERROR] Failed to load resource: the server responded with a status of 404 (Not Found) @ http://localhost:3090/ws:0
[   23210ms] [ERROR] Failed to load resource: the server responded with a status of 404 (Not Found) @ http://localhost:8081/meetings:0
[   23540ms] [ERROR] Failed to load resource: the server responded with a status of 404 (Not Found) @ http://localhost:3090/api/health:0
[   23541ms] [ERROR] Failed to load resource: the server responded with a status of 404 (Not Found) @ http://localhost:3090/ws:0
[   23541ms] [ERROR] Failed to load resource: the server responded with a status of 404 (Not Found) @ http://localhost:8081/meetings:0
[   23993ms] [ERROR] Failed to load resource: the server responded with a status of 404 (Not Found) @ http://localhost:3090/api/health:0
[   23994ms] [ERROR] Failed to load resource: the server responded with a status of 404 (Not Found) @ http://localhost:3090/ws:0
[   23994ms] [ERROR] Failed to load resource: the server responded with a status of 404 (Not Found) @ http://localhost:8081/meetings:0
[   24241ms] [ERROR] Failed to load resource: the server responded with a status of 404 (Not Found) @ http://localhost:3090/api/health:0
[   24241ms] [ERROR] Failed to load resource: the server responded with a status of 404 (Not Found) @ http://localhost:3090/ws:0
[   24241ms] [ERROR] Failed to load resource: the server responded with a status of 404 (Not Found) @ http://localhost:8081/meetings:0
[   24329ms] [ERROR] Failed to load resource: the server responded with a status of 404 (Not Found) @ http://localhost:3090/api/health:0
[   24329ms] [ERROR] Failed to load resource: the server responded with a status of 404 (Not Found) @ http://localhost:3090/ws:0
[   24329ms] [ERROR] Failed to load resource: the server responded with a status of 404 (Not Found) @ http://localhost:8081/meetings:0
[   24534ms] [ERROR] Failed to load resource: the server responded with a status of 404 (Not Found) @ http://localhost:3090/api/health:0
[   24534ms] [ERROR] Failed to load resource: the server responded with a status of 404 (Not Found) @ http://localhost:3090/ws:0
[   24534ms] [ERROR] Failed to load resource: the server responded with a status of 404 (Not Found) @ http://localhost:8081/meetings:0
[   24761ms] [ERROR] Failed to load resource: the server responded with a status of 404 (Not Found) @ http://localhost:3090/api/health:0
[   24761ms] [ERROR] Failed to load resource: the server responded with a status of 404 (Not Found) @ http://localhost:3090/ws:0
[   24762ms] [ERROR] Failed to load resource: the server responded with a status of 404 (Not Found) @ http://localhost:8081/meetings:0
[   24853ms] [ERROR] Failed to load resource: the server responded with a status of 404 (Not Found) @ http://localhost:3090/api/health:0
[   24853ms] [ERROR] Failed to load resource: the server responded with a status of 404 (Not Found) @ http://localhost:3090/ws:0
[   24853ms] [ERROR] Failed to load resource: the server responded with a status of 404 (Not Found) @ http://localhost:8081/meetings:0
[   24955ms] [ERROR] Failed to load resource: the server responded with a status of 404 (Not Found) @ http://localhost:3090/api/health:0
[   25015ms] [ERROR] Failed to load resource: the server responded with a status of 404 (Not Found) @ http://localhost:3090/ws:0
[   25016ms] [ERROR] Failed to load resource: the server responded with a status of 404 (Not Found) @ http://localhost:8081/meetings:0
[   25064ms] [ERROR] Failed to load resource: the server responded with a status of 404 (Not Found) @ http://localhost:3090/api/health:0
[   25064ms] [ERROR] Failed to load resource: the server responded with a status of 404 (Not Found) @ http://localhost:3090/ws:0
[   25064ms] [ERROR] Failed to load resource: the server responded with a status of 404 (Not Found) @ http://localhost:8081/meetings:0
[   25160ms] [ERROR] Failed to load resource: the server responded with a status of 404 (Not Found) @ http://localhost:3090/api/health:0
[   25160ms] [ERROR] Failed to load resource: the server responded with a status of 404 (Not Found) @ http://localhost:3090/ws:0
[   25161ms] [ERROR] Failed to load resource: the server responded with a status of 404 (Not Found) @ http://localhost:8081/meetings:0
[   25330ms] [ERROR] Failed to load resource: the server responded with a status of 404 (Not Found) @ http://localhost:3090/api/health:0
[   25330ms] [ERROR] Failed to load resource: the server responded with a status of 404 (Not Found) @ http://localhost:3090/ws:0
[   25332ms] [ERROR] Failed to load resource: the server responded with a status of 404 (Not Found) @ http://localhost:8081/meetings:0
[   25580ms] [ERROR] Failed to load resource: the server responded with a status of 404 (Not Found) @ http://localhost:3090/api/health:0
[   25580ms] [ERROR] Failed to load resource: the server responded with a status of 404 (Not Found) @ http://localhost:3090/ws:0
[   25589ms] [ERROR] Failed to load resource: the server responded with a status of 404 (Not Found) @ http://localhost:8081/meetings:0
[   25764ms] [ERROR] Failed to load resource: the server responded with a status of 404 (Not Found) @ http://localhost:3090/api/health:0
[   25764ms] [ERROR] Failed to load resource: the server responded with a status of 404 (Not Found) @ http://localhost:3090/ws:0
[   25765ms] [ERROR] Failed to load resource: the server responded with a status of 404 (Not Found) @ http://localhost:8081/meetings:0
[   25954ms] [ERROR] Failed to load resource: the server responded with a status of 404 (Not Found) @ http://localhost:3090/api/health:0
[   25955ms] [ERROR] Failed to load resource: the server responded with a status of 404 (Not Found) @ http://localhost:3090/ws:0
[   25955ms] [ERROR] Failed to load resource: the server responded with a status of 404 (Not Found) @ http://localhost:8081/meetings:0
[   26039ms] [ERROR] Failed to load resource: the server responded with a status of 404 (Not Found) @ http://localhost:3090/api/health:0
[   26040ms] [ERROR] Failed to load resource: the server responded with a status of 404 (Not Found) @ http://localhost:3090/ws:0
[   26040ms] [ERROR] Failed to load resource: the server responded with a status of 404 (Not Found) @ http://localhost:8081/meetings:0
[   26122ms] [ERROR] Failed to load resource: the server responded with a status of 404 (Not Found) @ http://localhost:3090/api/health:0
[   26123ms] [ERROR] Failed to load resource: the server responded with a status of 404 (Not Found) @ http://localhost:3090/ws:0
[   26123ms] [ERROR] Failed to load resource: the server responded with a status of 404 (Not Found) @ http://localhost:8081/meetings:0
[   26242ms] [ERROR] Failed to load resource: the server responded with a status of 404 (Not Found) @ http://localhost:3090/api/health:0
[   26242ms] [ERROR] Failed to load resource: the server responded with a status of 404 (Not Found) @ http://localhost:3090/ws:0
[   26243ms] [ERROR] Failed to load resource: the server responded with a status of 404 (Not Found) @ http://localhost:8081/meetings:0
[   26397ms] [ERROR] Failed to load resource: the server responded with a status of 404 (Not Found) @ http://localhost:3090/api/health:0
[   26397ms] [ERROR] Failed to load resource: the server responded with a status of 404 (Not Found) @ http://localhost:3090/ws:0
[   26397ms] [ERROR] Failed to load resource: the server responded with a status of 404 (Not Found) @ http://localhost:8081/meetings:0
[   26689ms] [ERROR] Failed to load resource: the server responded with a status of 404 (Not Found) @ http://localhost:3090/api/health:0
[   26699ms] [ERROR] Failed to load resource: the server responded with a status of 404 (Not Found) @ http://localhost:3090/ws:0
[   26700ms] [ERROR] Failed to load resource: the server responded with a status of 404 (Not Found) @ http://localhost:8081/meetings:0
[   26877ms] [ERROR] Failed to load resource: the server responded with a status of 404 (Not Found) @ http://localhost:3090/api/health:0
[   26877ms] [ERROR] Failed to load resource: the server responded with a status of 404 (Not Found) @ http://localhost:3090/ws:0
[   26878ms] [ERROR] Failed to load resource: the server responded with a status of 404 (Not Found) @ http://localhost:8081/meetings:0
[   27045ms] [ERROR] Failed to load resource: the server responded with a status of 404 (Not Found) @ http://localhost:3090/api/health:0
[   27046ms] [ERROR] Failed to load resource: the server responded with a status of 404 (Not Found) @ http://localhost:3090/ws:0
[   27046ms] [ERROR] Failed to load resource: the server responded with a status of 404 (Not Found) @ http://localhost:8081/meetings:0
[   27153ms] [ERROR] Failed to load resource: the server responded with a status of 404 (Not Found) @ http://localhost:8081/meetings:0
[   27153ms] [ERROR] Failed to load resource: the server responded with a status of 404 (Not Found) @ http://localhost:3090/ws:0
[   27154ms] [ERROR] Failed to load resource: the server responded with a status of 404 (Not Found) @ http://localhost:3090/api/health:0
[   27221ms] [ERROR] Failed to load resource: the server responded with a status of 404 (Not Found) @ http://localhost:3090/api/health:0
[   27221ms] [ERROR] Failed to load resource: the server responded with a status of 404 (Not Found) @ http://localhost:3090/ws:0
[   27230ms] [ERROR] Failed to load resource: the server responded with a status of 404 (Not Found) @ http://localhost:8081/meetings:0
[   27435ms] [ERROR] Failed to load resource: the server responded with a status of 404 (Not Found) @ http://localhost:3090/api/health:0
[   27448ms] [ERROR] Failed to load resource: the server responded with a status of 404 (Not Found) @ http://localhost:3090/ws:0
[   27448ms] [ERROR] Failed to load resource: the server responded with a status of 404 (Not Found) @ http://localhost:8081/meetings:0
[   27784ms] [ERROR] Failed to load resource: the server responded with a status of 404 (Not Found) @ http://localhost:3090/api/health:0
[   27784ms] [ERROR] Failed to load resource: the server responded with a status of 404 (Not Found) @ http://localhost:3090/ws:0
[   27785ms] [ERROR] Failed to load resource: the server responded with a status of 404 (Not Found) @ http://localhost:8081/meetings:0
[   27955ms] [ERROR] Failed to load resource: the server responded with a status of 404 (Not Found) @ http://localhost:3090/api/health:0
[   27956ms] [ERROR] Failed to load resource: the server responded with a status of 404 (Not Found) @ http://localhost:3090/ws:0
[   27956ms] [ERROR] Failed to load resource: the server responded with a status of 404 (Not Found) @ http://localhost:8081/meetings:0
[   28050ms] [ERROR] Failed to load resource: the server responded with a status of 404 (Not Found) @ http://localhost:3090/api/health:0
[   28051ms] [ERROR] Failed to load resource: the server responded with a status of 404 (Not Found) @ http://localhost:3090/ws:0
[   28051ms] [ERROR] Failed to load resource: the server responded with a status of 404 (Not Found) @ http://localhost:8081/meetings:0
[   28197ms] [ERROR] Failed to load resource: the server responded with a status of 404 (Not Found) @ http://localhost:3090/api/health:0
[   28197ms] [ERROR] Failed to load resource: the server responded with a status of 404 (Not Found) @ http://localhost:3090/ws:0
[   28198ms] [ERROR] Failed to load resource: the server responded with a status of 404 (Not Found) @ http://localhost:8081/meetings:0
[   28251ms] [ERROR] Failed to load resource: the server responded with a status of 404 (Not Found) @ http://localhost:3090/api/health:0
[   28251ms] [ERROR] Failed to load resource: the server responded with a status of 404 (Not Found) @ http://localhost:3090/ws:0
[   28252ms] [ERROR] Failed to load resource: the server responded with a status of 404 (Not Found) @ http://localhost:8081/meetings:0
[   28390ms] [ERROR] Failed to load resource: the server responded with a status of 404 (Not Found) @ http://localhost:3090/api/health:0
[   28390ms] [ERROR] Failed to load resource: the server responded with a status of 404 (Not Found) @ http://localhost:3090/ws:0
[   28390ms] [ERROR] Failed to load resource: the server responded with a status of 404 (Not Found) @ http://localhost:8081/meetings:0
[   28538ms] [ERROR] Failed to load resource: the server responded with a status of 404 (Not Found) @ http://localhost:3090/api/health:0
[   28547ms] [ERROR] Failed to load resource: the server responded with a status of 404 (Not Found) @ http://localhost:3090/ws:0
[   28547ms] [ERROR] Failed to load resource: the server responded with a status of 404 (Not Found) @ http://localhost:8081/meetings:0
[   28860ms] [ERROR] Failed to load resource: the server responded with a status of 404 (Not Found) @ http://localhost:3090/api/health:0
[   28860ms] [ERROR] Failed to load resource: the server responded with a status of 404 (Not Found) @ http://localhost:3090/ws:0
[   28860ms] [ERROR] Failed to load resource: the server responded with a status of 404 (Not Found) @ http://localhost:8081/meetings:0
[   29019ms] [ERROR] Failed to load resource: the server responded with a status of 404 (Not Found) @ http://localhost:3090/api/health:0
[   29020ms] [ERROR] Failed to load resource: the server responded with a status of 404 (Not Found) @ http://localhost:3090/ws:0
[   29020ms] [ERROR] Failed to load resource: the server responded with a status of 404 (Not Found) @ http://localhost:8081/meetings:0
[   29195ms] [ERROR] Failed to load resource: the server responded with a status of 404 (Not Found) @ http://localhost:3090/api/health:0
[   29195ms] [ERROR] Failed to load resource: the server responded with a status of 404 (Not Found) @ http://localhost:3090/ws:0
[   29196ms] [ERROR] Failed to load resource: the server responded with a status of 404 (Not Found) @ http://localhost:8081/meetings:0
[   29260ms] [ERROR] Failed to load resource: the server responded with a status of 404 (Not Found) @ http://localhost:3090/api/health:0
[   29260ms] [ERROR] Failed to load resource: the server responded with a status of 404 (Not Found) @ http://localhost:3090/ws:0
[   29260ms] [ERROR] Failed to load resource: the server responded with a status of 404 (Not Found) @ http://localhost:8081/meetings:0
[   29364ms] [ERROR] Failed to load resource: the server responded with a status of 404 (Not Found) @ http://localhost:3090/api/health:0
[   29364ms] [ERROR] Failed to load resource: the server responded with a status of 404 (Not Found) @ http://localhost:3090/ws:0
[   29365ms] [ERROR] Failed to load resource: the server responded with a status of 404 (Not Found) @ http://localhost:8081/meetings:0
[   29487ms] [ERROR] Failed to load resource: the server responded with a status of 404 (Not Found) @ http://localhost:3090/api/health:0
[   29488ms] [ERROR] Failed to load resource: the server responded with a status of 404 (Not Found) @ http://localhost:3090/ws:0
[   29488ms] [ERROR] Failed to load resource: the server responded with a status of 404 (Not Found) @ http://localhost:8081/meetings:0
[   29638ms] [ERROR] Failed to load resource: the server responded with a status of 404 (Not Found) @ http://localhost:3090/api/health:0
[   29639ms] [ERROR] Failed to load resource: the server responded with a status of 404 (Not Found) @ http://localhost:3090/ws:0
[   29639ms] [ERROR] Failed to load resource: the server responded with a status of 404 (Not Found) @ http://localhost:8081/meetings:0
[   29958ms] [ERROR] Failed to load resource: the server responded with a status of 404 (Not Found) @ http://localhost:3090/api/health:0
[   29959ms] [ERROR] Failed to load resource: the server responded with a status of 404 (Not Found) @ http://localhost:3090/ws:0
[   29959ms] [ERROR] Failed to load resource: the server responded with a status of 404 (Not Found) @ http://localhost:8081/meetings:0
[   30156ms] [ERROR] Failed to load resource: the server responded with a status of 404 (Not Found) @ http://localhost:3090/api/health:0
[   30157ms] [ERROR] Failed to load resource: the server responded with a status of 404 (Not Found) @ http://localhost:3090/ws:0
[   30157ms] [ERROR] Failed to load resource: the server responded with a status of 404 (Not Found) @ http://localhost:8081/meetings:0
[   30247ms] [ERROR] Failed to load resource: the server responded with a status of 404 (Not Found) @ http://localhost:3090/api/health:0
[   30247ms] [ERROR] Failed to load resource: the server responded with a status of 404 (Not Found) @ http://localhost:3090/ws:0
[   30247ms] [ERROR] Failed to load resource: the server responded with a status of 404 (Not Found) @ http://localhost:8081/meetings:0
[   30402ms] [ERROR] Failed to load resource: the server responded with a status of 404 (Not Found) @ http://localhost:3090/api/health:0
[   30402ms] [ERROR] Failed to load resource: the server responded with a status of 404 (Not Found) @ http://localhost:3090/ws:0
[   30403ms] [ERROR] Failed to load resource: the server responded with a status of 404 (Not Found) @ http://localhost:8081/meetings:0
[   30462ms] [ERROR] Failed to load resource: the server responded with a status of 404 (Not Found) @ http://localhost:3090/ws:0
[   30467ms] [ERROR] Failed to load resource: the server responded with a status of 404 (Not Found) @ http://localhost:3090/api/health:0
[   30468ms] [ERROR] Failed to load resource: the server responded with a status of 404 (Not Found) @ http://localhost:8081/meetings:0
[   30617ms] [ERROR] Failed to load resource: the server responded with a status of 404 (Not Found) @ http://localhost:3090/api/health:0
[   30617ms] [ERROR] Failed to load resource: the server responded with a status of 404 (Not Found) @ http://localhost:3090/ws:0
[   30618ms] [ERROR] Failed to load resource: the server responded with a status of 404 (Not Found) @ http://localhost:8081/meetings:0
[   30771ms] [ERROR] Failed to load resource: the server responded with a status of 404 (Not Found) @ http://localhost:3090/api/health:0
[   30779ms] [ERROR] Failed to load resource: the server responded with a status of 404 (Not Found) @ http://localhost:8081/meetings:0
[   30780ms] [ERROR] Failed to load resource: the server responded with a status of 404 (Not Found) @ http://localhost:3090/ws:0
[   31054ms] [ERROR] Failed to load resource: the server responded with a status of 404 (Not Found) @ http://localhost:3090/api/health:0
[   31124ms] [ERROR] Failed to load resource: the server responded with a status of 404 (Not Found) @ http://localhost:3090/ws:0
[   31124ms] [ERROR] Failed to load resource: the server responded with a status of 404 (Not Found) @ http://localhost:8081/meetings:0
[   31299ms] [ERROR] Failed to load resource: the server responded with a status of 404 (Not Found) @ http://localhost:3090/api/health:0
[   31300ms] [ERROR] Failed to load resource: the server responded with a status of 404 (Not Found) @ http://localhost:3090/ws:0
[   31300ms] [ERROR] Failed to load resource: the server responded with a status of 404 (Not Found) @ http://localhost:8081/meetings:0
[   31399ms] [ERROR] Failed to load resource: the server responded with a status of 404 (Not Found) @ http://localhost:3090/api/health:0
[   31400ms] [ERROR] Failed to load resource: the server responded with a status of 404 (Not Found) @ http://localhost:3090/ws:0
[   31400ms] [ERROR] Failed to load resource: the server responded with a status of 404 (Not Found) @ http://localhost:8081/meetings:0
[   31550ms] [ERROR] Failed to load resource: the server responded with a status of 404 (Not Found) @ http://localhost:3090/api/health:0
[   31551ms] [ERROR] Failed to load resource: the server responded with a status of 404 (Not Found) @ http://localhost:3090/ws:0
[   31551ms] [ERROR] Failed to load resource: the server responded with a status of 404 (Not Found) @ http://localhost:8081/meetings:0
[   31607ms] [ERROR] Failed to load resource: the server responded with a status of 404 (Not Found) @ http://localhost:3090/api/health:0
[   31607ms] [ERROR] Failed to load resource: the server responded with a status of 404 (Not Found) @ http://localhost:3090/ws:0
[   31607ms] [ERROR] Failed to load resource: the server responded with a status of 404 (Not Found) @ http://localhost:8081/meetings:0
[   31734ms] [ERROR] Failed to load resource: the server responded with a status of 404 (Not Found) @ http://localhost:3090/api/health:0
[   31734ms] [ERROR] Failed to load resource: the server responded with a status of 404 (Not Found) @ http://localhost:3090/ws:0
[   31744ms] [ERROR] Failed to load resource: the server responded with a status of 404 (Not Found) @ http://localhost:8081/meetings:0
[   31942ms] [ERROR] Failed to load resource: the server responded with a status of 404 (Not Found) @ http://localhost:3090/api/health:0
[   31942ms] [ERROR] Failed to load resource: the server responded with a status of 404 (Not Found) @ http://localhost:3090/ws:0
[   31943ms] [ERROR] Failed to load resource: the server responded with a status of 404 (Not Found) @ http://localhost:8081/meetings:0
[   32136ms] [ERROR] Failed to load resource: the server responded with a status of 404 (Not Found) @ http://localhost:3090/api/health:0
[   32136ms] [ERROR] Failed to load resource: the server responded with a status of 404 (Not Found) @ http://localhost:3090/ws:0
[   32136ms] [ERROR] Failed to load resource: the server responded with a status of 404 (Not Found) @ http://localhost:8081/meetings:0
[   32301ms] [ERROR] Failed to load resource: the server responded with a status of 404 (Not Found) @ http://localhost:3090/api/health:0
[   32301ms] [ERROR] Failed to load resource: the server responded with a status of 404 (Not Found) @ http://localhost:3090/ws:0
[   32301ms] [ERROR] Failed to load resource: the server responded with a status of 404 (Not Found) @ http://localhost:8081/meetings:0
[   32445ms] [ERROR] Failed to load resource: the server responded with a status of 404 (Not Found) @ http://localhost:3090/api/health:0
[   32445ms] [ERROR] Failed to load resource: the server responded with a status of 404 (Not Found) @ http://localhost:3090/ws:0
[   32445ms] [ERROR] Failed to load resource: the server responded with a status of 404 (Not Found) @ http://localhost:8081/meetings:0
[   32496ms] [ERROR] Failed to load resource: the server responded with a status of 404 (Not Found) @ http://localhost:3090/api/health:0
[   32497ms] [ERROR] Failed to load resource: the server responded with a status of 404 (Not Found) @ http://localhost:3090/ws:0
[   32497ms] [ERROR] Failed to load resource: the server responded with a status of 404 (Not Found) @ http://localhost:8081/meetings:0
[   32595ms] [ERROR] Failed to load resource: the server responded with a status of 404 (Not Found) @ http://localhost:3090/api/health:0
[   32595ms] [ERROR] Failed to load resource: the server responded with a status of 404 (Not Found) @ http://localhost:3090/ws:0
[   32596ms] [ERROR] Failed to load resource: the server responded with a status of 404 (Not Found) @ http://localhost:8081/meetings:0
[   32746ms] [ERROR] Failed to load resource: the server responded with a status of 404 (Not Found) @ http://localhost:3090/api/health:0
[   32746ms] [ERROR] Failed to load resource: the server responded with a status of 404 (Not Found) @ http://localhost:3090/ws:0
[   32747ms] [ERROR] Failed to load resource: the server responded with a status of 404 (Not Found) @ http://localhost:8081/meetings:0
[   32938ms] [ERROR] Failed to load resource: the server responded with a status of 404 (Not Found) @ http://localhost:3090/api/health:0
[   32939ms] [ERROR] Failed to load resource: the server responded with a status of 404 (Not Found) @ http://localhost:3090/ws:0
[   32949ms] [ERROR] Failed to load resource: the server responded with a status of 404 (Not Found) @ http://localhost:8081/meetings:0
[   33151ms] [ERROR] Failed to load resource: the server responded with a status of 404 (Not Found) @ http://localhost:3090/api/health:0
[   33152ms] [ERROR] Failed to load resource: the server responded with a status of 404 (Not Found) @ http://localhost:3090/ws:0
[   33152ms] [ERROR] Failed to load resource: the server responded with a status of 404 (Not Found) @ http://localhost:8081/meetings:0
[   33344ms] [ERROR] Failed to load resource: the server responded with a status of 404 (Not Found) @ http://localhost:3090/api/health:0
[   33345ms] [ERROR] Failed to load resource: the server responded with a status of 404 (Not Found) @ http://localhost:3090/ws:0
[   33346ms] [ERROR] Failed to load resource: the server responded with a status of 404 (Not Found) @ http://localhost:8081/meetings:0
[   33516ms] [ERROR] Failed to load resource: the server responded with a status of 404 (Not Found) @ http://localhost:3090/api/health:0
[   33517ms] [ERROR] Failed to load resource: the server responded with a status of 404 (Not Found) @ http://localhost:3090/ws:0
[   33517ms] [ERROR] Failed to load resource: the server responded with a status of 404 (Not Found) @ http://localhost:8081/meetings:0
[   33572ms] [ERROR] Failed to load resource: the server responded with a status of 404 (Not Found) @ http://localhost:3090/api/health:0
[   33572ms] [ERROR] Failed to load resource: the server responded with a status of 404 (Not Found) @ http://localhost:3090/ws:0
[   33573ms] [ERROR] Failed to load resource: the server responded with a status of 404 (Not Found) @ http://localhost:8081/meetings:0
[   33779ms] [ERROR] Failed to load resource: the server responded with a status of 404 (Not Found) @ http://localhost:3090/api/health:0
[   33790ms] [ERROR] Failed to load resource: the server responded with a status of 404 (Not Found) @ http://localhost:3090/ws:0
[   33791ms] [ERROR] Failed to load resource: the server responded with a status of 404 (Not Found) @ http://localhost:8081/meetings:0
[   34076ms] [ERROR] Failed to load resource: the server responded with a status of 404 (Not Found) @ http://localhost:3090/api/health:0
[   34077ms] [ERROR] Failed to load resource: the server responded with a status of 404 (Not Found) @ http://localhost:3090/ws:0
[   34077ms] [ERROR] Failed to load resource: the server responded with a status of 404 (Not Found) @ http://localhost:8081/meetings:0
[   34278ms] [ERROR] Failed to load resource: the server responded with a status of 404 (Not Found) @ http://localhost:3090/api/health:0
[   34278ms] [ERROR] Failed to load resource: the server responded with a status of 404 (Not Found) @ http://localhost:3090/ws:0
[   34279ms] [ERROR] Failed to load resource: the server responded with a status of 404 (Not Found) @ http://localhost:8081/meetings:0
[   34470ms] [ERROR] Failed to load resource: the server responded with a status of 404 (Not Found) @ http://localhost:3090/api/health:0
[   34472ms] [ERROR] Failed to load resource: the server responded with a status of 404 (Not Found) @ http://localhost:8081/meetings:0
[   34472ms] [ERROR] Failed to load resource: the server responded with a status of 404 (Not Found) @ http://localhost:3090/ws:0
[   34550ms] [ERROR] Failed to load resource: the server responded with a status of 404 (Not Found) @ http://localhost:3090/api/health:0
[   34550ms] [ERROR] Failed to load resource: the server responded with a status of 404 (Not Found) @ http://localhost:3090/ws:0
[   34551ms] [ERROR] Failed to load resource: the server responded with a status of 404 (Not Found) @ http://localhost:8081/meetings:0
[   34630ms] [ERROR] Failed to load resource: the server responded with a status of 404 (Not Found) @ http://localhost:3090/api/health:0
[   34631ms] [ERROR] Failed to load resource: the server responded with a status of 404 (Not Found) @ http://localhost:3090/ws:0
[   34631ms] [ERROR] Failed to load resource: the server responded with a status of 404 (Not Found) @ http://localhost:8081/meetings:0
[   34771ms] [ERROR] Failed to load resource: the server responded with a status of 404 (Not Found) @ http://localhost:3090/api/health:0
[   34771ms] [ERROR] Failed to load resource: the server responded with a status of 404 (Not Found) @ http://localhost:3090/ws:0
[   34782ms] [ERROR] Failed to load resource: the server responded with a status of 404 (Not Found) @ http://localhost:8081/meetings:0
[   35168ms] [ERROR] Failed to load resource: the server responded with a status of 404 (Not Found) @ http://localhost:3090/api/health:0
[   35168ms] [ERROR] Failed to load resource: the server responded with a status of 404 (Not Found) @ http://localhost:3090/ws:0
[   35168ms] [ERROR] Failed to load resource: the server responded with a status of 404 (Not Found) @ http://localhost:8081/meetings:0
[   35351ms] [ERROR] Failed to load resource: the server responded with a status of 404 (Not Found) @ http://localhost:3090/api/health:0
[   35351ms] [ERROR] Failed to load resource: the server responded with a status of 404 (Not Found) @ http://localhost:3090/ws:0
[   35352ms] [ERROR] Failed to load resource: the server responded with a status of 404 (Not Found) @ http://localhost:8081/meetings:0
[   35373ms] [ERROR] Failed to load resource: the server responded with a status of 404 (Not Found) @ http://localhost:3090/api/health:0
[   35442ms] [ERROR] Failed to load resource: the server responded with a status of 404 (Not Found) @ http://localhost:3090/ws:0
[   35442ms] [ERROR] Failed to load resource: the server responded with a status of 404 (Not Found) @ http://localhost:8081/meetings:0
[   35622ms] [ERROR] Failed to load resource: the server responded with a status of 404 (Not Found) @ http://localhost:3090/api/health:0
[   35622ms] [ERROR] Failed to load resource: the server responded with a status of 404 (Not Found) @ http://localhost:3090/ws:0
[   35623ms] [ERROR] Failed to load resource: the server responded with a status of 404 (Not Found) @ http://localhost:8081/meetings:0
[   35678ms] [ERROR] Failed to load resource: the server responded with a status of 404 (Not Found) @ http://localhost:3090/api/health:0
[   35679ms] [ERROR] Failed to load resource: the server responded with a status of 404 (Not Found) @ http://localhost:3090/ws:0
[   35680ms] [ERROR] Failed to load resource: the server responded with a status of 404 (Not Found) @ http://localhost:8081/meetings:0
[   35882ms] [ERROR] Failed to load resource: the server responded with a status of 404 (Not Found) @ http://localhost:3090/api/health:0
[   35883ms] [ERROR] Failed to load resource: the server responded with a status of 404 (Not Found) @ http://localhost:3090/ws:0
[   35891ms] [ERROR] Failed to load resource: the server responded with a status of 404 (Not Found) @ http://localhost:8081/meetings:0
[   36177ms] [ERROR] Failed to load resource: the server responded with a status of 404 (Not Found) @ http://localhost:3090/api/health:0
[   36177ms] [ERROR] Failed to load resource: the server responded with a status of 404 (Not Found) @ http://localhost:3090/ws:0
[   36177ms] [ERROR] Failed to load resource: the server responded with a status of 404 (Not Found) @ http://localhost:8081/meetings:0
[   36386ms] [ERROR] Failed to load resource: the server responded with a status of 404 (Not Found) @ http://localhost:3090/api/health:0
[   36386ms] [ERROR] Failed to load resource: the server responded with a status of 404 (Not Found) @ http://localhost:3090/ws:0
[   36388ms] [ERROR] Failed to load resource: the server responded with a status of 404 (Not Found) @ http://localhost:8081/meetings:0
[   36613ms] [ERROR] Failed to load resource: the server responded with a status of 404 (Not Found) @ http://localhost:3090/api/health:0
[   36613ms] [ERROR] Failed to load resource: the server responded with a status of 404 (Not Found) @ http://localhost:3090/ws:0
[   36613ms] [ERROR] Failed to load resource: the server responded with a status of 404 (Not Found) @ http://localhost:8081/meetings:0
[   36726ms] [ERROR] Failed to load resource: the server responded with a status of 404 (Not Found) @ http://localhost:3090/api/health:0
[   36726ms] [ERROR] Failed to load resource: the server responded with a status of 404 (Not Found) @ http://localhost:3090/ws:0
[   36736ms] [ERROR] Failed to load resource: the server responded with a status of 404 (Not Found) @ http://localhost:8081/meetings:0
[   36788ms] [ERROR] Failed to load resource: the server responded with a status of 404 (Not Found) @ http://localhost:3090/api/health:0
[   36789ms] [ERROR] Failed to load resource: the server responded with a status of 404 (Not Found) @ http://localhost:3090/ws:0
[   36789ms] [ERROR] Failed to load resource: the server responded with a status of 404 (Not Found) @ http://localhost:8081/meetings:0
[   36888ms] [ERROR] Failed to load resource: the server responded with a status of 404 (Not Found) @ http://localhost:3090/api/health:0
[   36888ms] [ERROR] Failed to load resource: the server responded with a status of 404 (Not Found) @ http://localhost:3090/ws:0
[   36888ms] [ERROR] Failed to load resource: the server responded with a status of 404 (Not Found) @ http://localhost:8081/meetings:0
[   37261ms] [ERROR] Failed to load resource: the server responded with a status of 404 (Not Found) @ http://localhost:3090/api/health:0
[   37261ms] [ERROR] Failed to load resource: the server responded with a status of 404 (Not Found) @ http://localhost:3090/ws:0
[   37272ms] [ERROR] Failed to load resource: the server responded with a status of 404 (Not Found) @ http://localhost:8081/meetings:0
[   37460ms] [ERROR] Failed to load resource: the server responded with a status of 404 (Not Found) @ http://localhost:3090/api/health:0
[   37461ms] [ERROR] Failed to load resource: the server responded with a status of 404 (Not Found) @ http://localhost:3090/ws:0
[   37470ms] [ERROR] Failed to load resource: the server responded with a status of 404 (Not Found) @ http://localhost:8081/meetings:0
[   37655ms] [ERROR] Failed to load resource: the server responded with a status of 404 (Not Found) @ http://localhost:3090/api/health:0
[   37657ms] [ERROR] Failed to load resource: the server responded with a status of 404 (Not Found) @ http://localhost:3090/ws:0
[   37657ms] [ERROR] Failed to load resource: the server responded with a status of 404 (Not Found) @ http://localhost:8081/meetings:0
[   37795ms] [ERROR] Failed to load resource: the server responded with a status of 404 (Not Found) @ http://localhost:3090/api/health:0
[   37797ms] [ERROR] Failed to load resource: the server responded with a status of 404 (Not Found) @ http://localhost:3090/ws:0
[   37799ms] [ERROR] Failed to load resource: the server responded with a status of 404 (Not Found) @ http://localhost:8081/meetings:0
[   37870ms] [ERROR] Failed to load resource: the server responded with a status of 404 (Not Found) @ http://localhost:3090/api/health:0
[   37872ms] [ERROR] Failed to load resource: the server responded with a status of 404 (Not Found) @ http://localhost:3090/ws:0
[   37872ms] [ERROR] Failed to load resource: the server responded with a status of 404 (Not Found) @ http://localhost:8081/meetings:0
[   38240ms] [ERROR] Failed to load resource: the server responded with a status of 404 (Not Found) @ http://localhost:3090/api/health:0
[   38240ms] [ERROR] Failed to load resource: the server responded with a status of 404 (Not Found) @ http://localhost:3090/ws:0
[   38240ms] [ERROR] Failed to load resource: the server responded with a status of 404 (Not Found) @ http://localhost:8081/meetings:0
[   38422ms] [ERROR] Failed to load resource: the server responded with a status of 404 (Not Found) @ http://localhost:3090/api/health:0
[   38422ms] [ERROR] Failed to load resource: the server responded with a status of 404 (Not Found) @ http://localhost:3090/ws:0
[   38423ms] [ERROR] Failed to load resource: the server responded with a status of 404 (Not Found) @ http://localhost:8081/meetings:0
[   38609ms] [ERROR] Failed to load resource: the server responded with a status of 404 (Not Found) @ http://localhost:3090/api/health:0
[   38609ms] [ERROR] Failed to load resource: the server responded with a status of 404 (Not Found) @ http://localhost:3090/ws:0
[   38610ms] [ERROR] Failed to load resource: the server responded with a status of 404 (Not Found) @ http://localhost:8081/meetings:0
[   38704ms] [ERROR] Failed to load resource: the server responded with a status of 404 (Not Found) @ http://localhost:3090/api/health:0
[   38705ms] [ERROR] Failed to load resource: the server responded with a status of 404 (Not Found) @ http://localhost:8081/meetings:0
[   38705ms] [ERROR] Failed to load resource: the server responded with a status of 404 (Not Found) @ http://localhost:3090/ws:0
[   38791ms] [ERROR] Failed to load resource: the server responded with a status of 404 (Not Found) @ http://localhost:3090/api/health:0
[   38791ms] [ERROR] Failed to load resource: the server responded with a status of 404 (Not Found) @ http://localhost:3090/ws:0
[   38792ms] [ERROR] Failed to load resource: the server responded with a status of 404 (Not Found) @ http://localhost:8081/meetings:0
[   38981ms] [ERROR] Failed to load resource: the server responded with a status of 404 (Not Found) @ http://localhost:3090/api/health:0
[   38981ms] [ERROR] Failed to load resource: the server responded with a status of 404 (Not Found) @ http://localhost:3090/ws:0
[   38981ms] [ERROR] Failed to load resource: the server responded with a status of 404 (Not Found) @ http://localhost:8081/meetings:0
[   39237ms] [ERROR] Failed to load resource: the server responded with a status of 404 (Not Found) @ http://localhost:3090/api/health:0
[   39237ms] [ERROR] Failed to load resource: the server responded with a status of 404 (Not Found) @ http://localhost:3090/ws:0
[   39237ms] [ERROR] Failed to load resource: the server responded with a status of 404 (Not Found) @ http://localhost:8081/meetings:0
[   39406ms] [ERROR] Failed to load resource: the server responded with a status of 404 (Not Found) @ http://localhost:3090/api/health:0
[   39407ms] [ERROR] Failed to load resource: the server responded with a status of 404 (Not Found) @ http://localhost:3090/ws:0
[   39418ms] [ERROR] Failed to load resource: the server responded with a status of 404 (Not Found) @ http://localhost:8081/meetings:0
[   39593ms] [ERROR] Failed to load resource: the server responded with a status of 404 (Not Found) @ http://localhost:3090/api/health:0
[   39593ms] [ERROR] Failed to load resource: the server responded with a status of 404 (Not Found) @ http://localhost:3090/ws:0
[   39593ms] [ERROR] Failed to load resource: the server responded with a status of 404 (Not Found) @ http://localhost:8081/meetings:0
[   39710ms] [ERROR] Failed to load resource: the server responded with a status of 404 (Not Found) @ http://localhost:3090/api/health:0
[   39710ms] [ERROR] Failed to load resource: the server responded with a status of 404 (Not Found) @ http://localhost:3090/ws:0
[   39710ms] [ERROR] Failed to load resource: the server responded with a status of 404 (Not Found) @ http://localhost:8081/meetings:0
[   39767ms] [ERROR] Failed to load resource: the server responded with a status of 404 (Not Found) @ http://localhost:3090/api/health:0
[   39767ms] [ERROR] Failed to load resource: the server responded with a status of 404 (Not Found) @ http://localhost:3090/ws:0
[   39768ms] [ERROR] Failed to load resource: the server responded with a status of 404 (Not Found) @ http://localhost:8081/meetings:0
[   39905ms] [ERROR] Failed to load resource: the server responded with a status of 404 (Not Found) @ http://localhost:3090/api/health:0
[   39906ms] [ERROR] Failed to load resource: the server responded with a status of 404 (Not Found) @ http://localhost:3090/ws:0
[   39906ms] [ERROR] Failed to load resource: the server responded with a status of 404 (Not Found) @ http://localhost:8081/meetings:0
[   40145ms] [ERROR] Failed to load resource: the server responded with a status of 404 (Not Found) @ http://localhost:3090/api/health:0
[   40145ms] [ERROR] Failed to load resource: the server responded with a status of 404 (Not Found) @ http://localhost:3090/ws:0
[   40146ms] [ERROR] Failed to load resource: the server responded with a status of 404 (Not Found) @ http://localhost:8081/meetings:0
[   40368ms] [ERROR] Failed to load resource: the server responded with a status of 404 (Not Found) @ http://localhost:3090/api/health:0
[   40377ms] [ERROR] Failed to load resource: the server responded with a status of 404 (Not Found) @ http://localhost:8081/meetings:0
[   40377ms] [ERROR] Failed to load resource: the server responded with a status of 404 (Not Found) @ http://localhost:3090/ws:0
[   40560ms] [ERROR] Failed to load resource: the server responded with a status of 404 (Not Found) @ http://localhost:3090/api/health:0
[   40561ms] [ERROR] Failed to load resource: the server responded with a status of 404 (Not Found) @ http://localhost:3090/ws:0
[   40561ms] [ERROR] Failed to load resource: the server responded with a status of 404 (Not Found) @ http://localhost:8081/meetings:0
[   40762ms] [ERROR] Failed to load resource: the server responded with a status of 404 (Not Found) @ http://localhost:3090/api/health:0
[   40789ms] [ERROR] Failed to load resource: the server responded with a status of 404 (Not Found) @ http://localhost:3090/ws:0
[   40790ms] [ERROR] Failed to load resource: the server responded with a status of 404 (Not Found) @ http://localhost:8081/meetings:0
[   40900ms] [ERROR] Failed to load resource: the server responded with a status of 404 (Not Found) @ http://localhost:3090/api/health:0
[   40900ms] [ERROR] Failed to load resource: the server responded with a status of 404 (Not Found) @ http://localhost:3090/ws:0
[   40901ms] [ERROR] Failed to load resource: the server responded with a status of 404 (Not Found) @ http://localhost:8081/meetings:0
[   41028ms] [ERROR] Failed to load resource: the server responded with a status of 404 (Not Found) @ http://localhost:3090/api/health:0
[   41029ms] [ERROR] Failed to load resource: the server responded with a status of 404 (Not Found) @ http://localhost:3090/ws:0
[   41041ms] [ERROR] Failed to load resource: the server responded with a status of 404 (Not Found) @ http://localhost:8081/meetings:0
[   41390ms] [ERROR] Failed to load resource: the server responded with a status of 404 (Not Found) @ http://localhost:3090/api/health:0
[   41390ms] [ERROR] Failed to load resource: the server responded with a status of 404 (Not Found) @ http://localhost:3090/ws:0
[   41400ms] [ERROR] Failed to load resource: the server responded with a status of 404 (Not Found) @ http://localhost:8081/meetings:0
[   41619ms] [ERROR] Failed to load resource: the server responded with a status of 404 (Not Found) @ http://localhost:3090/api/health:0
[   41620ms] [ERROR] Failed to load resource: the server responded with a status of 404 (Not Found) @ http://localhost:3090/ws:0
[   41620ms] [ERROR] Failed to load resource: the server responded with a status of 404 (Not Found) @ http://localhost:8081/meetings:0
[   41831ms] [ERROR] Failed to load resource: the server responded with a status of 404 (Not Found) @ http://localhost:3090/api/health:0
[   41831ms] [ERROR] Failed to load resource: the server responded with a status of 404 (Not Found) @ http://localhost:3090/ws:0
[   41831ms] [ERROR] Failed to load resource: the server responded with a status of 404 (Not Found) @ http://localhost:8081/meetings:0
[   41942ms] [ERROR] Failed to load resource: the server responded with a status of 404 (Not Found) @ http://localhost:3090/api/health:0
[   41942ms] [ERROR] Failed to load resource: the server responded with a status of 404 (Not Found) @ http://localhost:3090/ws:0
[   41942ms] [ERROR] Failed to load resource: the server responded with a status of 404 (Not Found) @ http://localhost:8081/meetings:0
[   42030ms] [ERROR] Failed to load resource: the server responded with a status of 404 (Not Found) @ http://localhost:3090/api/health:0
[   42030ms] [ERROR] Failed to load resource: the server responded with a status of 404 (Not Found) @ http://localhost:3090/ws:0
[   42038ms] [ERROR] Failed to load resource: the server responded with a status of 404 (Not Found) @ http://localhost:8081/meetings:0
[   42204ms] [ERROR] Failed to load resource: the server responded with a status of 404 (Not Found) @ http://localhost:3090/api/health:0
[   42204ms] [ERROR] Failed to load resource: the server responded with a status of 404 (Not Found) @ http://localhost:3090/ws:0
[   42218ms] [ERROR] Failed to load resource: the server responded with a status of 404 (Not Found) @ http://localhost:8081/meetings:0
[   42451ms] [ERROR] Failed to load resource: the server responded with a status of 404 (Not Found) @ http://localhost:3090/api/health:0
[   42460ms] [ERROR] Failed to load resource: the server responded with a status of 404 (Not Found) @ http://localhost:3090/ws:0
[   42460ms] [ERROR] Failed to load resource: the server responded with a status of 404 (Not Found) @ http://localhost:8081/meetings:0
[   42643ms] [ERROR] Failed to load resource: the server responded with a status of 404 (Not Found) @ http://localhost:3090/api/health:0
[   42643ms] [ERROR] Failed to load resource: the server responded with a status of 404 (Not Found) @ http://localhost:3090/ws:0
[   42643ms] [ERROR] Failed to load resource: the server responded with a status of 404 (Not Found) @ http://localhost:8081/meetings:0
[   42820ms] [ERROR] Failed to load resource: the server responded with a status of 404 (Not Found) @ http://localhost:3090/api/health:0
[   42821ms] [ERROR] Failed to load resource: the server responded with a status of 404 (Not Found) @ http://localhost:3090/ws:0
[   42821ms] [ERROR] Failed to load resource: the server responded with a status of 404 (Not Found) @ http://localhost:8081/meetings:0
[   42947ms] [ERROR] Failed to load resource: the server responded with a status of 404 (Not Found) @ http://localhost:3090/api/health:0
[   42947ms] [ERROR] Failed to load resource: the server responded with a status of 404 (Not Found) @ http://localhost:3090/ws:0
[   42948ms] [ERROR] Failed to load resource: the server responded with a status of 404 (Not Found) @ http://localhost:8081/meetings:0
[   43011ms] [ERROR] Failed to load resource: the server responded with a status of 404 (Not Found) @ http://localhost:3090/api/health:0
[   43011ms] [ERROR] Failed to load resource: the server responded with a status of 404 (Not Found) @ http://localhost:3090/ws:0
[   43012ms] [ERROR] Failed to load resource: the server responded with a status of 404 (Not Found) @ http://localhost:8081/meetings:0
[   43165ms] [ERROR] Failed to load resource: the server responded with a status of 404 (Not Found) @ http://localhost:3090/api/health:0
[   43166ms] [ERROR] Failed to load resource: the server responded with a status of 404 (Not Found) @ http://localhost:3090/ws:0
[   43166ms] [ERROR] Failed to load resource: the server responded with a status of 404 (Not Found) @ http://localhost:8081/meetings:0
[   43382ms] [ERROR] Failed to load resource: the server responded with a status of 404 (Not Found) @ http://localhost:3090/api/health:0
[   43382ms] [ERROR] Failed to load resource: the server responded with a status of 404 (Not Found) @ http://localhost:3090/ws:0
[   43382ms] [ERROR] Failed to load resource: the server responded with a status of 404 (Not Found) @ http://localhost:8081/meetings:0
[   43720ms] [ERROR] Failed to load resource: the server responded with a status of 404 (Not Found) @ http://localhost:3090/api/health:0
[   43720ms] [ERROR] Failed to load resource: the server responded with a status of 404 (Not Found) @ http://localhost:3090/ws:0
[   43722ms] [ERROR] Failed to load resource: the server responded with a status of 404 (Not Found) @ http://localhost:8081/meetings:0
[   43938ms] [ERROR] Failed to load resource: the server responded with a status of 404 (Not Found) @ http://localhost:3090/api/health:0
[   43938ms] [ERROR] Failed to load resource: the server responded with a status of 404 (Not Found) @ http://localhost:3090/ws:0
[   43939ms] [ERROR] Failed to load resource: the server responded with a status of 404 (Not Found) @ http://localhost:8081/meetings:0
[   44166ms] [ERROR] Failed to load resource: the server responded with a status of 404 (Not Found) @ http://localhost:3090/api/health:0
[   44167ms] [ERROR] Failed to load resource: the server responded with a status of 404 (Not Found) @ http://localhost:8081/meetings:0
[   44167ms] [ERROR] Failed to load resource: the server responded with a status of 404 (Not Found) @ http://localhost:3090/ws:0
[   44206ms] [ERROR] Failed to load resource: the server responded with a status of 404 (Not Found) @ http://localhost:3090/api/health:0
[   44206ms] [ERROR] Failed to load resource: the server responded with a status of 404 (Not Found) @ http://localhost:3090/ws:0
[   44206ms] [ERROR] Failed to load resource: the server responded with a status of 404 (Not Found) @ http://localhost:8081/meetings:0
[   44423ms] [ERROR] Failed to load resource: the server responded with a status of 404 (Not Found) @ http://localhost:3090/api/health:0
[   44423ms] [ERROR] Failed to load resource: the server responded with a status of 404 (Not Found) @ http://localhost:3090/ws:0
[   44424ms] [ERROR] Failed to load resource: the server responded with a status of 404 (Not Found) @ http://localhost:8081/meetings:0
[   44627ms] [ERROR] Failed to load resource: the server responded with a status of 404 (Not Found) @ http://localhost:3090/api/health:0
[   44627ms] [ERROR] Failed to load resource: the server responded with a status of 404 (Not Found) @ http://localhost:3090/ws:0
[   44628ms] [ERROR] Failed to load resource: the server responded with a status of 404 (Not Found) @ http://localhost:8081/meetings:0
[   44837ms] [ERROR] Failed to load resource: the server responded with a status of 404 (Not Found) @ http://localhost:3090/api/health:0
[   44848ms] [ERROR] Failed to load resource: the server responded with a status of 404 (Not Found) @ http://localhost:3090/ws:0
[   44849ms] [ERROR] Failed to load resource: the server responded with a status of 404 (Not Found) @ http://localhost:8081/meetings:0
[   45001ms] [ERROR] Failed to load resource: the server responded with a status of 404 (Not Found) @ http://localhost:3090/api/health:0
[   45001ms] [ERROR] Failed to load resource: the server responded with a status of 404 (Not Found) @ http://localhost:3090/ws:0
[   45002ms] [ERROR] Failed to load resource: the server responded with a status of 404 (Not Found) @ http://localhost:8081/meetings:0
[   45065ms] [ERROR] Failed to load resource: the server responded with a status of 404 (Not Found) @ http://localhost:3090/api/health:0
[   45066ms] [ERROR] Failed to load resource: the server responded with a status of 404 (Not Found) @ http://localhost:3090/ws:0
[   45066ms] [ERROR] Failed to load resource: the server responded with a status of 404 (Not Found) @ http://localhost:8081/meetings:0
[   45192ms] [ERROR] Failed to load resource: the server responded with a status of 404 (Not Found) @ http://localhost:3090/api/health:0
[   45192ms] [ERROR] Failed to load resource: the server responded with a status of 404 (Not Found) @ http://localhost:8081/meetings:0
[   45192ms] [ERROR] Failed to load resource: the server responded with a status of 404 (Not Found) @ http://localhost:3090/ws:0
[   45348ms] [ERROR] Failed to load resource: the server responded with a status of 404 (Not Found) @ http://localhost:3090/api/health:0
[   45348ms] [ERROR] Failed to load resource: the server responded with a status of 404 (Not Found) @ http://localhost:3090/ws:0
[   45357ms] [ERROR] Failed to load resource: the server responded with a status of 404 (Not Found) @ http://localhost:8081/meetings:0
[   45617ms] [ERROR] Failed to load resource: the server responded with a status of 404 (Not Found) @ http://localhost:3090/api/health:0
[   45617ms] [ERROR] Failed to load resource: the server responded with a status of 404 (Not Found) @ http://localhost:3090/ws:0
[   45618ms] [ERROR] Failed to load resource: the server responded with a status of 404 (Not Found) @ http://localhost:8081/meetings:0
[   45798ms] [ERROR] Failed to load resource: the server responded with a status of 404 (Not Found) @ http://localhost:3090/api/health:0
[   45798ms] [ERROR] Failed to load resource: the server responded with a status of 404 (Not Found) @ http://localhost:3090/ws:0
[   45799ms] [ERROR] Failed to load resource: the server responded with a status of 404 (Not Found) @ http://localhost:8081/meetings:0
[   45913ms] [ERROR] Failed to load resource: the server responded with a status of 404 (Not Found) @ http://localhost:3090/api/health:0
[   45913ms] [ERROR] Failed to load resource: the server responded with a status of 404 (Not Found) @ http://localhost:3090/ws:0
[   45989ms] [ERROR] Failed to load resource: the server responded with a status of 404 (Not Found) @ http://localhost:8081/meetings:0
[   46073ms] [ERROR] Failed to load resource: the server responded with a status of 404 (Not Found) @ http://localhost:3090/api/health:0
[   46073ms] [ERROR] Failed to load resource: the server responded with a status of 404 (Not Found) @ http://localhost:3090/ws:0
[   46074ms] [ERROR] Failed to load resource: the server responded with a status of 404 (Not Found) @ http://localhost:8081/meetings:0
[   46168ms] [ERROR] Failed to load resource: the server responded with a status of 404 (Not Found) @ http://localhost:3090/api/health:0
[   46169ms] [ERROR] Failed to load resource: the server responded with a status of 404 (Not Found) @ http://localhost:3090/ws:0
[   46169ms] [ERROR] Failed to load resource: the server responded with a status of 404 (Not Found) @ http://localhost:8081/meetings:0
[   46327ms] [ERROR] Failed to load resource: the server responded with a status of 404 (Not Found) @ http://localhost:3090/api/health:0
[   46327ms] [ERROR] Failed to load resource: the server responded with a status of 404 (Not Found) @ http://localhost:3090/ws:0
[   46342ms] [ERROR] Failed to load resource: the server responded with a status of 404 (Not Found) @ http://localhost:8081/meetings:0
[   46690ms] [ERROR] Failed to load resource: the server responded with a status of 404 (Not Found) @ http://localhost:3090/api/health:0
[   46691ms] [ERROR] Failed to load resource: the server responded with a status of 404 (Not Found) @ http://localhost:3090/ws:0
[   46691ms] [ERROR] Failed to load resource: the server responded with a status of 404 (Not Found) @ http://localhost:8081/meetings:0
[   47056ms] [ERROR] Failed to load resource: the server responded with a status of 404 (Not Found) @ http://localhost:3090/api/health:0
[   47056ms] [ERROR] Failed to load resource: the server responded with a status of 404 (Not Found) @ http://localhost:3090/ws:0
[   47057ms] [ERROR] Failed to load resource: the server responded with a status of 404 (Not Found) @ http://localhost:8081/meetings:0
[   47228ms] [ERROR] Failed to load resource: the server responded with a status of 404 (Not Found) @ http://localhost:3090/api/health:0
[   47228ms] [ERROR] Failed to load resource: the server responded with a status of 404 (Not Found) @ http://localhost:3090/ws:0
[   47229ms] [ERROR] Failed to load resource: the server responded with a status of 404 (Not Found) @ http://localhost:8081/meetings:0
[   47325ms] [ERROR] Failed to load resource: the server responded with a status of 404 (Not Found) @ http://localhost:3090/api/health:0
[   47326ms] [ERROR] Failed to load resource: the server responded with a status of 404 (Not Found) @ http://localhost:3090/ws:0
[   47326ms] [ERROR] Failed to load resource: the server responded with a status of 404 (Not Found) @ http://localhost:8081/meetings:0
[   47370ms] [ERROR] Failed to load resource: the server responded with a status of 404 (Not Found) @ http://localhost:3090/api/health:0
[   47371ms] [ERROR] Failed to load resource: the server responded with a status of 404 (Not Found) @ http://localhost:3090/ws:0
[   47371ms] [ERROR] Failed to load resource: the server responded with a status of 404 (Not Found) @ http://localhost:8081/meetings:0
[   47674ms] [ERROR] Failed to load resource: the server responded with a status of 404 (Not Found) @ http://localhost:3090/api/health:0
[   47675ms] [ERROR] Failed to load resource: the server responded with a status of 404 (Not Found) @ http://localhost:3090/ws:0
[   47675ms] [ERROR] Failed to load resource: the server responded with a status of 404 (Not Found) @ http://localhost:8081/meetings:0
[   47929ms] [ERROR] Failed to load resource: the server responded with a status of 404 (Not Found) @ http://localhost:3090/api/health:0
[   47929ms] [ERROR] Failed to load resource: the server responded with a status of 404 (Not Found) @ http://localhost:3090/ws:0
[   47930ms] [ERROR] Failed to load resource: the server responded with a status of 404 (Not Found) @ http://localhost:8081/meetings:0
[   48097ms] [ERROR] Failed to load resource: the server responded with a status of 404 (Not Found) @ http://localhost:3090/api/health:0
[   48098ms] [ERROR] Failed to load resource: the server responded with a status of 404 (Not Found) @ http://localhost:3090/ws:0
[   48098ms] [ERROR] Failed to load resource: the server responded with a status of 404 (Not Found) @ http://localhost:8081/meetings:0
[   48173ms] [ERROR] Failed to load resource: the server responded with a status of 404 (Not Found) @ http://localhost:3090/api/health:0
[   48173ms] [ERROR] Failed to load resource: the server responded with a status of 404 (Not Found) @ http://localhost:3090/ws:0
[   48173ms] [ERROR] Failed to load resource: the server responded with a status of 404 (Not Found) @ http://localhost:8081/meetings:0
[   48224ms] [ERROR] Failed to load resource: the server responded with a status of 404 (Not Found) @ http://localhost:3090/api/health:0
[   48224ms] [ERROR] Failed to load resource: the server responded with a status of 404 (Not Found) @ http://localhost:3090/ws:0
[   48224ms] [ERROR] Failed to load resource: the server responded with a status of 404 (Not Found) @ http://localhost:8081/meetings:0
[   48398ms] [ERROR] Failed to load resource: the server responded with a status of 404 (Not Found) @ http://localhost:3090/api/health:0
[   48399ms] [ERROR] Failed to load resource: the server responded with a status of 404 (Not Found) @ http://localhost:3090/ws:0
[   48399ms] [ERROR] Failed to load resource: the server responded with a status of 404 (Not Found) @ http://localhost:8081/meetings:0
[   48658ms] [ERROR] Failed to load resource: the server responded with a status of 404 (Not Found) @ http://localhost:3090/api/health:0
[   48658ms] [ERROR] Failed to load resource: the server responded with a status of 404 (Not Found) @ http://localhost:8081/meetings:0
[   48668ms] [ERROR] Failed to load resource: the server responded with a status of 404 (Not Found) @ http://localhost:3090/ws:0
[   48789ms] [ERROR] Failed to load resource: the server responded with a status of 404 (Not Found) @ http://localhost:3090/api/health:0
[   48861ms] [ERROR] Failed to load resource: the server responded with a status of 404 (Not Found) @ http://localhost:3090/ws:0
[   48862ms] [ERROR] Failed to load resource: the server responded with a status of 404 (Not Found) @ http://localhost:8081/meetings:0
[   48889ms] [ERROR] Failed to load resource: the server responded with a status of 404 (Not Found) @ http://localhost:3090/api/health:0
[   48966ms] [ERROR] Failed to load resource: the server responded with a status of 404 (Not Found) @ http://localhost:3090/ws:0
[   48967ms] [ERROR] Failed to load resource: the server responded with a status of 404 (Not Found) @ http://localhost:8081/meetings:0
[   49074ms] [ERROR] Failed to load resource: the server responded with a status of 404 (Not Found) @ http://localhost:3090/api/health:0
[   49124ms] [ERROR] Failed to load resource: the server responded with a status of 404 (Not Found) @ http://localhost:3090/ws:0
[   49127ms] [ERROR] Failed to load resource: the server responded with a status of 404 (Not Found) @ http://localhost:8081/meetings:0
[   49178ms] [ERROR] Failed to load resource: the server responded with a status of 404 (Not Found) @ http://localhost:3090/api/health:0
[   49179ms] [ERROR] Failed to load resource: the server responded with a status of 404 (Not Found) @ http://localhost:3090/ws:0
[   49179ms] [ERROR] Failed to load resource: the server responded with a status of 404 (Not Found) @ http://localhost:8081/meetings:0
[   49310ms] [ERROR] Failed to load resource: the server responded with a status of 404 (Not Found) @ http://localhost:3090/api/health:0
[   49310ms] [ERROR] Failed to load resource: the server responded with a status of 404 (Not Found) @ http://localhost:3090/ws:0
[   49310ms] [ERROR] Failed to load resource: the server responded with a status of 404 (Not Found) @ http://localhost:8081/meetings:0
[   49464ms] [ERROR] Failed to load resource: the server responded with a status of 404 (Not Found) @ http://localhost:3090/api/health:0
[   49465ms] [ERROR] Failed to load resource: the server responded with a status of 404 (Not Found) @ http://localhost:3090/ws:0
[   49465ms] [ERROR] Failed to load resource: the server responded with a status of 404 (Not Found) @ http://localhost:8081/meetings:0
[   49741ms] [ERROR] Failed to load resource: the server responded with a status of 404 (Not Found) @ http://localhost:3090/api/health:0
[   49741ms] [ERROR] Failed to load resource: the server responded with a status of 404 (Not Found) @ http://localhost:3090/ws:0
[   49741ms] [ERROR] Failed to load resource: the server responded with a status of 404 (Not Found) @ http://localhost:8081/meetings:0
[   49982ms] [ERROR] Failed to load resource: the server responded with a status of 404 (Not Found) @ http://localhost:3090/api/health:0
[   49982ms] [ERROR] Failed to load resource: the server responded with a status of 404 (Not Found) @ http://localhost:3090/ws:0
[   49982ms] [ERROR] Failed to load resource: the server responded with a status of 404 (Not Found) @ http://localhost:8081/meetings:0
[   50161ms] [ERROR] Failed to load resource: the server responded with a status of 404 (Not Found) @ http://localhost:3090/api/health:0
[   50161ms] [ERROR] Failed to load resource: the server responded with a status of 404 (Not Found) @ http://localhost:3090/ws:0
[   50162ms] [ERROR] Failed to load resource: the server responded with a status of 404 (Not Found) @ http://localhost:8081/meetings:0
[   50237ms] [ERROR] Failed to load resource: the server responded with a status of 404 (Not Found) @ http://localhost:3090/api/health:0
[   50237ms] [ERROR] Failed to load resource: the server responded with a status of 404 (Not Found) @ http://localhost:3090/ws:0
[   50238ms] [ERROR] Failed to load resource: the server responded with a status of 404 (Not Found) @ http://localhost:8081/meetings:0
[   50301ms] [ERROR] Failed to load resource: the server responded with a status of 404 (Not Found) @ http://localhost:3090/api/health:0
[   50302ms] [ERROR] Failed to load resource: the server responded with a status of 404 (Not Found) @ http://localhost:3090/ws:0
[   50302ms] [ERROR] Failed to load resource: the server responded with a status of 404 (Not Found) @ http://localhost:8081/meetings:0
[   50488ms] [ERROR] Failed to load resource: the server responded with a status of 404 (Not Found) @ http://localhost:3090/api/health:0
[   50488ms] [ERROR] Failed to load resource: the server responded with a status of 404 (Not Found) @ http://localhost:3090/ws:0
[   50489ms] [ERROR] Failed to load resource: the server responded with a status of 404 (Not Found) @ http://localhost:8081/meetings:0
[   50785ms] [ERROR] Failed to load resource: the server responded with a status of 404 (Not Found) @ http://localhost:3090/api/health:0
[   50785ms] [ERROR] Failed to load resource: the server responded with a status of 404 (Not Found) @ http://localhost:8081/meetings:0
[   50785ms] [ERROR] Failed to load resource: the server responded with a status of 404 (Not Found) @ http://localhost:3090/ws:0
[   50964ms] [ERROR] Failed to load resource: the server responded with a status of 404 (Not Found) @ http://localhost:3090/api/health:0
[   50964ms] [ERROR] Failed to load resource: the server responded with a status of 404 (Not Found) @ http://localhost:3090/ws:0
[   50965ms] [ERROR] Failed to load resource: the server responded with a status of 404 (Not Found) @ http://localhost:8081/meetings:0
[   51069ms] [ERROR] Failed to load resource: the server responded with a status of 404 (Not Found) @ http://localhost:3090/api/health:0
[   51070ms] [ERROR] Failed to load resource: the server responded with a status of 404 (Not Found) @ http://localhost:3090/ws:0
[   51071ms] [ERROR] Failed to load resource: the server responded with a status of 404 (Not Found) @ http://localhost:8081/meetings:0
[   51241ms] [ERROR] Failed to load resource: the server responded with a status of 404 (Not Found) @ http://localhost:3090/api/health:0
[   51241ms] [ERROR] Failed to load resource: the server responded with a status of 404 (Not Found) @ http://localhost:3090/ws:0
[   51249ms] [ERROR] Failed to load resource: the server responded with a status of 404 (Not Found) @ http://localhost:8081/meetings:0
[   51403ms] [ERROR] Failed to load resource: the server responded with a status of 404 (Not Found) @ http://localhost:3090/api/health:0
[   51403ms] [ERROR] Failed to load resource: the server responded with a status of 404 (Not Found) @ http://localhost:3090/ws:0
[   51411ms] [ERROR] Failed to load resource: the server responded with a status of 404 (Not Found) @ http://localhost:8081/meetings:0
[   51573ms] [ERROR] Failed to load resource: the server responded with a status of 404 (Not Found) @ http://localhost:3090/api/health:0
[   51646ms] [ERROR] Failed to load resource: the server responded with a status of 404 (Not Found) @ http://localhost:3090/ws:0
[   51647ms] [ERROR] Failed to load resource: the server responded with a status of 404 (Not Found) @ http://localhost:8081/meetings:0
[   51832ms] [ERROR] Failed to load resource: the server responded with a status of 404 (Not Found) @ http://localhost:3090/api/health:0
[   51832ms] [ERROR] Failed to load resource: the server responded with a status of 404 (Not Found) @ http://localhost:3090/ws:0
[   51833ms] [ERROR] Failed to load resource: the server responded with a status of 404 (Not Found) @ http://localhost:8081/meetings:0
[   52024ms] [ERROR] Failed to load resource: the server responded with a status of 404 (Not Found) @ http://localhost:3090/api/health:0
[   52024ms] [ERROR] Failed to load resource: the server responded with a status of 404 (Not Found) @ http://localhost:3090/ws:0
[   52025ms] [ERROR] Failed to load resource: the server responded with a status of 404 (Not Found) @ http://localhost:8081/meetings:0
[   52198ms] [ERROR] Failed to load resource: the server responded with a status of 404 (Not Found) @ http://localhost:3090/api/health:0
[   52198ms] [ERROR] Failed to load resource: the server responded with a status of 404 (Not Found) @ http://localhost:8081/meetings:0
[   52199ms] [ERROR] Failed to load resource: the server responded with a status of 404 (Not Found) @ http://localhost:3090/ws:0
[   52262ms] [ERROR] Failed to load resource: the server responded with a status of 404 (Not Found) @ http://localhost:3090/api/health:0
[   52263ms] [ERROR] Failed to load resource: the server responded with a status of 404 (Not Found) @ http://localhost:3090/ws:0
[   52263ms] [ERROR] Failed to load resource: the server responded with a status of 404 (Not Found) @ http://localhost:8081/meetings:0
[   52339ms] [ERROR] Failed to load resource: the server responded with a status of 404 (Not Found) @ http://localhost:3090/api/health:0
[   52340ms] [ERROR] Failed to load resource: the server responded with a status of 404 (Not Found) @ http://localhost:3090/ws:0
[   52341ms] [ERROR] Failed to load resource: the server responded with a status of 404 (Not Found) @ http://localhost:8081/meetings:0
[   52528ms] [ERROR] Failed to load resource: the server responded with a status of 404 (Not Found) @ http://localhost:3090/api/health:0
[   52529ms] [ERROR] Failed to load resource: the server responded with a status of 404 (Not Found) @ http://localhost:3090/ws:0
[   52544ms] [ERROR] Failed to load resource: the server responded with a status of 404 (Not Found) @ http://localhost:8081/meetings:0
[   52808ms] [ERROR] Failed to load resource: the server responded with a status of 404 (Not Found) @ http://localhost:3090/api/health:0
[   52809ms] [ERROR] Failed to load resource: the server responded with a status of 404 (Not Found) @ http://localhost:3090/ws:0
[   52809ms] [ERROR] Failed to load resource: the server responded with a status of 404 (Not Found) @ http://localhost:8081/meetings:0
[   52990ms] [ERROR] Failed to load resource: the server responded with a status of 404 (Not Found) @ http://localhost:3090/api/health:0
[   52990ms] [ERROR] Failed to load resource: the server responded with a status of 404 (Not Found) @ http://localhost:3090/ws:0
[   52990ms] [ERROR] Failed to load resource: the server responded with a status of 404 (Not Found) @ http://localhost:8081/meetings:0
[   53169ms] [ERROR] Failed to load resource: the server responded with a status of 404 (Not Found) @ http://localhost:3090/api/health:0
[   53169ms] [ERROR] Failed to load resource: the server responded with a status of 404 (Not Found) @ http://localhost:3090/ws:0
[   53169ms] [ERROR] Failed to load resource: the server responded with a status of 404 (Not Found) @ http://localhost:8081/meetings:0
[   53266ms] [ERROR] Failed to load resource: the server responded with a status of 404 (Not Found) @ http://localhost:3090/api/health:0
[   53266ms] [ERROR] Failed to load resource: the server responded with a status of 404 (Not Found) @ http://localhost:3090/ws:0
[   53266ms] [ERROR] Failed to load resource: the server responded with a status of 404 (Not Found) @ http://localhost:8081/meetings:0
[   53305ms] [ERROR] Failed to load resource: the server responded with a status of 404 (Not Found) @ http://localhost:3090/api/health:0
[   53305ms] [ERROR] Failed to load resource: the server responded with a status of 404 (Not Found) @ http://localhost:3090/ws:0
[   53305ms] [ERROR] Failed to load resource: the server responded with a status of 404 (Not Found) @ http://localhost:8081/meetings:0
[   53517ms] [ERROR] Failed to load resource: the server responded with a status of 404 (Not Found) @ http://localhost:3090/api/health:0
[   53517ms] [ERROR] Failed to load resource: the server responded with a status of 404 (Not Found) @ http://localhost:3090/ws:0
[   53518ms] [ERROR] Failed to load resource: the server responded with a status of 404 (Not Found) @ http://localhost:8081/meetings:0
[   53714ms] [ERROR] Failed to load resource: the server responded with a status of 404 (Not Found) @ http://localhost:3090/api/health:0
[   53729ms] [ERROR] Failed to load resource: the server responded with a status of 404 (Not Found) @ http://localhost:3090/ws:0
[   53730ms] [ERROR] Failed to load resource: the server responded with a status of 404 (Not Found) @ http://localhost:8081/meetings:0
[   53966ms] [ERROR] Failed to load resource: the server responded with a status of 404 (Not Found) @ http://localhost:3090/api/health:0
[   53966ms] [ERROR] Failed to load resource: the server responded with a status of 404 (Not Found) @ http://localhost:8081/meetings:0
[   53967ms] [ERROR] Failed to load resource: the server responded with a status of 404 (Not Found) @ http://localhost:3090/ws:0
[   54138ms] [ERROR] Failed to load resource: the server responded with a status of 404 (Not Found) @ http://localhost:3090/api/health:0
[   54138ms] [ERROR] Failed to load resource: the server responded with a status of 404 (Not Found) @ http://localhost:8081/meetings:0
[   54138ms] [ERROR] Failed to load resource: the server responded with a status of 404 (Not Found) @ http://localhost:3090/ws:0
[   54301ms] [ERROR] Failed to load resource: the server responded with a status of 404 (Not Found) @ http://localhost:3090/api/health:0
[   54301ms] [ERROR] Failed to load resource: the server responded with a status of 404 (Not Found) @ http://localhost:3090/ws:0
[   54301ms] [ERROR] Failed to load resource: the server responded with a status of 404 (Not Found) @ http://localhost:8081/meetings:0
[   54380ms] [ERROR] Failed to load resource: the server responded with a status of 404 (Not Found) @ http://localhost:3090/api/health:0
[   54380ms] [ERROR] Failed to load resource: the server responded with a status of 404 (Not Found) @ http://localhost:3090/ws:0
[   54381ms] [ERROR] Failed to load resource: the server responded with a status of 404 (Not Found) @ http://localhost:8081/meetings:0
[   54511ms] [ERROR] Failed to load resource: the server responded with a status of 404 (Not Found) @ http://localhost:3090/api/health:0
[   54512ms] [ERROR] Failed to load resource: the server responded with a status of 404 (Not Found) @ http://localhost:3090/ws:0
[   54526ms] [ERROR] Failed to load resource: the server responded with a status of 404 (Not Found) @ http://localhost:8081/meetings:0
[   54784ms] [ERROR] Failed to load resource: the server responded with a status of 404 (Not Found) @ http://localhost:3090/api/health:0
[   54786ms] [ERROR] Failed to load resource: the server responded with a status of 404 (Not Found) @ http://localhost:3090/ws:0
[   54787ms] [ERROR] Failed to load resource: the server responded with a status of 404 (Not Found) @ http://localhost:8081/meetings:0
[   54973ms] [ERROR] Failed to load resource: the server responded with a status of 404 (Not Found) @ http://localhost:3090/api/health:0
[   54974ms] [ERROR] Failed to load resource: the server responded with a status of 404 (Not Found) @ http://localhost:3090/ws:0
[   54974ms] [ERROR] Failed to load resource: the server responded with a status of 404 (Not Found) @ http://localhost:8081/meetings:0
[   55078ms] [ERROR] Failed to load resource: the server responded with a status of 404 (Not Found) @ http://localhost:3090/api/health:0
[   55078ms] [ERROR] Failed to load resource: the server responded with a status of 404 (Not Found) @ http://localhost:3090/ws:0
[   55078ms] [ERROR] Failed to load resource: the server responded with a status of 404 (Not Found) @ http://localhost:8081/meetings:0
[   55244ms] [ERROR] Failed to load resource: the server responded with a status of 404 (Not Found) @ http://localhost:3090/api/health:0
[   55244ms] [ERROR] Failed to load resource: the server responded with a status of 404 (Not Found) @ http://localhost:3090/ws:0
[   55244ms] [ERROR] Failed to load resource: the server responded with a status of 404 (Not Found) @ http://localhost:8081/meetings:0
[   55344ms] [ERROR] Failed to load resource: the server responded with a status of 404 (Not Found) @ http://localhost:3090/api/health:0
[   55344ms] [ERROR] Failed to load resource: the server responded with a status of 404 (Not Found) @ http://localhost:3090/ws:0
[   55345ms] [ERROR] Failed to load resource: the server responded with a status of 404 (Not Found) @ http://localhost:8081/meetings:0
[   55404ms] [ERROR] Failed to load resource: the server responded with a status of 404 (Not Found) @ http://localhost:3090/api/health:0
[   55404ms] [ERROR] Failed to load resource: the server responded with a status of 404 (Not Found) @ http://localhost:3090/ws:0
[   55404ms] [ERROR] Failed to load resource: the server responded with a status of 404 (Not Found) @ http://localhost:8081/meetings:0
[   55585ms] [ERROR] Failed to load resource: the server responded with a status of 404 (Not Found) @ http://localhost:3090/api/health:0
[   55585ms] [ERROR] Failed to load resource: the server responded with a status of 404 (Not Found) @ http://localhost:3090/ws:0
[   55585ms] [ERROR] Failed to load resource: the server responded with a status of 404 (Not Found) @ http://localhost:8081/meetings:0
[   55776ms] [ERROR] Failed to load resource: the server responded with a status of 404 (Not Found) @ http://localhost:3090/api/health:0
[   55849ms] [ERROR] Failed to load resource: the server responded with a status of 404 (Not Found) @ http://localhost:3090/ws:0
[   55849ms] [ERROR] Failed to load resource: the server responded with a status of 404 (Not Found) @ http://localhost:8081/meetings:0
[   56045ms] [ERROR] Failed to load resource: the server responded with a status of 404 (Not Found) @ http://localhost:3090/api/health:0
[   56045ms] [ERROR] Failed to load resource: the server responded with a status of 404 (Not Found) @ http://localhost:3090/ws:0
[   56046ms] [ERROR] Failed to load resource: the server responded with a status of 404 (Not Found) @ http://localhost:8081/meetings:0
[   56150ms] [ERROR] Failed to load resource: the server responded with a status of 404 (Not Found) @ http://localhost:3090/api/health:0
[   56150ms] [ERROR] Failed to load resource: the server responded with a status of 404 (Not Found) @ http://localhost:3090/ws:0
[   56151ms] [ERROR] Failed to load resource: the server responded with a status of 404 (Not Found) @ http://localhost:8081/meetings:0
[   56327ms] [ERROR] Failed to load resource: the server responded with a status of 404 (Not Found) @ http://localhost:3090/api/health:0
[   56327ms] [ERROR] Failed to load resource: the server responded with a status of 404 (Not Found) @ http://localhost:3090/ws:0
[   56328ms] [ERROR] Failed to load resource: the server responded with a status of 404 (Not Found) @ http://localhost:8081/meetings:0
[   56361ms] [ERROR] Failed to load resource: the server responded with a status of 404 (Not Found) @ http://localhost:3090/api/health:0
[   56361ms] [ERROR] Failed to load resource: the server responded with a status of 404 (Not Found) @ http://localhost:3090/ws:0
[   56362ms] [ERROR] Failed to load resource: the server responded with a status of 404 (Not Found) @ http://localhost:8081/meetings:0
[   56477ms] [ERROR] Failed to load resource: the server responded with a status of 404 (Not Found) @ http://localhost:3090/api/health:0
[   56477ms] [ERROR] Failed to load resource: the server responded with a status of 404 (Not Found) @ http://localhost:3090/ws:0
[   56478ms] [ERROR] Failed to load resource: the server responded with a status of 404 (Not Found) @ http://localhost:8081/meetings:0
[   56637ms] [ERROR] Failed to load resource: the server responded with a status of 404 (Not Found) @ http://localhost:3090/api/health:0
[   56637ms] [ERROR] Failed to load resource: the server responded with a status of 404 (Not Found) @ http://localhost:3090/ws:0
[   56648ms] [ERROR] Failed to load resource: the server responded with a status of 404 (Not Found) @ http://localhost:8081/meetings:0
[   56949ms] [ERROR] Failed to load resource: the server responded with a status of 404 (Not Found) @ http://localhost:3090/api/health:0
[   56949ms] [ERROR] Failed to load resource: the server responded with a status of 404 (Not Found) @ http://localhost:3090/ws:0
[   56949ms] [ERROR] Failed to load resource: the server responded with a status of 404 (Not Found) @ http://localhost:8081/meetings:0
[   57135ms] [ERROR] Failed to load resource: the server responded with a status of 404 (Not Found) @ http://localhost:3090/api/health:0
[   57135ms] [ERROR] Failed to load resource: the server responded with a status of 404 (Not Found) @ http://localhost:3090/ws:0
[   57136ms] [ERROR] Failed to load resource: the server responded with a status of 404 (Not Found) @ http://localhost:8081/meetings:0
[   57316ms] [ERROR] Failed to load resource: the server responded with a status of 404 (Not Found) @ http://localhost:3090/api/health:0
[   57317ms] [ERROR] Failed to load resource: the server responded with a status of 404 (Not Found) @ http://localhost:3090/ws:0
[   57317ms] [ERROR] Failed to load resource: the server responded with a status of 404 (Not Found) @ http://localhost:8081/meetings:0
[   57421ms] [ERROR] Failed to load resource: the server responded with a status of 404 (Not Found) @ http://localhost:3090/api/health:0
[   57421ms] [ERROR] Failed to load resource: the server responded with a status of 404 (Not Found) @ http://localhost:3090/ws:0
[   57422ms] [ERROR] Failed to load resource: the server responded with a status of 404 (Not Found) @ http://localhost:8081/meetings:0
[   57582ms] [ERROR] Failed to load resource: the server responded with a status of 404 (Not Found) @ http://localhost:3090/api/health:0
[   57582ms] [ERROR] Failed to load resource: the server responded with a status of 404 (Not Found) @ http://localhost:3090/ws:0
[   57591ms] [ERROR] Failed to load resource: the server responded with a status of 404 (Not Found) @ http://localhost:8081/meetings:0
[   57828ms] [ERROR] Failed to load resource: the server responded with a status of 404 (Not Found) @ http://localhost:3090/api/health:0
[   57829ms] [ERROR] Failed to load resource: the server responded with a status of 404 (Not Found) @ http://localhost:3090/ws:0
[   57829ms] [ERROR] Failed to load resource: the server responded with a status of 404 (Not Found) @ http://localhost:8081/meetings:0
[   58011ms] [ERROR] Failed to load resource: the server responded with a status of 404 (Not Found) @ http://localhost:3090/api/health:0
[   58011ms] [ERROR] Failed to load resource: the server responded with a status of 404 (Not Found) @ http://localhost:3090/ws:0
[   58011ms] [ERROR] Failed to load resource: the server responded with a status of 404 (Not Found) @ http://localhost:8081/meetings:0
[   58206ms] [ERROR] Failed to load resource: the server responded with a status of 404 (Not Found) @ http://localhost:3090/api/health:0
[   58206ms] [ERROR] Failed to load resource: the server responded with a status of 404 (Not Found) @ http://localhost:3090/ws:0
[   58207ms] [ERROR] Failed to load resource: the server responded with a status of 404 (Not Found) @ http://localhost:8081/meetings:0
[   58393ms] [ERROR] Failed to load resource: the server responded with a status of 404 (Not Found) @ http://localhost:3090/api/health:0
[   58394ms] [ERROR] Failed to load resource: the server responded with a status of 404 (Not Found) @ http://localhost:3090/ws:0
[   58394ms] [ERROR] Failed to load resource: the server responded with a status of 404 (Not Found) @ http://localhost:8081/meetings:0
[   58451ms] [ERROR] Failed to load resource: the server responded with a status of 404 (Not Found) @ http://localhost:3090/api/health:0
[   58451ms] [ERROR] Failed to load resource: the server responded with a status of 404 (Not Found) @ http://localhost:3090/ws:0
[   58451ms] [ERROR] Failed to load resource: the server responded with a status of 404 (Not Found) @ http://localhost:8081/meetings:0
[   58595ms] [ERROR] Failed to load resource: the server responded with a status of 404 (Not Found) @ http://localhost:3090/api/health:0
[   58608ms] [ERROR] Failed to load resource: the server responded with a status of 404 (Not Found) @ http://localhost:3090/ws:0
[   58608ms] [ERROR] Failed to load resource: the server responded with a status of 404 (Not Found) @ http://localhost:8081/meetings:0
[   58772ms] [ERROR] Failed to load resource: the server responded with a status of 404 (Not Found) @ http://localhost:3090/api/health:0
[   58772ms] [ERROR] Failed to load resource: the server responded with a status of 404 (Not Found) @ http://localhost:3090/ws:0
[   58773ms] [ERROR] Failed to load resource: the server responded with a status of 404 (Not Found) @ http://localhost:8081/meetings:0
[   59020ms] [ERROR] Failed to load resource: the server responded with a status of 404 (Not Found) @ http://localhost:3090/api/health:0
[   59020ms] [ERROR] Failed to load resource: the server responded with a status of 404 (Not Found) @ http://localhost:3090/ws:0
[   59020ms] [ERROR] Failed to load resource: the server responded with a status of 404 (Not Found) @ http://localhost:8081/meetings:0
[   59196ms] [ERROR] Failed to load resource: the server responded with a status of 404 (Not Found) @ http://localhost:3090/api/health:0
[   59197ms] [ERROR] Failed to load resource: the server responded with a status of 404 (Not Found) @ http://localhost:3090/ws:0
[   59197ms] [ERROR] Failed to load resource: the server responded with a status of 404 (Not Found) @ http://localhost:8081/meetings:0
[   59407ms] [ERROR] Failed to load resource: the server responded with a status of 404 (Not Found) @ http://localhost:3090/api/health:0
[   59408ms] [ERROR] Failed to load resource: the server responded with a status of 404 (Not Found) @ http://localhost:3090/ws:0
[   59408ms] [ERROR] Failed to load resource: the server responded with a status of 404 (Not Found) @ http://localhost:8081/meetings:0
[   59527ms] [ERROR] Failed to load resource: the server responded with a status of 404 (Not Found) @ http://localhost:3090/api/health:0
[   59527ms] [ERROR] Failed to load resource: the server responded with a status of 404 (Not Found) @ http://localhost:3090/ws:0
[   59528ms] [ERROR] Failed to load resource: the server responded with a status of 404 (Not Found) @ http://localhost:8081/meetings:0
[   59547ms] [ERROR] Failed to load resource: the server responded with a status of 404 (Not Found) @ http://localhost:3090/api/health:0
[   59558ms] [ERROR] Failed to load resource: the server responded with a status of 404 (Not Found) @ http://localhost:3090/ws:0
[   59559ms] [ERROR] Failed to load resource: the server responded with a status of 404 (Not Found) @ http://localhost:8081/meetings:0
[   59742ms] [ERROR] Failed to load resource: the server responded with a status of 404 (Not Found) @ http://localhost:3090/api/health:0
[   59743ms] [ERROR] Failed to load resource: the server responded with a status of 404 (Not Found) @ http://localhost:3090/ws:0
[   59743ms] [ERROR] Failed to load resource: the server responded with a status of 404 (Not Found) @ http://localhost:8081/meetings:0
[   59981ms] [ERROR] Failed to load resource: the server responded with a status of 404 (Not Found) @ http://localhost:3090/api/health:0
[   59981ms] [ERROR] Failed to load resource: the server responded with a status of 404 (Not Found) @ http://localhost:3090/ws:0
[   59989ms] [ERROR] Failed to load resource: the server responded with a status of 404 (Not Found) @ http://localhost:8081/meetings:0
[   60152ms] [ERROR] Failed to load resource: the server responded with a status of 404 (Not Found) @ http://localhost:3090/api/health:0
[   60153ms] [ERROR] Failed to load resource: the server responded with a status of 404 (Not Found) @ http://localhost:3090/ws:0
[   60161ms] [ERROR] Failed to load resource: the server responded with a status of 404 (Not Found) @ http://localhost:8081/meetings:0
[   60335ms] [ERROR] Failed to load resource: the server responded with a status of 404 (Not Found) @ http://localhost:3090/api/health:0
[   60335ms] [ERROR] Failed to load resource: the server responded with a status of 404 (Not Found) @ http://localhost:3090/ws:0
[   60335ms] [ERROR] Failed to load resource: the server responded with a status of 404 (Not Found) @ http://localhost:8081/meetings:0
[   60491ms] [ERROR] Failed to load resource: the server responded with a status of 404 (Not Found) @ http://localhost:3090/api/health:0
[   60492ms] [ERROR] Failed to load resource: the server responded with a status of 404 (Not Found) @ http://localhost:3090/ws:0
[   60492ms] [ERROR] Failed to load resource: the server responded with a status of 404 (Not Found) @ http://localhost:8081/meetings:0
[   60661ms] [ERROR] Failed to load resource: the server responded with a status of 404 (Not Found) @ http://localhost:3090/api/health:0
[   60662ms] [ERROR] Failed to load resource: the server responded with a status of 404 (Not Found) @ http://localhost:3090/ws:0
[   60662ms] [ERROR] Failed to load resource: the server responded with a status of 404 (Not Found) @ http://localhost:8081/meetings:0
[   60817ms] [ERROR] Failed to load resource: the server responded with a status of 404 (Not Found) @ http://localhost:3090/api/health:0
[   60829ms] [ERROR] Failed to load resource: the server responded with a status of 404 (Not Found) @ http://localhost:8081/meetings:0
[   60830ms] [ERROR] Failed to load resource: the server responded with a status of 404 (Not Found) @ http://localhost:3090/ws:0
[   61159ms] [ERROR] Failed to load resource: the server responded with a status of 404 (Not Found) @ http://localhost:3090/api/health:0
[   61159ms] [ERROR] Failed to load resource: the server responded with a status of 404 (Not Found) @ http://localhost:3090/ws:0
[   61160ms] [ERROR] Failed to load resource: the server responded with a status of 404 (Not Found) @ http://localhost:8081/meetings:0
[   61360ms] [ERROR] Failed to load resource: the server responded with a status of 404 (Not Found) @ http://localhost:3090/api/health:0
[   61360ms] [ERROR] Failed to load resource: the server responded with a status of 404 (Not Found) @ http://localhost:8081/meetings:0
[   61360ms] [ERROR] Failed to load resource: the server responded with a status of 404 (Not Found) @ http://localhost:3090/ws:0
[   61460ms] [ERROR] Failed to load resource: the server responded with a status of 404 (Not Found) @ http://localhost:3090/api/health:0
[   61461ms] [ERROR] Failed to load resource: the server responded with a status of 404 (Not Found) @ http://localhost:3090/ws:0
[   61461ms] [ERROR] Failed to load resource: the server responded with a status of 404 (Not Found) @ http://localhost:8081/meetings:0
[   61676ms] [ERROR] Failed to load resource: the server responded with a status of 404 (Not Found) @ http://localhost:3090/api/health:0
[   61676ms] [ERROR] Failed to load resource: the server responded with a status of 404 (Not Found) @ http://localhost:3090/ws:0
[   61677ms] [ERROR] Failed to load resource: the server responded with a status of 404 (Not Found) @ http://localhost:8081/meetings:0
[   61712ms] [ERROR] Failed to load resource: the server responded with a status of 404 (Not Found) @ http://localhost:3090/api/health:0
[   61712ms] [ERROR] Failed to load resource: the server responded with a status of 404 (Not Found) @ http://localhost:3090/ws:0
[   61713ms] [ERROR] Failed to load resource: the server responded with a status of 404 (Not Found) @ http://localhost:8081/meetings:0
[   61832ms] [ERROR] Failed to load resource: the server responded with a status of 404 (Not Found) @ http://localhost:3090/api/health:0
[   61833ms] [ERROR] Failed to load resource: the server responded with a status of 404 (Not Found) @ http://localhost:3090/ws:0
[   61848ms] [ERROR] Failed to load resource: the server responded with a status of 404 (Not Found) @ http://localhost:8081/meetings:0
[   62195ms] [ERROR] Failed to load resource: the server responded with a status of 404 (Not Found) @ http://localhost:3090/api/health:0
[   62195ms] [ERROR] Failed to load resource: the server responded with a status of 404 (Not Found) @ http://localhost:3090/ws:0
[   62195ms] [ERROR] Failed to load resource: the server responded with a status of 404 (Not Found) @ http://localhost:8081/meetings:0
[   62373ms] [ERROR] Failed to load resource: the server responded with a status of 404 (Not Found) @ http://localhost:3090/api/health:0
[   62373ms] [ERROR] Failed to load resource: the server responded with a status of 404 (Not Found) @ http://localhost:3090/ws:0
[   62374ms] [ERROR] Failed to load resource: the server responded with a status of 404 (Not Found) @ http://localhost:8081/meetings:0
[   62568ms] [ERROR] Failed to load resource: the server responded with a status of 404 (Not Found) @ http://localhost:8081/meetings:0
[   62568ms] [ERROR] Failed to load resource: the server responded with a status of 404 (Not Found) @ http://localhost:3090/ws:0
[   62568ms] [ERROR] Failed to load resource: the server responded with a status of 404 (Not Found) @ http://localhost:3090/api/health:0
[   62671ms] [ERROR] Failed to load resource: the server responded with a status of 404 (Not Found) @ http://localhost:3090/api/health:0
[   62671ms] [ERROR] Failed to load resource: the server responded with a status of 404 (Not Found) @ http://localhost:3090/ws:0
[   62672ms] [ERROR] Failed to load resource: the server responded with a status of 404 (Not Found) @ http://localhost:8081/meetings:0
[   62705ms] [ERROR] Failed to load resource: the server responded with a status of 404 (Not Found) @ http://localhost:3090/api/health:0
[   62706ms] [ERROR] Failed to load resource: the server responded with a status of 404 (Not Found) @ http://localhost:3090/ws:0
[   62706ms] [ERROR] Failed to load resource: the server responded with a status of 404 (Not Found) @ http://localhost:8081/meetings:0
[   62910ms] [ERROR] Failed to load resource: the server responded with a status of 404 (Not Found) @ http://localhost:3090/api/health:0
[   62911ms] [ERROR] Failed to load resource: the server responded with a status of 404 (Not Found) @ http://localhost:3090/ws:0
[   62912ms] [ERROR] Failed to load resource: the server responded with a status of 404 (Not Found) @ http://localhost:8081/meetings:0
[   63251ms] [ERROR] Failed to load resource: the server responded with a status of 404 (Not Found) @ http://localhost:3090/api/health:0
[   63252ms] [ERROR] Failed to load resource: the server responded with a status of 404 (Not Found) @ http://localhost:3090/ws:0
[   63252ms] [ERROR] Failed to load resource: the server responded with a status of 404 (Not Found) @ http://localhost:8081/meetings:0
[   63425ms] [ERROR] Failed to load resource: the server responded with a status of 404 (Not Found) @ http://localhost:3090/api/health:0
[   63425ms] [ERROR] Failed to load resource: the server responded with a status of 404 (Not Found) @ http://localhost:3090/ws:0
[   63426ms] [ERROR] Failed to load resource: the server responded with a status of 404 (Not Found) @ http://localhost:8081/meetings:0
[   63609ms] [ERROR] Failed to load resource: the server responded with a status of 404 (Not Found) @ http://localhost:3090/api/health:0
[   63610ms] [ERROR] Failed to load resource: the server responded with a status of 404 (Not Found) @ http://localhost:8081/meetings:0
[   63610ms] [ERROR] Failed to load resource: the server responded with a status of 404 (Not Found) @ http://localhost:3090/ws:0
[   63714ms] [ERROR] Failed to load resource: the server responded with a status of 404 (Not Found) @ http://localhost:3090/api/health:0
[   63715ms] [ERROR] Failed to load resource: the server responded with a status of 404 (Not Found) @ http://localhost:3090/ws:0
[   63715ms] [ERROR] Failed to load resource: the server responded with a status of 404 (Not Found) @ http://localhost:8081/meetings:0
[   63805ms] [ERROR] Failed to load resource: the server responded with a status of 404 (Not Found) @ http://localhost:3090/api/health:0
[   63805ms] [ERROR] Failed to load resource: the server responded with a status of 404 (Not Found) @ http://localhost:3090/ws:0
[   63805ms] [ERROR] Failed to load resource: the server responded with a status of 404 (Not Found) @ http://localhost:8081/meetings:0
[   64157ms] [ERROR] Failed to load resource: the server responded with a status of 404 (Not Found) @ http://localhost:3090/api/health:0
[   64157ms] [ERROR] Failed to load resource: the server responded with a status of 404 (Not Found) @ http://localhost:3090/ws:0
[   64157ms] [ERROR] Failed to load resource: the server responded with a status of 404 (Not Found) @ http://localhost:8081/meetings:0
[   64435ms] [ERROR] Failed to load resource: the server responded with a status of 404 (Not Found) @ http://localhost:3090/api/health:0
[   64435ms] [ERROR] Failed to load resource: the server responded with a status of 404 (Not Found) @ http://localhost:8081/meetings:0
[   64436ms] [ERROR] Failed to load resource: the server responded with a status of 404 (Not Found) @ http://localhost:3090/ws:0
[   64700ms] [ERROR] Failed to load resource: the server responded with a status of 404 (Not Found) @ http://localhost:3090/api/health:0
[   64700ms] [ERROR] Failed to load resource: the server responded with a status of 404 (Not Found) @ http://localhost:3090/ws:0
[   64701ms] [ERROR] Failed to load resource: the server responded with a status of 404 (Not Found) @ http://localhost:8081/meetings:0
[   64853ms] [ERROR] Failed to load resource: the server responded with a status of 404 (Not Found) @ http://localhost:3090/api/health:0
[   64853ms] [ERROR] Failed to load resource: the server responded with a status of 404 (Not Found) @ http://localhost:3090/ws:0
[   64854ms] [ERROR] Failed to load resource: the server responded with a status of 404 (Not Found) @ http://localhost:8081/meetings:0
[   64966ms] [ERROR] Failed to load resource: the server responded with a status of 404 (Not Found) @ http://localhost:3090/api/health:0
[   64966ms] [ERROR] Failed to load resource: the server responded with a status of 404 (Not Found) @ http://localhost:3090/ws:0
[   64966ms] [ERROR] Failed to load resource: the server responded with a status of 404 (Not Found) @ http://localhost:8081/meetings:0
[   65003ms] [ERROR] Failed to load resource: the server responded with a status of 404 (Not Found) @ http://localhost:3090/api/health:0
[   65003ms] [ERROR] Failed to load resource: the server responded with a status of 404 (Not Found) @ http://localhost:3090/ws:0
[   65003ms] [ERROR] Failed to load resource: the server responded with a status of 404 (Not Found) @ http://localhost:8081/meetings:0
[   65398ms] [ERROR] Failed to load resource: the server responded with a status of 404 (Not Found) @ http://localhost:3090/api/health:0
[   65408ms] [ERROR] Failed to load resource: the server responded with a status of 404 (Not Found) @ http://localhost:3090/ws:0
[   65409ms] [ERROR] Failed to load resource: the server responded with a status of 404 (Not Found) @ http://localhost:8081/meetings:0
[   65588ms] [ERROR] Failed to load resource: the server responded with a status of 404 (Not Found) @ http://localhost:3090/api/health:0
[   65588ms] [ERROR] Failed to load resource: the server responded with a status of 404 (Not Found) @ http://localhost:3090/ws:0
[   65588ms] [ERROR] Failed to load resource: the server responded with a status of 404 (Not Found) @ http://localhost:8081/meetings:0
[   65696ms] [ERROR] Failed to load resource: the server responded with a status of 404 (Not Found) @ http://localhost:3090/api/health:0
[   65696ms] [ERROR] Failed to load resource: the server responded with a status of 404 (Not Found) @ http://localhost:3090/ws:0
[   65696ms] [ERROR] Failed to load resource: the server responded with a status of 404 (Not Found) @ http://localhost:8081/meetings:0
[   65857ms] [ERROR] Failed to load resource: the server responded with a status of 404 (Not Found) @ http://localhost:3090/api/health:0
[   65858ms] [ERROR] Failed to load resource: the server responded with a status of 404 (Not Found) @ http://localhost:3090/ws:0
[   65936ms] [ERROR] Failed to load resource: the server responded with a status of 404 (Not Found) @ http://localhost:8081/meetings:0
[   66006ms] [ERROR] Failed to load resource: the server responded with a status of 404 (Not Found) @ http://localhost:3090/api/health:0
[   66007ms] [ERROR] Failed to load resource: the server responded with a status of 404 (Not Found) @ http://localhost:3090/ws:0
[   66007ms] [ERROR] Failed to load resource: the server responded with a status of 404 (Not Found) @ http://localhost:8081/meetings:0
[   66320ms] [ERROR] Failed to load resource: the server responded with a status of 404 (Not Found) @ http://localhost:3090/api/health:0
[   66320ms] [ERROR] Failed to load resource: the server responded with a status of 404 (Not Found) @ http://localhost:3090/ws:0
[   66321ms] [ERROR] Failed to load resource: the server responded with a status of 404 (Not Found) @ http://localhost:8081/meetings:0
[   66598ms] [ERROR] Failed to load resource: the server responded with a status of 404 (Not Found) @ http://localhost:3090/api/health:0
[   66598ms] [ERROR] Failed to load resource: the server responded with a status of 404 (Not Found) @ http://localhost:3090/ws:0
[   66598ms] [ERROR] Failed to load resource: the server responded with a status of 404 (Not Found) @ http://localhost:8081/meetings:0
[   66914ms] [ERROR] Failed to load resource: the server responded with a status of 404 (Not Found) @ http://localhost:3090/api/health:0
[   66914ms] [ERROR] Failed to load resource: the server responded with a status of 404 (Not Found) @ http://localhost:3090/ws:0
[   66915ms] [ERROR] Failed to load resource: the server responded with a status of 404 (Not Found) @ http://localhost:8081/meetings:0
[   67197ms] [ERROR] Failed to load resource: the server responded with a status of 404 (Not Found) @ http://localhost:3090/api/health:0
[   67198ms] [ERROR] Failed to load resource: the server responded with a status of 404 (Not Found) @ http://localhost:3090/ws:0
[   67198ms] [ERROR] Failed to load resource: the server responded with a status of 404 (Not Found) @ http://localhost:8081/meetings:0
[   67321ms] [ERROR] Failed to load resource: the server responded with a status of 404 (Not Found) @ http://localhost:3090/api/health:0
[   67333ms] [ERROR] Failed to load resource: the server responded with a status of 404 (Not Found) @ http://localhost:3090/ws:0
[   67334ms] [ERROR] Failed to load resource: the server responded with a status of 404 (Not Found) @ http://localhost:8081/meetings:0
[   67537ms] [ERROR] Failed to load resource: the server responded with a status of 404 (Not Found) @ http://localhost:3090/api/health:0
[   67537ms] [ERROR] Failed to load resource: the server responded with a status of 404 (Not Found) @ http://localhost:3090/ws:0
[   67537ms] [ERROR] Failed to load resource: the server responded with a status of 404 (Not Found) @ http://localhost:8081/meetings:0
[   67752ms] [ERROR] Failed to load resource: the server responded with a status of 404 (Not Found) @ http://localhost:3090/api/health:0
[   67753ms] [ERROR] Failed to load resource: the server responded with a status of 404 (Not Found) @ http://localhost:3090/ws:0
[   67753ms] [ERROR] Failed to load resource: the server responded with a status of 404 (Not Found) @ http://localhost:8081/meetings:0
[   67929ms] [ERROR] Failed to load resource: the server responded with a status of 404 (Not Found) @ http://localhost:3090/api/health:0
[   67930ms] [ERROR] Failed to load resource: the server responded with a status of 404 (Not Found) @ http://localhost:3090/ws:0
[   67931ms] [ERROR] Failed to load resource: the server responded with a status of 404 (Not Found) @ http://localhost:8081/meetings:0
[   67972ms] [ERROR] Failed to load resource: the server responded with a status of 404 (Not Found) @ http://localhost:3090/api/health:0
[   67982ms] [ERROR] Failed to load resource: the server responded with a status of 404 (Not Found) @ http://localhost:3090/ws:0
[   67983ms] [ERROR] Failed to load resource: the server responded with a status of 404 (Not Found) @ http://localhost:8081/meetings:0
[   68081ms] [ERROR] Failed to load resource: the server responded with a status of 404 (Not Found) @ http://localhost:3090/api/health:0
[   68081ms] [ERROR] Failed to load resource: the server responded with a status of 404 (Not Found) @ http://localhost:3090/ws:0
[   68081ms] [ERROR] Failed to load resource: the server responded with a status of 404 (Not Found) @ http://localhost:8081/meetings:0
[   68446ms] [ERROR] Failed to load resource: the server responded with a status of 404 (Not Found) @ http://localhost:3090/api/health:0
[   68446ms] [ERROR] Failed to load resource: the server responded with a status of 404 (Not Found) @ http://localhost:3090/ws:0
[   68447ms] [ERROR] Failed to load resource: the server responded with a status of 404 (Not Found) @ http://localhost:8081/meetings:0
[   68618ms] [ERROR] Failed to load resource: the server responded with a status of 404 (Not Found) @ http://localhost:3090/api/health:0
[   68618ms] [ERROR] Failed to load resource: the server responded with a status of 404 (Not Found) @ http://localhost:3090/ws:0
[   68618ms] [ERROR] Failed to load resource: the server responded with a status of 404 (Not Found) @ http://localhost:8081/meetings:0
[   68828ms] [ERROR] Failed to load resource: the server responded with a status of 404 (Not Found) @ http://localhost:3090/api/health:0
[   68828ms] [ERROR] Failed to load resource: the server responded with a status of 404 (Not Found) @ http://localhost:3090/ws:0
[   68829ms] [ERROR] Failed to load resource: the server responded with a status of 404 (Not Found) @ http://localhost:8081/meetings:0
[   68886ms] [ERROR] Failed to load resource: the server responded with a status of 404 (Not Found) @ http://localhost:3090/api/health:0
[   68886ms] [ERROR] Failed to load resource: the server responded with a status of 404 (Not Found) @ http://localhost:3090/ws:0
[   68887ms] [ERROR] Failed to load resource: the server responded with a status of 404 (Not Found) @ http://localhost:8081/meetings:0
[   68940ms] [ERROR] Failed to load resource: the server responded with a status of 404 (Not Found) @ http://localhost:3090/api/health:0
[   68940ms] [ERROR] Failed to load resource: the server responded with a status of 404 (Not Found) @ http://localhost:3090/ws:0
[   68944ms] [ERROR] Failed to load resource: the server responded with a status of 404 (Not Found) @ http://localhost:8081/meetings:0
[   69220ms] [ERROR] Failed to load resource: the server responded with a status of 404 (Not Found) @ http://localhost:3090/api/health:0
[   69220ms] [ERROR] Failed to load resource: the server responded with a status of 404 (Not Found) @ http://localhost:3090/ws:0
[   69228ms] [ERROR] Failed to load resource: the server responded with a status of 404 (Not Found) @ http://localhost:8081/meetings:0
[   69469ms] [ERROR] Failed to load resource: the server responded with a status of 404 (Not Found) @ http://localhost:3090/api/health:0
[   69470ms] [ERROR] Failed to load resource: the server responded with a status of 404 (Not Found) @ http://localhost:3090/ws:0
[   69477ms] [ERROR] Failed to load resource: the server responded with a status of 404 (Not Found) @ http://localhost:8081/meetings:0
[   69621ms] [ERROR] Failed to load resource: the server responded with a status of 404 (Not Found) @ http://localhost:3090/api/health:0
[   69622ms] [ERROR] Failed to load resource: the server responded with a status of 404 (Not Found) @ http://localhost:3090/ws:0
[   69622ms] [ERROR] Failed to load resource: the server responded with a status of 404 (Not Found) @ http://localhost:8081/meetings:0
[   69788ms] [ERROR] Failed to load resource: the server responded with a status of 404 (Not Found) @ http://localhost:3090/api/health:0
[   69788ms] [ERROR] Failed to load resource: the server responded with a status of 404 (Not Found) @ http://localhost:3090/ws:0
[   69788ms] [ERROR] Failed to load resource: the server responded with a status of 404 (Not Found) @ http://localhost:8081/meetings:0
[   69851ms] [ERROR] Failed to load resource: the server responded with a status of 404 (Not Found) @ http://localhost:3090/api/health:0
[   69851ms] [ERROR] Failed to load resource: the server responded with a status of 404 (Not Found) @ http://localhost:3090/ws:0
[   69852ms] [ERROR] Failed to load resource: the server responded with a status of 404 (Not Found) @ http://localhost:8081/meetings:0
[   69917ms] [ERROR] Failed to load resource: the server responded with a status of 404 (Not Found) @ http://localhost:3090/api/health:0
[   69917ms] [ERROR] Failed to load resource: the server responded with a status of 404 (Not Found) @ http://localhost:3090/ws:0
[   69918ms] [ERROR] Failed to load resource: the server responded with a status of 404 (Not Found) @ http://localhost:8081/meetings:0
[   70056ms] [ERROR] Failed to load resource: the server responded with a status of 404 (Not Found) @ http://localhost:3090/api/health:0
[   70056ms] [ERROR] Failed to load resource: the server responded with a status of 404 (Not Found) @ http://localhost:3090/ws:0
[   70056ms] [ERROR] Failed to load resource: the server responded with a status of 404 (Not Found) @ http://localhost:8081/meetings:0
[   70207ms] [ERROR] Failed to load resource: the server responded with a status of 404 (Not Found) @ http://localhost:3090/api/health:0
[   70207ms] [ERROR] Failed to load resource: the server responded with a status of 404 (Not Found) @ http://localhost:3090/ws:0
[   70207ms] [ERROR] Failed to load resource: the server responded with a status of 404 (Not Found) @ http://localhost:8081/meetings:0
[   70367ms] [ERROR] Failed to load resource: the server responded with a status of 404 (Not Found) @ http://localhost:3090/api/health:0
[   70375ms] [ERROR] Failed to load resource: the server responded with a status of 404 (Not Found) @ http://localhost:3090/ws:0
[   70375ms] [ERROR] Failed to load resource: the server responded with a status of 404 (Not Found) @ http://localhost:8081/meetings:0
[   70576ms] [ERROR] Failed to load resource: the server responded with a status of 404 (Not Found) @ http://localhost:3090/api/health:0
[   70577ms] [ERROR] Failed to load resource: the server responded with a status of 404 (Not Found) @ http://localhost:3090/ws:0
[   70586ms] [ERROR] Failed to load resource: the server responded with a status of 404 (Not Found) @ http://localhost:8081/meetings:0
[   70755ms] [ERROR] Failed to load resource: the server responded with a status of 404 (Not Found) @ http://localhost:3090/api/health:0
[   70755ms] [ERROR] Failed to load resource: the server responded with a status of 404 (Not Found) @ http://localhost:3090/ws:0
[   70756ms] [ERROR] Failed to load resource: the server responded with a status of 404 (Not Found) @ http://localhost:8081/meetings:0
[   70915ms] [ERROR] Failed to load resource: the server responded with a status of 404 (Not Found) @ http://localhost:3090/api/health:0
[   70915ms] [ERROR] Failed to load resource: the server responded with a status of 404 (Not Found) @ http://localhost:3090/ws:0
[   70915ms] [ERROR] Failed to load resource: the server responded with a status of 404 (Not Found) @ http://localhost:8081/meetings:0
[   70970ms] [ERROR] Failed to load resource: the server responded with a status of 404 (Not Found) @ http://localhost:3090/api/health:0
[   70970ms] [ERROR] Failed to load resource: the server responded with a status of 404 (Not Found) @ http://localhost:3090/ws:0
[   70971ms] [ERROR] Failed to load resource: the server responded with a status of 404 (Not Found) @ http://localhost:8081/meetings:0
[   71050ms] [ERROR] Failed to load resource: the server responded with a status of 404 (Not Found) @ http://localhost:3090/api/health:0
[   71060ms] [ERROR] Failed to load resource: the server responded with a status of 404 (Not Found) @ http://localhost:3090/ws:0
[   71060ms] [ERROR] Failed to load resource: the server responded with a status of 404 (Not Found) @ http://localhost:8081/meetings:0
[   71205ms] [ERROR] Failed to load resource: the server responded with a status of 404 (Not Found) @ http://localhost:3090/api/health:0
[   71205ms] [ERROR] Failed to load resource: the server responded with a status of 404 (Not Found) @ http://localhost:3090/ws:0
[   71206ms] [ERROR] Failed to load resource: the server responded with a status of 404 (Not Found) @ http://localhost:8081/meetings:0
[   71397ms] [ERROR] Failed to load resource: the server responded with a status of 404 (Not Found) @ http://localhost:3090/api/health:0
[   71398ms] [ERROR] Failed to load resource: the server responded with a status of 404 (Not Found) @ http://localhost:3090/ws:0
[   71398ms] [ERROR] Failed to load resource: the server responded with a status of 404 (Not Found) @ http://localhost:8081/meetings:0
[   71580ms] [ERROR] Failed to load resource: the server responded with a status of 404 (Not Found) @ http://localhost:3090/api/health:0
[   71581ms] [ERROR] Failed to load resource: the server responded with a status of 404 (Not Found) @ http://localhost:3090/ws:0
[   71581ms] [ERROR] Failed to load resource: the server responded with a status of 404 (Not Found) @ http://localhost:8081/meetings:0
[   71736ms] [ERROR] Failed to load resource: the server responded with a status of 404 (Not Found) @ http://localhost:3090/api/health:0
[   71736ms] [ERROR] Failed to load resource: the server responded with a status of 404 (Not Found) @ http://localhost:3090/ws:0
[   71736ms] [ERROR] Failed to load resource: the server responded with a status of 404 (Not Found) @ http://localhost:8081/meetings:0
[   71874ms] [ERROR] Failed to load resource: the server responded with a status of 404 (Not Found) @ http://localhost:3090/api/health:0
[   71875ms] [ERROR] Failed to load resource: the server responded with a status of 404 (Not Found) @ http://localhost:3090/ws:0
[   71876ms] [ERROR] Failed to load resource: the server responded with a status of 404 (Not Found) @ http://localhost:8081/meetings:0
[   71921ms] [ERROR] Failed to load resource: the server responded with a status of 404 (Not Found) @ http://localhost:3090/api/health:0
[   71922ms] [ERROR] Failed to load resource: the server responded with a status of 404 (Not Found) @ http://localhost:3090/ws:0
[   71922ms] [ERROR] Failed to load resource: the server responded with a status of 404 (Not Found) @ http://localhost:8081/meetings:0
[   72013ms] [ERROR] Failed to load resource: the server responded with a status of 404 (Not Found) @ http://localhost:3090/api/health:0
[   72020ms] [ERROR] Failed to load resource: the server responded with a status of 404 (Not Found) @ http://localhost:3090/ws:0
[   72020ms] [ERROR] Failed to load resource: the server responded with a status of 404 (Not Found) @ http://localhost:8081/meetings:0
[   72163ms] [ERROR] Failed to load resource: the server responded with a status of 404 (Not Found) @ http://localhost:3090/api/health:0
[   72172ms] [ERROR] Failed to load resource: the server responded with a status of 404 (Not Found) @ http://localhost:3090/ws:0
[   72173ms] [ERROR] Failed to load resource: the server responded with a status of 404 (Not Found) @ http://localhost:8081/meetings:0
[   72316ms] [ERROR] Failed to load resource: the server responded with a status of 404 (Not Found) @ http://localhost:3090/api/health:0
[   72325ms] [ERROR] Failed to load resource: the server responded with a status of 404 (Not Found) @ http://localhost:3090/ws:0
[   72326ms] [ERROR] Failed to load resource: the server responded with a status of 404 (Not Found) @ http://localhost:8081/meetings:0
[   72582ms] [ERROR] Failed to load resource: the server responded with a status of 404 (Not Found) @ http://localhost:3090/api/health:0
[   72582ms] [ERROR] Failed to load resource: the server responded with a status of 404 (Not Found) @ http://localhost:3090/ws:0
[   72582ms] [ERROR] Failed to load resource: the server responded with a status of 404 (Not Found) @ http://localhost:8081/meetings:0
[   72742ms] [ERROR] Failed to load resource: the server responded with a status of 404 (Not Found) @ http://localhost:3090/api/health:0
[   72742ms] [ERROR] Failed to load resource: the server responded with a status of 404 (Not Found) @ http://localhost:3090/ws:0
[   72742ms] [ERROR] Failed to load resource: the server responded with a status of 404 (Not Found) @ http://localhost:8081/meetings:0
[   72829ms] [ERROR] Failed to load resource: the server responded with a status of 404 (Not Found) @ http://localhost:3090/api/health:0
[   72829ms] [ERROR] Failed to load resource: the server responded with a status of 404 (Not Found) @ http://localhost:3090/ws:0
[   72829ms] [ERROR] Failed to load resource: the server responded with a status of 404 (Not Found) @ http://localhost:8081/meetings:0
[   72976ms] [ERROR] Failed to load resource: the server responded with a status of 404 (Not Found) @ http://localhost:3090/api/health:0
[   72977ms] [ERROR] Failed to load resource: the server responded with a status of 404 (Not Found) @ http://localhost:3090/ws:0
[   72977ms] [ERROR] Failed to load resource: the server responded with a status of 404 (Not Found) @ http://localhost:8081/meetings:0
[   73021ms] [ERROR] Failed to load resource: the server responded with a status of 404 (Not Found) @ http://localhost:3090/api/health:0
[   73021ms] [ERROR] Failed to load resource: the server responded with a status of 404 (Not Found) @ http://localhost:3090/ws:0
[   73021ms] [ERROR] Failed to load resource: the server responded with a status of 404 (Not Found) @ http://localhost:8081/meetings:0
[   73137ms] [ERROR] Failed to load resource: the server responded with a status of 404 (Not Found) @ http://localhost:3090/api/health:0
[   73138ms] [ERROR] Failed to load resource: the server responded with a status of 404 (Not Found) @ http://localhost:3090/ws:0
[   73138ms] [ERROR] Failed to load resource: the server responded with a status of 404 (Not Found) @ http://localhost:8081/meetings:0
[   73279ms] [ERROR] Failed to load resource: the server responded with a status of 404 (Not Found) @ http://localhost:3090/api/health:0
[   73280ms] [ERROR] Failed to load resource: the server responded with a status of 404 (Not Found) @ http://localhost:3090/ws:0
[   73288ms] [ERROR] Failed to load resource: the server responded with a status of 404 (Not Found) @ http://localhost:8081/meetings:0
[   73484ms] [ERROR] Failed to load resource: the server responded with a status of 404 (Not Found) @ http://localhost:3090/api/health:0
[   73492ms] [ERROR] Failed to load resource: the server responded with a status of 404 (Not Found) @ http://localhost:8081/meetings:0
[   73492ms] [ERROR] Failed to load resource: the server responded with a status of 404 (Not Found) @ http://localhost:3090/ws:0
[   73679ms] [ERROR] Failed to load resource: the server responded with a status of 404 (Not Found) @ http://localhost:3090/api/health:0
[   73679ms] [ERROR] Failed to load resource: the server responded with a status of 404 (Not Found) @ http://localhost:8081/meetings:0
[   73679ms] [ERROR] Failed to load resource: the server responded with a status of 404 (Not Found) @ http://localhost:3090/ws:0
[   73854ms] [ERROR] Failed to load resource: the server responded with a status of 404 (Not Found) @ http://localhost:3090/api/health:0
[   73854ms] [ERROR] Failed to load resource: the server responded with a status of 404 (Not Found) @ http://localhost:3090/ws:0
[   73854ms] [ERROR] Failed to load resource: the server responded with a status of 404 (Not Found) @ http://localhost:8081/meetings:0
[   74013ms] [ERROR] Failed to load resource: the server responded with a status of 404 (Not Found) @ http://localhost:3090/api/health:0
[   74013ms] [ERROR] Failed to load resource: the server responded with a status of 404 (Not Found) @ http://localhost:3090/ws:0
[   74013ms] [ERROR] Failed to load resource: the server responded with a status of 404 (Not Found) @ http://localhost:8081/meetings:0
[   74059ms] [ERROR] Failed to load resource: the server responded with a status of 404 (Not Found) @ http://localhost:3090/api/health:0
[   74059ms] [ERROR] Failed to load resource: the server responded with a status of 404 (Not Found) @ http://localhost:3090/ws:0
[   74059ms] [ERROR] Failed to load resource: the server responded with a status of 404 (Not Found) @ http://localhost:8081/meetings:0
[   74168ms] [ERROR] Failed to load resource: the server responded with a status of 404 (Not Found) @ http://localhost:3090/api/health:0
[   74168ms] [ERROR] Failed to load resource: the server responded with a status of 404 (Not Found) @ http://localhost:3090/ws:0
[   74177ms] [ERROR] Failed to load resource: the server responded with a status of 404 (Not Found) @ http://localhost:8081/meetings:0
[   74332ms] [ERROR] Failed to load resource: the server responded with a status of 404 (Not Found) @ http://localhost:3090/api/health:0
[   74332ms] [ERROR] Failed to load resource: the server responded with a status of 404 (Not Found) @ http://localhost:3090/ws:0
[   74333ms] [ERROR] Failed to load resource: the server responded with a status of 404 (Not Found) @ http://localhost:8081/meetings:0
[   74608ms] [ERROR] Failed to load resource: the server responded with a status of 404 (Not Found) @ http://localhost:3090/api/health:0
[   74608ms] [ERROR] Failed to load resource: the server responded with a status of 404 (Not Found) @ http://localhost:3090/ws:0
[   74608ms] [ERROR] Failed to load resource: the server responded with a status of 404 (Not Found) @ http://localhost:8081/meetings:0
[   74783ms] [ERROR] Failed to load resource: the server responded with a status of 404 (Not Found) @ http://localhost:3090/api/health:0
[   74784ms] [ERROR] Failed to load resource: the server responded with a status of 404 (Not Found) @ http://localhost:8081/meetings:0
[   74784ms] [ERROR] Failed to load resource: the server responded with a status of 404 (Not Found) @ http://localhost:3090/ws:0
[   74950ms] [ERROR] Failed to load resource: the server responded with a status of 404 (Not Found) @ http://localhost:3090/api/health:0
[   74950ms] [ERROR] Failed to load resource: the server responded with a status of 404 (Not Found) @ http://localhost:3090/ws:0
[   74950ms] [ERROR] Failed to load resource: the server responded with a status of 404 (Not Found) @ http://localhost:8081/meetings:0
[   75015ms] [ERROR] Failed to load resource: the server responded with a status of 404 (Not Found) @ http://localhost:3090/api/health:0
[   75016ms] [ERROR] Failed to load resource: the server responded with a status of 404 (Not Found) @ http://localhost:3090/ws:0
[   75016ms] [ERROR] Failed to load resource: the server responded with a status of 404 (Not Found) @ http://localhost:8081/meetings:0
[   75065ms] [ERROR] Failed to load resource: the server responded with a status of 404 (Not Found) @ http://localhost:3090/api/health:0
[   75065ms] [ERROR] Failed to load resource: the server responded with a status of 404 (Not Found) @ http://localhost:3090/ws:0
[   75069ms] [ERROR] Failed to load resource: the server responded with a status of 404 (Not Found) @ http://localhost:8081/meetings:0
[   75215ms] [ERROR] Failed to load resource: the server responded with a status of 404 (Not Found) @ http://localhost:3090/api/health:0
[   75216ms] [ERROR] Failed to load resource: the server responded with a status of 404 (Not Found) @ http://localhost:3090/ws:0
[   75229ms] [ERROR] Failed to load resource: the server responded with a status of 404 (Not Found) @ http://localhost:8081/meetings:0
[   75357ms] [ERROR] Failed to load resource: the server responded with a status of 404 (Not Found) @ http://localhost:3090/api/health:0
[   75357ms] [ERROR] Failed to load resource: the server responded with a status of 404 (Not Found) @ http://localhost:3090/ws:0
[   75358ms] [ERROR] Failed to load resource: the server responded with a status of 404 (Not Found) @ http://localhost:8081/meetings:0
[   75604ms] [ERROR] Failed to load resource: the server responded with a status of 404 (Not Found) @ http://localhost:3090/api/health:0
[   75612ms] [ERROR] Failed to load resource: the server responded with a status of 404 (Not Found) @ http://localhost:3090/ws:0
[   75613ms] [ERROR] Failed to load resource: the server responded with a status of 404 (Not Found) @ http://localhost:8081/meetings:0
[   75766ms] [ERROR] Failed to load resource: the server responded with a status of 404 (Not Found) @ http://localhost:3090/api/health:0
[   75766ms] [ERROR] Failed to load resource: the server responded with a status of 404 (Not Found) @ http://localhost:3090/ws:0
[   75766ms] [ERROR] Failed to load resource: the server responded with a status of 404 (Not Found) @ http://localhost:8081/meetings:0
[   75929ms] [ERROR] Failed to load resource: the server responded with a status of 404 (Not Found) @ http://localhost:3090/api/health:0
[   75929ms] [ERROR] Failed to load resource: the server responded with a status of 404 (Not Found) @ http://localhost:3090/ws:0
[   75930ms] [ERROR] Failed to load resource: the server responded with a status of 404 (Not Found) @ http://localhost:8081/meetings:0
[   75995ms] [ERROR] Failed to load resource: the server responded with a status of 404 (Not Found) @ http://localhost:3090/api/health:0
[   75996ms] [ERROR] Failed to load resource: the server responded with a status of 404 (Not Found) @ http://localhost:3090/ws:0
[   75996ms] [ERROR] Failed to load resource: the server responded with a status of 404 (Not Found) @ http://localhost:8081/meetings:0
[   76061ms] [ERROR] Failed to load resource: the server responded with a status of 404 (Not Found) @ http://localhost:3090/api/health:0
[   76069ms] [ERROR] Failed to load resource: the server responded with a status of 404 (Not Found) @ http://localhost:3090/ws:0
[   76069ms] [ERROR] Failed to load resource: the server responded with a status of 404 (Not Found) @ http://localhost:8081/meetings:0
[   76203ms] [ERROR] Failed to load resource: the server responded with a status of 404 (Not Found) @ http://localhost:3090/api/health:0
[   76203ms] [ERROR] Failed to load resource: the server responded with a status of 404 (Not Found) @ http://localhost:3090/ws:0
[   76203ms] [ERROR] Failed to load resource: the server responded with a status of 404 (Not Found) @ http://localhost:8081/meetings:0
[   76335ms] [ERROR] Failed to load resource: the server responded with a status of 404 (Not Found) @ http://localhost:3090/api/health:0
[   76335ms] [ERROR] Failed to load resource: the server responded with a status of 404 (Not Found) @ http://localhost:3090/ws:0
[   76343ms] [ERROR] Failed to load resource: the server responded with a status of 404 (Not Found) @ http://localhost:8081/meetings:0
[   76482ms] [ERROR] Failed to load resource: the server responded with a status of 404 (Not Found) @ http://localhost:3090/api/health:0
[   76546ms] [ERROR] Failed to load resource: the server responded with a status of 404 (Not Found) @ http://localhost:3090/ws:0
[   76547ms] [ERROR] Failed to load resource: the server responded with a status of 404 (Not Found) @ http://localhost:8081/meetings:0
[   76749ms] [ERROR] Failed to load resource: the server responded with a status of 404 (Not Found) @ http://localhost:3090/api/health:0
[   76749ms] [ERROR] Failed to load resource: the server responded with a status of 404 (Not Found) @ http://localhost:3090/ws:0
[   76756ms] [ERROR] Failed to load resource: the server responded with a status of 404 (Not Found) @ http://localhost:8081/meetings:0
[   76904ms] [ERROR] Failed to load resource: the server responded with a status of 404 (Not Found) @ http://localhost:3090/api/health:0
[   76905ms] [ERROR] Failed to load resource: the server responded with a status of 404 (Not Found) @ http://localhost:3090/ws:0
[   76905ms] [ERROR] Failed to load resource: the server responded with a status of 404 (Not Found) @ http://localhost:8081/meetings:0
[   77052ms] [ERROR] Failed to load resource: the server responded with a status of 404 (Not Found) @ http://localhost:3090/api/health:0
[   77052ms] [ERROR] Failed to load resource: the server responded with a status of 404 (Not Found) @ http://localhost:3090/ws:0
[   77052ms] [ERROR] Failed to load resource: the server responded with a status of 404 (Not Found) @ http://localhost:8081/meetings:0
[   77097ms] [ERROR] Failed to load resource: the server responded with a status of 404 (Not Found) @ http://localhost:3090/api/health:0
[   77097ms] [ERROR] Failed to load resource: the server responded with a status of 404 (Not Found) @ http://localhost:3090/ws:0
[   77097ms] [ERROR] Failed to load resource: the server responded with a status of 404 (Not Found) @ http://localhost:8081/meetings:0
[   77201ms] [ERROR] Failed to load resource: the server responded with a status of 404 (Not Found) @ http://localhost:3090/api/health:0
[   77201ms] [ERROR] Failed to load resource: the server responded with a status of 404 (Not Found) @ http://localhost:3090/ws:0
[   77210ms] [ERROR] Failed to load resource: the server responded with a status of 404 (Not Found) @ http://localhost:8081/meetings:0
[   77356ms] [ERROR] Failed to load resource: the server responded with a status of 404 (Not Found) @ http://localhost:3090/api/health:0
[   77356ms] [ERROR] Failed to load resource: the server responded with a status of 404 (Not Found) @ http://localhost:3090/ws:0
[   77357ms] [ERROR] Failed to load resource: the server responded with a status of 404 (Not Found) @ http://localhost:8081/meetings:0
[   77497ms] [ERROR] Failed to load resource: the server responded with a status of 404 (Not Found) @ http://localhost:3090/api/health:0
[   77497ms] [ERROR] Failed to load resource: the server responded with a status of 404 (Not Found) @ http://localhost:3090/ws:0
[   77497ms] [ERROR] Failed to load resource: the server responded with a status of 404 (Not Found) @ http://localhost:8081/meetings:0
[   77748ms] [ERROR] Failed to load resource: the server responded with a status of 404 (Not Found) @ http://localhost:3090/api/health:0
[   77748ms] [ERROR] Failed to load resource: the server responded with a status of 404 (Not Found) @ http://localhost:3090/ws:0
[   77749ms] [ERROR] Failed to load resource: the server responded with a status of 404 (Not Found) @ http://localhost:8081/meetings:0
[   77919ms] [ERROR] Failed to load resource: the server responded with a status of 404 (Not Found) @ http://localhost:3090/api/health:0
[   77919ms] [ERROR] Failed to load resource: the server responded with a status of 404 (Not Found) @ http://localhost:3090/ws:0
[   77919ms] [ERROR] Failed to load resource: the server responded with a status of 404 (Not Found) @ http://localhost:8081/meetings:0
[   78092ms] [ERROR] Failed to load resource: the server responded with a status of 404 (Not Found) @ http://localhost:3090/api/health:0
[   78092ms] [ERROR] Failed to load resource: the server responded with a status of 404 (Not Found) @ http://localhost:3090/ws:0
[   78092ms] [ERROR] Failed to load resource: the server responded with a status of 404 (Not Found) @ http://localhost:8081/meetings:0
[   78163ms] [ERROR] Failed to load resource: the server responded with a status of 404 (Not Found) @ http://localhost:3090/api/health:0
[   78163ms] [ERROR] Failed to load resource: the server responded with a status of 404 (Not Found) @ http://localhost:3090/ws:0
[   78165ms] [ERROR] Failed to load resource: the server responded with a status of 404 (Not Found) @ http://localhost:8081/meetings:0
[   78235ms] [ERROR] Failed to load resource: the server responded with a status of 404 (Not Found) @ http://localhost:3090/api/health:0
[   78235ms] [ERROR] Failed to load resource: the server responded with a status of 404 (Not Found) @ http://localhost:3090/ws:0
[   78235ms] [ERROR] Failed to load resource: the server responded with a status of 404 (Not Found) @ http://localhost:8081/meetings:0
[   78371ms] [ERROR] Failed to load resource: the server responded with a status of 404 (Not Found) @ http://localhost:3090/api/health:0
[   78372ms] [ERROR] Failed to load resource: the server responded with a status of 404 (Not Found) @ http://localhost:3090/ws:0
[   78372ms] [ERROR] Failed to load resource: the server responded with a status of 404 (Not Found) @ http://localhost:8081/meetings:0
[   78529ms] [ERROR] Failed to load resource: the server responded with a status of 404 (Not Found) @ http://localhost:3090/api/health:0
[   78529ms] [ERROR] Failed to load resource: the server responded with a status of 404 (Not Found) @ http://localhost:3090/ws:0
[   78537ms] [ERROR] Failed to load resource: the server responded with a status of 404 (Not Found) @ http://localhost:8081/meetings:0
[   78795ms] [ERROR] Failed to load resource: the server responded with a status of 404 (Not Found) @ http://localhost:3090/api/health:0
[   78795ms] [ERROR] Failed to load resource: the server responded with a status of 404 (Not Found) @ http://localhost:8081/meetings:0
[   78795ms] [ERROR] Failed to load resource: the server responded with a status of 404 (Not Found) @ http://localhost:3090/ws:0
[   78968ms] [ERROR] Failed to load resource: the server responded with a status of 404 (Not Found) @ http://localhost:3090/api/health:0
[   78968ms] [ERROR] Failed to load resource: the server responded with a status of 404 (Not Found) @ http://localhost:3090/ws:0
[   78968ms] [ERROR] Failed to load resource: the server responded with a status of 404 (Not Found) @ http://localhost:8081/meetings:0
[   79134ms] [ERROR] Failed to load resource: the server responded with a status of 404 (Not Found) @ http://localhost:3090/api/health:0
[   79135ms] [ERROR] Failed to load resource: the server responded with a status of 404 (Not Found) @ http://localhost:3090/ws:0
[   79135ms] [ERROR] Failed to load resource: the server responded with a status of 404 (Not Found) @ http://localhost:8081/meetings:0
[   79225ms] [ERROR] Failed to load resource: the server responded with a status of 404 (Not Found) @ http://localhost:3090/api/health:0
[   79225ms] [ERROR] Failed to load resource: the server responded with a status of 404 (Not Found) @ http://localhost:3090/ws:0
[   79226ms] [ERROR] Failed to load resource: the server responded with a status of 404 (Not Found) @ http://localhost:8081/meetings:0
[   79272ms] [ERROR] Failed to load resource: the server responded with a status of 404 (Not Found) @ http://localhost:3090/api/health:0
[   79272ms] [ERROR] Failed to load resource: the server responded with a status of 404 (Not Found) @ http://localhost:3090/ws:0
[   79273ms] [ERROR] Failed to load resource: the server responded with a status of 404 (Not Found) @ http://localhost:8081/meetings:0
[   79419ms] [ERROR] Failed to load resource: the server responded with a status of 404 (Not Found) @ http://localhost:3090/api/health:0
[   79419ms] [ERROR] Failed to load resource: the server responded with a status of 404 (Not Found) @ http://localhost:3090/ws:0
[   79420ms] [ERROR] Failed to load resource: the server responded with a status of 404 (Not Found) @ http://localhost:8081/meetings:0
[   79553ms] [ERROR] Failed to load resource: the server responded with a status of 404 (Not Found) @ http://localhost:3090/api/health:0
[   79553ms] [ERROR] Failed to load resource: the server responded with a status of 404 (Not Found) @ http://localhost:3090/ws:0
[   79553ms] [ERROR] Failed to load resource: the server responded with a status of 404 (Not Found) @ http://localhost:8081/meetings:0
[   79803ms] [ERROR] Failed to load resource: the server responded with a status of 404 (Not Found) @ http://localhost:3090/api/health:0
[   79803ms] [ERROR] Failed to load resource: the server responded with a status of 404 (Not Found) @ http://localhost:3090/ws:0
[   79811ms] [ERROR] Failed to load resource: the server responded with a status of 404 (Not Found) @ http://localhost:8081/meetings:0
[   79960ms] [ERROR] Failed to load resource: the server responded with a status of 404 (Not Found) @ http://localhost:3090/api/health:0
[   79960ms] [ERROR] Failed to load resource: the server responded with a status of 404 (Not Found) @ http://localhost:3090/ws:0
[   79961ms] [ERROR] Failed to load resource: the server responded with a status of 404 (Not Found) @ http://localhost:8081/meetings:0
[   80124ms] [ERROR] Failed to load resource: the server responded with a status of 404 (Not Found) @ http://localhost:3090/api/health:0
[   80125ms] [ERROR] Failed to load resource: the server responded with a status of 404 (Not Found) @ http://localhost:3090/ws:0
[   80125ms] [ERROR] Failed to load resource: the server responded with a status of 404 (Not Found) @ http://localhost:8081/meetings:0
[   80208ms] [ERROR] Failed to load resource: the server responded with a status of 404 (Not Found) @ http://localhost:3090/api/health:0
[   80208ms] [ERROR] Failed to load resource: the server responded with a status of 404 (Not Found) @ http://localhost:3090/ws:0
[   80222ms] [ERROR] Failed to load resource: the server responded with a status of 404 (Not Found) @ http://localhost:8081/meetings:0
[   80260ms] [ERROR] Failed to load resource: the server responded with a status of 404 (Not Found) @ http://localhost:3090/api/health:0
[   80260ms] [ERROR] Failed to load resource: the server responded with a status of 404 (Not Found) @ http://localhost:3090/ws:0
[   80261ms] [ERROR] Failed to load resource: the server responded with a status of 404 (Not Found) @ http://localhost:8081/meetings:0
[   80413ms] [ERROR] Failed to load resource: the server responded with a status of 404 (Not Found) @ http://localhost:3090/api/health:0
[   80413ms] [ERROR] Failed to load resource: the server responded with a status of 404 (Not Found) @ http://localhost:3090/ws:0
[   80413ms] [ERROR] Failed to load resource: the server responded with a status of 404 (Not Found) @ http://localhost:8081/meetings:0
[   80552ms] [ERROR] Failed to load resource: the server responded with a status of 404 (Not Found) @ http://localhost:3090/api/health:0
[   80553ms] [ERROR] Failed to load resource: the server responded with a status of 404 (Not Found) @ http://localhost:3090/ws:0
[   80562ms] [ERROR] Failed to load resource: the server responded with a status of 404 (Not Found) @ http://localhost:8081/meetings:0
[   80751ms] [ERROR] Failed to load resource: the server responded with a status of 404 (Not Found) @ http://localhost:3090/api/health:0
[   80751ms] [ERROR] Failed to load resource: the server responded with a status of 404 (Not Found) @ http://localhost:3090/ws:0
[   80751ms] [ERROR] Failed to load resource: the server responded with a status of 404 (Not Found) @ http://localhost:8081/meetings:0
[   80933ms] [ERROR] Failed to load resource: the server responded with a status of 404 (Not Found) @ http://localhost:3090/api/health:0
[   80933ms] [ERROR] Failed to load resource: the server responded with a status of 404 (Not Found) @ http://localhost:3090/ws:0
[   80933ms] [ERROR] Failed to load resource: the server responded with a status of 404 (Not Found) @ http://localhost:8081/meetings:0
[   81088ms] [ERROR] Failed to load resource: the server responded with a status of 404 (Not Found) @ http://localhost:3090/api/health:0
[   81089ms] [ERROR] Failed to load resource: the server responded with a status of 404 (Not Found) @ http://localhost:3090/ws:0
[   81089ms] [ERROR] Failed to load resource: the server responded with a status of 404 (Not Found) @ http://localhost:8081/meetings:0
[   81225ms] [ERROR] Failed to load resource: the server responded with a status of 404 (Not Found) @ http://localhost:3090/api/health:0
[   81225ms] [ERROR] Failed to load resource: the server responded with a status of 404 (Not Found) @ http://localhost:3090/ws:0
[   81233ms] [ERROR] Failed to load resource: the server responded with a status of 404 (Not Found) @ http://localhost:8081/meetings:0
[   81273ms] [ERROR] Failed to load resource: the server responded with a status of 404 (Not Found) @ http://localhost:3090/api/health:0
[   81273ms] [ERROR] Failed to load resource: the server responded with a status of 404 (Not Found) @ http://localhost:3090/ws:0
[   81273ms] [ERROR] Failed to load resource: the server responded with a status of 404 (Not Found) @ http://localhost:8081/meetings:0
[   81382ms] [ERROR] Failed to load resource: the server responded with a status of 404 (Not Found) @ http://localhost:3090/api/health:0
[   81382ms] [ERROR] Failed to load resource: the server responded with a status of 404 (Not Found) @ http://localhost:3090/ws:0
[   81390ms] [ERROR] Failed to load resource: the server responded with a status of 404 (Not Found) @ http://localhost:8081/meetings:0
[   81546ms] [ERROR] Failed to load resource: the server responded with a status of 404 (Not Found) @ http://localhost:3090/api/health:0
[   81546ms] [ERROR] Failed to load resource: the server responded with a status of 404 (Not Found) @ http://localhost:3090/ws:0
[   81546ms] [ERROR] Failed to load resource: the server responded with a status of 404 (Not Found) @ http://localhost:8081/meetings:0
[   81762ms] [ERROR] Failed to load resource: the server responded with a status of 404 (Not Found) @ http://localhost:3090/api/health:0
[   81762ms] [ERROR] Failed to load resource: the server responded with a status of 404 (Not Found) @ http://localhost:8081/meetings:0
[   81763ms] [ERROR] Failed to load resource: the server responded with a status of 404 (Not Found) @ http://localhost:3090/ws:0
[   81934ms] [ERROR] Failed to load resource: the server responded with a status of 404 (Not Found) @ http://localhost:3090/api/health:0
[   81942ms] [ERROR] Failed to load resource: the server responded with a status of 404 (Not Found) @ http://localhost:3090/ws:0
[   81943ms] [ERROR] Failed to load resource: the server responded with a status of 404 (Not Found) @ http://localhost:8081/meetings:0
[   82098ms] [ERROR] Failed to load resource: the server responded with a status of 404 (Not Found) @ http://localhost:3090/api/health:0
[   82098ms] [ERROR] Failed to load resource: the server responded with a status of 404 (Not Found) @ http://localhost:3090/ws:0
[   82098ms] [ERROR] Failed to load resource: the server responded with a status of 404 (Not Found) @ http://localhost:8081/meetings:0
[   82241ms] [ERROR] Failed to load resource: the server responded with a status of 404 (Not Found) @ http://localhost:3090/api/health:0
[   82242ms] [ERROR] Failed to load resource: the server responded with a status of 404 (Not Found) @ http://localhost:3090/ws:0
[   82242ms] [ERROR] Failed to load resource: the server responded with a status of 404 (Not Found) @ http://localhost:8081/meetings:0
[   82287ms] [ERROR] Failed to load resource: the server responded with a status of 404 (Not Found) @ http://localhost:3090/api/health:0
[   82287ms] [ERROR] Failed to load resource: the server responded with a status of 404 (Not Found) @ http://localhost:3090/ws:0
[   82288ms] [ERROR] Failed to load resource: the server responded with a status of 404 (Not Found) @ http://localhost:8081/meetings:0
[   82396ms] [ERROR] Failed to load resource: the server responded with a status of 404 (Not Found) @ http://localhost:3090/api/health:0
[   82404ms] [ERROR] Failed to load resource: the server responded with a status of 404 (Not Found) @ http://localhost:8081/meetings:0
[   82404ms] [ERROR] Failed to load resource: the server responded with a status of 404 (Not Found) @ http://localhost:3090/ws:0
[   82546ms] [ERROR] Failed to load resource: the server responded with a status of 404 (Not Found) @ http://localhost:3090/api/health:0
[   82546ms] [ERROR] Failed to load resource: the server responded with a status of 404 (Not Found) @ http://localhost:3090/ws:0
[   82546ms] [ERROR] Failed to load resource: the server responded with a status of 404 (Not Found) @ http://localhost:8081/meetings:0
[   82670ms] [ERROR] Failed to load resource: the server responded with a status of 404 (Not Found) @ http://localhost:3090/api/health:0
[   82670ms] [ERROR] Failed to load resource: the server responded with a status of 404 (Not Found) @ http://localhost:3090/ws:0
[   82684ms] [ERROR] Failed to load resource: the server responded with a status of 404 (Not Found) @ http://localhost:8081/meetings:0
[   82908ms] [ERROR] Failed to load resource: the server responded with a status of 404 (Not Found) @ http://localhost:3090/api/health:0
[   82908ms] [ERROR] Failed to load resource: the server responded with a status of 404 (Not Found) @ http://localhost:3090/ws:0
[   82909ms] [ERROR] Failed to load resource: the server responded with a status of 404 (Not Found) @ http://localhost:8081/meetings:0
[   83070ms] [ERROR] Failed to load resource: the server responded with a status of 404 (Not Found) @ http://localhost:3090/api/health:0
[   83070ms] [ERROR] Failed to load resource: the server responded with a status of 404 (Not Found) @ http://localhost:3090/ws:0
[   83070ms] [ERROR] Failed to load resource: the server responded with a status of 404 (Not Found) @ http://localhost:8081/meetings:0
[   83227ms] [ERROR] Failed to load resource: the server responded with a status of 404 (Not Found) @ http://localhost:3090/api/health:0
[   83227ms] [ERROR] Failed to load resource: the server responded with a status of 404 (Not Found) @ http://localhost:3090/ws:0
[   83227ms] [ERROR] Failed to load resource: the server responded with a status of 404 (Not Found) @ http://localhost:8081/meetings:0
[   83296ms] [ERROR] Failed to load resource: the server responded with a status of 404 (Not Found) @ http://localhost:3090/api/health:0
[   83296ms] [ERROR] Failed to load resource: the server responded with a status of 404 (Not Found) @ http://localhost:3090/ws:0
[   83296ms] [ERROR] Failed to load resource: the server responded with a status of 404 (Not Found) @ http://localhost:8081/meetings:0
[   83360ms] [ERROR] Failed to load resource: the server responded with a status of 404 (Not Found) @ http://localhost:3090/api/health:0
[   83360ms] [ERROR] Failed to load resource: the server responded with a status of 404 (Not Found) @ http://localhost:3090/ws:0
[   83361ms] [ERROR] Failed to load resource: the server responded with a status of 404 (Not Found) @ http://localhost:8081/meetings:0
[   83506ms] [ERROR] Failed to load resource: the server responded with a status of 404 (Not Found) @ http://localhost:3090/api/health:0
[   83506ms] [ERROR] Failed to load resource: the server responded with a status of 404 (Not Found) @ http://localhost:3090/ws:0
[   83515ms] [ERROR] Failed to load resource: the server responded with a status of 404 (Not Found) @ http://localhost:8081/meetings:0
[   83656ms] [ERROR] Failed to load resource: the server responded with a status of 404 (Not Found) @ http://localhost:3090/api/health:0
[   83656ms] [ERROR] Failed to load resource: the server responded with a status of 404 (Not Found) @ http://localhost:3090/ws:0
[   83657ms] [ERROR] Failed to load resource: the server responded with a status of 404 (Not Found) @ http://localhost:8081/meetings:0
[   83841ms] [ERROR] Failed to load resource: the server responded with a status of 404 (Not Found) @ http://localhost:3090/api/health:0
[   83841ms] [ERROR] Failed to load resource: the server responded with a status of 404 (Not Found) @ http://localhost:3090/ws:0
[   83842ms] [ERROR] Failed to load resource: the server responded with a status of 404 (Not Found) @ http://localhost:8081/meetings:0
[   84063ms] [ERROR] Failed to load resource: the server responded with a status of 404 (Not Found) @ http://localhost:3090/api/health:0
[   84063ms] [ERROR] Failed to load resource: the server responded with a status of 404 (Not Found) @ http://localhost:3090/ws:0
[   84064ms] [ERROR] Failed to load resource: the server responded with a status of 404 (Not Found) @ http://localhost:8081/meetings:0
[   84228ms] [ERROR] Failed to load resource: the server responded with a status of 404 (Not Found) @ http://localhost:3090/api/health:0
[   84228ms] [ERROR] Failed to load resource: the server responded with a status of 404 (Not Found) @ http://localhost:3090/ws:0
[   84228ms] [ERROR] Failed to load resource: the server responded with a status of 404 (Not Found) @ http://localhost:8081/meetings:0
[   84371ms] [ERROR] Failed to load resource: the server responded with a status of 404 (Not Found) @ http://localhost:3090/api/health:0
[   84371ms] [ERROR] Failed to load resource: the server responded with a status of 404 (Not Found) @ http://localhost:3090/ws:0
[   84372ms] [ERROR] Failed to load resource: the server responded with a status of 404 (Not Found) @ http://localhost:8081/meetings:0
[   84414ms] [ERROR] Failed to load resource: the server responded with a status of 404 (Not Found) @ http://localhost:3090/api/health:0
[   84414ms] [ERROR] Failed to load resource: the server responded with a status of 404 (Not Found) @ http://localhost:3090/ws:0
[   84414ms] [ERROR] Failed to load resource: the server responded with a status of 404 (Not Found) @ http://localhost:8081/meetings:0
[   84515ms] [ERROR] Failed to load resource: the server responded with a status of 404 (Not Found) @ http://localhost:3090/api/health:0
[   84523ms] [ERROR] Failed to load resource: the server responded with a status of 404 (Not Found) @ http://localhost:3090/ws:0
[   84524ms] [ERROR] Failed to load resource: the server responded with a status of 404 (Not Found) @ http://localhost:8081/meetings:0
[   84650ms] [ERROR] Failed to load resource: the server responded with a status of 404 (Not Found) @ http://localhost:3090/api/health:0
[   84650ms] [ERROR] Failed to load resource: the server responded with a status of 404 (Not Found) @ http://localhost:3090/ws:0
[   84658ms] [ERROR] Failed to load resource: the server responded with a status of 404 (Not Found) @ http://localhost:8081/meetings:0
[   84853ms] [ERROR] Failed to load resource: the server responded with a status of 404 (Not Found) @ http://localhost:3090/api/health:0
[   84853ms] [ERROR] Failed to load resource: the server responded with a status of 404 (Not Found) @ http://localhost:3090/ws:0
[   84861ms] [ERROR] Failed to load resource: the server responded with a status of 404 (Not Found) @ http://localhost:8081/meetings:0
[   85048ms] [ERROR] Failed to load resource: the server responded with a status of 404 (Not Found) @ http://localhost:3090/api/health:0
[   85056ms] [ERROR] Failed to load resource: the server responded with a status of 404 (Not Found) @ http://localhost:3090/ws:0
[   85056ms] [ERROR] Failed to load resource: the server responded with a status of 404 (Not Found) @ http://localhost:8081/meetings:0
[   85201ms] [ERROR] Failed to load resource: the server responded with a status of 404 (Not Found) @ http://localhost:3090/api/health:0
[   85201ms] [ERROR] Failed to load resource: the server responded with a status of 404 (Not Found) @ http://localhost:3090/ws:0
[   85202ms] [ERROR] Failed to load resource: the server responded with a status of 404 (Not Found) @ http://localhost:8081/meetings:0
[   85332ms] [ERROR] Failed to load resource: the server responded with a status of 404 (Not Found) @ http://localhost:3090/api/health:0
[   85332ms] [ERROR] Failed to load resource: the server responded with a status of 404 (Not Found) @ http://localhost:3090/ws:0
[   85332ms] [ERROR] Failed to load resource: the server responded with a status of 404 (Not Found) @ http://localhost:8081/meetings:0
[   85381ms] [ERROR] Failed to load resource: the server responded with a status of 404 (Not Found) @ http://localhost:3090/api/health:0
[   85381ms] [ERROR] Failed to load resource: the server responded with a status of 404 (Not Found) @ http://localhost:3090/ws:0
[   85382ms] [ERROR] Failed to load resource: the server responded with a status of 404 (Not Found) @ http://localhost:8081/meetings:0
[   85484ms] [ERROR] Failed to load resource: the server responded with a status of 404 (Not Found) @ http://localhost:3090/api/health:0
[   85491ms] [ERROR] Failed to load resource: the server responded with a status of 404 (Not Found) @ http://localhost:3090/ws:0
[   85491ms] [ERROR] Failed to load resource: the server responded with a status of 404 (Not Found) @ http://localhost:8081/meetings:0
[   85646ms] [ERROR] Failed to load resource: the server responded with a status of 404 (Not Found) @ http://localhost:3090/api/health:0
[   85646ms] [ERROR] Failed to load resource: the server responded with a status of 404 (Not Found) @ http://localhost:3090/ws:0
[   85646ms] [ERROR] Failed to load resource: the server responded with a status of 404 (Not Found) @ http://localhost:8081/meetings:0
[   85783ms] [ERROR] Failed to load resource: the server responded with a status of 404 (Not Found) @ http://localhost:3090/api/health:0
[   85791ms] [ERROR] Failed to load resource: the server responded with a status of 404 (Not Found) @ http://localhost:3090/ws:0
[   85791ms] [ERROR] Failed to load resource: the server responded with a status of 404 (Not Found) @ http://localhost:8081/meetings:0
[   86027ms] [ERROR] Failed to load resource: the server responded with a status of 404 (Not Found) @ http://localhost:3090/api/health:0
[   86028ms] [ERROR] Failed to load resource: the server responded with a status of 404 (Not Found) @ http://localhost:3090/ws:0
[   86028ms] [ERROR] Failed to load resource: the server responded with a status of 404 (Not Found) @ http://localhost:8081/meetings:0
[   86189ms] [ERROR] Failed to load resource: the server responded with a status of 404 (Not Found) @ http://localhost:3090/api/health:0
[   86189ms] [ERROR] Failed to load resource: the server responded with a status of 404 (Not Found) @ http://localhost:3090/ws:0
[   86190ms] [ERROR] Failed to load resource: the server responded with a status of 404 (Not Found) @ http://localhost:8081/meetings:0
[   86335ms] [ERROR] Failed to load resource: the server responded with a status of 404 (Not Found) @ http://localhost:3090/api/health:0
[   86335ms] [ERROR] Failed to load resource: the server responded with a status of 404 (Not Found) @ http://localhost:3090/ws:0
[   86335ms] [ERROR] Failed to load resource: the server responded with a status of 404 (Not Found) @ http://localhost:8081/meetings:0
[   86416ms] [ERROR] Failed to load resource: the server responded with a status of 404 (Not Found) @ http://localhost:3090/api/health:0
[   86416ms] [ERROR] Failed to load resource: the server responded with a status of 404 (Not Found) @ http://localhost:3090/ws:0
[   86420ms] [ERROR] Failed to load resource: the server responded with a status of 404 (Not Found) @ http://localhost:8081/meetings:0
[   86466ms] [ERROR] Failed to load resource: the server responded with a status of 404 (Not Found) @ http://localhost:3090/api/health:0
[   86467ms] [ERROR] Failed to load resource: the server responded with a status of 404 (Not Found) @ http://localhost:3090/ws:0
[   86467ms] [ERROR] Failed to load resource: the server responded with a status of 404 (Not Found) @ http://localhost:8081/meetings:0
[   86602ms] [ERROR] Failed to load resource: the server responded with a status of 404 (Not Found) @ http://localhost:3090/api/health:0
[   86602ms] [ERROR] Failed to load resource: the server responded with a status of 404 (Not Found) @ http://localhost:3090/ws:0
[   86602ms] [ERROR] Failed to load resource: the server responded with a status of 404 (Not Found) @ http://localhost:8081/meetings:0
[   86761ms] [ERROR] Failed to load resource: the server responded with a status of 404 (Not Found) @ http://localhost:3090/api/health:0
[   86761ms] [ERROR] Failed to load resource: the server responded with a status of 404 (Not Found) @ http://localhost:3090/ws:0
[   86770ms] [ERROR] Failed to load resource: the server responded with a status of 404 (Not Found) @ http://localhost:8081/meetings:0
[   86933ms] [ERROR] Failed to load resource: the server responded with a status of 404 (Not Found) @ http://localhost:3090/api/health:0
[   86933ms] [ERROR] Failed to load resource: the server responded with a status of 404 (Not Found) @ http://localhost:3090/ws:0
[   86940ms] [ERROR] Failed to load resource: the server responded with a status of 404 (Not Found) @ http://localhost:8081/meetings:0
[   87120ms] [ERROR] Failed to load resource: the server responded with a status of 404 (Not Found) @ http://localhost:3090/api/health:0
[   87120ms] [ERROR] Failed to load resource: the server responded with a status of 404 (Not Found) @ http://localhost:3090/ws:0
[   87121ms] [ERROR] Failed to load resource: the server responded with a status of 404 (Not Found) @ http://localhost:8081/meetings:0
[   87263ms] [ERROR] Failed to load resource: the server responded with a status of 404 (Not Found) @ http://localhost:3090/api/health:0
[   87264ms] [ERROR] Failed to load resource: the server responded with a status of 404 (Not Found) @ http://localhost:3090/ws:0
[   87264ms] [ERROR] Failed to load resource: the server responded with a status of 404 (Not Found) @ http://localhost:8081/meetings:0
[   87395ms] [ERROR] Failed to load resource: the server responded with a status of 404 (Not Found) @ http://localhost:3090/api/health:0
[   87395ms] [ERROR] Failed to load resource: the server responded with a status of 404 (Not Found) @ http://localhost:3090/ws:0
[   87396ms] [ERROR] Failed to load resource: the server responded with a status of 404 (Not Found) @ http://localhost:8081/meetings:0
[   87439ms] [ERROR] Failed to load resource: the server responded with a status of 404 (Not Found) @ http://localhost:3090/api/health:0
[   87440ms] [ERROR] Failed to load resource: the server responded with a status of 404 (Not Found) @ http://localhost:3090/ws:0
[   87444ms] [ERROR] Failed to load resource: the server responded with a status of 404 (Not Found) @ http://localhost:8081/meetings:0
[   87557ms] [ERROR] Failed to load resource: the server responded with a status of 404 (Not Found) @ http://localhost:3090/api/health:0
[   87558ms] [ERROR] Failed to load resource: the server responded with a status of 404 (Not Found) @ http://localhost:3090/ws:0
[   87565ms] [ERROR] Failed to load resource: the server responded with a status of 404 (Not Found) @ http://localhost:8081/meetings:0
[   87726ms] [ERROR] Failed to load resource: the server responded with a status of 404 (Not Found) @ http://localhost:3090/api/health:0
[   87734ms] [ERROR] Failed to load resource: the server responded with a status of 404 (Not Found) @ http://localhost:3090/ws:0
[   87734ms] [ERROR] Failed to load resource: the server responded with a status of 404 (Not Found) @ http://localhost:8081/meetings:0
[   87873ms] [ERROR] Failed to load resource: the server responded with a status of 404 (Not Found) @ http://localhost:3090/api/health:0
[   87874ms] [ERROR] Failed to load resource: the server responded with a status of 404 (Not Found) @ http://localhost:3090/ws:0
[   87874ms] [ERROR] Failed to load resource: the server responded with a status of 404 (Not Found) @ http://localhost:8081/meetings:0
[   88124ms] [ERROR] Failed to load resource: the server responded with a status of 404 (Not Found) @ http://localhost:3090/api/health:0
[   88125ms] [ERROR] Failed to load resource: the server responded with a status of 404 (Not Found) @ http://localhost:3090/ws:0
[   88125ms] [ERROR] Failed to load resource: the server responded with a status of 404 (Not Found) @ http://localhost:8081/meetings:0
[   88281ms] [ERROR] Failed to load resource: the server responded with a status of 404 (Not Found) @ http://localhost:3090/api/health:0
[   88281ms] [ERROR] Failed to load resource: the server responded with a status of 404 (Not Found) @ http://localhost:3090/ws:0
[   88282ms] [ERROR] Failed to load resource: the server responded with a status of 404 (Not Found) @ http://localhost:8081/meetings:0
[   88443ms] [ERROR] Failed to load resource: the server responded with a status of 404 (Not Found) @ http://localhost:3090/api/health:0
[   88443ms] [ERROR] Failed to load resource: the server responded with a status of 404 (Not Found) @ http://localhost:3090/ws:0
[   88444ms] [ERROR] Failed to load resource: the server responded with a status of 404 (Not Found) @ http://localhost:8081/meetings:0
[   88526ms] [ERROR] Failed to load resource: the server responded with a status of 404 (Not Found) @ http://localhost:3090/api/health:0
[   88526ms] [ERROR] Failed to load resource: the server responded with a status of 404 (Not Found) @ http://localhost:3090/ws:0
[   88530ms] [ERROR] Failed to load resource: the server responded with a status of 404 (Not Found) @ http://localhost:8081/meetings:0
[   88580ms] [ERROR] Failed to load resource: the server responded with a status of 404 (Not Found) @ http://localhost:3090/api/health:0
[   88587ms] [ERROR] Failed to load resource: the server responded with a status of 404 (Not Found) @ http://localhost:3090/ws:0
[   88587ms] [ERROR] Failed to load resource: the server responded with a status of 404 (Not Found) @ http://localhost:8081/meetings:0
[   88727ms] [ERROR] Failed to load resource: the server responded with a status of 404 (Not Found) @ http://localhost:3090/api/health:0
[   88727ms] [ERROR] Failed to load resource: the server responded with a status of 404 (Not Found) @ http://localhost:3090/ws:0
[   88727ms] [ERROR] Failed to load resource: the server responded with a status of 404 (Not Found) @ http://localhost:8081/meetings:0
[   89154ms] [ERROR] Failed to load resource: the server responded with a status of 404 (Not Found) @ http://localhost:3090/api/health:0
[   89154ms] [ERROR] Failed to load resource: the server responded with a status of 404 (Not Found) @ http://localhost:3090/ws:0
[   89155ms] [ERROR] Failed to load resource: the server responded with a status of 404 (Not Found) @ http://localhost:8081/meetings:0
[   89318ms] [ERROR] Failed to load resource: the server responded with a status of 404 (Not Found) @ http://localhost:3090/api/health:0
[   89318ms] [ERROR] Failed to load resource: the server responded with a status of 404 (Not Found) @ http://localhost:3090/ws:0
[   89318ms] [ERROR] Failed to load resource: the server responded with a status of 404 (Not Found) @ http://localhost:8081/meetings:0
[   89407ms] [ERROR] Failed to load resource: the server responded with a status of 404 (Not Found) @ http://localhost:3090/api/health:0
[   89407ms] [ERROR] Failed to load resource: the server responded with a status of 404 (Not Found) @ http://localhost:3090/ws:0
[   89408ms] [ERROR] Failed to load resource: the server responded with a status of 404 (Not Found) @ http://localhost:8081/meetings:0
[   89542ms] [ERROR] Failed to load resource: the server responded with a status of 404 (Not Found) @ http://localhost:3090/api/health:0
[   89542ms] [ERROR] Failed to load resource: the server responded with a status of 404 (Not Found) @ http://localhost:3090/ws:0
[   89543ms] [ERROR] Failed to load resource: the server responded with a status of 404 (Not Found) @ http://localhost:8081/meetings:0
[   89588ms] [ERROR] Failed to load resource: the server responded with a status of 404 (Not Found) @ http://localhost:3090/api/health:0
[   89588ms] [ERROR] Failed to load resource: the server responded with a status of 404 (Not Found) @ http://localhost:3090/ws:0
[   89592ms] [ERROR] Failed to load resource: the server responded with a status of 404 (Not Found) @ http://localhost:8081/meetings:0
[   89704ms] [ERROR] Failed to load resource: the server responded with a status of 404 (Not Found) @ http://localhost:3090/api/health:0
[   89704ms] [ERROR] Failed to load resource: the server responded with a status of 404 (Not Found) @ http://localhost:3090/ws:0
[   89705ms] [ERROR] Failed to load resource: the server responded with a status of 404 (Not Found) @ http://localhost:8081/meetings:0
[   89859ms] [ERROR] Failed to load resource: the server responded with a status of 404 (Not Found) @ http://localhost:3090/api/health:0
[   89859ms] [ERROR] Failed to load resource: the server responded with a status of 404 (Not Found) @ http://localhost:3090/ws:0
[   89860ms] [ERROR] Failed to load resource: the server responded with a status of 404 (Not Found) @ http://localhost:8081/meetings:0
[   90053ms] [ERROR] Failed to load resource: the server responded with a status of 404 (Not Found) @ http://localhost:3090/api/health:0
[   90053ms] [ERROR] Failed to load resource: the server responded with a status of 404 (Not Found) @ http://localhost:3090/ws:0
[   90053ms] [ERROR] Failed to load resource: the server responded with a status of 404 (Not Found) @ http://localhost:8081/meetings:0
[   90218ms] [ERROR] Failed to load resource: the server responded with a status of 404 (Not Found) @ http://localhost:3090/api/health:0
[   90219ms] [ERROR] Failed to load resource: the server responded with a status of 404 (Not Found) @ http://localhost:8081/meetings:0
[   90219ms] [ERROR] Failed to load resource: the server responded with a status of 404 (Not Found) @ http://localhost:3090/ws:0
[   90393ms] [ERROR] Failed to load resource: the server responded with a status of 404 (Not Found) @ http://localhost:3090/api/health:0
[   90393ms] [ERROR] Failed to load resource: the server responded with a status of 404 (Not Found) @ http://localhost:3090/ws:0
[   90393ms] [ERROR] Failed to load resource: the server responded with a status of 404 (Not Found) @ http://localhost:8081/meetings:0
[   90537ms] [ERROR] Failed to load resource: the server responded with a status of 404 (Not Found) @ http://localhost:3090/api/health:0
[   90538ms] [ERROR] Failed to load resource: the server responded with a status of 404 (Not Found) @ http://localhost:8081/meetings:0
[   90538ms] [ERROR] Failed to load resource: the server responded with a status of 404 (Not Found) @ http://localhost:3090/ws:0
[   90588ms] [ERROR] Failed to load resource: the server responded with a status of 404 (Not Found) @ http://localhost:3090/api/health:0
[   90596ms] [ERROR] Failed to load resource: the server responded with a status of 404 (Not Found) @ http://localhost:3090/ws:0
[   90596ms] [ERROR] Failed to load resource: the server responded with a status of 404 (Not Found) @ http://localhost:8081/meetings:0
[   90684ms] [ERROR] Failed to load resource: the server responded with a status of 404 (Not Found) @ http://localhost:3090/api/health:0
[   90684ms] [ERROR] Failed to load resource: the server responded with a status of 404 (Not Found) @ http://localhost:3090/ws:0
[   90685ms] [ERROR] Failed to load resource: the server responded with a status of 404 (Not Found) @ http://localhost:8081/meetings:0
[   90837ms] [ERROR] Failed to load resource: the server responded with a status of 404 (Not Found) @ http://localhost:3090/api/health:0
[   90845ms] [ERROR] Failed to load resource: the server responded with a status of 404 (Not Found) @ http://localhost:3090/ws:0
[   90845ms] [ERROR] Failed to load resource: the server responded with a status of 404 (Not Found) @ http://localhost:8081/meetings:0
[   90987ms] [ERROR] Failed to load resource: the server responded with a status of 404 (Not Found) @ http://localhost:3090/api/health:0
[   90987ms] [ERROR] Failed to load resource: the server responded with a status of 404 (Not Found) @ http://localhost:3090/ws:0
[   90988ms] [ERROR] Failed to load resource: the server responded with a status of 404 (Not Found) @ http://localhost:8081/meetings:0
[   91235ms] [ERROR] Failed to load resource: the server responded with a status of 404 (Not Found) @ http://localhost:3090/api/health:0
[   91235ms] [ERROR] Failed to load resource: the server responded with a status of 404 (Not Found) @ http://localhost:3090/ws:0
[   91236ms] [ERROR] Failed to load resource: the server responded with a status of 404 (Not Found) @ http://localhost:8081/meetings:0
[   91376ms] [ERROR] Failed to load resource: the server responded with a status of 404 (Not Found) @ http://localhost:3090/api/health:0
[   91376ms] [ERROR] Failed to load resource: the server responded with a status of 404 (Not Found) @ http://localhost:3090/ws:0
[   91377ms] [ERROR] Failed to load resource: the server responded with a status of 404 (Not Found) @ http://localhost:8081/meetings:0
[   91517ms] [ERROR] Failed to load resource: the server responded with a status of 404 (Not Found) @ http://localhost:3090/api/health:0
[   91518ms] [ERROR] Failed to load resource: the server responded with a status of 404 (Not Found) @ http://localhost:3090/ws:0
[   91518ms] [ERROR] Failed to load resource: the server responded with a status of 404 (Not Found) @ http://localhost:8081/meetings:0
[   91591ms] [ERROR] Failed to load resource: the server responded with a status of 404 (Not Found) @ http://localhost:3090/api/health:0
[   91591ms] [ERROR] Failed to load resource: the server responded with a status of 404 (Not Found) @ http://localhost:3090/ws:0
[   91592ms] [ERROR] Failed to load resource: the server responded with a status of 404 (Not Found) @ http://localhost:8081/meetings:0
[   91644ms] [ERROR] Failed to load resource: the server responded with a status of 404 (Not Found) @ http://localhost:3090/api/health:0
[   91652ms] [ERROR] Failed to load resource: the server responded with a status of 404 (Not Found) @ http://localhost:3090/ws:0
[   91653ms] [ERROR] Failed to load resource: the server responded with a status of 404 (Not Found) @ http://localhost:8081/meetings:0
[   91804ms] [ERROR] Failed to load resource: the server responded with a status of 404 (Not Found) @ http://localhost:3090/api/health:0
[   91804ms] [ERROR] Failed to load resource: the server responded with a status of 404 (Not Found) @ http://localhost:3090/ws:0
[   91812ms] [ERROR] Failed to load resource: the server responded with a status of 404 (Not Found) @ http://localhost:8081/meetings:0
[   91944ms] [ERROR] Failed to load resource: the server responded with a status of 404 (Not Found) @ http://localhost:3090/api/health:0
[   91944ms] [ERROR] Failed to load resource: the server responded with a status of 404 (Not Found) @ http://localhost:3090/ws:0
[   91944ms] [ERROR] Failed to load resource: the server responded with a status of 404 (Not Found) @ http://localhost:8081/meetings:0
[   92156ms] [ERROR] Failed to load resource: the server responded with a status of 404 (Not Found) @ http://localhost:3090/api/health:0
[   92157ms] [ERROR] Failed to load resource: the server responded with a status of 404 (Not Found) @ http://localhost:3090/ws:0
[   92164ms] [ERROR] Failed to load resource: the server responded with a status of 404 (Not Found) @ http://localhost:8081/meetings:0
[   92324ms] [ERROR] Failed to load resource: the server responded with a status of 404 (Not Found) @ http://localhost:3090/api/health:0
[   92324ms] [ERROR] Failed to load resource: the server responded with a status of 404 (Not Found) @ http://localhost:3090/ws:0
[   92324ms] [ERROR] Failed to load resource: the server responded with a status of 404 (Not Found) @ http://localhost:8081/meetings:0
[   92472ms] [ERROR] Failed to load resource: the server responded with a status of 404 (Not Found) @ http://localhost:3090/api/health:0
[   92472ms] [ERROR] Failed to load resource: the server responded with a status of 404 (Not Found) @ http://localhost:3090/ws:0
[   92473ms] [ERROR] Failed to load resource: the server responded with a status of 404 (Not Found) @ http://localhost:8081/meetings:0
[   92600ms] [ERROR] Failed to load resource: the server responded with a status of 404 (Not Found) @ http://localhost:3090/api/health:0
[   92600ms] [ERROR] Failed to load resource: the server responded with a status of 404 (Not Found) @ http://localhost:3090/ws:0
[   92600ms] [ERROR] Failed to load resource: the server responded with a status of 404 (Not Found) @ http://localhost:8081/meetings:0
[   92650ms] [ERROR] Failed to load resource: the server responded with a status of 404 (Not Found) @ http://localhost:3090/api/health:0
[   92650ms] [ERROR] Failed to load resource: the server responded with a status of 404 (Not Found) @ http://localhost:3090/ws:0
[   92651ms] [ERROR] Failed to load resource: the server responded with a status of 404 (Not Found) @ http://localhost:8081/meetings:0
[   92759ms] [ERROR] Failed to load resource: the server responded with a status of 404 (Not Found) @ http://localhost:3090/api/health:0
[   92759ms] [ERROR] Failed to load resource: the server responded with a status of 404 (Not Found) @ http://localhost:3090/ws:0
[   92759ms] [ERROR] Failed to load resource: the server responded with a status of 404 (Not Found) @ http://localhost:8081/meetings:0
[   92922ms] [ERROR] Failed to load resource: the server responded with a status of 404 (Not Found) @ http://localhost:3090/api/health:0
[   92923ms] [ERROR] Failed to load resource: the server responded with a status of 404 (Not Found) @ http://localhost:3090/ws:0
[   92931ms] [ERROR] Failed to load resource: the server responded with a status of 404 (Not Found) @ http://localhost:8081/meetings:0
[   93054ms] [ERROR] Failed to load resource: the server responded with a status of 404 (Not Found) @ http://localhost:3090/api/health:0
[   93054ms] [ERROR] Failed to load resource: the server responded with a status of 404 (Not Found) @ http://localhost:3090/ws:0
[   93062ms] [ERROR] Failed to load resource: the server responded with a status of 404 (Not Found) @ http://localhost:8081/meetings:0
[   93309ms] [ERROR] Failed to load resource: the server responded with a status of 404 (Not Found) @ http://localhost:3090/api/health:0
[   93310ms] [ERROR] Failed to load resource: the server responded with a status of 404 (Not Found) @ http://localhost:3090/ws:0
[   93310ms] [ERROR] Failed to load resource: the server responded with a status of 404 (Not Found) @ http://localhost:8081/meetings:0
[   93461ms] [ERROR] Failed to load resource: the server responded with a status of 404 (Not Found) @ http://localhost:3090/api/health:0
[   93462ms] [ERROR] Failed to load resource: the server responded with a status of 404 (Not Found) @ http://localhost:3090/ws:0
[   93462ms] [ERROR] Failed to load resource: the server responded with a status of 404 (Not Found) @ http://localhost:8081/meetings:0
[   93563ms] [ERROR] Failed to load resource: the server responded with a status of 404 (Not Found) @ http://localhost:3090/api/health:0
[   93631ms] [ERROR] Failed to load resource: the server responded with a status of 404 (Not Found) @ http://localhost:3090/ws:0
[   93633ms] [ERROR] Failed to load resource: the server responded with a status of 404 (Not Found) @ http://localhost:8081/meetings:0
[   93722ms] [ERROR] Failed to load resource: the server responded with a status of 404 (Not Found) @ http://localhost:3090/api/health:0
[   93722ms] [ERROR] Failed to load resource: the server responded with a status of 404 (Not Found) @ http://localhost:3090/ws:0
[   93722ms] [ERROR] Failed to load resource: the server responded with a status of 404 (Not Found) @ http://localhost:8081/meetings:0
[   93752ms] [ERROR] Failed to load resource: the server responded with a status of 404 (Not Found) @ http://localhost:3090/api/health:0
[   93753ms] [ERROR] Failed to load resource: the server responded with a status of 404 (Not Found) @ http://localhost:3090/ws:0
[   93753ms] [ERROR] Failed to load resource: the server responded with a status of 404 (Not Found) @ http://localhost:8081/meetings:0
[   93922ms] [ERROR] Failed to load resource: the server responded with a status of 404 (Not Found) @ http://localhost:3090/api/health:0
[   93922ms] [ERROR] Failed to load resource: the server responded with a status of 404 (Not Found) @ http://localhost:3090/ws:0
[   93936ms] [ERROR] Failed to load resource: the server responded with a status of 404 (Not Found) @ http://localhost:8081/meetings:0
[   94081ms] [ERROR] Failed to load resource: the server responded with a status of 404 (Not Found) @ http://localhost:3090/api/health:0
[   94081ms] [ERROR] Failed to load resource: the server responded with a status of 404 (Not Found) @ http://localhost:3090/ws:0
[   94081ms] [ERROR] Failed to load resource: the server responded with a status of 404 (Not Found) @ http://localhost:8081/meetings:0
[   94297ms] [ERROR] Failed to load resource: the server responded with a status of 404 (Not Found) @ http://localhost:3090/api/health:0
[   94297ms] [ERROR] Failed to load resource: the server responded with a status of 404 (Not Found) @ http://localhost:3090/ws:0
[   94298ms] [ERROR] Failed to load resource: the server responded with a status of 404 (Not Found) @ http://localhost:8081/meetings:0
[   94477ms] [ERROR] Failed to load resource: the server responded with a status of 404 (Not Found) @ http://localhost:3090/api/health:0
[   94477ms] [ERROR] Failed to load resource: the server responded with a status of 404 (Not Found) @ http://localhost:3090/ws:0
[   94477ms] [ERROR] Failed to load resource: the server responded with a status of 404 (Not Found) @ http://localhost:8081/meetings:0
[   94666ms] [ERROR] Failed to load resource: the server responded with a status of 404 (Not Found) @ http://localhost:3090/api/health:0
[   94667ms] [ERROR] Failed to load resource: the server responded with a status of 404 (Not Found) @ http://localhost:3090/ws:0
[   94667ms] [ERROR] Failed to load resource: the server responded with a status of 404 (Not Found) @ http://localhost:8081/meetings:0
[   94738ms] [ERROR] Failed to load resource: the server responded with a status of 404 (Not Found) @ http://localhost:3090/api/health:0
[   94739ms] [ERROR] Failed to load resource: the server responded with a status of 404 (Not Found) @ http://localhost:3090/ws:0
[   94739ms] [ERROR] Failed to load resource: the server responded with a status of 404 (Not Found) @ http://localhost:8081/meetings:0
[   94795ms] [ERROR] Failed to load resource: the server responded with a status of 404 (Not Found) @ http://localhost:3090/api/health:0
[   94803ms] [ERROR] Failed to load resource: the server responded with a status of 404 (Not Found) @ http://localhost:3090/ws:0
[   94803ms] [ERROR] Failed to load resource: the server responded with a status of 404 (Not Found) @ http://localhost:8081/meetings:0
[   94908ms] [ERROR] Failed to load resource: the server responded with a status of 404 (Not Found) @ http://localhost:3090/api/health:0
[   94908ms] [ERROR] Failed to load resource: the server responded with a status of 404 (Not Found) @ http://localhost:3090/ws:0
[   94909ms] [ERROR] Failed to load resource: the server responded with a status of 404 (Not Found) @ http://localhost:8081/meetings:0
[   95050ms] [ERROR] Failed to load resource: the server responded with a status of 404 (Not Found) @ http://localhost:3090/api/health:0
[   95058ms] [ERROR] Failed to load resource: the server responded with a status of 404 (Not Found) @ http://localhost:3090/ws:0
[   95058ms] [ERROR] Failed to load resource: the server responded with a status of 404 (Not Found) @ http://localhost:8081/meetings:0
[   95246ms] [ERROR] Failed to load resource: the server responded with a status of 404 (Not Found) @ http://localhost:3090/api/health:0
[   95246ms] [ERROR] Failed to load resource: the server responded with a status of 404 (Not Found) @ http://localhost:3090/ws:0
[   95246ms] [ERROR] Failed to load resource: the server responded with a status of 404 (Not Found) @ http://localhost:8081/meetings:0
[   95427ms] [ERROR] Failed to load resource: the server responded with a status of 404 (Not Found) @ http://localhost:3090/api/health:0
[   95428ms] [ERROR] Failed to load resource: the server responded with a status of 404 (Not Found) @ http://localhost:3090/ws:0
[   95428ms] [ERROR] Failed to load resource: the server responded with a status of 404 (Not Found) @ http://localhost:8081/meetings:0
[   95593ms] [ERROR] Failed to load resource: the server responded with a status of 404 (Not Found) @ http://localhost:3090/api/health:0
[   95593ms] [ERROR] Failed to load resource: the server responded with a status of 404 (Not Found) @ http://localhost:3090/ws:0
[   95593ms] [ERROR] Failed to load resource: the server responded with a status of 404 (Not Found) @ http://localhost:8081/meetings:0
[   95738ms] [ERROR] Failed to load resource: the server responded with a status of 404 (Not Found) @ http://localhost:3090/api/health:0
[   95739ms] [ERROR] Failed to load resource: the server responded with a status of 404 (Not Found) @ http://localhost:8081/meetings:0
[   95739ms] [ERROR] Failed to load resource: the server responded with a status of 404 (Not Found) @ http://localhost:3090/ws:0
[   95797ms] [ERROR] Failed to load resource: the server responded with a status of 404 (Not Found) @ http://localhost:3090/api/health:0
[   95805ms] [ERROR] Failed to load resource: the server responded with a status of 404 (Not Found) @ http://localhost:3090/ws:0
[   95805ms] [ERROR] Failed to load resource: the server responded with a status of 404 (Not Found) @ http://localhost:8081/meetings:0
[   95960ms] [ERROR] Failed to load resource: the server responded with a status of 404 (Not Found) @ http://localhost:3090/api/health:0
[   95960ms] [ERROR] Failed to load resource: the server responded with a status of 404 (Not Found) @ http://localhost:3090/ws:0
[   95969ms] [ERROR] Failed to load resource: the server responded with a status of 404 (Not Found) @ http://localhost:8081/meetings:0
[   96119ms] [ERROR] Failed to load resource: the server responded with a status of 404 (Not Found) @ http://localhost:3090/api/health:0
[   96119ms] [ERROR] Failed to load resource: the server responded with a status of 404 (Not Found) @ http://localhost:3090/ws:0
[   96119ms] [ERROR] Failed to load resource: the server responded with a status of 404 (Not Found) @ http://localhost:8081/meetings:0
[   96375ms] [ERROR] Failed to load resource: the server responded with a status of 404 (Not Found) @ http://localhost:3090/api/health:0
[   96375ms] [ERROR] Failed to load resource: the server responded with a status of 404 (Not Found) @ http://localhost:3090/ws:0
[   96375ms] [ERROR] Failed to load resource: the server responded with a status of 404 (Not Found) @ http://localhost:8081/meetings:0
[   96554ms] [ERROR] Failed to load resource: the server responded with a status of 404 (Not Found) @ http://localhost:3090/api/health:0
[   96555ms] [ERROR] Failed to load resource: the server responded with a status of 404 (Not Found) @ http://localhost:3090/ws:0
[   96555ms] [ERROR] Failed to load resource: the server responded with a status of 404 (Not Found) @ http://localhost:8081/meetings:0
[   96740ms] [ERROR] Failed to load resource: the server responded with a status of 404 (Not Found) @ http://localhost:3090/api/health:0
[   96741ms] [ERROR] Failed to load resource: the server responded with a status of 404 (Not Found) @ http://localhost:3090/ws:0
[   96741ms] [ERROR] Failed to load resource: the server responded with a status of 404 (Not Found) @ http://localhost:8081/meetings:0
[   96826ms] [ERROR] Failed to load resource: the server responded with a status of 404 (Not Found) @ http://localhost:3090/api/health:0
[   96827ms] [ERROR] Failed to load resource: the server responded with a status of 404 (Not Found) @ http://localhost:3090/ws:0
[   96828ms] [ERROR] Failed to load resource: the server responded with a status of 404 (Not Found) @ http://localhost:8081/meetings:0
[   96885ms] [ERROR] Failed to load resource: the server responded with a status of 404 (Not Found) @ http://localhost:3090/api/health:0
[   96885ms] [ERROR] Failed to load resource: the server responded with a status of 404 (Not Found) @ http://localhost:3090/ws:0
[   96885ms] [ERROR] Failed to load resource: the server responded with a status of 404 (Not Found) @ http://localhost:8081/meetings:0
[   97041ms] [ERROR] Failed to load resource: the server responded with a status of 404 (Not Found) @ http://localhost:3090/api/health:0
[   97049ms] [ERROR] Failed to load resource: the server responded with a status of 404 (Not Found) @ http://localhost:3090/ws:0
[   97049ms] [ERROR] Failed to load resource: the server responded with a status of 404 (Not Found) @ http://localhost:8081/meetings:0
[   97175ms] [ERROR] Failed to load resource: the server responded with a status of 404 (Not Found) @ http://localhost:3090/api/health:0
[   97175ms] [ERROR] Failed to load resource: the server responded with a status of 404 (Not Found) @ http://localhost:3090/ws:0
[   97176ms] [ERROR] Failed to load resource: the server responded with a status of 404 (Not Found) @ http://localhost:8081/meetings:0
[   97439ms] [ERROR] Failed to load resource: the server responded with a status of 404 (Not Found) @ http://localhost:3090/api/health:0
[   97439ms] [ERROR] Failed to load resource: the server responded with a status of 404 (Not Found) @ http://localhost:3090/ws:0
[   97439ms] [ERROR] Failed to load resource: the server responded with a status of 404 (Not Found) @ http://localhost:8081/meetings:0
[   97597ms] [ERROR] Failed to load resource: the server responded with a status of 404 (Not Found) @ http://localhost:3090/api/health:0
[   97598ms] [ERROR] Failed to load resource: the server responded with a status of 404 (Not Found) @ http://localhost:3090/ws:0
[   97598ms] [ERROR] Failed to load resource: the server responded with a status of 404 (Not Found) @ http://localhost:8081/meetings:0
[   97777ms] [ERROR] Failed to load resource: the server responded with a status of 404 (Not Found) @ http://localhost:3090/api/health:0
[   97777ms] [ERROR] Failed to load resource: the server responded with a status of 404 (Not Found) @ http://localhost:3090/ws:0
[   97778ms] [ERROR] Failed to load resource: the server responded with a status of 404 (Not Found) @ http://localhost:8081/meetings:0
[   97845ms] [ERROR] Failed to load resource: the server responded with a status of 404 (Not Found) @ http://localhost:3090/api/health:0
[   97845ms] [ERROR] Failed to load resource: the server responded with a status of 404 (Not Found) @ http://localhost:3090/ws:0
[   97845ms] [ERROR] Failed to load resource: the server responded with a status of 404 (Not Found) @ http://localhost:8081/meetings:0
[   97904ms] [ERROR] Failed to load resource: the server responded with a status of 404 (Not Found) @ http://localhost:3090/api/health:0
[   97904ms] [ERROR] Failed to load resource: the server responded with a status of 404 (Not Found) @ http://localhost:3090/ws:0
[   97908ms] [ERROR] Failed to load resource: the server responded with a status of 404 (Not Found) @ http://localhost:8081/meetings:0
[   98054ms] [ERROR] Failed to load resource: the server responded with a status of 404 (Not Found) @ http://localhost:3090/api/health:0
[   98055ms] [ERROR] Failed to load resource: the server responded with a status of 404 (Not Found) @ http://localhost:3090/ws:0
[   98059ms] [ERROR] Failed to load resource: the server responded with a status of 404 (Not Found) @ http://localhost:8081/meetings:0
[   98206ms] [ERROR] Failed to load resource: the server responded with a status of 404 (Not Found) @ http://localhost:3090/api/health:0
[   98206ms] [ERROR] Failed to load resource: the server responded with a status of 404 (Not Found) @ http://localhost:3090/ws:0
[   98215ms] [ERROR] Failed to load resource: the server responded with a status of 404 (Not Found) @ http://localhost:8081/meetings:0
[   98448ms] [ERROR] Failed to load resource: the server responded with a status of 404 (Not Found) @ http://localhost:3090/api/health:0
[   98448ms] [ERROR] Failed to load resource: the server responded with a status of 404 (Not Found) @ http://localhost:3090/ws:0
[   98455ms] [ERROR] Failed to load resource: the server responded with a status of 404 (Not Found) @ http://localhost:8081/meetings:0
[   98615ms] [ERROR] Failed to load resource: the server responded with a status of 404 (Not Found) @ http://localhost:3090/api/health:0
[   98615ms] [ERROR] Failed to load resource: the server responded with a status of 404 (Not Found) @ http://localhost:3090/ws:0
[   98616ms] [ERROR] Failed to load resource: the server responded with a status of 404 (Not Found) @ http://localhost:8081/meetings:0
[   98770ms] [ERROR] Failed to load resource: the server responded with a status of 404 (Not Found) @ http://localhost:3090/api/health:0
[   98770ms] [ERROR] Failed to load resource: the server responded with a status of 404 (Not Found) @ http://localhost:3090/ws:0
[   98770ms] [ERROR] Failed to load resource: the server responded with a status of 404 (Not Found) @ http://localhost:8081/meetings:0
[   98869ms] [ERROR] Failed to load resource: the server responded with a status of 404 (Not Found) @ http://localhost:3090/api/health:0
[   98873ms] [ERROR] Failed to load resource: the server responded with a status of 404 (Not Found) @ http://localhost:3090/ws:0
[   98877ms] [ERROR] Failed to load resource: the server responded with a status of 404 (Not Found) @ http://localhost:8081/meetings:0
[   98923ms] [ERROR] Failed to load resource: the server responded with a status of 404 (Not Found) @ http://localhost:3090/api/health:0
[   98924ms] [ERROR] Failed to load resource: the server responded with a status of 404 (Not Found) @ http://localhost:3090/ws:0
[   98924ms] [ERROR] Failed to load resource: the server responded with a status of 404 (Not Found) @ http://localhost:8081/meetings:0
[   99089ms] [ERROR] Failed to load resource: the server responded with a status of 404 (Not Found) @ http://localhost:3090/api/health:0
[   99089ms] [ERROR] Failed to load resource: the server responded with a status of 404 (Not Found) @ http://localhost:3090/ws:0
[   99097ms] [ERROR] Failed to load resource: the server responded with a status of 404 (Not Found) @ http://localhost:8081/meetings:0
[   99218ms] [ERROR] Failed to load resource: the server responded with a status of 404 (Not Found) @ http://localhost:3090/api/health:0
[   99229ms] [ERROR] Failed to load resource: the server responded with a status of 404 (Not Found) @ http://localhost:3090/ws:0
[   99229ms] [ERROR] Failed to load resource: the server responded with a status of 404 (Not Found) @ http://localhost:8081/meetings:0
[   99478ms] [ERROR] Failed to load resource: the server responded with a status of 404 (Not Found) @ http://localhost:3090/api/health:0
[   99478ms] [ERROR] Failed to load resource: the server responded with a status of 404 (Not Found) @ http://localhost:3090/ws:0
[   99478ms] [ERROR] Failed to load resource: the server responded with a status of 404 (Not Found) @ http://localhost:8081/meetings:0
[   99642ms] [ERROR] Failed to load resource: the server responded with a status of 404 (Not Found) @ http://localhost:3090/api/health:0
[   99643ms] [ERROR] Failed to load resource: the server responded with a status of 404 (Not Found) @ http://localhost:3090/ws:0
[   99643ms] [ERROR] Failed to load resource: the server responded with a status of 404 (Not Found) @ http://localhost:8081/meetings:0
[   99795ms] [ERROR] Failed to load resource: the server responded with a status of 404 (Not Found) @ http://localhost:3090/api/health:0
[   99795ms] [ERROR] Failed to load resource: the server responded with a status of 404 (Not Found) @ http://localhost:3090/ws:0
[   99796ms] [ERROR] Failed to load resource: the server responded with a status of 404 (Not Found) @ http://localhost:8081/meetings:0
[   99862ms] [ERROR] Failed to load resource: the server responded with a status of 404 (Not Found) @ http://localhost:3090/api/health:0
[   99863ms] [ERROR] Failed to load resource: the server responded with a status of 404 (Not Found) @ http://localhost:3090/ws:0
[   99863ms] [ERROR] Failed to load resource: the server responded with a status of 404 (Not Found) @ http://localhost:8081/meetings:0
[   99944ms] [ERROR] Failed to load resource: the server responded with a status of 404 (Not Found) @ http://localhost:8081/meetings:0
[   99944ms] [ERROR] Failed to load resource: the server responded with a status of 404 (Not Found) @ http://localhost:3090/api/health:0
[   99944ms] [ERROR] Failed to load resource: the server responded with a status of 404 (Not Found) @ http://localhost:3090/ws:0
[  100074ms] [ERROR] Failed to load resource: the server responded with a status of 404 (Not Found) @ http://localhost:3090/api/health:0
[  100074ms] [ERROR] Failed to load resource: the server responded with a status of 404 (Not Found) @ http://localhost:3090/ws:0
[  100082ms] [ERROR] Failed to load resource: the server responded with a status of 404 (Not Found) @ http://localhost:8081/meetings:0
[  100250ms] [ERROR] Failed to load resource: the server responded with a status of 404 (Not Found) @ http://localhost:3090/api/health:0
[  100250ms] [ERROR] Failed to load resource: the server responded with a status of 404 (Not Found) @ http://localhost:3090/ws:0
[  100259ms] [ERROR] Failed to load resource: the server responded with a status of 404 (Not Found) @ http://localhost:8081/meetings:0
[  100504ms] [ERROR] Failed to load resource: the server responded with a status of 404 (Not Found) @ http://localhost:3090/api/health:0
[  100505ms] [ERROR] Failed to load resource: the server responded with a status of 404 (Not Found) @ http://localhost:3090/ws:0
[  100505ms] [ERROR] Failed to load resource: the server responded with a status of 404 (Not Found) @ http://localhost:8081/meetings:0
[  100664ms] [ERROR] Failed to load resource: the server responded with a status of 404 (Not Found) @ http://localhost:3090/api/health:0
[  100664ms] [ERROR] Failed to load resource: the server responded with a status of 404 (Not Found) @ http://localhost:3090/ws:0
[  100665ms] [ERROR] Failed to load resource: the server responded with a status of 404 (Not Found) @ http://localhost:8081/meetings:0
[  100824ms] [ERROR] Failed to load resource: the server responded with a status of 404 (Not Found) @ http://localhost:3090/api/health:0
[  100825ms] [ERROR] Failed to load resource: the server responded with a status of 404 (Not Found) @ http://localhost:3090/ws:0
[  100825ms] [ERROR] Failed to load resource: the server responded with a status of 404 (Not Found) @ http://localhost:8081/meetings:0
[  100906ms] [ERROR] Failed to load resource: the server responded with a status of 404 (Not Found) @ http://localhost:3090/api/health:0
[  100906ms] [ERROR] Failed to load resource: the server responded with a status of 404 (Not Found) @ http://localhost:3090/ws:0
[  100907ms] [ERROR] Failed to load resource: the server responded with a status of 404 (Not Found) @ http://localhost:8081/meetings:0
[  100970ms] [ERROR] Failed to load resource: the server responded with a status of 404 (Not Found) @ http://localhost:3090/api/health:0
[  100970ms] [ERROR] Failed to load resource: the server responded with a status of 404 (Not Found) @ http://localhost:3090/ws:0
[  100970ms] [ERROR] Failed to load resource: the server responded with a status of 404 (Not Found) @ http://localhost:8081/meetings:0
[  101106ms] [ERROR] Failed to load resource: the server responded with a status of 404 (Not Found) @ http://localhost:3090/api/health:0
[  101106ms] [ERROR] Failed to load resource: the server responded with a status of 404 (Not Found) @ http://localhost:3090/ws:0
[  101110ms] [ERROR] Failed to load resource: the server responded with a status of 404 (Not Found) @ http://localhost:8081/meetings:0
[  101270ms] [ERROR] Failed to load resource: the server responded with a status of 404 (Not Found) @ http://localhost:3090/api/health:0
[  101278ms] [ERROR] Failed to load resource: the server responded with a status of 404 (Not Found) @ http://localhost:3090/ws:0
[  101279ms] [ERROR] Failed to load resource: the server responded with a status of 404 (Not Found) @ http://localhost:8081/meetings:0
[  101531ms] [ERROR] Failed to load resource: the server responded with a status of 404 (Not Found) @ http://localhost:3090/api/health:0
[  101531ms] [ERROR] Failed to load resource: the server responded with a status of 404 (Not Found) @ http://localhost:3090/ws:0
[  101531ms] [ERROR] Failed to load resource: the server responded with a status of 404 (Not Found) @ http://localhost:8081/meetings:0
[  101692ms] [ERROR] Failed to load resource: the server responded with a status of 404 (Not Found) @ http://localhost:3090/api/health:0
[  101692ms] [ERROR] Failed to load resource: the server responded with a status of 404 (Not Found) @ http://localhost:3090/ws:0
[  101693ms] [ERROR] Failed to load resource: the server responded with a status of 404 (Not Found) @ http://localhost:8081/meetings:0
[  101783ms] [ERROR] Failed to load resource: the server responded with a status of 404 (Not Found) @ http://localhost:3090/api/health:0
[  101783ms] [ERROR] Failed to load resource: the server responded with a status of 404 (Not Found) @ http://localhost:3090/ws:0
[  101783ms] [ERROR] Failed to load resource: the server responded with a status of 404 (Not Found) @ http://localhost:8081/meetings:0
[  101930ms] [ERROR] Failed to load resource: the server responded with a status of 404 (Not Found) @ http://localhost:3090/api/health:0
[  101930ms] [ERROR] Failed to load resource: the server responded with a status of 404 (Not Found) @ http://localhost:3090/ws:0
[  101930ms] [ERROR] Failed to load resource: the server responded with a status of 404 (Not Found) @ http://localhost:8081/meetings:0
[  101979ms] [ERROR] Failed to load resource: the server responded with a status of 404 (Not Found) @ http://localhost:3090/api/health:0
[  101979ms] [ERROR] Failed to load resource: the server responded with a status of 404 (Not Found) @ http://localhost:3090/ws:0
[  101980ms] [ERROR] Failed to load resource: the server responded with a status of 404 (Not Found) @ http://localhost:8081/meetings:0
[  102101ms] [ERROR] Failed to load resource: the server responded with a status of 404 (Not Found) @ http://localhost:3090/api/health:0
[  102101ms] [ERROR] Failed to load resource: the server responded with a status of 404 (Not Found) @ http://localhost:8081/meetings:0
[  102101ms] [ERROR] Failed to load resource: the server responded with a status of 404 (Not Found) @ http://localhost:3090/ws:0
[  102256ms] [ERROR] Failed to load resource: the server responded with a status of 404 (Not Found) @ http://localhost:3090/api/health:0
[  102256ms] [ERROR] Failed to load resource: the server responded with a status of 404 (Not Found) @ http://localhost:3090/ws:0
[  102256ms] [ERROR] Failed to load resource: the server responded with a status of 404 (Not Found) @ http://localhost:8081/meetings:0
[  102533ms] [ERROR] Failed to load resource: the server responded with a status of 404 (Not Found) @ http://localhost:3090/api/health:0
[  102541ms] [ERROR] Failed to load resource: the server responded with a status of 404 (Not Found) @ http://localhost:3090/ws:0
[  102542ms] [ERROR] Failed to load resource: the server responded with a status of 404 (Not Found) @ http://localhost:8081/meetings:0
[  102708ms] [ERROR] Failed to load resource: the server responded with a status of 404 (Not Found) @ http://localhost:3090/api/health:0
[  102708ms] [ERROR] Failed to load resource: the server responded with a status of 404 (Not Found) @ http://localhost:3090/ws:0
[  102709ms] [ERROR] Failed to load resource: the server responded with a status of 404 (Not Found) @ http://localhost:8081/meetings:0
[  102868ms] [ERROR] Failed to load resource: the server responded with a status of 404 (Not Found) @ http://localhost:3090/api/health:0
[  102869ms] [ERROR] Failed to load resource: the server responded with a status of 404 (Not Found) @ http://localhost:3090/ws:0
[  102869ms] [ERROR] Failed to load resource: the server responded with a status of 404 (Not Found) @ http://localhost:8081/meetings:0
[  102936ms] [ERROR] Failed to load resource: the server responded with a status of 404 (Not Found) @ http://localhost:3090/api/health:0
[  102937ms] [ERROR] Failed to load resource: the server responded with a status of 404 (Not Found) @ http://localhost:3090/ws:0
[  102937ms] [ERROR] Failed to load resource: the server responded with a status of 404 (Not Found) @ http://localhost:8081/meetings:0
[  102992ms] [ERROR] Failed to load resource: the server responded with a status of 404 (Not Found) @ http://localhost:3090/api/health:0
[  102993ms] [ERROR] Failed to load resource: the server responded with a status of 404 (Not Found) @ http://localhost:8081/meetings:0
[  102993ms] [ERROR] Failed to load resource: the server responded with a status of 404 (Not Found) @ http://localhost:3090/ws:0
[  103129ms] [ERROR] Failed to load resource: the server responded with a status of 404 (Not Found) @ http://localhost:3090/api/health:0
[  103141ms] [ERROR] Failed to load resource: the server responded with a status of 404 (Not Found) @ http://localhost:3090/ws:0
[  103142ms] [ERROR] Failed to load resource: the server responded with a status of 404 (Not Found) @ http://localhost:8081/meetings:0
[  103273ms] [ERROR] Failed to load resource: the server responded with a status of 404 (Not Found) @ http://localhost:3090/api/health:0
[  103273ms] [ERROR] Failed to load resource: the server responded with a status of 404 (Not Found) @ http://localhost:3090/ws:0
[  103273ms] [ERROR] Failed to load resource: the server responded with a status of 404 (Not Found) @ http://localhost:8081/meetings:0
[  103541ms] [ERROR] Failed to load resource: the server responded with a status of 404 (Not Found) @ http://localhost:3090/api/health:0
[  103541ms] [ERROR] Failed to load resource: the server responded with a status of 404 (Not Found) @ http://localhost:3090/ws:0
[  103542ms] [ERROR] Failed to load resource: the server responded with a status of 404 (Not Found) @ http://localhost:8081/meetings:0
[  103689ms] [ERROR] Failed to load resource: the server responded with a status of 404 (Not Found) @ http://localhost:3090/api/health:0
[  103690ms] [ERROR] Failed to load resource: the server responded with a status of 404 (Not Found) @ http://localhost:3090/ws:0
[  103690ms] [ERROR] Failed to load resource: the server responded with a status of 404 (Not Found) @ http://localhost:8081/meetings:0
[  103843ms] [ERROR] Failed to load resource: the server responded with a status of 404 (Not Found) @ http://localhost:3090/api/health:0
[  103844ms] [ERROR] Failed to load resource: the server responded with a status of 404 (Not Found) @ http://localhost:3090/ws:0
[  103844ms] [ERROR] Failed to load resource: the server responded with a status of 404 (Not Found) @ http://localhost:8081/meetings:0
[  103925ms] [ERROR] Failed to load resource: the server responded with a status of 404 (Not Found) @ http://localhost:3090/api/health:0
[  103926ms] [ERROR] Failed to load resource: the server responded with a status of 404 (Not Found) @ http://localhost:3090/ws:0
[  103926ms] [ERROR] Failed to load resource: the server responded with a status of 404 (Not Found) @ http://localhost:8081/meetings:0
[  103971ms] [ERROR] Failed to load resource: the server responded with a status of 404 (Not Found) @ http://localhost:3090/api/health:0
[  103972ms] [ERROR] Failed to load resource: the server responded with a status of 404 (Not Found) @ http://localhost:3090/ws:0
[  103976ms] [ERROR] Failed to load resource: the server responded with a status of 404 (Not Found) @ http://localhost:8081/meetings:0
[  104123ms] [ERROR] Failed to load resource: the server responded with a status of 404 (Not Found) @ http://localhost:3090/api/health:0
[  104123ms] [ERROR] Failed to load resource: the server responded with a status of 404 (Not Found) @ http://localhost:8081/meetings:0
[  104124ms] [ERROR] Failed to load resource: the server responded with a status of 404 (Not Found) @ http://localhost:3090/ws:0
[  104255ms] [ERROR] Failed to load resource: the server responded with a status of 404 (Not Found) @ http://localhost:3090/api/health:0
[  104255ms] [ERROR] Failed to load resource: the server responded with a status of 404 (Not Found) @ http://localhost:3090/ws:0
[  104256ms] [ERROR] Failed to load resource: the server responded with a status of 404 (Not Found) @ http://localhost:8081/meetings:0
[  104455ms] [ERROR] Failed to load resource: the server responded with a status of 404 (Not Found) @ http://localhost:3090/api/health:0
[  104455ms] [ERROR] Failed to load resource: the server responded with a status of 404 (Not Found) @ http://localhost:3090/ws:0
[  104455ms] [ERROR] Failed to load resource: the server responded with a status of 404 (Not Found) @ http://localhost:8081/meetings:0
[  104640ms] [ERROR] Failed to load resource: the server responded with a status of 404 (Not Found) @ http://localhost:3090/api/health:0
[  104641ms] [ERROR] Failed to load resource: the server responded with a status of 404 (Not Found) @ http://localhost:8081/meetings:0
[  104641ms] [ERROR] Failed to load resource: the server responded with a status of 404 (Not Found) @ http://localhost:3090/ws:0
[  104807ms] [ERROR] Failed to load resource: the server responded with a status of 404 (Not Found) @ http://localhost:3090/api/health:0
[  104807ms] [ERROR] Failed to load resource: the server responded with a status of 404 (Not Found) @ http://localhost:3090/ws:0
[  104808ms] [ERROR] Failed to load resource: the server responded with a status of 404 (Not Found) @ http://localhost:8081/meetings:0
[  104951ms] [ERROR] Failed to load resource: the server responded with a status of 404 (Not Found) @ http://localhost:3090/api/health:0
[  104951ms] [ERROR] Failed to load resource: the server responded with a status of 404 (Not Found) @ http://localhost:3090/ws:0
[  104951ms] [ERROR] Failed to load resource: the server responded with a status of 404 (Not Found) @ http://localhost:8081/meetings:0
[  105001ms] [ERROR] Failed to load resource: the server responded with a status of 404 (Not Found) @ http://localhost:3090/api/health:0
[  105002ms] [ERROR] Failed to load resource: the server responded with a status of 404 (Not Found) @ http://localhost:3090/ws:0
[  105002ms] [ERROR] Failed to load resource: the server responded with a status of 404 (Not Found) @ http://localhost:8081/meetings:0
[  105136ms] [ERROR] Failed to load resource: the server responded with a status of 404 (Not Found) @ http://localhost:3090/api/health:0
[  105136ms] [ERROR] Failed to load resource: the server responded with a status of 404 (Not Found) @ http://localhost:3090/ws:0
[  105136ms] [ERROR] Failed to load resource: the server responded with a status of 404 (Not Found) @ http://localhost:8081/meetings:0
[  105271ms] [ERROR] Failed to load resource: the server responded with a status of 404 (Not Found) @ http://localhost:3090/api/health:0
[  105271ms] [ERROR] Failed to load resource: the server responded with a status of 404 (Not Found) @ http://localhost:3090/ws:0
[  105271ms] [ERROR] Failed to load resource: the server responded with a status of 404 (Not Found) @ http://localhost:8081/meetings:0
[  105476ms] [ERROR] Failed to load resource: the server responded with a status of 404 (Not Found) @ http://localhost:3090/api/health:0
[  105476ms] [ERROR] Failed to load resource: the server responded with a status of 404 (Not Found) @ http://localhost:3090/ws:0
[  105476ms] [ERROR] Failed to load resource: the server responded with a status of 404 (Not Found) @ http://localhost:8081/meetings:0
[  105645ms] [ERROR] Failed to load resource: the server responded with a status of 404 (Not Found) @ http://localhost:3090/api/health:0
[  105645ms] [ERROR] Failed to load resource: the server responded with a status of 404 (Not Found) @ http://localhost:3090/ws:0
[  105645ms] [ERROR] Failed to load resource: the server responded with a status of 404 (Not Found) @ http://localhost:8081/meetings:0
[  105811ms] [ERROR] Failed to load resource: the server responded with a status of 404 (Not Found) @ http://localhost:3090/api/health:0
[  105811ms] [ERROR] Failed to load resource: the server responded with a status of 404 (Not Found) @ http://localhost:3090/ws:0
[  105812ms] [ERROR] Failed to load resource: the server responded with a status of 404 (Not Found) @ http://localhost:8081/meetings:0
[  105907ms] [ERROR] Failed to load resource: the server responded with a status of 404 (Not Found) @ http://localhost:3090/api/health:0
[  105955ms] [ERROR] Failed to load resource: the server responded with a status of 404 (Not Found) @ http://localhost:3090/ws:0
[  105957ms] [ERROR] Failed to load resource: the server responded with a status of 404 (Not Found) @ http://localhost:8081/meetings:0
[  106003ms] [ERROR] Failed to load resource: the server responded with a status of 404 (Not Found) @ http://localhost:3090/api/health:0
[  106004ms] [ERROR] Failed to load resource: the server responded with a status of 404 (Not Found) @ http://localhost:3090/ws:0
[  106004ms] [ERROR] Failed to load resource: the server responded with a status of 404 (Not Found) @ http://localhost:8081/meetings:0
[  106106ms] [ERROR] Failed to load resource: the server responded with a status of 404 (Not Found) @ http://localhost:3090/api/health:0
[  106106ms] [ERROR] Failed to load resource: the server responded with a status of 404 (Not Found) @ http://localhost:3090/ws:0
[  106106ms] [ERROR] Failed to load resource: the server responded with a status of 404 (Not Found) @ http://localhost:8081/meetings:0
[  106285ms] [ERROR] Failed to load resource: the server responded with a status of 404 (Not Found) @ http://localhost:3090/api/health:0
[  106286ms] [ERROR] Failed to load resource: the server responded with a status of 404 (Not Found) @ http://localhost:3090/ws:0
[  106286ms] [ERROR] Failed to load resource: the server responded with a status of 404 (Not Found) @ http://localhost:8081/meetings:0
[  106511ms] [ERROR] Failed to load resource: the server responded with a status of 404 (Not Found) @ http://localhost:3090/api/health:0
[  106519ms] [ERROR] Failed to load resource: the server responded with a status of 404 (Not Found) @ http://localhost:3090/ws:0
[  106519ms] [ERROR] Failed to load resource: the server responded with a status of 404 (Not Found) @ http://localhost:8081/meetings:0
[  106700ms] [ERROR] Failed to load resource: the server responded with a status of 404 (Not Found) @ http://localhost:3090/api/health:0
[  106701ms] [ERROR] Failed to load resource: the server responded with a status of 404 (Not Found) @ http://localhost:3090/ws:0
[  106701ms] [ERROR] Failed to load resource: the server responded with a status of 404 (Not Found) @ http://localhost:8081/meetings:0
[  106866ms] [ERROR] Failed to load resource: the server responded with a status of 404 (Not Found) @ http://localhost:3090/api/health:0
[  106867ms] [ERROR] Failed to load resource: the server responded with a status of 404 (Not Found) @ http://localhost:3090/ws:0
[  106867ms] [ERROR] Failed to load resource: the server responded with a status of 404 (Not Found) @ http://localhost:8081/meetings:0
[  107014ms] [ERROR] Failed to load resource: the server responded with a status of 404 (Not Found) @ http://localhost:3090/api/health:0
[  107014ms] [ERROR] Failed to load resource: the server responded with a status of 404 (Not Found) @ http://localhost:3090/ws:0
[  107014ms] [ERROR] Failed to load resource: the server responded with a status of 404 (Not Found) @ http://localhost:8081/meetings:0
[  107049ms] [ERROR] Failed to load resource: the server responded with a status of 404 (Not Found) @ http://localhost:3090/api/health:0
[  107049ms] [ERROR] Failed to load resource: the server responded with a status of 404 (Not Found) @ http://localhost:3090/ws:0
[  107049ms] [ERROR] Failed to load resource: the server responded with a status of 404 (Not Found) @ http://localhost:8081/meetings:0
[  107171ms] [ERROR] Failed to load resource: the server responded with a status of 404 (Not Found) @ http://localhost:3090/api/health:0
[  107172ms] [ERROR] Failed to load resource: the server responded with a status of 404 (Not Found) @ http://localhost:3090/ws:0
[  107176ms] [ERROR] Failed to load resource: the server responded with a status of 404 (Not Found) @ http://localhost:8081/meetings:0
[  107304ms] [ERROR] Failed to load resource: the server responded with a status of 404 (Not Found) @ http://localhost:3090/api/health:0
[  107304ms] [ERROR] Failed to load resource: the server responded with a status of 404 (Not Found) @ http://localhost:3090/ws:0
[  107304ms] [ERROR] Failed to load resource: the server responded with a status of 404 (Not Found) @ http://localhost:8081/meetings:0
[  107531ms] [ERROR] Failed to load resource: the server responded with a status of 404 (Not Found) @ http://localhost:3090/api/health:0
[  107531ms] [ERROR] Failed to load resource: the server responded with a status of 404 (Not Found) @ http://localhost:3090/ws:0
[  107532ms] [ERROR] Failed to load resource: the server responded with a status of 404 (Not Found) @ http://localhost:8081/meetings:0
[  107715ms] [ERROR] Failed to load resource: the server responded with a status of 404 (Not Found) @ http://localhost:3090/api/health:0
[  107715ms] [ERROR] Failed to load resource: the server responded with a status of 404 (Not Found) @ http://localhost:3090/ws:0
[  107723ms] [ERROR] Failed to load resource: the server responded with a status of 404 (Not Found) @ http://localhost:8081/meetings:0
[  107878ms] [ERROR] Failed to load resource: the server responded with a status of 404 (Not Found) @ http://localhost:3090/api/health:0
[  107878ms] [ERROR] Failed to load resource: the server responded with a status of 404 (Not Found) @ http://localhost:3090/ws:0
[  107878ms] [ERROR] Failed to load resource: the server responded with a status of 404 (Not Found) @ http://localhost:8081/meetings:0
[  108022ms] [ERROR] Failed to load resource: the server responded with a status of 404 (Not Found) @ http://localhost:3090/api/health:0
[  108022ms] [ERROR] Failed to load resource: the server responded with a status of 404 (Not Found) @ http://localhost:3090/ws:0
[  108022ms] [ERROR] Failed to load resource: the server responded with a status of 404 (Not Found) @ http://localhost:8081/meetings:0
[  108066ms] [ERROR] Failed to load resource: the server responded with a status of 404 (Not Found) @ http://localhost:3090/api/health:0
[  108066ms] [ERROR] Failed to load resource: the server responded with a status of 404 (Not Found) @ http://localhost:3090/ws:0
[  108070ms] [ERROR] Failed to load resource: the server responded with a status of 404 (Not Found) @ http://localhost:8081/meetings:0
[  108480ms] [ERROR] Failed to load resource: the server responded with a status of 404 (Not Found) @ http://localhost:3090/api/health:0
[  108480ms] [ERROR] Failed to load resource: the server responded with a status of 404 (Not Found) @ http://localhost:3090/ws:0
[  108550ms] [ERROR] Failed to load resource: the server responded with a status of 404 (Not Found) @ http://localhost:8081/meetings:0
[  108711ms] [ERROR] Failed to load resource: the server responded with a status of 404 (Not Found) @ http://localhost:3090/api/health:0
[  108711ms] [ERROR] Failed to load resource: the server responded with a status of 404 (Not Found) @ http://localhost:3090/ws:0
[  108711ms] [ERROR] Failed to load resource: the server responded with a status of 404 (Not Found) @ http://localhost:8081/meetings:0
[  108873ms] [ERROR] Failed to load resource: the server responded with a status of 404 (Not Found) @ http://localhost:3090/api/health:0
[  108873ms] [ERROR] Failed to load resource: the server responded with a status of 404 (Not Found) @ http://localhost:3090/ws:0
[  108873ms] [ERROR] Failed to load resource: the server responded with a status of 404 (Not Found) @ http://localhost:8081/meetings:0
[  109010ms] [ERROR] Failed to load resource: the server responded with a status of 404 (Not Found) @ http://localhost:3090/api/health:0
[  109010ms] [ERROR] Failed to load resource: the server responded with a status of 404 (Not Found) @ http://localhost:3090/ws:0
[  109011ms] [ERROR] Failed to load resource: the server responded with a status of 404 (Not Found) @ http://localhost:8081/meetings:0
[  109063ms] [ERROR] Failed to load resource: the server responded with a status of 404 (Not Found) @ http://localhost:3090/api/health:0
[  109063ms] [ERROR] Failed to load resource: the server responded with a status of 404 (Not Found) @ http://localhost:3090/ws:0
[  109063ms] [ERROR] Failed to load resource: the server responded with a status of 404 (Not Found) @ http://localhost:8081/meetings:0
[  109171ms] [ERROR] Failed to load resource: the server responded with a status of 404 (Not Found) @ http://localhost:3090/api/health:0
[  109172ms] [ERROR] Failed to load resource: the server responded with a status of 404 (Not Found) @ http://localhost:3090/ws:0
[  109172ms] [ERROR] Failed to load resource: the server responded with a status of 404 (Not Found) @ http://localhost:8081/meetings:0
[  109329ms] [ERROR] Failed to load resource: the server responded with a status of 404 (Not Found) @ http://localhost:3090/api/health:0
[  109329ms] [ERROR] Failed to load resource: the server responded with a status of 404 (Not Found) @ http://localhost:3090/ws:0
[  109329ms] [ERROR] Failed to load resource: the server responded with a status of 404 (Not Found) @ http://localhost:8081/meetings:0
[  109484ms] [ERROR] Failed to load resource: the server responded with a status of 404 (Not Found) @ http://localhost:3090/api/health:0
[  109485ms] [ERROR] Failed to load resource: the server responded with a status of 404 (Not Found) @ http://localhost:3090/ws:0
[  109485ms] [ERROR] Failed to load resource: the server responded with a status of 404 (Not Found) @ http://localhost:8081/meetings:0
[  109744ms] [ERROR] Failed to load resource: the server responded with a status of 404 (Not Found) @ http://localhost:3090/api/health:0
[  109744ms] [ERROR] Failed to load resource: the server responded with a status of 404 (Not Found) @ http://localhost:3090/ws:0
[  109744ms] [ERROR] Failed to load resource: the server responded with a status of 404 (Not Found) @ http://localhost:8081/meetings:0
[  109908ms] [ERROR] Failed to load resource: the server responded with a status of 404 (Not Found) @ http://localhost:3090/api/health:0
[  109909ms] [ERROR] Failed to load resource: the server responded with a status of 404 (Not Found) @ http://localhost:3090/ws:0
[  109909ms] [ERROR] Failed to load resource: the server responded with a status of 404 (Not Found) @ http://localhost:8081/meetings:0
[  110002ms] [ERROR] Failed to load resource: the server responded with a status of 404 (Not Found) @ http://localhost:3090/api/health:0
[  110068ms] [ERROR] Failed to load resource: the server responded with a status of 404 (Not Found) @ http://localhost:3090/ws:0
[  110070ms] [ERROR] Failed to load resource: the server responded with a status of 404 (Not Found) @ http://localhost:8081/meetings:0
[  110161ms] [ERROR] Failed to load resource: the server responded with a status of 404 (Not Found) @ http://localhost:3090/api/health:0
[  110162ms] [ERROR] Failed to load resource: the server responded with a status of 404 (Not Found) @ http://localhost:3090/ws:0
[  110166ms] [ERROR] Failed to load resource: the server responded with a status of 404 (Not Found) @ http://localhost:8081/meetings:0
[  110227ms] [ERROR] Failed to load resource: the server responded with a status of 404 (Not Found) @ http://localhost:3090/api/health:0
[  110228ms] [ERROR] Failed to load resource: the server responded with a status of 404 (Not Found) @ http://localhost:3090/ws:0
[  110228ms] [ERROR] Failed to load resource: the server responded with a status of 404 (Not Found) @ http://localhost:8081/meetings:0
[  110357ms] [ERROR] Failed to load resource: the server responded with a status of 404 (Not Found) @ http://localhost:3090/api/health:0
[  110357ms] [ERROR] Failed to load resource: the server responded with a status of 404 (Not Found) @ http://localhost:3090/ws:0
[  110365ms] [ERROR] Failed to load resource: the server responded with a status of 404 (Not Found) @ http://localhost:8081/meetings:0
[  110503ms] [ERROR] Failed to load resource: the server responded with a status of 404 (Not Found) @ http://localhost:3090/api/health:0
[  110503ms] [ERROR] Failed to load resource: the server responded with a status of 404 (Not Found) @ http://localhost:3090/ws:0
[  110503ms] [ERROR] Failed to load resource: the server responded with a status of 404 (Not Found) @ http://localhost:8081/meetings:0
[  110758ms] [ERROR] Failed to load resource: the server responded with a status of 404 (Not Found) @ http://localhost:3090/api/health:0
[  110758ms] [ERROR] Failed to load resource: the server responded with a status of 404 (Not Found) @ http://localhost:3090/ws:0
[  110758ms] [ERROR] Failed to load resource: the server responded with a status of 404 (Not Found) @ http://localhost:8081/meetings:0
[  110913ms] [ERROR] Failed to load resource: the server responded with a status of 404 (Not Found) @ http://localhost:3090/api/health:0
[  110913ms] [ERROR] Failed to load resource: the server responded with a status of 404 (Not Found) @ http://localhost:3090/ws:0
[  110914ms] [ERROR] Failed to load resource: the server responded with a status of 404 (Not Found) @ http://localhost:8081/meetings:0
[  111069ms] [ERROR] Failed to load resource: the server responded with a status of 404 (Not Found) @ http://localhost:3090/api/health:0
[  111071ms] [ERROR] Failed to load resource: the server responded with a status of 404 (Not Found) @ http://localhost:3090/ws:0
[  111072ms] [ERROR] Failed to load resource: the server responded with a status of 404 (Not Found) @ http://localhost:8081/meetings:0
[  111153ms] [ERROR] Failed to load resource: the server responded with a status of 404 (Not Found) @ http://localhost:3090/api/health:0
[  111154ms] [ERROR] Failed to load resource: the server responded with a status of 404 (Not Found) @ http://localhost:3090/ws:0
[  111154ms] [ERROR] Failed to load resource: the server responded with a status of 404 (Not Found) @ http://localhost:8081/meetings:0
[  111216ms] [ERROR] Failed to load resource: the server responded with a status of 404 (Not Found) @ http://localhost:3090/api/health:0
[  111216ms] [ERROR] Failed to load resource: the server responded with a status of 404 (Not Found) @ http://localhost:3090/ws:0
[  111216ms] [ERROR] Failed to load resource: the server responded with a status of 404 (Not Found) @ http://localhost:8081/meetings:0
[  111359ms] [ERROR] Failed to load resource: the server responded with a status of 404 (Not Found) @ http://localhost:3090/api/health:0
[  111359ms] [ERROR] Failed to load resource: the server responded with a status of 404 (Not Found) @ http://localhost:3090/ws:0
[  111360ms] [ERROR] Failed to load resource: the server responded with a status of 404 (Not Found) @ http://localhost:8081/meetings:0
[  111521ms] [ERROR] Failed to load resource: the server responded with a status of 404 (Not Found) @ http://localhost:3090/api/health:0
[  111528ms] [ERROR] Failed to load resource: the server responded with a status of 404 (Not Found) @ http://localhost:3090/ws:0
[  111529ms] [ERROR] Failed to load resource: the server responded with a status of 404 (Not Found) @ http://localhost:8081/meetings:0
[  111783ms] [ERROR] Failed to load resource: the server responded with a status of 404 (Not Found) @ http://localhost:3090/api/health:0
[  111791ms] [ERROR] Failed to load resource: the server responded with a status of 404 (Not Found) @ http://localhost:3090/ws:0
[  111791ms] [ERROR] Failed to load resource: the server responded with a status of 404 (Not Found) @ http://localhost:8081/meetings:0
[  111945ms] [ERROR] Failed to load resource: the server responded with a status of 404 (Not Found) @ http://localhost:3090/api/health:0
[  111945ms] [ERROR] Failed to load resource: the server responded with a status of 404 (Not Found) @ http://localhost:3090/ws:0
[  111945ms] [ERROR] Failed to load resource: the server responded with a status of 404 (Not Found) @ http://localhost:8081/meetings:0
[  112094ms] [ERROR] Failed to load resource: the server responded with a status of 404 (Not Found) @ http://localhost:3090/api/health:0
[  112094ms] [ERROR] Failed to load resource: the server responded with a status of 404 (Not Found) @ http://localhost:3090/ws:0
[  112094ms] [ERROR] Failed to load resource: the server responded with a status of 404 (Not Found) @ http://localhost:8081/meetings:0
[  112173ms] [ERROR] Failed to load resource: the server responded with a status of 404 (Not Found) @ http://localhost:3090/api/health:0
[  112173ms] [ERROR] Failed to load resource: the server responded with a status of 404 (Not Found) @ http://localhost:3090/ws:0
[  112177ms] [ERROR] Failed to load resource: the server responded with a status of 404 (Not Found) @ http://localhost:8081/meetings:0
[  112247ms] [ERROR] Failed to load resource: the server responded with a status of 404 (Not Found) @ http://localhost:3090/api/health:0
[  112247ms] [ERROR] Failed to load resource: the server responded with a status of 404 (Not Found) @ http://localhost:3090/ws:0
[  112256ms] [ERROR] Failed to load resource: the server responded with a status of 404 (Not Found) @ http://localhost:8081/meetings:0
[  112427ms] [ERROR] Failed to load resource: the server responded with a status of 404 (Not Found) @ http://localhost:3090/api/health:0
[  112428ms] [ERROR] Failed to load resource: the server responded with a status of 404 (Not Found) @ http://localhost:3090/ws:0
[  112437ms] [ERROR] Failed to load resource: the server responded with a status of 404 (Not Found) @ http://localhost:8081/meetings:0
[  112558ms] [ERROR] Failed to load resource: the server responded with a status of 404 (Not Found) @ http://localhost:3090/api/health:0
[  112559ms] [ERROR] Failed to load resource: the server responded with a status of 404 (Not Found) @ http://localhost:3090/ws:0
[  112559ms] [ERROR] Failed to load resource: the server responded with a status of 404 (Not Found) @ http://localhost:8081/meetings:0
[  112836ms] [ERROR] Failed to load resource: the server responded with a status of 404 (Not Found) @ http://localhost:3090/api/health:0
[  112845ms] [ERROR] Failed to load resource: the server responded with a status of 404 (Not Found) @ http://localhost:3090/ws:0
[  112845ms] [ERROR] Failed to load resource: the server responded with a status of 404 (Not Found) @ http://localhost:8081/meetings:0
[  113001ms] [ERROR] Failed to load resource: the server responded with a status of 404 (Not Found) @ http://localhost:3090/api/health:0
[  113001ms] [ERROR] Failed to load resource: the server responded with a status of 404 (Not Found) @ http://localhost:3090/ws:0
[  113001ms] [ERROR] Failed to load resource: the server responded with a status of 404 (Not Found) @ http://localhost:8081/meetings:0
[  113161ms] [ERROR] Failed to load resource: the server responded with a status of 404 (Not Found) @ http://localhost:3090/api/health:0
[  113161ms] [ERROR] Failed to load resource: the server responded with a status of 404 (Not Found) @ http://localhost:8081/meetings:0
[  113162ms] [ERROR] Failed to load resource: the server responded with a status of 404 (Not Found) @ http://localhost:3090/ws:0
[  113249ms] [ERROR] Failed to load resource: the server responded with a status of 404 (Not Found) @ http://localhost:3090/api/health:0
[  113254ms] [ERROR] Failed to load resource: the server responded with a status of 404 (Not Found) @ http://localhost:3090/ws:0
[  113260ms] [ERROR] Failed to load resource: the server responded with a status of 404 (Not Found) @ http://localhost:8081/meetings:0
[  113311ms] [ERROR] Failed to load resource: the server responded with a status of 404 (Not Found) @ http://localhost:3090/api/health:0
[  113318ms] [ERROR] Failed to load resource: the server responded with a status of 404 (Not Found) @ http://localhost:3090/ws:0
[  113319ms] [ERROR] Failed to load resource: the server responded with a status of 404 (Not Found) @ http://localhost:8081/meetings:0
[  113469ms] [ERROR] Failed to load resource: the server responded with a status of 404 (Not Found) @ http://localhost:3090/api/health:0
[  113469ms] [ERROR] Failed to load resource: the server responded with a status of 404 (Not Found) @ http://localhost:3090/ws:0
[  113480ms] [ERROR] Failed to load resource: the server responded with a status of 404 (Not Found) @ http://localhost:8081/meetings:0
[  113645ms] [ERROR] Failed to load resource: the server responded with a status of 404 (Not Found) @ http://localhost:3090/api/health:0
[  113646ms] [ERROR] Failed to load resource: the server responded with a status of 404 (Not Found) @ http://localhost:3090/ws:0
[  113654ms] [ERROR] Failed to load resource: the server responded with a status of 404 (Not Found) @ http://localhost:8081/meetings:0
[  113962ms] [ERROR] Failed to load resource: the server responded with a status of 404 (Not Found) @ http://localhost:3090/api/health:0
[  113962ms] [ERROR] Failed to load resource: the server responded with a status of 404 (Not Found) @ http://localhost:3090/ws:0
[  113970ms] [ERROR] Failed to load resource: the server responded with a status of 404 (Not Found) @ http://localhost:8081/meetings:0
[  114132ms] [ERROR] Failed to load resource: the server responded with a status of 404 (Not Found) @ http://localhost:3090/api/health:0
[  114133ms] [ERROR] Failed to load resource: the server responded with a status of 404 (Not Found) @ http://localhost:3090/ws:0
[  114134ms] [ERROR] Failed to load resource: the server responded with a status of 404 (Not Found) @ http://localhost:8081/meetings:0
[  114291ms] [ERROR] Failed to load resource: the server responded with a status of 404 (Not Found) @ http://localhost:3090/api/health:0
[  114292ms] [ERROR] Failed to load resource: the server responded with a status of 404 (Not Found) @ http://localhost:3090/ws:0
[  114292ms] [ERROR] Failed to load resource: the server responded with a status of 404 (Not Found) @ http://localhost:8081/meetings:0
[  114374ms] [ERROR] Failed to load resource: the server responded with a status of 404 (Not Found) @ http://localhost:3090/api/health:0
[  114378ms] [ERROR] Failed to load resource: the server responded with a status of 404 (Not Found) @ http://localhost:8081/meetings:0
[  114379ms] [ERROR] Failed to load resource: the server responded with a status of 404 (Not Found) @ http://localhost:3090/ws:0
[  114462ms] [ERROR] Failed to load resource: the server responded with a status of 404 (Not Found) @ http://localhost:3090/api/health:0
[  114462ms] [ERROR] Failed to load resource: the server responded with a status of 404 (Not Found) @ http://localhost:3090/ws:0
[  114462ms] [ERROR] Failed to load resource: the server responded with a status of 404 (Not Found) @ http://localhost:8081/meetings:0
[  114593ms] [ERROR] Failed to load resource: the server responded with a status of 404 (Not Found) @ http://localhost:3090/api/health:0
[  114594ms] [ERROR] Failed to load resource: the server responded with a status of 404 (Not Found) @ http://localhost:3090/ws:0
[  114601ms] [ERROR] Failed to load resource: the server responded with a status of 404 (Not Found) @ http://localhost:8081/meetings:0
[  114741ms] [ERROR] Failed to load resource: the server responded with a status of 404 (Not Found) @ http://localhost:3090/api/health:0
[  114741ms] [ERROR] Failed to load resource: the server responded with a status of 404 (Not Found) @ http://localhost:3090/ws:0
[  114741ms] [ERROR] Failed to load resource: the server responded with a status of 404 (Not Found) @ http://localhost:8081/meetings:0
[  115038ms] [ERROR] Failed to load resource: the server responded with a status of 404 (Not Found) @ http://localhost:3090/api/health:0
[  115038ms] [ERROR] Failed to load resource: the server responded with a status of 404 (Not Found) @ http://localhost:3090/ws:0
[  115038ms] [ERROR] Failed to load resource: the server responded with a status of 404 (Not Found) @ http://localhost:8081/meetings:0
[  115182ms] [ERROR] Failed to load resource: the server responded with a status of 404 (Not Found) @ http://localhost:3090/api/health:0
[  115182ms] [ERROR] Failed to load resource: the server responded with a status of 404 (Not Found) @ http://localhost:3090/ws:0
[  115182ms] [ERROR] Failed to load resource: the server responded with a status of 404 (Not Found) @ http://localhost:8081/meetings:0
[  115339ms] [ERROR] Failed to load resource: the server responded with a status of 404 (Not Found) @ http://localhost:3090/api/health:0
[  115340ms] [ERROR] Failed to load resource: the server responded with a status of 404 (Not Found) @ http://localhost:3090/ws:0
[  115340ms] [ERROR] Failed to load resource: the server responded with a status of 404 (Not Found) @ http://localhost:8081/meetings:0
[  115422ms] [ERROR] Failed to load resource: the server responded with a status of 404 (Not Found) @ http://localhost:3090/api/health:0
[  115427ms] [ERROR] Failed to load resource: the server responded with a status of 404 (Not Found) @ http://localhost:3090/ws:0
[  115427ms] [ERROR] Failed to load resource: the server responded with a status of 404 (Not Found) @ http://localhost:8081/meetings:0
[  115476ms] [ERROR] Failed to load resource: the server responded with a status of 404 (Not Found) @ http://localhost:3090/api/health:0
[  115477ms] [ERROR] Failed to load resource: the server responded with a status of 404 (Not Found) @ http://localhost:3090/ws:0
[  115477ms] [ERROR] Failed to load resource: the server responded with a status of 404 (Not Found) @ http://localhost:8081/meetings:0
[  115650ms] [ERROR] Failed to load resource: the server responded with a status of 404 (Not Found) @ http://localhost:3090/api/health:0
[  115651ms] [ERROR] Failed to load resource: the server responded with a status of 404 (Not Found) @ http://localhost:3090/ws:0
[  115651ms] [ERROR] Failed to load resource: the server responded with a status of 404 (Not Found) @ http://localhost:8081/meetings:0
[  115797ms] [ERROR] Failed to load resource: the server responded with a status of 404 (Not Found) @ http://localhost:3090/api/health:0
[  115797ms] [ERROR] Failed to load resource: the server responded with a status of 404 (Not Found) @ http://localhost:3090/ws:0
[  115798ms] [ERROR] Failed to load resource: the server responded with a status of 404 (Not Found) @ http://localhost:8081/meetings:0
[  116062ms] [ERROR] Failed to load resource: the server responded with a status of 404 (Not Found) @ http://localhost:3090/api/health:0
[  116070ms] [ERROR] Failed to load resource: the server responded with a status of 404 (Not Found) @ http://localhost:8081/meetings:0
[  116070ms] [ERROR] Failed to load resource: the server responded with a status of 404 (Not Found) @ http://localhost:3090/ws:0
[  116226ms] [ERROR] Failed to load resource: the server responded with a status of 404 (Not Found) @ http://localhost:3090/api/health:0
[  116227ms] [ERROR] Failed to load resource: the server responded with a status of 404 (Not Found) @ http://localhost:3090/ws:0
[  116228ms] [ERROR] Failed to load resource: the server responded with a status of 404 (Not Found) @ http://localhost:8081/meetings:0
[  116386ms] [ERROR] Failed to load resource: the server responded with a status of 404 (Not Found) @ http://localhost:3090/api/health:0
[  116387ms] [ERROR] Failed to load resource: the server responded with a status of 404 (Not Found) @ http://localhost:3090/ws:0
[  116387ms] [ERROR] Failed to load resource: the server responded with a status of 404 (Not Found) @ http://localhost:8081/meetings:0
[  116481ms] [ERROR] Failed to load resource: the server responded with a status of 404 (Not Found) @ http://localhost:3090/api/health:0
[  116495ms] [ERROR] Failed to load resource: the server responded with a status of 404 (Not Found) @ http://localhost:3090/ws:0
[  116496ms] [ERROR] Failed to load resource: the server responded with a status of 404 (Not Found) @ http://localhost:8081/meetings:0
[  116531ms] [ERROR] Failed to load resource: the server responded with a status of 404 (Not Found) @ http://localhost:3090/api/health:0
[  116531ms] [ERROR] Failed to load resource: the server responded with a status of 404 (Not Found) @ http://localhost:3090/ws:0
[  116531ms] [ERROR] Failed to load resource: the server responded with a status of 404 (Not Found) @ http://localhost:8081/meetings:0
[  116692ms] [ERROR] Failed to load resource: the server responded with a status of 404 (Not Found) @ http://localhost:3090/api/health:0
[  116693ms] [ERROR] Failed to load resource: the server responded with a status of 404 (Not Found) @ http://localhost:3090/ws:0
[  116693ms] [ERROR] Failed to load resource: the server responded with a status of 404 (Not Found) @ http://localhost:8081/meetings:0
[  116854ms] [ERROR] Failed to load resource: the server responded with a status of 404 (Not Found) @ http://localhost:3090/api/health:0
[  116862ms] [ERROR] Failed to load resource: the server responded with a status of 404 (Not Found) @ http://localhost:3090/ws:0
[  116862ms] [ERROR] Failed to load resource: the server responded with a status of 404 (Not Found) @ http://localhost:8081/meetings:0
[  117112ms] [ERROR] Failed to load resource: the server responded with a status of 404 (Not Found) @ http://localhost:3090/api/health:0
[  117112ms] [ERROR] Failed to load resource: the server responded with a status of 404 (Not Found) @ http://localhost:3090/ws:0
[  117119ms] [ERROR] Failed to load resource: the server responded with a status of 404 (Not Found) @ http://localhost:8081/meetings:0
[  117277ms] [ERROR] Failed to load resource: the server responded with a status of 404 (Not Found) @ http://localhost:3090/api/health:0
[  117277ms] [ERROR] Failed to load resource: the server responded with a status of 404 (Not Found) @ http://localhost:3090/ws:0
[  117277ms] [ERROR] Failed to load resource: the server responded with a status of 404 (Not Found) @ http://localhost:8081/meetings:0
[  117435ms] [ERROR] Failed to load resource: the server responded with a status of 404 (Not Found) @ http://localhost:3090/api/health:0
[  117436ms] [ERROR] Failed to load resource: the server responded with a status of 404 (Not Found) @ http://localhost:3090/ws:0
[  117437ms] [ERROR] Failed to load resource: the server responded with a status of 404 (Not Found) @ http://localhost:8081/meetings:0
[  117525ms] [ERROR] Failed to load resource: the server responded with a status of 404 (Not Found) @ http://localhost:3090/api/health:0
[  117539ms] [ERROR] Failed to load resource: the server responded with a status of 404 (Not Found) @ http://localhost:3090/ws:0
[  117540ms] [ERROR] Failed to load resource: the server responded with a status of 404 (Not Found) @ http://localhost:8081/meetings:0
[  117574ms] [ERROR] Failed to load resource: the server responded with a status of 404 (Not Found) @ http://localhost:3090/api/health:0
[  117574ms] [ERROR] Failed to load resource: the server responded with a status of 404 (Not Found) @ http://localhost:3090/ws:0
[  117575ms] [ERROR] Failed to load resource: the server responded with a status of 404 (Not Found) @ http://localhost:8081/meetings:0
[  117716ms] [ERROR] Failed to load resource: the server responded with a status of 404 (Not Found) @ http://localhost:3090/api/health:0
[  117716ms] [ERROR] Failed to load resource: the server responded with a status of 404 (Not Found) @ http://localhost:3090/ws:0
[  117717ms] [ERROR] Failed to load resource: the server responded with a status of 404 (Not Found) @ http://localhost:8081/meetings:0
[  117926ms] [ERROR] Failed to load resource: the server responded with a status of 404 (Not Found) @ http://localhost:3090/api/health:0
[  117935ms] [ERROR] Failed to load resource: the server responded with a status of 404 (Not Found) @ http://localhost:8081/meetings:0
[  117935ms] [ERROR] Failed to load resource: the server responded with a status of 404 (Not Found) @ http://localhost:3090/ws:0
[  118201ms] [ERROR] Failed to load resource: the server responded with a status of 404 (Not Found) @ http://localhost:3090/api/health:0
[  118202ms] [ERROR] Failed to load resource: the server responded with a status of 404 (Not Found) @ http://localhost:3090/ws:0
[  118202ms] [ERROR] Failed to load resource: the server responded with a status of 404 (Not Found) @ http://localhost:8081/meetings:0
[  118354ms] [ERROR] Failed to load resource: the server responded with a status of 404 (Not Found) @ http://localhost:3090/api/health:0
[  118355ms] [ERROR] Failed to load resource: the server responded with a status of 404 (Not Found) @ http://localhost:8081/meetings:0
[  118355ms] [ERROR] Failed to load resource: the server responded with a status of 404 (Not Found) @ http://localhost:3090/ws:0
[  118443ms] [ERROR] Failed to load resource: the server responded with a status of 404 (Not Found) @ http://localhost:3090/api/health:0
[  118444ms] [ERROR] Failed to load resource: the server responded with a status of 404 (Not Found) @ http://localhost:3090/ws:0
[  118444ms] [ERROR] Failed to load resource: the server responded with a status of 404 (Not Found) @ http://localhost:8081/meetings:0
[  118587ms] [ERROR] Failed to load resource: the server responded with a status of 404 (Not Found) @ http://localhost:3090/api/health:0
[  118587ms] [ERROR] Failed to load resource: the server responded with a status of 404 (Not Found) @ http://localhost:3090/ws:0
[  118588ms] [ERROR] Failed to load resource: the server responded with a status of 404 (Not Found) @ http://localhost:8081/meetings:0
[  118639ms] [ERROR] Failed to load resource: the server responded with a status of 404 (Not Found) @ http://localhost:3090/api/health:0
[  118639ms] [ERROR] Failed to load resource: the server responded with a status of 404 (Not Found) @ http://localhost:3090/ws:0
[  118648ms] [ERROR] Failed to load resource: the server responded with a status of 404 (Not Found) @ http://localhost:8081/meetings:0
[  118801ms] [ERROR] Failed to load resource: the server responded with a status of 404 (Not Found) @ http://localhost:3090/api/health:0
[  118801ms] [ERROR] Failed to load resource: the server responded with a status of 404 (Not Found) @ http://localhost:3090/ws:0
[  118809ms] [ERROR] Failed to load resource: the server responded with a status of 404 (Not Found) @ http://localhost:8081/meetings:0
[  118956ms] [ERROR] Failed to load resource: the server responded with a status of 404 (Not Found) @ http://localhost:3090/api/health:0
[  118970ms] [ERROR] Failed to load resource: the server responded with a status of 404 (Not Found) @ http://localhost:3090/ws:0
[  118971ms] [ERROR] Failed to load resource: the server responded with a status of 404 (Not Found) @ http://localhost:8081/meetings:0
[  119214ms] [ERROR] Failed to load resource: the server responded with a status of 404 (Not Found) @ http://localhost:3090/api/health:0
[  119221ms] [ERROR] Failed to load resource: the server responded with a status of 404 (Not Found) @ http://localhost:3090/ws:0
[  119222ms] [ERROR] Failed to load resource: the server responded with a status of 404 (Not Found) @ http://localhost:8081/meetings:0
[  119386ms] [ERROR] Failed to load resource: the server responded with a status of 404 (Not Found) @ http://localhost:3090/api/health:0
[  119386ms] [ERROR] Failed to load resource: the server responded with a status of 404 (Not Found) @ http://localhost:3090/ws:0
[  119387ms] [ERROR] Failed to load resource: the server responded with a status of 404 (Not Found) @ http://localhost:8081/meetings:0
[  119571ms] [ERROR] Failed to load resource: the server responded with a status of 404 (Not Found) @ http://localhost:3090/api/health:0
[  119571ms] [ERROR] Failed to load resource: the server responded with a status of 404 (Not Found) @ http://localhost:3090/ws:0
[  119572ms] [ERROR] Failed to load resource: the server responded with a status of 404 (Not Found) @ http://localhost:8081/meetings:0
[  119676ms] [ERROR] Failed to load resource: the server responded with a status of 404 (Not Found) @ http://localhost:3090/api/health:0
[  119676ms] [ERROR] Failed to load resource: the server responded with a status of 404 (Not Found) @ http://localhost:3090/ws:0
[  119677ms] [ERROR] Failed to load resource: the server responded with a status of 404 (Not Found) @ http://localhost:8081/meetings:0
[  119829ms] [ERROR] Failed to load resource: the server responded with a status of 404 (Not Found) @ http://localhost:3090/api/health:0
[  119830ms] [ERROR] Failed to load resource: the server responded with a status of 404 (Not Found) @ http://localhost:3090/ws:0
[  119830ms] [ERROR] Failed to load resource: the server responded with a status of 404 (Not Found) @ http://localhost:8081/meetings:0
[  120015ms] [ERROR] Failed to load resource: the server responded with a status of 404 (Not Found) @ http://localhost:3090/api/health:0
[  120016ms] [ERROR] Failed to load resource: the server responded with a status of 404 (Not Found) @ http://localhost:3090/ws:0
[  120016ms] [ERROR] Failed to load resource: the server responded with a status of 404 (Not Found) @ http://localhost:8081/meetings:0
[  120314ms] [ERROR] Failed to load resource: the server responded with a status of 404 (Not Found) @ http://localhost:3090/api/health:0
[  120314ms] [ERROR] Failed to load resource: the server responded with a status of 404 (Not Found) @ http://localhost:3090/ws:0
[  120315ms] [ERROR] Failed to load resource: the server responded with a status of 404 (Not Found) @ http://localhost:8081/meetings:0
[  120484ms] [ERROR] Failed to load resource: the server responded with a status of 404 (Not Found) @ http://localhost:3090/api/health:0
[  120485ms] [ERROR] Failed to load resource: the server responded with a status of 404 (Not Found) @ http://localhost:3090/ws:0
[  120486ms] [ERROR] Failed to load resource: the server responded with a status of 404 (Not Found) @ http://localhost:8081/meetings:0
[  120683ms] [ERROR] Failed to load resource: the server responded with a status of 404 (Not Found) @ http://localhost:3090/api/health:0
[  120683ms] [ERROR] Failed to load resource: the server responded with a status of 404 (Not Found) @ http://localhost:3090/ws:0
[  120684ms] [ERROR] Failed to load resource: the server responded with a status of 404 (Not Found) @ http://localhost:8081/meetings:0
[  120790ms] [ERROR] Failed to load resource: the server responded with a status of 404 (Not Found) @ http://localhost:3090/api/health:0
[  120791ms] [ERROR] Failed to load resource: the server responded with a status of 404 (Not Found) @ http://localhost:3090/ws:0
[  120791ms] [ERROR] Failed to load resource: the server responded with a status of 404 (Not Found) @ http://localhost:8081/meetings:0
[  120924ms] [ERROR] Failed to load resource: the server responded with a status of 404 (Not Found) @ http://localhost:3090/api/health:0
[  120924ms] [ERROR] Failed to load resource: the server responded with a status of 404 (Not Found) @ http://localhost:3090/ws:0
[  120925ms] [ERROR] Failed to load resource: the server responded with a status of 404 (Not Found) @ http://localhost:8081/meetings:0
[  121114ms] [ERROR] Failed to load resource: the server responded with a status of 404 (Not Found) @ http://localhost:3090/api/health:0
[  121130ms] [ERROR] Failed to load resource: the server responded with a status of 404 (Not Found) @ http://localhost:3090/ws:0
[  121131ms] [ERROR] Failed to load resource: the server responded with a status of 404 (Not Found) @ http://localhost:8081/meetings:0
[  121442ms] [ERROR] Failed to load resource: the server responded with a status of 404 (Not Found) @ http://localhost:3090/api/health:0
[  121442ms] [ERROR] Failed to load resource: the server responded with a status of 404 (Not Found) @ http://localhost:3090/ws:0
[  121443ms] [ERROR] Failed to load resource: the server responded with a status of 404 (Not Found) @ http://localhost:8081/meetings:0
[  121633ms] [ERROR] Failed to load resource: the server responded with a status of 404 (Not Found) @ http://localhost:3090/api/health:0
[  121633ms] [ERROR] Failed to load resource: the server responded with a status of 404 (Not Found) @ http://localhost:3090/ws:0
[  121634ms] [ERROR] Failed to load resource: the server responded with a status of 404 (Not Found) @ http://localhost:8081/meetings:0
[  121816ms] [ERROR] Failed to load resource: the server responded with a status of 404 (Not Found) @ http://localhost:3090/api/health:0
[  121816ms] [ERROR] Failed to load resource: the server responded with a status of 404 (Not Found) @ http://localhost:3090/ws:0
[  121817ms] [ERROR] Failed to load resource: the server responded with a status of 404 (Not Found) @ http://localhost:8081/meetings:0
[  121930ms] [ERROR] Failed to load resource: the server responded with a status of 404 (Not Found) @ http://localhost:3090/api/health:0
[  121931ms] [ERROR] Failed to load resource: the server responded with a status of 404 (Not Found) @ http://localhost:8081/meetings:0
[  121931ms] [ERROR] Failed to load resource: the server responded with a status of 404 (Not Found) @ http://localhost:3090/ws:0
[  122022ms] [ERROR] Failed to load resource: the server responded with a status of 404 (Not Found) @ http://localhost:3090/api/health:0
[  122022ms] [ERROR] Failed to load resource: the server responded with a status of 404 (Not Found) @ http://localhost:3090/ws:0
[  122023ms] [ERROR] Failed to load resource: the server responded with a status of 404 (Not Found) @ http://localhost:8081/meetings:0
[  122186ms] [ERROR] Failed to load resource: the server responded with a status of 404 (Not Found) @ http://localhost:3090/api/health:0
[  122186ms] [ERROR] Failed to load resource: the server responded with a status of 404 (Not Found) @ http://localhost:3090/ws:0
[  122196ms] [ERROR] Failed to load resource: the server responded with a status of 404 (Not Found) @ http://localhost:8081/meetings:0
[  122534ms] [ERROR] Failed to load resource: the server responded with a status of 404 (Not Found) @ http://localhost:3090/api/health:0
[  122534ms] [ERROR] Failed to load resource: the server responded with a status of 404 (Not Found) @ http://localhost:3090/ws:0
[  122535ms] [ERROR] Failed to load resource: the server responded with a status of 404 (Not Found) @ http://localhost:8081/meetings:0
[  122766ms] [ERROR] Failed to load resource: the server responded with a status of 404 (Not Found) @ http://localhost:3090/api/health:0
[  122766ms] [ERROR] Failed to load resource: the server responded with a status of 404 (Not Found) @ http://localhost:3090/ws:0
[  122766ms] [ERROR] Failed to load resource: the server responded with a status of 404 (Not Found) @ http://localhost:8081/meetings:0
[  122857ms] [ERROR] Failed to load resource: the server responded with a status of 404 (Not Found) @ http://localhost:3090/api/health:0
[  122857ms] [ERROR] Failed to load resource: the server responded with a status of 404 (Not Found) @ http://localhost:3090/ws:0
[  122857ms] [ERROR] Failed to load resource: the server responded with a status of 404 (Not Found) @ http://localhost:8081/meetings:0
[  123033ms] [ERROR] Failed to load resource: the server responded with a status of 404 (Not Found) @ http://localhost:3090/api/health:0
[  123034ms] [ERROR] Failed to load resource: the server responded with a status of 404 (Not Found) @ http://localhost:3090/ws:0
[  123034ms] [ERROR] Failed to load resource: the server responded with a status of 404 (Not Found) @ http://localhost:8081/meetings:0
[  123091ms] [ERROR] Failed to load resource: the server responded with a status of 404 (Not Found) @ http://localhost:3090/api/health:0
[  123091ms] [ERROR] Failed to load resource: the server responded with a status of 404 (Not Found) @ http://localhost:3090/ws:0
[  123092ms] [ERROR] Failed to load resource: the server responded with a status of 404 (Not Found) @ http://localhost:8081/meetings:0
[  123225ms] [ERROR] Failed to load resource: the server responded with a status of 404 (Not Found) @ http://localhost:3090/api/health:0
[  123226ms] [ERROR] Failed to load resource: the server responded with a status of 404 (Not Found) @ http://localhost:3090/ws:0
[  123226ms] [ERROR] Failed to load resource: the server responded with a status of 404 (Not Found) @ http://localhost:8081/meetings:0
[  123535ms] [ERROR] Failed to load resource: the server responded with a status of 404 (Not Found) @ http://localhost:3090/api/health:0
[  123536ms] [ERROR] Failed to load resource: the server responded with a status of 404 (Not Found) @ http://localhost:8081/meetings:0
[  123536ms] [ERROR] Failed to load resource: the server responded with a status of 404 (Not Found) @ http://localhost:3090/ws:0
[  123715ms] [ERROR] Failed to load resource: the server responded with a status of 404 (Not Found) @ http://localhost:3090/api/health:0
[  123715ms] [ERROR] Failed to load resource: the server responded with a status of 404 (Not Found) @ http://localhost:3090/ws:0
[  123716ms] [ERROR] Failed to load resource: the server responded with a status of 404 (Not Found) @ http://localhost:8081/meetings:0
[  123916ms] [ERROR] Failed to load resource: the server responded with a status of 404 (Not Found) @ http://localhost:3090/api/health:0
[  123916ms] [ERROR] Failed to load resource: the server responded with a status of 404 (Not Found) @ http://localhost:3090/ws:0
[  123917ms] [ERROR] Failed to load resource: the server responded with a status of 404 (Not Found) @ http://localhost:8081/meetings:0
[  124009ms] [ERROR] Failed to load resource: the server responded with a status of 404 (Not Found) @ http://localhost:3090/api/health:0
[  124010ms] [ERROR] Failed to load resource: the server responded with a status of 404 (Not Found) @ http://localhost:3090/ws:0
[  124010ms] [ERROR] Failed to load resource: the server responded with a status of 404 (Not Found) @ http://localhost:8081/meetings:0
[  124078ms] [ERROR] Failed to load resource: the server responded with a status of 404 (Not Found) @ http://localhost:3090/api/health:0
[  124078ms] [ERROR] Failed to load resource: the server responded with a status of 404 (Not Found) @ http://localhost:3090/ws:0
[  124079ms] [ERROR] Failed to load resource: the server responded with a status of 404 (Not Found) @ http://localhost:8081/meetings:0
[  124234ms] [ERROR] Failed to load resource: the server responded with a status of 404 (Not Found) @ http://localhost:3090/api/health:0
[  124234ms] [ERROR] Failed to load resource: the server responded with a status of 404 (Not Found) @ http://localhost:3090/ws:0
[  124234ms] [ERROR] Failed to load resource: the server responded with a status of 404 (Not Found) @ http://localhost:8081/meetings:0
[  124494ms] [ERROR] Failed to load resource: the server responded with a status of 404 (Not Found) @ http://localhost:3090/api/health:0
[  124495ms] [ERROR] Failed to load resource: the server responded with a status of 404 (Not Found) @ http://localhost:3090/ws:0
[  124495ms] [ERROR] Failed to load resource: the server responded with a status of 404 (Not Found) @ http://localhost:8081/meetings:0
[  124683ms] [ERROR] Failed to load resource: the server responded with a status of 404 (Not Found) @ http://localhost:3090/api/health:0
[  124683ms] [ERROR] Failed to load resource: the server responded with a status of 404 (Not Found) @ http://localhost:3090/ws:0
[  124691ms] [ERROR] Failed to load resource: the server responded with a status of 404 (Not Found) @ http://localhost:8081/meetings:0
[  124858ms] [ERROR] Failed to load resource: the server responded with a status of 404 (Not Found) @ http://localhost:3090/api/health:0
[  124858ms] [ERROR] Failed to load resource: the server responded with a status of 404 (Not Found) @ http://localhost:3090/ws:0
[  124859ms] [ERROR] Failed to load resource: the server responded with a status of 404 (Not Found) @ http://localhost:8081/meetings:0
[  125014ms] [ERROR] Failed to load resource: the server responded with a status of 404 (Not Found) @ http://localhost:3090/api/health:0
[  125014ms] [ERROR] Failed to load resource: the server responded with a status of 404 (Not Found) @ http://localhost:3090/ws:0
[  125014ms] [ERROR] Failed to load resource: the server responded with a status of 404 (Not Found) @ http://localhost:8081/meetings:0
[  125071ms] [ERROR] Failed to load resource: the server responded with a status of 404 (Not Found) @ http://localhost:3090/api/health:0
[  125071ms] [ERROR] Failed to load resource: the server responded with a status of 404 (Not Found) @ http://localhost:3090/ws:0
[  125073ms] [ERROR] Failed to load resource: the server responded with a status of 404 (Not Found) @ http://localhost:8081/meetings:0
[  125259ms] [ERROR] Failed to load resource: the server responded with a status of 404 (Not Found) @ http://localhost:3090/api/health:0
[  125259ms] [ERROR] Failed to load resource: the server responded with a status of 404 (Not Found) @ http://localhost:3090/ws:0
[  125259ms] [ERROR] Failed to load resource: the server responded with a status of 404 (Not Found) @ http://localhost:8081/meetings:0
[  125472ms] [ERROR] Failed to load resource: the server responded with a status of 404 (Not Found) @ http://localhost:3090/api/health:0
[  125472ms] [ERROR] Failed to load resource: the server responded with a status of 404 (Not Found) @ http://localhost:3090/ws:0
[  125473ms] [ERROR] Failed to load resource: the server responded with a status of 404 (Not Found) @ http://localhost:8081/meetings:0
[  125716ms] [ERROR] Failed to load resource: the server responded with a status of 404 (Not Found) @ http://localhost:3090/api/health:0
[  125726ms] [ERROR] Failed to load resource: the server responded with a status of 404 (Not Found) @ http://localhost:3090/ws:0
[  125727ms] [ERROR] Failed to load resource: the server responded with a status of 404 (Not Found) @ http://localhost:8081/meetings:0
[  125915ms] [ERROR] Failed to load resource: the server responded with a status of 404 (Not Found) @ http://localhost:3090/api/health:0
[  125915ms] [ERROR] Failed to load resource: the server responded with a status of 404 (Not Found) @ http://localhost:3090/ws:0
[  125915ms] [ERROR] Failed to load resource: the server responded with a status of 404 (Not Found) @ http://localhost:8081/meetings:0
[  126083ms] [ERROR] Failed to load resource: the server responded with a status of 404 (Not Found) @ http://localhost:3090/api/health:0
[  126085ms] [ERROR] Failed to load resource: the server responded with a status of 404 (Not Found) @ http://localhost:3090/ws:0
[  126086ms] [ERROR] Failed to load resource: the server responded with a status of 404 (Not Found) @ http://localhost:8081/meetings:0
[  126119ms] [ERROR] Failed to load resource: the server responded with a status of 404 (Not Found) @ http://localhost:3090/api/health:0
[  126120ms] [ERROR] Failed to load resource: the server responded with a status of 404 (Not Found) @ http://localhost:3090/ws:0
[  126120ms] [ERROR] Failed to load resource: the server responded with a status of 404 (Not Found) @ http://localhost:8081/meetings:0
[  126227ms] [ERROR] Failed to load resource: the server responded with a status of 404 (Not Found) @ http://localhost:3090/api/health:0
[  126234ms] [ERROR] Failed to load resource: the server responded with a status of 404 (Not Found) @ http://localhost:3090/ws:0
[  126235ms] [ERROR] Failed to load resource: the server responded with a status of 404 (Not Found) @ http://localhost:8081/meetings:0
[  126376ms] [ERROR] Failed to load resource: the server responded with a status of 404 (Not Found) @ http://localhost:3090/api/health:0
[  126376ms] [ERROR] Failed to load resource: the server responded with a status of 404 (Not Found) @ http://localhost:3090/ws:0
[  126384ms] [ERROR] Failed to load resource: the server responded with a status of 404 (Not Found) @ http://localhost:8081/meetings:0
[  126696ms] [ERROR] Failed to load resource: the server responded with a status of 404 (Not Found) @ http://localhost:3090/api/health:0
[  126697ms] [ERROR] Failed to load resource: the server responded with a status of 404 (Not Found) @ http://localhost:8081/meetings:0
[  126697ms] [ERROR] Failed to load resource: the server responded with a status of 404 (Not Found) @ http://localhost:3090/ws:0
[  126881ms] [ERROR] Failed to load resource: the server responded with a status of 404 (Not Found) @ http://localhost:3090/api/health:0
[  126882ms] [ERROR] Failed to load resource: the server responded with a status of 404 (Not Found) @ http://localhost:3090/ws:0
[  126884ms] [ERROR] Failed to load resource: the server responded with a status of 404 (Not Found) @ http://localhost:8081/meetings:0
[  127073ms] [ERROR] Failed to load resource: the server responded with a status of 404 (Not Found) @ http://localhost:3090/api/health:0
[  127073ms] [ERROR] Failed to load resource: the server responded with a status of 404 (Not Found) @ http://localhost:3090/ws:0
[  127074ms] [ERROR] Failed to load resource: the server responded with a status of 404 (Not Found) @ http://localhost:8081/meetings:0
[  127188ms] [ERROR] Failed to load resource: the server responded with a status of 404 (Not Found) @ http://localhost:3090/api/health:0
[  127188ms] [ERROR] Failed to load resource: the server responded with a status of 404 (Not Found) @ http://localhost:3090/ws:0
[  127189ms] [ERROR] Failed to load resource: the server responded with a status of 404 (Not Found) @ http://localhost:8081/meetings:0
[  127273ms] [ERROR] Failed to load resource: the server responded with a status of 404 (Not Found) @ http://localhost:3090/api/health:0
[  127294ms] [ERROR] Failed to load resource: the server responded with a status of 404 (Not Found) @ http://localhost:3090/ws:0
[  127296ms] [ERROR] Failed to load resource: the server responded with a status of 404 (Not Found) @ http://localhost:8081/meetings:0
[  127628ms] [ERROR] Failed to load resource: the server responded with a status of 404 (Not Found) @ http://localhost:3090/api/health:0
[  127628ms] [ERROR] Failed to load resource: the server responded with a status of 404 (Not Found) @ http://localhost:3090/ws:0
[  127628ms] [ERROR] Failed to load resource: the server responded with a status of 404 (Not Found) @ http://localhost:8081/meetings:0
[  127825ms] [ERROR] Failed to load resource: the server responded with a status of 404 (Not Found) @ http://localhost:3090/api/health:0
[  127825ms] [ERROR] Failed to load resource: the server responded with a status of 404 (Not Found) @ http://localhost:3090/ws:0
[  127826ms] [ERROR] Failed to load resource: the server responded with a status of 404 (Not Found) @ http://localhost:8081/meetings:0
[  128051ms] [ERROR] Failed to load resource: the server responded with a status of 404 (Not Found) @ http://localhost:3090/api/health:0
[  128051ms] [ERROR] Failed to load resource: the server responded with a status of 404 (Not Found) @ http://localhost:3090/ws:0
[  128051ms] [ERROR] Failed to load resource: the server responded with a status of 404 (Not Found) @ http://localhost:8081/meetings:0
[  128154ms] [ERROR] Failed to load resource: the server responded with a status of 404 (Not Found) @ http://localhost:3090/api/health:0
[  128154ms] [ERROR] Failed to load resource: the server responded with a status of 404 (Not Found) @ http://localhost:3090/ws:0
[  128154ms] [ERROR] Failed to load resource: the server responded with a status of 404 (Not Found) @ http://localhost:8081/meetings:0
[  128247ms] [ERROR] Failed to load resource: the server responded with a status of 404 (Not Found) @ http://localhost:3090/api/health:0
[  128247ms] [ERROR] Failed to load resource: the server responded with a status of 404 (Not Found) @ http://localhost:3090/ws:0
[  128248ms] [ERROR] Failed to load resource: the server responded with a status of 404 (Not Found) @ http://localhost:8081/meetings:0
[  128353ms] [ERROR] Failed to load resource: the server responded with a status of 404 (Not Found) @ http://localhost:3090/api/health:0
[  128353ms] [ERROR] Failed to load resource: the server responded with a status of 404 (Not Found) @ http://localhost:3090/ws:0
[  128353ms] [ERROR] Failed to load resource: the server responded with a status of 404 (Not Found) @ http://localhost:8081/meetings:0
[  128593ms] [ERROR] Failed to load resource: the server responded with a status of 404 (Not Found) @ http://localhost:3090/api/health:0
[  128593ms] [ERROR] Failed to load resource: the server responded with a status of 404 (Not Found) @ http://localhost:3090/ws:0
[  128593ms] [ERROR] Failed to load resource: the server responded with a status of 404 (Not Found) @ http://localhost:8081/meetings:0
[  128819ms] [ERROR] Failed to load resource: the server responded with a status of 404 (Not Found) @ http://localhost:3090/api/health:0
[  128819ms] [ERROR] Failed to load resource: the server responded with a status of 404 (Not Found) @ http://localhost:3090/ws:0
[  128820ms] [ERROR] Failed to load resource: the server responded with a status of 404 (Not Found) @ http://localhost:8081/meetings:0
[  129000ms] [ERROR] Failed to load resource: the server responded with a status of 404 (Not Found) @ http://localhost:3090/api/health:0
[  129000ms] [ERROR] Failed to load resource: the server responded with a status of 404 (Not Found) @ http://localhost:3090/ws:0
[  129001ms] [ERROR] Failed to load resource: the server responded with a status of 404 (Not Found) @ http://localhost:8081/meetings:0
[  129104ms] [ERROR] Failed to load resource: the server responded with a status of 404 (Not Found) @ http://localhost:3090/api/health:0
[  129104ms] [ERROR] Failed to load resource: the server responded with a status of 404 (Not Found) @ http://localhost:3090/ws:0
[  129104ms] [ERROR] Failed to load resource: the server responded with a status of 404 (Not Found) @ http://localhost:8081/meetings:0
[  129200ms] [ERROR] Failed to load resource: the server responded with a status of 404 (Not Found) @ http://localhost:3090/api/health:0
[  129200ms] [ERROR] Failed to load resource: the server responded with a status of 404 (Not Found) @ http://localhost:3090/ws:0
[  129200ms] [ERROR] Failed to load resource: the server responded with a status of 404 (Not Found) @ http://localhost:8081/meetings:0
[  129303ms] [ERROR] Failed to load resource: the server responded with a status of 404 (Not Found) @ http://localhost:3090/api/health:0
[  129303ms] [ERROR] Failed to load resource: the server responded with a status of 404 (Not Found) @ http://localhost:3090/ws:0
[  129303ms] [ERROR] Failed to load resource: the server responded with a status of 404 (Not Found) @ http://localhost:8081/meetings:0
[  129452ms] [ERROR] Failed to load resource: the server responded with a status of 404 (Not Found) @ http://localhost:3090/api/health:0
[  129452ms] [ERROR] Failed to load resource: the server responded with a status of 404 (Not Found) @ http://localhost:3090/ws:0
[  129452ms] [ERROR] Failed to load resource: the server responded with a status of 404 (Not Found) @ http://localhost:8081/meetings:0
[  129731ms] [ERROR] Failed to load resource: the server responded with a status of 404 (Not Found) @ http://localhost:3090/api/health:0
[  129732ms] [ERROR] Failed to load resource: the server responded with a status of 404 (Not Found) @ http://localhost:3090/ws:0
[  129732ms] [ERROR] Failed to load resource: the server responded with a status of 404 (Not Found) @ http://localhost:8081/meetings:0
[  129936ms] [ERROR] Failed to load resource: the server responded with a status of 404 (Not Found) @ http://localhost:3090/api/health:0
[  129936ms] [ERROR] Failed to load resource: the server responded with a status of 404 (Not Found) @ http://localhost:8081/meetings:0
[  129937ms] [ERROR] Failed to load resource: the server responded with a status of 404 (Not Found) @ http://localhost:3090/ws:0
[  130149ms] [ERROR] Failed to load resource: the server responded with a status of 404 (Not Found) @ http://localhost:3090/api/health:0
[  130149ms] [ERROR] Failed to load resource: the server responded with a status of 404 (Not Found) @ http://localhost:3090/ws:0
[  130149ms] [ERROR] Failed to load resource: the server responded with a status of 404 (Not Found) @ http://localhost:8081/meetings:0
[  130259ms] [ERROR] Failed to load resource: the server responded with a status of 404 (Not Found) @ http://localhost:3090/api/health:0
[  130259ms] [ERROR] Failed to load resource: the server responded with a status of 404 (Not Found) @ http://localhost:3090/ws:0
[  130259ms] [ERROR] Failed to load resource: the server responded with a status of 404 (Not Found) @ http://localhost:8081/meetings:0
[  130343ms] [ERROR] Failed to load resource: the server responded with a status of 404 (Not Found) @ http://localhost:3090/api/health:0
[  130343ms] [ERROR] Failed to load resource: the server responded with a status of 404 (Not Found) @ http://localhost:3090/ws:0
[  130343ms] [ERROR] Failed to load resource: the server responded with a status of 404 (Not Found) @ http://localhost:8081/meetings:0
[  130534ms] [ERROR] Failed to load resource: the server responded with a status of 404 (Not Found) @ http://localhost:3090/api/health:0
[  130534ms] [ERROR] Failed to load resource: the server responded with a status of 404 (Not Found) @ http://localhost:3090/ws:0
[  130545ms] [ERROR] Failed to load resource: the server responded with a status of 404 (Not Found) @ http://localhost:8081/meetings:0
[  131010ms] [ERROR] Failed to load resource: the server responded with a status of 404 (Not Found) @ http://localhost:3090/api/health:0
[  131011ms] [ERROR] Failed to load resource: the server responded with a status of 404 (Not Found) @ http://localhost:3090/ws:0
[  131011ms] [ERROR] Failed to load resource: the server responded with a status of 404 (Not Found) @ http://localhost:8081/meetings:0
[  131107ms] [ERROR] Failed to load resource: the server responded with a status of 404 (Not Found) @ http://localhost:3090/api/health:0
[  131107ms] [ERROR] Failed to load resource: the server responded with a status of 404 (Not Found) @ http://localhost:3090/ws:0
[  131107ms] [ERROR] Failed to load resource: the server responded with a status of 404 (Not Found) @ http://localhost:8081/meetings:0
[  131869ms] [ERROR] Failed to load resource: the server responded with a status of 404 (Not Found) @ http://localhost:3090/api/health:0
[  131869ms] [ERROR] Failed to load resource: the server responded with a status of 404 (Not Found) @ http://localhost:3090/ws:0
[  131881ms] [ERROR] Failed to load resource: the server responded with a status of 404 (Not Found) @ http://localhost:8081/meetings:0
[  132091ms] [ERROR] Failed to load resource: the server responded with a status of 404 (Not Found) @ http://localhost:3090/api/health:0
[  132091ms] [ERROR] Failed to load resource: the server responded with a status of 404 (Not Found) @ http://localhost:8081/meetings:0
[  132092ms] [ERROR] Failed to load resource: the server responded with a status of 404 (Not Found) @ http://localhost:3090/ws:0
[  132224ms] [ERROR] Failed to load resource: the server responded with a status of 404 (Not Found) @ http://localhost:3090/api/health:0
[  132225ms] [ERROR] Failed to load resource: the server responded with a status of 404 (Not Found) @ http://localhost:3090/ws:0
[  132226ms] [ERROR] Failed to load resource: the server responded with a status of 404 (Not Found) @ http://localhost:8081/meetings:0
[  132433ms] [ERROR] Failed to load resource: the server responded with a status of 404 (Not Found) @ http://localhost:3090/api/health:0
[  132433ms] [ERROR] Failed to load resource: the server responded with a status of 404 (Not Found) @ http://localhost:3090/ws:0
[  132434ms] [ERROR] Failed to load resource: the server responded with a status of 404 (Not Found) @ http://localhost:8081/meetings:0
[  132541ms] [ERROR] Failed to load resource: the server responded with a status of 404 (Not Found) @ http://localhost:3090/api/health:0
[  132541ms] [ERROR] Failed to load resource: the server responded with a status of 404 (Not Found) @ http://localhost:3090/ws:0
[  132542ms] [ERROR] Failed to load resource: the server responded with a status of 404 (Not Found) @ http://localhost:8081/meetings:0
[  132631ms] [ERROR] Failed to load resource: the server responded with a status of 404 (Not Found) @ http://localhost:3090/api/health:0
[  132632ms] [ERROR] Failed to load resource: the server responded with a status of 404 (Not Found) @ http://localhost:8081/meetings:0
[  132632ms] [ERROR] Failed to load resource: the server responded with a status of 404 (Not Found) @ http://localhost:3090/ws:0
[  132977ms] [ERROR] Failed to load resource: the server responded with a status of 404 (Not Found) @ http://localhost:3090/api/health:0
[  132977ms] [ERROR] Failed to load resource: the server responded with a status of 404 (Not Found) @ http://localhost:3090/ws:0
[  132987ms] [ERROR] Failed to load resource: the server responded with a status of 404 (Not Found) @ http://localhost:8081/meetings:0
[  133177ms] [ERROR] Failed to load resource: the server responded with a status of 404 (Not Found) @ http://localhost:3090/api/health:0
[  133178ms] [ERROR] Failed to load resource: the server responded with a status of 404 (Not Found) @ http://localhost:3090/ws:0
[  133178ms] [ERROR] Failed to load resource: the server responded with a status of 404 (Not Found) @ http://localhost:8081/meetings:0
[  133492ms] [ERROR] Failed to load resource: the server responded with a status of 404 (Not Found) @ http://localhost:3090/api/health:0
[  133493ms] [ERROR] Failed to load resource: the server responded with a status of 404 (Not Found) @ http://localhost:3090/ws:0
[  133493ms] [ERROR] Failed to load resource: the server responded with a status of 404 (Not Found) @ http://localhost:8081/meetings:0
[  133521ms] [ERROR] Failed to load resource: the server responded with a status of 404 (Not Found) @ http://localhost:3090/api/health:0
[  133609ms] [ERROR] Failed to load resource: the server responded with a status of 404 (Not Found) @ http://localhost:3090/ws:0
[  133611ms] [ERROR] Failed to load resource: the server responded with a status of 404 (Not Found) @ http://localhost:8081/meetings:0
[  133732ms] [ERROR] Failed to load resource: the server responded with a status of 404 (Not Found) @ http://localhost:3090/api/health:0
[  133732ms] [ERROR] Failed to load resource: the server responded with a status of 404 (Not Found) @ http://localhost:3090/ws:0
[  133733ms] [ERROR] Failed to load resource: the server responded with a status of 404 (Not Found) @ http://localhost:8081/meetings:0
[  133914ms] [ERROR] Failed to load resource: the server responded with a status of 404 (Not Found) @ http://localhost:3090/api/health:0
[  133915ms] [ERROR] Failed to load resource: the server responded with a status of 404 (Not Found) @ http://localhost:3090/ws:0
[  133915ms] [ERROR] Failed to load resource: the server responded with a status of 404 (Not Found) @ http://localhost:8081/meetings:0
[  134109ms] [ERROR] Failed to load resource: the server responded with a status of 404 (Not Found) @ http://localhost:3090/api/health:0
[  134109ms] [ERROR] Failed to load resource: the server responded with a status of 404 (Not Found) @ http://localhost:3090/ws:0
[  134110ms] [ERROR] Failed to load resource: the server responded with a status of 404 (Not Found) @ http://localhost:8081/meetings:0
[  134314ms] [ERROR] Failed to load resource: the server responded with a status of 404 (Not Found) @ http://localhost:3090/api/health:0
[  134316ms] [ERROR] Failed to load resource: the server responded with a status of 404 (Not Found) @ http://localhost:3090/ws:0
[  134316ms] [ERROR] Failed to load resource: the server responded with a status of 404 (Not Found) @ http://localhost:8081/meetings:0
[  134514ms] [ERROR] Failed to load resource: the server responded with a status of 404 (Not Found) @ http://localhost:3090/api/health:0
[  134514ms] [ERROR] Failed to load resource: the server responded with a status of 404 (Not Found) @ http://localhost:3090/ws:0
[  134515ms] [ERROR] Failed to load resource: the server responded with a status of 404 (Not Found) @ http://localhost:8081/meetings:0
[  134629ms] [ERROR] Failed to load resource: the server responded with a status of 404 (Not Found) @ http://localhost:3090/api/health:0
[  134630ms] [ERROR] Failed to load resource: the server responded with a status of 404 (Not Found) @ http://localhost:3090/ws:0
[  134630ms] [ERROR] Failed to load resource: the server responded with a status of 404 (Not Found) @ http://localhost:8081/meetings:0
[  134788ms] [ERROR] Failed to load resource: the server responded with a status of 404 (Not Found) @ http://localhost:3090/api/health:0
[  134788ms] [ERROR] Failed to load resource: the server responded with a status of 404 (Not Found) @ http://localhost:3090/ws:0
[  134799ms] [ERROR] Failed to load resource: the server responded with a status of 404 (Not Found) @ http://localhost:8081/meetings:0
[  135092ms] [ERROR] Failed to load resource: the server responded with a status of 404 (Not Found) @ http://localhost:3090/api/health:0
[  135092ms] [ERROR] Failed to load resource: the server responded with a status of 404 (Not Found) @ http://localhost:3090/ws:0
[  135092ms] [ERROR] Failed to load resource: the server responded with a status of 404 (Not Found) @ http://localhost:8081/meetings:0
[  135270ms] [ERROR] Failed to load resource: the server responded with a status of 404 (Not Found) @ http://localhost:3090/api/health:0
[  135271ms] [ERROR] Failed to load resource: the server responded with a status of 404 (Not Found) @ http://localhost:3090/ws:0
[  135271ms] [ERROR] Failed to load resource: the server responded with a status of 404 (Not Found) @ http://localhost:8081/meetings:0
[  135564ms] [ERROR] Failed to load resource: the server responded with a status of 404 (Not Found) @ http://localhost:3090/api/health:0
[  135564ms] [ERROR] Failed to load resource: the server responded with a status of 404 (Not Found) @ http://localhost:3090/ws:0
[  135564ms] [ERROR] Failed to load resource: the server responded with a status of 404 (Not Found) @ http://localhost:8081/meetings:0
[  135661ms] [ERROR] Failed to load resource: the server responded with a status of 404 (Not Found) @ http://localhost:3090/api/health:0
[  135662ms] [ERROR] Failed to load resource: the server responded with a status of 404 (Not Found) @ http://localhost:3090/ws:0
[  135664ms] [ERROR] Failed to load resource: the server responded with a status of 404 (Not Found) @ http://localhost:8081/meetings:0
[  135799ms] [ERROR] Failed to load resource: the server responded with a status of 404 (Not Found) @ http://localhost:3090/api/health:0
[  135799ms] [ERROR] Failed to load resource: the server responded with a status of 404 (Not Found) @ http://localhost:3090/ws:0
[  135799ms] [ERROR] Failed to load resource: the server responded with a status of 404 (Not Found) @ http://localhost:8081/meetings:0
[  136004ms] [ERROR] Failed to load resource: the server responded with a status of 404 (Not Found) @ http://localhost:3090/api/health:0
[  136004ms] [ERROR] Failed to load resource: the server responded with a status of 404 (Not Found) @ http://localhost:3090/ws:0
[  136005ms] [ERROR] Failed to load resource: the server responded with a status of 404 (Not Found) @ http://localhost:8081/meetings:0
[  136292ms] [ERROR] Failed to load resource: the server responded with a status of 404 (Not Found) @ http://localhost:3090/api/health:0
[  136292ms] [ERROR] Failed to load resource: the server responded with a status of 404 (Not Found) @ http://localhost:3090/ws:0
[  136293ms] [ERROR] Failed to load resource: the server responded with a status of 404 (Not Found) @ http://localhost:8081/meetings:0
[  136471ms] [ERROR] Failed to load resource: the server responded with a status of 404 (Not Found) @ http://localhost:3090/api/health:0
[  136471ms] [ERROR] Failed to load resource: the server responded with a status of 404 (Not Found) @ http://localhost:3090/ws:0
[  136472ms] [ERROR] Failed to load resource: the server responded with a status of 404 (Not Found) @ http://localhost:8081/meetings:0
[  136628ms] [ERROR] Failed to load resource: the server responded with a status of 404 (Not Found) @ http://localhost:3090/api/health:0
[  136628ms] [ERROR] Failed to load resource: the server responded with a status of 404 (Not Found) @ http://localhost:3090/ws:0
[  136628ms] [ERROR] Failed to load resource: the server responded with a status of 404 (Not Found) @ http://localhost:8081/meetings:0
[  136735ms] [ERROR] Failed to load resource: the server responded with a status of 404 (Not Found) @ http://localhost:3090/api/health:0
[  136735ms] [ERROR] Failed to load resource: the server responded with a status of 404 (Not Found) @ http://localhost:3090/ws:0
[  136736ms] [ERROR] Failed to load resource: the server responded with a status of 404 (Not Found) @ http://localhost:8081/meetings:0
[  136914ms] [ERROR] Failed to load resource: the server responded with a status of 404 (Not Found) @ http://localhost:3090/api/health:0
[  136914ms] [ERROR] Failed to load resource: the server responded with a status of 404 (Not Found) @ http://localhost:3090/ws:0
[  136926ms] [ERROR] Failed to load resource: the server responded with a status of 404 (Not Found) @ http://localhost:8081/meetings:0
[  137243ms] [ERROR] Failed to load resource: the server responded with a status of 404 (Not Found) @ http://localhost:3090/api/health:0
[  137253ms] [ERROR] Failed to load resource: the server responded with a status of 404 (Not Found) @ http://localhost:8081/meetings:0
[  137253ms] [ERROR] Failed to load resource: the server responded with a status of 404 (Not Found) @ http://localhost:3090/ws:0
[  137499ms] [ERROR] Failed to load resource: the server responded with a status of 404 (Not Found) @ http://localhost:3090/api/health:0
[  137499ms] [ERROR] Failed to load resource: the server responded with a status of 404 (Not Found) @ http://localhost:8081/meetings:0
[  137499ms] [ERROR] Failed to load resource: the server responded with a status of 404 (Not Found) @ http://localhost:3090/ws:0
[  137678ms] [ERROR] Failed to load resource: the server responded with a status of 404 (Not Found) @ http://localhost:3090/api/health:0
[  137678ms] [ERROR] Failed to load resource: the server responded with a status of 404 (Not Found) @ http://localhost:3090/ws:0
[  137678ms] [ERROR] Failed to load resource: the server responded with a status of 404 (Not Found) @ http://localhost:8081/meetings:0
[  137782ms] [ERROR] Failed to load resource: the server responded with a status of 404 (Not Found) @ http://localhost:3090/api/health:0
[  137782ms] [ERROR] Failed to load resource: the server responded with a status of 404 (Not Found) @ http://localhost:3090/ws:0
[  137783ms] [ERROR] Failed to load resource: the server responded with a status of 404 (Not Found) @ http://localhost:8081/meetings:0
[  137835ms] [ERROR] Failed to load resource: the server responded with a status of 404 (Not Found) @ http://localhost:3090/api/health:0
[  137835ms] [ERROR] Failed to load resource: the server responded with a status of 404 (Not Found) @ http://localhost:3090/ws:0
[  137835ms] [ERROR] Failed to load resource: the server responded with a status of 404 (Not Found) @ http://localhost:8081/meetings:0
[  138004ms] [ERROR] Failed to load resource: the server responded with a status of 404 (Not Found) @ http://localhost:3090/api/health:0
[  138004ms] [ERROR] Failed to load resource: the server responded with a status of 404 (Not Found) @ http://localhost:3090/ws:0
[  138004ms] [ERROR] Failed to load resource: the server responded with a status of 404 (Not Found) @ http://localhost:8081/meetings:0
[  138291ms] [ERROR] Failed to load resource: the server responded with a status of 404 (Not Found) @ http://localhost:3090/api/health:0
[  138307ms] [ERROR] Failed to load resource: the server responded with a status of 404 (Not Found) @ http://localhost:3090/ws:0
[  138308ms] [ERROR] Failed to load resource: the server responded with a status of 404 (Not Found) @ http://localhost:8081/meetings:0
[  138485ms] [ERROR] Failed to load resource: the server responded with a status of 404 (Not Found) @ http://localhost:3090/api/health:0
[  138485ms] [ERROR] Failed to load resource: the server responded with a status of 404 (Not Found) @ http://localhost:3090/ws:0
[  138485ms] [ERROR] Failed to load resource: the server responded with a status of 404 (Not Found) @ http://localhost:8081/meetings:0
[  138626ms] [ERROR] Failed to load resource: the server responded with a status of 404 (Not Found) @ http://localhost:3090/api/health:0
[  138626ms] [ERROR] Failed to load resource: the server responded with a status of 404 (Not Found) @ http://localhost:3090/ws:0
[  138627ms] [ERROR] Failed to load resource: the server responded with a status of 404 (Not Found) @ http://localhost:8081/meetings:0
[  138783ms] [ERROR] Failed to load resource: the server responded with a status of 404 (Not Found) @ http://localhost:3090/api/health:0
[  138784ms] [ERROR] Failed to load resource: the server responded with a status of 404 (Not Found) @ http://localhost:3090/ws:0
[  138784ms] [ERROR] Failed to load resource: the server responded with a status of 404 (Not Found) @ http://localhost:8081/meetings:0
[  138985ms] [ERROR] Failed to load resource: the server responded with a status of 404 (Not Found) @ http://localhost:3090/api/health:0
[  138985ms] [ERROR] Failed to load resource: the server responded with a status of 404 (Not Found) @ http://localhost:3090/ws:0
[  139002ms] [ERROR] Failed to load resource: the server responded with a status of 404 (Not Found) @ http://localhost:8081/meetings:0
[  139324ms] [ERROR] Failed to load resource: the server responded with a status of 404 (Not Found) @ http://localhost:3090/api/health:0
[  139324ms] [ERROR] Failed to load resource: the server responded with a status of 404 (Not Found) @ http://localhost:3090/ws:0
[  139325ms] [ERROR] Failed to load resource: the server responded with a status of 404 (Not Found) @ http://localhost:8081/meetings:0
[  139598ms] [ERROR] Failed to load resource: the server responded with a status of 404 (Not Found) @ http://localhost:3090/api/health:0
[  139598ms] [ERROR] Failed to load resource: the server responded with a status of 404 (Not Found) @ http://localhost:3090/ws:0
[  139608ms] [ERROR] Failed to load resource: the server responded with a status of 404 (Not Found) @ http://localhost:8081/meetings:0
[  139777ms] [ERROR] Failed to load resource: the server responded with a status of 404 (Not Found) @ http://localhost:3090/api/health:0
[  139777ms] [ERROR] Failed to load resource: the server responded with a status of 404 (Not Found) @ http://localhost:3090/ws:0
[  139777ms] [ERROR] Failed to load resource: the server responded with a status of 404 (Not Found) @ http://localhost:8081/meetings:0
[  139876ms] [ERROR] Failed to load resource: the server responded with a status of 404 (Not Found) @ http://localhost:3090/api/health:0
[  139876ms] [ERROR] Failed to load resource: the server responded with a status of 404 (Not Found) @ http://localhost:3090/ws:0
[  139877ms] [ERROR] Failed to load resource: the server responded with a status of 404 (Not Found) @ http://localhost:8081/meetings:0
[  139980ms] [ERROR] Failed to load resource: the server responded with a status of 404 (Not Found) @ http://localhost:3090/api/health:0
[  139980ms] [ERROR] Failed to load resource: the server responded with a status of 404 (Not Found) @ http://localhost:3090/ws:0
[  139989ms] [ERROR] Failed to load resource: the server responded with a status of 404 (Not Found) @ http://localhost:8081/meetings:0
[  140354ms] [ERROR] Failed to load resource: the server responded with a status of 404 (Not Found) @ http://localhost:3090/api/health:0
[  140354ms] [ERROR] Failed to load resource: the server responded with a status of 404 (Not Found) @ http://localhost:3090/ws:0
[  140365ms] [ERROR] Failed to load resource: the server responded with a status of 404 (Not Found) @ http://localhost:8081/meetings:0
[  140561ms] [ERROR] Failed to load resource: the server responded with a status of 404 (Not Found) @ http://localhost:3090/api/health:0
[  140561ms] [ERROR] Failed to load resource: the server responded with a status of 404 (Not Found) @ http://localhost:3090/ws:0
[  140562ms] [ERROR] Failed to load resource: the server responded with a status of 404 (Not Found) @ http://localhost:8081/meetings:0
[  140754ms] [ERROR] Failed to load resource: the server responded with a status of 404 (Not Found) @ http://localhost:3090/api/health:0
[  140754ms] [ERROR] Failed to load resource: the server responded with a status of 404 (Not Found) @ http://localhost:8081/meetings:0
[  140755ms] [ERROR] Failed to load resource: the server responded with a status of 404 (Not Found) @ http://localhost:3090/ws:0
[  140843ms] [ERROR] Failed to load resource: the server responded with a status of 404 (Not Found) @ http://localhost:3090/api/health:0
[  140843ms] [ERROR] Failed to load resource: the server responded with a status of 404 (Not Found) @ http://localhost:3090/ws:0
[  140850ms] [ERROR] Failed to load resource: the server responded with a status of 404 (Not Found) @ http://localhost:8081/meetings:0
[  140934ms] [ERROR] Failed to load resource: the server responded with a status of 404 (Not Found) @ http://localhost:3090/api/health:0
[  140934ms] [ERROR] Failed to load resource: the server responded with a status of 404 (Not Found) @ http://localhost:3090/ws:0
[  140935ms] [ERROR] Failed to load resource: the server responded with a status of 404 (Not Found) @ http://localhost:8081/meetings:0
[  141093ms] [ERROR] Failed to load resource: the server responded with a status of 404 (Not Found) @ http://localhost:3090/api/health:0
[  141093ms] [ERROR] Failed to load resource: the server responded with a status of 404 (Not Found) @ http://localhost:3090/ws:0
[  141095ms] [ERROR] Failed to load resource: the server responded with a status of 404 (Not Found) @ http://localhost:8081/meetings:0
[  141369ms] [ERROR] Failed to load resource: the server responded with a status of 404 (Not Found) @ http://localhost:3090/api/health:0
[  141369ms] [ERROR] Failed to load resource: the server responded with a status of 404 (Not Found) @ http://localhost:3090/ws:0
[  141379ms] [ERROR] Failed to load resource: the server responded with a status of 404 (Not Found) @ http://localhost:8081/meetings:0
[  141562ms] [ERROR] Failed to load resource: the server responded with a status of 404 (Not Found) @ http://localhost:3090/api/health:0
[  141562ms] [ERROR] Failed to load resource: the server responded with a status of 404 (Not Found) @ http://localhost:3090/ws:0
[  141562ms] [ERROR] Failed to load resource: the server responded with a status of 404 (Not Found) @ http://localhost:8081/meetings:0
[  141769ms] [ERROR] Failed to load resource: the server responded with a status of 404 (Not Found) @ http://localhost:3090/api/health:0
[  141769ms] [ERROR] Failed to load resource: the server responded with a status of 404 (Not Found) @ http://localhost:3090/ws:0
[  141770ms] [ERROR] Failed to load resource: the server responded with a status of 404 (Not Found) @ http://localhost:8081/meetings:0
[  141932ms] [ERROR] Failed to load resource: the server responded with a status of 404 (Not Found) @ http://localhost:3090/api/health:0
[  141940ms] [ERROR] Failed to load resource: the server responded with a status of 404 (Not Found) @ http://localhost:3090/ws:0
[  141940ms] [ERROR] Failed to load resource: the server responded with a status of 404 (Not Found) @ http://localhost:8081/meetings:0
[  142063ms] [ERROR] Failed to load resource: the server responded with a status of 404 (Not Found) @ http://localhost:3090/api/health:0
[  142077ms] [ERROR] Failed to load resource: the server responded with a status of 404 (Not Found) @ http://localhost:3090/ws:0
[  142077ms] [ERROR] Failed to load resource: the server responded with a status of 404 (Not Found) @ http://localhost:8081/meetings:0
[  142228ms] [ERROR] Failed to load resource: the server responded with a status of 404 (Not Found) @ http://localhost:3090/api/health:0
[  142301ms] [ERROR] Failed to load resource: the server responded with a status of 404 (Not Found) @ http://localhost:3090/ws:0
[  142302ms] [ERROR] Failed to load resource: the server responded with a status of 404 (Not Found) @ http://localhost:8081/meetings:0
[  142571ms] [ERROR] Failed to load resource: the server responded with a status of 404 (Not Found) @ http://localhost:3090/api/health:0
[  142571ms] [ERROR] Failed to load resource: the server responded with a status of 404 (Not Found) @ http://localhost:3090/ws:0
[  142573ms] [ERROR] Failed to load resource: the server responded with a status of 404 (Not Found) @ http://localhost:8081/meetings:0
[  142749ms] [ERROR] Failed to load resource: the server responded with a status of 404 (Not Found) @ http://localhost:3090/api/health:0
[  142750ms] [ERROR] Failed to load resource: the server responded with a status of 404 (Not Found) @ http://localhost:3090/ws:0
[  142760ms] [ERROR] Failed to load resource: the server responded with a status of 404 (Not Found) @ http://localhost:8081/meetings:0
[  143081ms] [ERROR] Failed to load resource: the server responded with a status of 404 (Not Found) @ http://localhost:3090/api/health:0
[  143081ms] [ERROR] Failed to load resource: the server responded with a status of 404 (Not Found) @ http://localhost:3090/ws:0
[  143081ms] [ERROR] Failed to load resource: the server responded with a status of 404 (Not Found) @ http://localhost:8081/meetings:0
[  143178ms] [ERROR] Failed to load resource: the server responded with a status of 404 (Not Found) @ http://localhost:3090/api/health:0
[  143178ms] [ERROR] Failed to load resource: the server responded with a status of 404 (Not Found) @ http://localhost:8081/meetings:0
[  143178ms] [ERROR] Failed to load resource: the server responded with a status of 404 (Not Found) @ http://localhost:3090/ws:0
[  143502ms] [ERROR] Failed to load resource: the server responded with a status of 404 (Not Found) @ http://localhost:3090/api/health:0
[  143503ms] [ERROR] Failed to load resource: the server responded with a status of 404 (Not Found) @ http://localhost:3090/ws:0
[  143503ms] [ERROR] Failed to load resource: the server responded with a status of 404 (Not Found) @ http://localhost:8081/meetings:0
[  143680ms] [ERROR] Failed to load resource: the server responded with a status of 404 (Not Found) @ http://localhost:3090/api/health:0
[  143680ms] [ERROR] Failed to load resource: the server responded with a status of 404 (Not Found) @ http://localhost:3090/ws:0
[  143680ms] [ERROR] Failed to load resource: the server responded with a status of 404 (Not Found) @ http://localhost:8081/meetings:0
[  143857ms] [ERROR] Failed to load resource: the server responded with a status of 404 (Not Found) @ http://localhost:3090/api/health:0
[  143857ms] [ERROR] Failed to load resource: the server responded with a status of 404 (Not Found) @ http://localhost:8081/meetings:0
[  143858ms] [ERROR] Failed to load resource: the server responded with a status of 404 (Not Found) @ http://localhost:3090/ws:0
[  144017ms] [ERROR] Failed to load resource: the server responded with a status of 404 (Not Found) @ http://localhost:3090/api/health:0
[  144027ms] [ERROR] Failed to load resource: the server responded with a status of 404 (Not Found) @ http://localhost:3090/ws:0
[  144027ms] [ERROR] Failed to load resource: the server responded with a status of 404 (Not Found) @ http://localhost:8081/meetings:0
[  144147ms] [ERROR] Failed to load resource: the server responded with a status of 404 (Not Found) @ http://localhost:3090/api/health:0
[  144147ms] [ERROR] Failed to load resource: the server responded with a status of 404 (Not Found) @ http://localhost:3090/ws:0
[  144157ms] [ERROR] Failed to load resource: the server responded with a status of 404 (Not Found) @ http://localhost:8081/meetings:0
[  144387ms] [ERROR] Failed to load resource: the server responded with a status of 404 (Not Found) @ http://localhost:3090/api/health:0
[  144396ms] [ERROR] Failed to load resource: the server responded with a status of 404 (Not Found) @ http://localhost:3090/ws:0
[  144397ms] [ERROR] Failed to load resource: the server responded with a status of 404 (Not Found) @ http://localhost:8081/meetings:0
[  144584ms] [ERROR] Failed to load resource: the server responded with a status of 404 (Not Found) @ http://localhost:3090/api/health:0
[  144585ms] [ERROR] Failed to load resource: the server responded with a status of 404 (Not Found) @ http://localhost:3090/ws:0
[  144585ms] [ERROR] Failed to load resource: the server responded with a status of 404 (Not Found) @ http://localhost:8081/meetings:0
[  144750ms] [ERROR] Failed to load resource: the server responded with a status of 404 (Not Found) @ http://localhost:3090/api/health:0
[  144750ms] [ERROR] Failed to load resource: the server responded with a status of 404 (Not Found) @ http://localhost:3090/ws:0
[  144751ms] [ERROR] Failed to load resource: the server responded with a status of 404 (Not Found) @ http://localhost:8081/meetings:0
[  144925ms] [ERROR] Failed to load resource: the server responded with a status of 404 (Not Found) @ http://localhost:3090/api/health:0
[  144926ms] [ERROR] Failed to load resource: the server responded with a status of 404 (Not Found) @ http://localhost:3090/ws:0
[  144928ms] [ERROR] Failed to load resource: the server responded with a status of 404 (Not Found) @ http://localhost:8081/meetings:0
[  144999ms] [ERROR] Failed to load resource: the server responded with a status of 404 (Not Found) @ http://localhost:3090/api/health:0
[  144999ms] [ERROR] Failed to load resource: the server responded with a status of 404 (Not Found) @ http://localhost:3090/ws:0
[  145001ms] [ERROR] Failed to load resource: the server responded with a status of 404 (Not Found) @ http://localhost:8081/meetings:0
[  145126ms] [ERROR] Failed to load resource: the server responded with a status of 404 (Not Found) @ http://localhost:3090/api/health:0
[  145127ms] [ERROR] Failed to load resource: the server responded with a status of 404 (Not Found) @ http://localhost:3090/ws:0
[  145139ms] [ERROR] Failed to load resource: the server responded with a status of 404 (Not Found) @ http://localhost:8081/meetings:0
[  145290ms] [ERROR] Failed to load resource: the server responded with a status of 404 (Not Found) @ http://localhost:3090/api/health:0
[  145290ms] [ERROR] Failed to load resource: the server responded with a status of 404 (Not Found) @ http://localhost:3090/ws:0
[  145299ms] [ERROR] Failed to load resource: the server responded with a status of 404 (Not Found) @ http://localhost:8081/meetings:0
[  145552ms] [ERROR] Failed to load resource: the server responded with a status of 404 (Not Found) @ http://localhost:3090/api/health:0
[  145552ms] [ERROR] Failed to load resource: the server responded with a status of 404 (Not Found) @ http://localhost:3090/ws:0
[  145560ms] [ERROR] Failed to load resource: the server responded with a status of 404 (Not Found) @ http://localhost:8081/meetings:0
[  145729ms] [ERROR] Failed to load resource: the server responded with a status of 404 (Not Found) @ http://localhost:3090/api/health:0
[  145729ms] [ERROR] Failed to load resource: the server responded with a status of 404 (Not Found) @ http://localhost:3090/ws:0
[  145730ms] [ERROR] Failed to load resource: the server responded with a status of 404 (Not Found) @ http://localhost:8081/meetings:0
[  145896ms] [ERROR] Failed to load resource: the server responded with a status of 404 (Not Found) @ http://localhost:3090/api/health:0
[  145896ms] [ERROR] Failed to load resource: the server responded with a status of 404 (Not Found) @ http://localhost:3090/ws:0
[  145897ms] [ERROR] Failed to load resource: the server responded with a status of 404 (Not Found) @ http://localhost:8081/meetings:0
[  145991ms] [ERROR] Failed to load resource: the server responded with a status of 404 (Not Found) @ http://localhost:3090/api/health:0
[  145992ms] [ERROR] Failed to load resource: the server responded with a status of 404 (Not Found) @ http://localhost:3090/ws:0
[  145992ms] [ERROR] Failed to load resource: the server responded with a status of 404 (Not Found) @ http://localhost:8081/meetings:0
[  146041ms] [ERROR] Failed to load resource: the server responded with a status of 404 (Not Found) @ http://localhost:3090/api/health:0
[  146041ms] [ERROR] Failed to load resource: the server responded with a status of 404 (Not Found) @ http://localhost:3090/ws:0
[  146041ms] [ERROR] Failed to load resource: the server responded with a status of 404 (Not Found) @ http://localhost:8081/meetings:0
[  146176ms] [ERROR] Failed to load resource: the server responded with a status of 404 (Not Found) @ http://localhost:3090/api/health:0
[  146177ms] [ERROR] Failed to load resource: the server responded with a status of 404 (Not Found) @ http://localhost:3090/ws:0
[  146177ms] [ERROR] Failed to load resource: the server responded with a status of 404 (Not Found) @ http://localhost:8081/meetings:0
[  146342ms] [ERROR] Failed to load resource: the server responded with a status of 404 (Not Found) @ http://localhost:3090/api/health:0
[  146353ms] [ERROR] Failed to load resource: the server responded with a status of 404 (Not Found) @ http://localhost:3090/ws:0
[  146353ms] [ERROR] Failed to load resource: the server responded with a status of 404 (Not Found) @ http://localhost:8081/meetings:0
[  146632ms] [ERROR] Failed to load resource: the server responded with a status of 404 (Not Found) @ http://localhost:3090/api/health:0
[  146632ms] [ERROR] Failed to load resource: the server responded with a status of 404 (Not Found) @ http://localhost:3090/ws:0
[  146632ms] [ERROR] Failed to load resource: the server responded with a status of 404 (Not Found) @ http://localhost:8081/meetings:0
[  146801ms] [ERROR] Failed to load resource: the server responded with a status of 404 (Not Found) @ http://localhost:3090/api/health:0
[  146802ms] [ERROR] Failed to load resource: the server responded with a status of 404 (Not Found) @ http://localhost:3090/ws:0
[  146802ms] [ERROR] Failed to load resource: the server responded with a status of 404 (Not Found) @ http://localhost:8081/meetings:0
[  146972ms] [ERROR] Failed to load resource: the server responded with a status of 404 (Not Found) @ http://localhost:3090/api/health:0
[  146973ms] [ERROR] Failed to load resource: the server responded with a status of 404 (Not Found) @ http://localhost:8081/meetings:0
[  146973ms] [ERROR] Failed to load resource: the server responded with a status of 404 (Not Found) @ http://localhost:3090/ws:0
[  147048ms] [ERROR] Failed to load resource: the server responded with a status of 404 (Not Found) @ http://localhost:3090/api/health:0
[  147048ms] [ERROR] Failed to load resource: the server responded with a status of 404 (Not Found) @ http://localhost:3090/ws:0
[  147049ms] [ERROR] Failed to load resource: the server responded with a status of 404 (Not Found) @ http://localhost:8081/meetings:0
[  147108ms] [ERROR] Failed to load resource: the server responded with a status of 404 (Not Found) @ http://localhost:3090/api/health:0
[  147108ms] [ERROR] Failed to load resource: the server responded with a status of 404 (Not Found) @ http://localhost:3090/ws:0
[  147108ms] [ERROR] Failed to load resource: the server responded with a status of 404 (Not Found) @ http://localhost:8081/meetings:0
[  147278ms] [ERROR] Failed to load resource: the server responded with a status of 404 (Not Found) @ http://localhost:3090/api/health:0
[  147278ms] [ERROR] Failed to load resource: the server responded with a status of 404 (Not Found) @ http://localhost:3090/ws:0
[  147286ms] [ERROR] Failed to load resource: the server responded with a status of 404 (Not Found) @ http://localhost:8081/meetings:0
[  147442ms] [ERROR] Failed to load resource: the server responded with a status of 404 (Not Found) @ http://localhost:3090/api/health:0
[  147443ms] [ERROR] Failed to load resource: the server responded with a status of 404 (Not Found) @ http://localhost:3090/ws:0
[  147443ms] [ERROR] Failed to load resource: the server responded with a status of 404 (Not Found) @ http://localhost:8081/meetings:0
[  147699ms] [ERROR] Failed to load resource: the server responded with a status of 404 (Not Found) @ http://localhost:3090/api/health:0
[  147699ms] [ERROR] Failed to load resource: the server responded with a status of 404 (Not Found) @ http://localhost:3090/ws:0
[  147700ms] [ERROR] Failed to load resource: the server responded with a status of 404 (Not Found) @ http://localhost:8081/meetings:0
[  147909ms] [ERROR] Failed to load resource: the server responded with a status of 404 (Not Found) @ http://localhost:3090/api/health:0
[  147909ms] [ERROR] Failed to load resource: the server responded with a status of 404 (Not Found) @ http://localhost:3090/ws:0
[  147910ms] [ERROR] Failed to load resource: the server responded with a status of 404 (Not Found) @ http://localhost:8081/meetings:0
[  148073ms] [ERROR] Failed to load resource: the server responded with a status of 404 (Not Found) @ http://localhost:3090/api/health:0
[  148073ms] [ERROR] Failed to load resource: the server responded with a status of 404 (Not Found) @ http://localhost:3090/ws:0
[  148074ms] [ERROR] Failed to load resource: the server responded with a status of 404 (Not Found) @ http://localhost:8081/meetings:0
[  148144ms] [ERROR] Failed to load resource: the server responded with a status of 404 (Not Found) @ http://localhost:3090/api/health:0
[  148144ms] [ERROR] Failed to load resource: the server responded with a status of 404 (Not Found) @ http://localhost:3090/ws:0
[  148145ms] [ERROR] Failed to load resource: the server responded with a status of 404 (Not Found) @ http://localhost:8081/meetings:0
[  148212ms] [ERROR] Failed to load resource: the server responded with a status of 404 (Not Found) @ http://localhost:3090/api/health:0
[  148212ms] [ERROR] Failed to load resource: the server responded with a status of 404 (Not Found) @ http://localhost:3090/ws:0
[  148213ms] [ERROR] Failed to load resource: the server responded with a status of 404 (Not Found) @ http://localhost:8081/meetings:0
[  148404ms] [ERROR] Failed to load resource: the server responded with a status of 404 (Not Found) @ http://localhost:3090/api/health:0
[  148411ms] [ERROR] Failed to load resource: the server responded with a status of 404 (Not Found) @ http://localhost:8081/meetings:0
[  148411ms] [ERROR] Failed to load resource: the server responded with a status of 404 (Not Found) @ http://localhost:3090/ws:0
[  148768ms] [ERROR] Failed to load resource: the server responded with a status of 404 (Not Found) @ http://localhost:3090/api/health:0
[  148785ms] [ERROR] Failed to load resource: the server responded with a status of 404 (Not Found) @ http://localhost:8081/meetings:0
[  148786ms] [ERROR] Failed to load resource: the server responded with a status of 404 (Not Found) @ http://localhost:3090/ws:0
[  149132ms] [ERROR] Failed to load resource: the server responded with a status of 404 (Not Found) @ http://localhost:8081/meetings:0
[  149132ms] [ERROR] Failed to load resource: the server responded with a status of 404 (Not Found) @ http://localhost:3090/api/health:0
[  149140ms] [ERROR] Failed to load resource: the server responded with a status of 404 (Not Found) @ http://localhost:3090/ws:0
[  149375ms] [ERROR] Failed to load resource: the server responded with a status of 404 (Not Found) @ http://localhost:3090/api/health:0
[  149375ms] [ERROR] Failed to load resource: the server responded with a status of 404 (Not Found) @ http://localhost:3090/ws:0
[  149377ms] [ERROR] Failed to load resource: the server responded with a status of 404 (Not Found) @ http://localhost:8081/meetings:0
[  149495ms] [ERROR] Failed to load resource: the server responded with a status of 404 (Not Found) @ http://localhost:3090/api/health:0
[  149495ms] [ERROR] Failed to load resource: the server responded with a status of 404 (Not Found) @ http://localhost:3090/ws:0
[  149496ms] [ERROR] Failed to load resource: the server responded with a status of 404 (Not Found) @ http://localhost:8081/meetings:0
[  149737ms] [ERROR] Failed to load resource: the server responded with a status of 404 (Not Found) @ http://localhost:3090/api/health:0
[  149737ms] [ERROR] Failed to load resource: the server responded with a status of 404 (Not Found) @ http://localhost:3090/ws:0
[  149737ms] [ERROR] Failed to load resource: the server responded with a status of 404 (Not Found) @ http://localhost:8081/meetings:0
[  150059ms] [ERROR] Failed to load resource: the server responded with a status of 404 (Not Found) @ http://localhost:3090/api/health:0
[  150059ms] [ERROR] Failed to load resource: the server responded with a status of 404 (Not Found) @ http://localhost:3090/ws:0
[  150060ms] [ERROR] Failed to load resource: the server responded with a status of 404 (Not Found) @ http://localhost:8081/meetings:0
[  150162ms] [ERROR] Failed to load resource: the server responded with a status of 404 (Not Found) @ http://localhost:3090/api/health:0
[  150162ms] [ERROR] Failed to load resource: the server responded with a status of 404 (Not Found) @ http://localhost:3090/ws:0
[  150163ms] [ERROR] Failed to load resource: the server responded with a status of 404 (Not Found) @ http://localhost:8081/meetings:0
[  150390ms] [ERROR] Failed to load resource: the server responded with a status of 404 (Not Found) @ http://localhost:3090/api/health:0
[  150390ms] [ERROR] Failed to load resource: the server responded with a status of 404 (Not Found) @ http://localhost:3090/ws:0
[  150391ms] [ERROR] Failed to load resource: the server responded with a status of 404 (Not Found) @ http://localhost:8081/meetings:0
[  150513ms] [ERROR] Failed to load resource: the server responded with a status of 404 (Not Found) @ http://localhost:3090/api/health:0
[  150514ms] [ERROR] Failed to load resource: the server responded with a status of 404 (Not Found) @ http://localhost:3090/ws:0
[  150514ms] [ERROR] Failed to load resource: the server responded with a status of 404 (Not Found) @ http://localhost:8081/meetings:0
[  150772ms] [ERROR] Failed to load resource: the server responded with a status of 404 (Not Found) @ http://localhost:3090/api/health:0
[  150773ms] [ERROR] Failed to load resource: the server responded with a status of 404 (Not Found) @ http://localhost:3090/ws:0
[  150773ms] [ERROR] Failed to load resource: the server responded with a status of 404 (Not Found) @ http://localhost:8081/meetings:0
[  150962ms] [ERROR] Failed to load resource: the server responded with a status of 404 (Not Found) @ http://localhost:3090/api/health:0
[  150964ms] [ERROR] Failed to load resource: the server responded with a status of 404 (Not Found) @ http://localhost:3090/ws:0
[  150965ms] [ERROR] Failed to load resource: the server responded with a status of 404 (Not Found) @ http://localhost:8081/meetings:0
[  151162ms] [ERROR] Failed to load resource: the server responded with a status of 404 (Not Found) @ http://localhost:3090/api/health:0
[  151163ms] [ERROR] Failed to load resource: the server responded with a status of 404 (Not Found) @ http://localhost:3090/ws:0
[  151163ms] [ERROR] Failed to load resource: the server responded with a status of 404 (Not Found) @ http://localhost:8081/meetings:0
[  151270ms] [ERROR] Failed to load resource: the server responded with a status of 404 (Not Found) @ http://localhost:3090/api/health:0
[  151291ms] [ERROR] Failed to load resource: the server responded with a status of 404 (Not Found) @ http://localhost:3090/ws:0
[  151291ms] [ERROR] Failed to load resource: the server responded with a status of 404 (Not Found) @ http://localhost:8081/meetings:0
[  151364ms] [ERROR] Failed to load resource: the server responded with a status of 404 (Not Found) @ http://localhost:3090/api/health:0
[  151364ms] [ERROR] Failed to load resource: the server responded with a status of 404 (Not Found) @ http://localhost:3090/ws:0
[  151364ms] [ERROR] Failed to load resource: the server responded with a status of 404 (Not Found) @ http://localhost:8081/meetings:0
[  151513ms] [ERROR] Failed to load resource: the server responded with a status of 404 (Not Found) @ http://localhost:3090/api/health:0
[  151513ms] [ERROR] Failed to load resource: the server responded with a status of 404 (Not Found) @ http://localhost:8081/meetings:0
[  151514ms] [ERROR] Failed to load resource: the server responded with a status of 404 (Not Found) @ http://localhost:3090/ws:0
[  151848ms] [ERROR] Failed to load resource: the server responded with a status of 404 (Not Found) @ http://localhost:3090/api/health:0
[  151848ms] [ERROR] Failed to load resource: the server responded with a status of 404 (Not Found) @ http://localhost:3090/ws:0
[  151860ms] [ERROR] Failed to load resource: the server responded with a status of 404 (Not Found) @ http://localhost:8081/meetings:0
[  152064ms] [ERROR] Failed to load resource: the server responded with a status of 404 (Not Found) @ http://localhost:3090/api/health:0
[  152065ms] [ERROR] Failed to load resource: the server responded with a status of 404 (Not Found) @ http://localhost:8081/meetings:0
[  152065ms] [ERROR] Failed to load resource: the server responded with a status of 404 (Not Found) @ http://localhost:3090/ws:0
[  152280ms] [ERROR] Failed to load resource: the server responded with a status of 404 (Not Found) @ http://localhost:3090/api/health:0
[  152280ms] [ERROR] Failed to load resource: the server responded with a status of 404 (Not Found) @ http://localhost:3090/ws:0
[  152281ms] [ERROR] Failed to load resource: the server responded with a status of 404 (Not Found) @ http://localhost:8081/meetings:0
[  152401ms] [ERROR] Failed to load resource: the server responded with a status of 404 (Not Found) @ http://localhost:3090/api/health:0
[  152401ms] [ERROR] Failed to load resource: the server responded with a status of 404 (Not Found) @ http://localhost:3090/ws:0
[  152403ms] [ERROR] Failed to load resource: the server responded with a status of 404 (Not Found) @ http://localhost:8081/meetings:0
[  152578ms] [ERROR] Failed to load resource: the server responded with a status of 404 (Not Found) @ http://localhost:3090/api/health:0
[  152578ms] [ERROR] Failed to load resource: the server responded with a status of 404 (Not Found) @ http://localhost:3090/ws:0
[  152579ms] [ERROR] Failed to load resource: the server responded with a status of 404 (Not Found) @ http://localhost:8081/meetings:0
[  153038ms] [ERROR] Failed to load resource: the server responded with a status of 404 (Not Found) @ http://localhost:3090/api/health:0
[  153038ms] [ERROR] Failed to load resource: the server responded with a status of 404 (Not Found) @ http://localhost:3090/ws:0
[  153047ms] [ERROR] Failed to load resource: the server responded with a status of 404 (Not Found) @ http://localhost:8081/meetings:0
[  153230ms] [ERROR] Failed to load resource: the server responded with a status of 404 (Not Found) @ http://localhost:3090/api/health:0
[  153230ms] [ERROR] Failed to load resource: the server responded with a status of 404 (Not Found) @ http://localhost:8081/meetings:0
[  153230ms] [ERROR] Failed to load resource: the server responded with a status of 404 (Not Found) @ http://localhost:3090/ws:0
[  153429ms] [ERROR] Failed to load resource: the server responded with a status of 404 (Not Found) @ http://localhost:3090/api/health:0
[  153429ms] [ERROR] Failed to load resource: the server responded with a status of 404 (Not Found) @ http://localhost:3090/ws:0
[  153430ms] [ERROR] Failed to load resource: the server responded with a status of 404 (Not Found) @ http://localhost:8081/meetings:0
[  153506ms] [ERROR] Failed to load resource: the server responded with a status of 404 (Not Found) @ http://localhost:3090/api/health:0
[  153506ms] [ERROR] Failed to load resource: the server responded with a status of 404 (Not Found) @ http://localhost:3090/ws:0
[  153506ms] [ERROR] Failed to load resource: the server responded with a status of 404 (Not Found) @ http://localhost:8081/meetings:0
[  153562ms] [ERROR] Failed to load resource: the server responded with a status of 404 (Not Found) @ http://localhost:3090/api/health:0
[  153562ms] [ERROR] Failed to load resource: the server responded with a status of 404 (Not Found) @ http://localhost:3090/ws:0
[  153563ms] [ERROR] Failed to load resource: the server responded with a status of 404 (Not Found) @ http://localhost:8081/meetings:0
[  153731ms] [ERROR] Failed to load resource: the server responded with a status of 404 (Not Found) @ http://localhost:3090/api/health:0
[  153732ms] [ERROR] Failed to load resource: the server responded with a status of 404 (Not Found) @ http://localhost:8081/meetings:0
[  153732ms] [ERROR] Failed to load resource: the server responded with a status of 404 (Not Found) @ http://localhost:3090/ws:0
[  154149ms] [ERROR] Failed to load resource: the server responded with a status of 404 (Not Found) @ http://localhost:3090/api/health:0
[  154149ms] [ERROR] Failed to load resource: the server responded with a status of 404 (Not Found) @ http://localhost:3090/ws:0
[  154149ms] [ERROR] Failed to load resource: the server responded with a status of 404 (Not Found) @ http://localhost:8081/meetings:0
[  154429ms] [ERROR] Failed to load resource: the server responded with a status of 404 (Not Found) @ http://localhost:3090/api/health:0
[  154429ms] [ERROR] Failed to load resource: the server responded with a status of 404 (Not Found) @ http://localhost:3090/ws:0
[  154430ms] [ERROR] Failed to load resource: the server responded with a status of 404 (Not Found) @ http://localhost:8081/meetings:0
[  154522ms] [ERROR] Failed to load resource: the server responded with a status of 404 (Not Found) @ http://localhost:3090/api/health:0
[  154524ms] [ERROR] Failed to load resource: the server responded with a status of 404 (Not Found) @ http://localhost:3090/ws:0
[  154524ms] [ERROR] Failed to load resource: the server responded with a status of 404 (Not Found) @ http://localhost:8081/meetings:0
[  154682ms] [ERROR] Failed to load resource: the server responded with a status of 404 (Not Found) @ http://localhost:3090/api/health:0
[  154683ms] [ERROR] Failed to load resource: the server responded with a status of 404 (Not Found) @ http://localhost:3090/ws:0
[  154691ms] [ERROR] Failed to load resource: the server responded with a status of 404 (Not Found) @ http://localhost:8081/meetings:0
[  154746ms] [ERROR] Failed to load resource: the server responded with a status of 404 (Not Found) @ http://localhost:3090/api/health:0
[  154746ms] [ERROR] Failed to load resource: the server responded with a status of 404 (Not Found) @ http://localhost:3090/ws:0
[  154746ms] [ERROR] Failed to load resource: the server responded with a status of 404 (Not Found) @ http://localhost:8081/meetings:0
[  154957ms] [ERROR] Failed to load resource: the server responded with a status of 404 (Not Found) @ http://localhost:3090/api/health:0
[  154957ms] [ERROR] Failed to load resource: the server responded with a status of 404 (Not Found) @ http://localhost:3090/ws:0
[  154965ms] [ERROR] Failed to load resource: the server responded with a status of 404 (Not Found) @ http://localhost:8081/meetings:0
[  155216ms] [ERROR] Failed to load resource: the server responded with a status of 404 (Not Found) @ http://localhost:3090/api/health:0
[  155216ms] [ERROR] Failed to load resource: the server responded with a status of 404 (Not Found) @ http://localhost:3090/ws:0
[  155217ms] [ERROR] Failed to load resource: the server responded with a status of 404 (Not Found) @ http://localhost:8081/meetings:0
[  155382ms] [ERROR] Failed to load resource: the server responded with a status of 404 (Not Found) @ http://localhost:3090/api/health:0
[  155382ms] [ERROR] Failed to load resource: the server responded with a status of 404 (Not Found) @ http://localhost:3090/ws:0
[  155382ms] [ERROR] Failed to load resource: the server responded with a status of 404 (Not Found) @ http://localhost:8081/meetings:0
[  155473ms] [ERROR] Failed to load resource: the server responded with a status of 404 (Not Found) @ http://localhost:3090/api/health:0
[  155473ms] [ERROR] Failed to load resource: the server responded with a status of 404 (Not Found) @ http://localhost:3090/ws:0
[  155473ms] [ERROR] Failed to load resource: the server responded with a status of 404 (Not Found) @ http://localhost:8081/meetings:0
[  155570ms] [ERROR] Failed to load resource: the server responded with a status of 404 (Not Found) @ http://localhost:3090/api/health:0
[  155570ms] [ERROR] Failed to load resource: the server responded with a status of 404 (Not Found) @ http://localhost:8081/meetings:0
[  155571ms] [ERROR] Failed to load resource: the server responded with a status of 404 (Not Found) @ http://localhost:3090/ws:0
[  155665ms] [ERROR] Failed to load resource: the server responded with a status of 404 (Not Found) @ http://localhost:3090/api/health:0
[  155666ms] [ERROR] Failed to load resource: the server responded with a status of 404 (Not Found) @ http://localhost:3090/ws:0
[  155666ms] [ERROR] Failed to load resource: the server responded with a status of 404 (Not Found) @ http://localhost:8081/meetings:0
[  155850ms] [ERROR] Failed to load resource: the server responded with a status of 404 (Not Found) @ http://localhost:3090/api/health:0
[  155851ms] [ERROR] Failed to load resource: the server responded with a status of 404 (Not Found) @ http://localhost:3090/ws:0
[  155851ms] [ERROR] Failed to load resource: the server responded with a status of 404 (Not Found) @ http://localhost:8081/meetings:0
[  156110ms] [ERROR] Failed to load resource: the server responded with a status of 404 (Not Found) @ http://localhost:3090/api/health:0
[  156110ms] [ERROR] Failed to load resource: the server responded with a status of 404 (Not Found) @ http://localhost:8081/meetings:0
[  156111ms] [ERROR] Failed to load resource: the server responded with a status of 404 (Not Found) @ http://localhost:3090/ws:0
[  156299ms] [ERROR] Failed to load resource: the server responded with a status of 404 (Not Found) @ http://localhost:3090/api/health:0
[  156299ms] [ERROR] Failed to load resource: the server responded with a status of 404 (Not Found) @ http://localhost:3090/ws:0
[  156300ms] [ERROR] Failed to load resource: the server responded with a status of 404 (Not Found) @ http://localhost:8081/meetings:0
[  156464ms] [ERROR] Failed to load resource: the server responded with a status of 404 (Not Found) @ http://localhost:3090/api/health:0
[  156464ms] [ERROR] Failed to load resource: the server responded with a status of 404 (Not Found) @ http://localhost:3090/ws:0
[  156465ms] [ERROR] Failed to load resource: the server responded with a status of 404 (Not Found) @ http://localhost:8081/meetings:0
[  156742ms] [ERROR] Failed to load resource: the server responded with a status of 404 (Not Found) @ http://localhost:3090/api/health:0
[  156742ms] [ERROR] Failed to load resource: the server responded with a status of 404 (Not Found) @ http://localhost:3090/ws:0
[  156743ms] [ERROR] Failed to load resource: the server responded with a status of 404 (Not Found) @ http://localhost:8081/meetings:0
[  156826ms] [ERROR] Failed to load resource: the server responded with a status of 404 (Not Found) @ http://localhost:3090/api/health:0
[  156827ms] [ERROR] Failed to load resource: the server responded with a status of 404 (Not Found) @ http://localhost:3090/ws:0
[  156835ms] [ERROR] Failed to load resource: the server responded with a status of 404 (Not Found) @ http://localhost:8081/meetings:0
[  157049ms] [ERROR] Failed to load resource: the server responded with a status of 404 (Not Found) @ http://localhost:3090/api/health:0
[  157049ms] [ERROR] Failed to load resource: the server responded with a status of 404 (Not Found) @ http://localhost:3090/ws:0
[  157049ms] [ERROR] Failed to load resource: the server responded with a status of 404 (Not Found) @ http://localhost:8081/meetings:0
[  157254ms] [ERROR] Failed to load resource: the server responded with a status of 404 (Not Found) @ http://localhost:3090/api/health:0
[  157255ms] [ERROR] Failed to load resource: the server responded with a status of 404 (Not Found) @ http://localhost:3090/ws:0
[  157255ms] [ERROR] Failed to load resource: the server responded with a status of 404 (Not Found) @ http://localhost:8081/meetings:0
[  157436ms] [ERROR] Failed to load resource: the server responded with a status of 404 (Not Found) @ http://localhost:3090/api/health:0
[  157436ms] [ERROR] Failed to load resource: the server responded with a status of 404 (Not Found) @ http://localhost:3090/ws:0
[  157436ms] [ERROR] Failed to load resource: the server responded with a status of 404 (Not Found) @ http://localhost:8081/meetings:0
[  157594ms] [ERROR] Failed to load resource: the server responded with a status of 404 (Not Found) @ http://localhost:3090/api/health:0
[  157595ms] [ERROR] Failed to load resource: the server responded with a status of 404 (Not Found) @ http://localhost:8081/meetings:0
[  157595ms] [ERROR] Failed to load resource: the server responded with a status of 404 (Not Found) @ http://localhost:3090/ws:0
[  157636ms] [ERROR] Failed to load resource: the server responded with a status of 404 (Not Found) @ http://localhost:3090/api/health:0
[  157636ms] [ERROR] Failed to load resource: the server responded with a status of 404 (Not Found) @ http://localhost:3090/ws:0
[  157637ms] [ERROR] Failed to load resource: the server responded with a status of 404 (Not Found) @ http://localhost:8081/meetings:0
[  157794ms] [ERROR] Failed to load resource: the server responded with a status of 404 (Not Found) @ http://localhost:3090/api/health:0
[  157794ms] [ERROR] Failed to load resource: the server responded with a status of 404 (Not Found) @ http://localhost:8081/meetings:0
[  157794ms] [ERROR] Failed to load resource: the server responded with a status of 404 (Not Found) @ http://localhost:3090/ws:0
[  157905ms] [ERROR] Failed to load resource: the server responded with a status of 404 (Not Found) @ http://localhost:3090/api/health:0
[  157905ms] [ERROR] Failed to load resource: the server responded with a status of 404 (Not Found) @ http://localhost:3090/ws:0
[  157905ms] [ERROR] Failed to load resource: the server responded with a status of 404 (Not Found) @ http://localhost:8081/meetings:0
[  158193ms] [ERROR] Failed to load resource: the server responded with a status of 404 (Not Found) @ http://localhost:3090/api/health:0
[  158205ms] [ERROR] Failed to load resource: the server responded with a status of 404 (Not Found) @ http://localhost:3090/ws:0
[  158206ms] [ERROR] Failed to load resource: the server responded with a status of 404 (Not Found) @ http://localhost:8081/meetings:0
[  158440ms] [ERROR] Failed to load resource: the server responded with a status of 404 (Not Found) @ http://localhost:3090/api/health:0
[  158440ms] [ERROR] Failed to load resource: the server responded with a status of 404 (Not Found) @ http://localhost:3090/ws:0
[  158441ms] [ERROR] Failed to load resource: the server responded with a status of 404 (Not Found) @ http://localhost:8081/meetings:0
[  158609ms] [ERROR] Failed to load resource: the server responded with a status of 404 (Not Found) @ http://localhost:3090/api/health:0
[  158610ms] [ERROR] Failed to load resource: the server responded with a status of 404 (Not Found) @ http://localhost:3090/ws:0
[  158610ms] [ERROR] Failed to load resource: the server responded with a status of 404 (Not Found) @ http://localhost:8081/meetings:0
[  158690ms] [ERROR] Failed to load resource: the server responded with a status of 404 (Not Found) @ http://localhost:3090/api/health:0
[  158690ms] [ERROR] Failed to load resource: the server responded with a status of 404 (Not Found) @ http://localhost:3090/ws:0
[  158700ms] [ERROR] Failed to load resource: the server responded with a status of 404 (Not Found) @ http://localhost:8081/meetings:0
[  158762ms] [ERROR] Failed to load resource: the server responded with a status of 404 (Not Found) @ http://localhost:3090/api/health:0
[  158762ms] [ERROR] Failed to load resource: the server responded with a status of 404 (Not Found) @ http://localhost:3090/ws:0
[  158773ms] [ERROR] Failed to load resource: the server responded with a status of 404 (Not Found) @ http://localhost:8081/meetings:0
[  158911ms] [ERROR] Failed to load resource: the server responded with a status of 404 (Not Found) @ http://localhost:3090/api/health:0
[  158911ms] [ERROR] Failed to load resource: the server responded with a status of 404 (Not Found) @ http://localhost:3090/ws:0
[  158912ms] [ERROR] Failed to load resource: the server responded with a status of 404 (Not Found) @ http://localhost:8081/meetings:0
[  159175ms] [ERROR] Failed to load resource: the server responded with a status of 404 (Not Found) @ http://localhost:3090/api/health:0
[  159175ms] [ERROR] Failed to load resource: the server responded with a status of 404 (Not Found) @ http://localhost:3090/ws:0
[  159176ms] [ERROR] Failed to load resource: the server responded with a status of 404 (Not Found) @ http://localhost:8081/meetings:0
[  159345ms] [ERROR] Failed to load resource: the server responded with a status of 404 (Not Found) @ http://localhost:3090/api/health:0
[  159345ms] [ERROR] Failed to load resource: the server responded with a status of 404 (Not Found) @ http://localhost:3090/ws:0
[  159345ms] [ERROR] Failed to load resource: the server responded with a status of 404 (Not Found) @ http://localhost:8081/meetings:0
[  159523ms] [ERROR] Failed to load resource: the server responded with a status of 404 (Not Found) @ http://localhost:3090/api/health:0
[  159524ms] [ERROR] Failed to load resource: the server responded with a status of 404 (Not Found) @ http://localhost:3090/ws:0
[  159524ms] [ERROR] Failed to load resource: the server responded with a status of 404 (Not Found) @ http://localhost:8081/meetings:0
[  159640ms] [ERROR] Failed to load resource: the server responded with a status of 404 (Not Found) @ http://localhost:3090/api/health:0
[  159640ms] [ERROR] Failed to load resource: the server responded with a status of 404 (Not Found) @ http://localhost:3090/ws:0
[  159641ms] [ERROR] Failed to load resource: the server responded with a status of 404 (Not Found) @ http://localhost:8081/meetings:0
[  159717ms] [ERROR] Failed to load resource: the server responded with a status of 404 (Not Found) @ http://localhost:3090/api/health:0
[  159717ms] [ERROR] Failed to load resource: the server responded with a status of 404 (Not Found) @ http://localhost:3090/ws:0
[  159718ms] [ERROR] Failed to load resource: the server responded with a status of 404 (Not Found) @ http://localhost:8081/meetings:0
[  159876ms] [ERROR] Failed to load resource: the server responded with a status of 404 (Not Found) @ http://localhost:3090/api/health:0
[  159885ms] [ERROR] Failed to load resource: the server responded with a status of 404 (Not Found) @ http://localhost:3090/ws:0
[  159885ms] [ERROR] Failed to load resource: the server responded with a status of 404 (Not Found) @ http://localhost:8081/meetings:0
[  160016ms] [ERROR] Failed to load resource: the server responded with a status of 404 (Not Found) @ http://localhost:3090/api/health:0
[  160016ms] [ERROR] Failed to load resource: the server responded with a status of 404 (Not Found) @ http://localhost:3090/ws:0
[  160017ms] [ERROR] Failed to load resource: the server responded with a status of 404 (Not Found) @ http://localhost:8081/meetings:0
[  160302ms] [ERROR] Failed to load resource: the server responded with a status of 404 (Not Found) @ http://localhost:3090/api/health:0
[  160303ms] [ERROR] Failed to load resource: the server responded with a status of 404 (Not Found) @ http://localhost:3090/ws:0
[  160312ms] [ERROR] Failed to load resource: the server responded with a status of 404 (Not Found) @ http://localhost:8081/meetings:0
[  160545ms] [ERROR] Failed to load resource: the server responded with a status of 404 (Not Found) @ http://localhost:3090/api/health:0
[  160546ms] [ERROR] Failed to load resource: the server responded with a status of 404 (Not Found) @ http://localhost:3090/ws:0
[  160546ms] [ERROR] Failed to load resource: the server responded with a status of 404 (Not Found) @ http://localhost:8081/meetings:0
[  160637ms] [ERROR] Failed to load resource: the server responded with a status of 404 (Not Found) @ http://localhost:3090/api/health:0
[  160637ms] [ERROR] Failed to load resource: the server responded with a status of 404 (Not Found) @ http://localhost:3090/ws:0
[  160638ms] [ERROR] Failed to load resource: the server responded with a status of 404 (Not Found) @ http://localhost:8081/meetings:0
[  160927ms] [ERROR] Failed to load resource: the server responded with a status of 404 (Not Found) @ http://localhost:3090/api/health:0
[  160928ms] [ERROR] Failed to load resource: the server responded with a status of 404 (Not Found) @ http://localhost:3090/ws:0
[  160929ms] [ERROR] Failed to load resource: the server responded with a status of 404 (Not Found) @ http://localhost:8081/meetings:0
[  160985ms] [ERROR] Failed to load resource: the server responded with a status of 404 (Not Found) @ http://localhost:3090/api/health:0
[  160986ms] [ERROR] Failed to load resource: the server responded with a status of 404 (Not Found) @ http://localhost:3090/ws:0
[  160986ms] [ERROR] Failed to load resource: the server responded with a status of 404 (Not Found) @ http://localhost:8081/meetings:0
[  161022ms] [ERROR] Failed to load resource: the server responded with a status of 404 (Not Found) @ http://localhost:3090/api/health:0
[  161022ms] [ERROR] Failed to load resource: the server responded with a status of 404 (Not Found) @ http://localhost:3090/ws:0
[  161022ms] [ERROR] Failed to load resource: the server responded with a status of 404 (Not Found) @ http://localhost:8081/meetings:0
[  161203ms] [ERROR] Failed to load resource: the server responded with a status of 404 (Not Found) @ http://localhost:3090/api/health:0
[  161204ms] [ERROR] Failed to load resource: the server responded with a status of 404 (Not Found) @ http://localhost:8081/meetings:0
[  161212ms] [ERROR] Failed to load resource: the server responded with a status of 404 (Not Found) @ http://localhost:3090/ws:0
[  161433ms] [ERROR] Failed to load resource: the server responded with a status of 404 (Not Found) @ http://localhost:3090/api/health:0
[  161434ms] [ERROR] Failed to load resource: the server responded with a status of 404 (Not Found) @ http://localhost:3090/ws:0
[  161435ms] [ERROR] Failed to load resource: the server responded with a status of 404 (Not Found) @ http://localhost:8081/meetings:0
[  161609ms] [ERROR] Failed to load resource: the server responded with a status of 404 (Not Found) @ http://localhost:3090/api/health:0
[  161609ms] [ERROR] Failed to load resource: the server responded with a status of 404 (Not Found) @ http://localhost:8081/meetings:0
[  161609ms] [ERROR] Failed to load resource: the server responded with a status of 404 (Not Found) @ http://localhost:3090/ws:0
[  161778ms] [ERROR] Failed to load resource: the server responded with a status of 404 (Not Found) @ http://localhost:3090/api/health:0
[  161778ms] [ERROR] Failed to load resource: the server responded with a status of 404 (Not Found) @ http://localhost:3090/ws:0
[  161778ms] [ERROR] Failed to load resource: the server responded with a status of 404 (Not Found) @ http://localhost:8081/meetings:0
[  161813ms] [ERROR] Failed to load resource: the server responded with a status of 404 (Not Found) @ http://localhost:3090/api/health:0
[  161813ms] [ERROR] Failed to load resource: the server responded with a status of 404 (Not Found) @ http://localhost:3090/ws:0
[  161814ms] [ERROR] Failed to load resource: the server responded with a status of 404 (Not Found) @ http://localhost:8081/meetings:0
[  161910ms] [ERROR] Failed to load resource: the server responded with a status of 404 (Not Found) @ http://localhost:3090/api/health:0
[  161911ms] [ERROR] Failed to load resource: the server responded with a status of 404 (Not Found) @ http://localhost:3090/ws:0
[  161911ms] [ERROR] Failed to load resource: the server responded with a status of 404 (Not Found) @ http://localhost:8081/meetings:0
[  162074ms] [ERROR] Failed to load resource: the server responded with a status of 404 (Not Found) @ http://localhost:3090/api/health:0
[  162085ms] [ERROR] Failed to load resource: the server responded with a status of 404 (Not Found) @ http://localhost:3090/ws:0
[  162086ms] [ERROR] Failed to load resource: the server responded with a status of 404 (Not Found) @ http://localhost:8081/meetings:0
[  162346ms] [ERROR] Failed to load resource: the server responded with a status of 404 (Not Found) @ http://localhost:3090/api/health:0
[  162346ms] [ERROR] Failed to load resource: the server responded with a status of 404 (Not Found) @ http://localhost:3090/ws:0
[  162347ms] [ERROR] Failed to load resource: the server responded with a status of 404 (Not Found) @ http://localhost:8081/meetings:0
[  162525ms] [ERROR] Failed to load resource: the server responded with a status of 404 (Not Found) @ http://localhost:3090/api/health:0
[  162526ms] [ERROR] Failed to load resource: the server responded with a status of 404 (Not Found) @ http://localhost:3090/ws:0
[  162526ms] [ERROR] Failed to load resource: the server responded with a status of 404 (Not Found) @ http://localhost:8081/meetings:0
[  162710ms] [ERROR] Failed to load resource: the server responded with a status of 404 (Not Found) @ http://localhost:3090/api/health:0
[  162710ms] [ERROR] Failed to load resource: the server responded with a status of 404 (Not Found) @ http://localhost:3090/ws:0
[  162711ms] [ERROR] Failed to load resource: the server responded with a status of 404 (Not Found) @ http://localhost:8081/meetings:0
[  162796ms] [ERROR] Failed to load resource: the server responded with a status of 404 (Not Found) @ http://localhost:3090/api/health:0
[  162797ms] [ERROR] Failed to load resource: the server responded with a status of 404 (Not Found) @ http://localhost:3090/ws:0
[  162797ms] [ERROR] Failed to load resource: the server responded with a status of 404 (Not Found) @ http://localhost:8081/meetings:0
[  162858ms] [ERROR] Failed to load resource: the server responded with a status of 404 (Not Found) @ http://localhost:3090/api/health:0
[  162859ms] [ERROR] Failed to load resource: the server responded with a status of 404 (Not Found) @ http://localhost:3090/ws:0
[  162859ms] [ERROR] Failed to load resource: the server responded with a status of 404 (Not Found) @ http://localhost:8081/meetings:0
[  163014ms] [ERROR] Failed to load resource: the server responded with a status of 404 (Not Found) @ http://localhost:3090/api/health:0
[  163014ms] [ERROR] Failed to load resource: the server responded with a status of 404 (Not Found) @ http://localhost:3090/ws:0
[  163014ms] [ERROR] Failed to load resource: the server responded with a status of 404 (Not Found) @ http://localhost:8081/meetings:0
[  163169ms] [ERROR] Failed to load resource: the server responded with a status of 404 (Not Found) @ http://localhost:3090/api/health:0
[  163169ms] [ERROR] Failed to load resource: the server responded with a status of 404 (Not Found) @ http://localhost:3090/ws:0
[  163169ms] [ERROR] Failed to load resource: the server responded with a status of 404 (Not Found) @ http://localhost:8081/meetings:0
[  163456ms] [ERROR] Failed to load resource: the server responded with a status of 404 (Not Found) @ http://localhost:3090/api/health:0
[  163456ms] [ERROR] Failed to load resource: the server responded with a status of 404 (Not Found) @ http://localhost:3090/ws:0
[  163457ms] [ERROR] Failed to load resource: the server responded with a status of 404 (Not Found) @ http://localhost:8081/meetings:0
[  163627ms] [ERROR] Failed to load resource: the server responded with a status of 404 (Not Found) @ http://localhost:3090/api/health:0
[  163627ms] [ERROR] Failed to load resource: the server responded with a status of 404 (Not Found) @ http://localhost:3090/ws:0
[  163627ms] [ERROR] Failed to load resource: the server responded with a status of 404 (Not Found) @ http://localhost:8081/meetings:0
[  163817ms] [ERROR] Failed to load resource: the server responded with a status of 404 (Not Found) @ http://localhost:3090/api/health:0
[  163818ms] [ERROR] Failed to load resource: the server responded with a status of 404 (Not Found) @ http://localhost:3090/ws:0
[  163818ms] [ERROR] Failed to load resource: the server responded with a status of 404 (Not Found) @ http://localhost:8081/meetings:0
[  163890ms] [ERROR] Failed to load resource: the server responded with a status of 404 (Not Found) @ http://localhost:3090/api/health:0
[  163890ms] [ERROR] Failed to load resource: the server responded with a status of 404 (Not Found) @ http://localhost:3090/ws:0
[  163891ms] [ERROR] Failed to load resource: the server responded with a status of 404 (Not Found) @ http://localhost:8081/meetings:0
[  163943ms] [ERROR] Failed to load resource: the server responded with a status of 404 (Not Found) @ http://localhost:3090/api/health:0
[  163943ms] [ERROR] Failed to load resource: the server responded with a status of 404 (Not Found) @ http://localhost:3090/ws:0
[  163943ms] [ERROR] Failed to load resource: the server responded with a status of 404 (Not Found) @ http://localhost:8081/meetings:0
[  164100ms] [ERROR] Failed to load resource: the server responded with a status of 404 (Not Found) @ http://localhost:3090/api/health:0
[  164100ms] [ERROR] Failed to load resource: the server responded with a status of 404 (Not Found) @ http://localhost:3090/ws:0
[  164100ms] [ERROR] Failed to load resource: the server responded with a status of 404 (Not Found) @ http://localhost:8081/meetings:0
[  164247ms] [ERROR] Failed to load resource: the server responded with a status of 404 (Not Found) @ http://localhost:3090/api/health:0
[  164247ms] [ERROR] Failed to load resource: the server responded with a status of 404 (Not Found) @ http://localhost:3090/ws:0
[  164248ms] [ERROR] Failed to load resource: the server responded with a status of 404 (Not Found) @ http://localhost:8081/meetings:0
[  164562ms] [ERROR] Failed to load resource: the server responded with a status of 404 (Not Found) @ http://localhost:3090/api/health:0
[  164562ms] [ERROR] Failed to load resource: the server responded with a status of 404 (Not Found) @ http://localhost:3090/ws:0
[  164563ms] [ERROR] Failed to load resource: the server responded with a status of 404 (Not Found) @ http://localhost:8081/meetings:0
[  164747ms] [ERROR] Failed to load resource: the server responded with a status of 404 (Not Found) @ http://localhost:3090/api/health:0
[  164747ms] [ERROR] Failed to load resource: the server responded with a status of 404 (Not Found) @ http://localhost:3090/ws:0
[  164748ms] [ERROR] Failed to load resource: the server responded with a status of 404 (Not Found) @ http://localhost:8081/meetings:0
[  164916ms] [ERROR] Failed to load resource: the server responded with a status of 404 (Not Found) @ http://localhost:3090/api/health:0
[  164916ms] [ERROR] Failed to load resource: the server responded with a status of 404 (Not Found) @ http://localhost:3090/ws:0
[  164917ms] [ERROR] Failed to load resource: the server responded with a status of 404 (Not Found) @ http://localhost:8081/meetings:0
[  165015ms] [ERROR] Failed to load resource: the server responded with a status of 404 (Not Found) @ http://localhost:3090/api/health:0
[  165016ms] [ERROR] Failed to load resource: the server responded with a status of 404 (Not Found) @ http://localhost:3090/ws:0
[  165016ms] [ERROR] Failed to load resource: the server responded with a status of 404 (Not Found) @ http://localhost:8081/meetings:0
[  165084ms] [ERROR] Failed to load resource: the server responded with a status of 404 (Not Found) @ http://localhost:3090/api/health:0
[  165084ms] [ERROR] Failed to load resource: the server responded with a status of 404 (Not Found) @ http://localhost:3090/ws:0
[  165084ms] [ERROR] Failed to load resource: the server responded with a status of 404 (Not Found) @ http://localhost:8081/meetings:0
[  165245ms] [ERROR] Failed to load resource: the server responded with a status of 404 (Not Found) @ http://localhost:3090/api/health:0
[  165246ms] [ERROR] Failed to load resource: the server responded with a status of 404 (Not Found) @ http://localhost:8081/meetings:0
[  165246ms] [ERROR] Failed to load resource: the server responded with a status of 404 (Not Found) @ http://localhost:3090/ws:0
[  165448ms] [ERROR] Failed to load resource: the server responded with a status of 404 (Not Found) @ http://localhost:3090/api/health:0
[  165449ms] [ERROR] Failed to load resource: the server responded with a status of 404 (Not Found) @ http://localhost:3090/ws:0
[  165457ms] [ERROR] Failed to load resource: the server responded with a status of 404 (Not Found) @ http://localhost:8081/meetings:0
[  165660ms] [ERROR] Failed to load resource: the server responded with a status of 404 (Not Found) @ http://localhost:3090/api/health:0
[  165660ms] [ERROR] Failed to load resource: the server responded with a status of 404 (Not Found) @ http://localhost:3090/ws:0
[  165661ms] [ERROR] Failed to load resource: the server responded with a status of 404 (Not Found) @ http://localhost:8081/meetings:0
[  165857ms] [ERROR] Failed to load resource: the server responded with a status of 404 (Not Found) @ http://localhost:3090/api/health:0
[  165858ms] [ERROR] Failed to load resource: the server responded with a status of 404 (Not Found) @ http://localhost:3090/ws:0
[  165859ms] [ERROR] Failed to load resource: the server responded with a status of 404 (Not Found) @ http://localhost:8081/meetings:0
[  166030ms] [ERROR] Failed to load resource: the server responded with a status of 404 (Not Found) @ http://localhost:3090/api/health:0
[  166030ms] [ERROR] Failed to load resource: the server responded with a status of 404 (Not Found) @ http://localhost:3090/ws:0
[  166030ms] [ERROR] Failed to load resource: the server responded with a status of 404 (Not Found) @ http://localhost:8081/meetings:0
[  166072ms] [ERROR] Failed to load resource: the server responded with a status of 404 (Not Found) @ http://localhost:3090/api/health:0
[  166072ms] [ERROR] Failed to load resource: the server responded with a status of 404 (Not Found) @ http://localhost:3090/ws:0
[  166073ms] [ERROR] Failed to load resource: the server responded with a status of 404 (Not Found) @ http://localhost:8081/meetings:0
[  166170ms] [ERROR] Failed to load resource: the server responded with a status of 404 (Not Found) @ http://localhost:3090/api/health:0
[  166170ms] [ERROR] Failed to load resource: the server responded with a status of 404 (Not Found) @ http://localhost:3090/ws:0
[  166170ms] [ERROR] Failed to load resource: the server responded with a status of 404 (Not Found) @ http://localhost:8081/meetings:0
[  166305ms] [ERROR] Failed to load resource: the server responded with a status of 404 (Not Found) @ http://localhost:3090/api/health:0
[  166306ms] [ERROR] Failed to load resource: the server responded with a status of 404 (Not Found) @ http://localhost:3090/ws:0
[  166306ms] [ERROR] Failed to load resource: the server responded with a status of 404 (Not Found) @ http://localhost:8081/meetings:0
[  166560ms] [ERROR] Failed to load resource: the server responded with a status of 404 (Not Found) @ http://localhost:3090/api/health:0
[  166560ms] [ERROR] Failed to load resource: the server responded with a status of 404 (Not Found) @ http://localhost:3090/ws:0
[  166560ms] [ERROR] Failed to load resource: the server responded with a status of 404 (Not Found) @ http://localhost:8081/meetings:0
[  166743ms] [ERROR] Failed to load resource: the server responded with a status of 404 (Not Found) @ http://localhost:3090/api/health:0
[  166743ms] [ERROR] Failed to load resource: the server responded with a status of 404 (Not Found) @ http://localhost:3090/ws:0
[  166743ms] [ERROR] Failed to load resource: the server responded with a status of 404 (Not Found) @ http://localhost:8081/meetings:0
[  166907ms] [ERROR] Failed to load resource: the server responded with a status of 404 (Not Found) @ http://localhost:3090/api/health:0
[  166907ms] [ERROR] Failed to load resource: the server responded with a status of 404 (Not Found) @ http://localhost:3090/ws:0
[  166908ms] [ERROR] Failed to load resource: the server responded with a status of 404 (Not Found) @ http://localhost:8081/meetings:0
[  166983ms] [ERROR] Failed to load resource: the server responded with a status of 404 (Not Found) @ http://localhost:3090/api/health:0
[  166983ms] [ERROR] Failed to load resource: the server responded with a status of 404 (Not Found) @ http://localhost:3090/ws:0
[  166983ms] [ERROR] Failed to load resource: the server responded with a status of 404 (Not Found) @ http://localhost:8081/meetings:0
[  167043ms] [ERROR] Failed to load resource: the server responded with a status of 404 (Not Found) @ http://localhost:3090/api/health:0
[  167044ms] [ERROR] Failed to load resource: the server responded with a status of 404 (Not Found) @ http://localhost:3090/ws:0
[  167044ms] [ERROR] Failed to load resource: the server responded with a status of 404 (Not Found) @ http://localhost:8081/meetings:0
[  167184ms] [ERROR] Failed to load resource: the server responded with a status of 404 (Not Found) @ http://localhost:3090/api/health:0
[  167184ms] [ERROR] Failed to load resource: the server responded with a status of 404 (Not Found) @ http://localhost:3090/ws:0
[  167184ms] [ERROR] Failed to load resource: the server responded with a status of 404 (Not Found) @ http://localhost:8081/meetings:0
[  167323ms] [ERROR] Failed to load resource: the server responded with a status of 404 (Not Found) @ http://localhost:3090/api/health:0
[  167323ms] [ERROR] Failed to load resource: the server responded with a status of 404 (Not Found) @ http://localhost:3090/ws:0
[  167323ms] [ERROR] Failed to load resource: the server responded with a status of 404 (Not Found) @ http://localhost:8081/meetings:0
[  167570ms] [ERROR] Failed to load resource: the server responded with a status of 404 (Not Found) @ http://localhost:3090/api/health:0
[  167570ms] [ERROR] Failed to load resource: the server responded with a status of 404 (Not Found) @ http://localhost:3090/ws:0
[  167571ms] [ERROR] Failed to load resource: the server responded with a status of 404 (Not Found) @ http://localhost:8081/meetings:0
[  167726ms] [ERROR] Failed to load resource: the server responded with a status of 404 (Not Found) @ http://localhost:3090/api/health:0
[  167726ms] [ERROR] Failed to load resource: the server responded with a status of 404 (Not Found) @ http://localhost:3090/ws:0
[  167726ms] [ERROR] Failed to load resource: the server responded with a status of 404 (Not Found) @ http://localhost:8081/meetings:0
[  167889ms] [ERROR] Failed to load resource: the server responded with a status of 404 (Not Found) @ http://localhost:3090/api/health:0
[  167889ms] [ERROR] Failed to load resource: the server responded with a status of 404 (Not Found) @ http://localhost:3090/ws:0
[  167889ms] [ERROR] Failed to load resource: the server responded with a status of 404 (Not Found) @ http://localhost:8081/meetings:0
[  167972ms] [ERROR] Failed to load resource: the server responded with a status of 404 (Not Found) @ http://localhost:3090/api/health:0
[  167982ms] [ERROR] Failed to load resource: the server responded with a status of 404 (Not Found) @ http://localhost:3090/ws:0
[  167982ms] [ERROR] Failed to load resource: the server responded with a status of 404 (Not Found) @ http://localhost:8081/meetings:0
[  168027ms] [ERROR] Failed to load resource: the server responded with a status of 404 (Not Found) @ http://localhost:3090/api/health:0
[  168027ms] [ERROR] Failed to load resource: the server responded with a status of 404 (Not Found) @ http://localhost:3090/ws:0
[  168028ms] [ERROR] Failed to load resource: the server responded with a status of 404 (Not Found) @ http://localhost:8081/meetings:0
[  168236ms] [ERROR] Failed to load resource: the server responded with a status of 404 (Not Found) @ http://localhost:3090/api/health:0
[  168246ms] [ERROR] Failed to load resource: the server responded with a status of 404 (Not Found) @ http://localhost:3090/ws:0
[  168247ms] [ERROR] Failed to load resource: the server responded with a status of 404 (Not Found) @ http://localhost:8081/meetings:0
[  168349ms] [ERROR] Failed to load resource: the server responded with a status of 404 (Not Found) @ http://localhost:3090/api/health:0
[  168349ms] [ERROR] Failed to load resource: the server responded with a status of 404 (Not Found) @ http://localhost:3090/ws:0
[  168349ms] [ERROR] Failed to load resource: the server responded with a status of 404 (Not Found) @ http://localhost:8081/meetings:0
[  168624ms] [ERROR] Failed to load resource: the server responded with a status of 404 (Not Found) @ http://localhost:3090/api/health:0
[  168624ms] [ERROR] Failed to load resource: the server responded with a status of 404 (Not Found) @ http://localhost:3090/ws:0
[  168625ms] [ERROR] Failed to load resource: the server responded with a status of 404 (Not Found) @ http://localhost:8081/meetings:0
[  168781ms] [ERROR] Failed to load resource: the server responded with a status of 404 (Not Found) @ http://localhost:3090/api/health:0
[  168781ms] [ERROR] Failed to load resource: the server responded with a status of 404 (Not Found) @ http://localhost:3090/ws:0
[  168781ms] [ERROR] Failed to load resource: the server responded with a status of 404 (Not Found) @ http://localhost:8081/meetings:0
[  168935ms] [ERROR] Failed to load resource: the server responded with a status of 404 (Not Found) @ http://localhost:3090/api/health:0
[  168935ms] [ERROR] Failed to load resource: the server responded with a status of 404 (Not Found) @ http://localhost:3090/ws:0
[  168935ms] [ERROR] Failed to load resource: the server responded with a status of 404 (Not Found) @ http://localhost:8081/meetings:0
[  169001ms] [ERROR] Failed to load resource: the server responded with a status of 404 (Not Found) @ http://localhost:3090/api/health:0
[  169001ms] [ERROR] Failed to load resource: the server responded with a status of 404 (Not Found) @ http://localhost:3090/ws:0
[  169001ms] [ERROR] Failed to load resource: the server responded with a status of 404 (Not Found) @ http://localhost:8081/meetings:0
[  169067ms] [ERROR] Failed to load resource: the server responded with a status of 404 (Not Found) @ http://localhost:3090/api/health:0
[  169068ms] [ERROR] Failed to load resource: the server responded with a status of 404 (Not Found) @ http://localhost:8081/meetings:0
[  169068ms] [ERROR] Failed to load resource: the server responded with a status of 404 (Not Found) @ http://localhost:3090/ws:0
[  169206ms] [ERROR] Failed to load resource: the server responded with a status of 404 (Not Found) @ http://localhost:3090/api/health:0
[  169214ms] [ERROR] Failed to load resource: the server responded with a status of 404 (Not Found) @ http://localhost:3090/ws:0
[  169214ms] [ERROR] Failed to load resource: the server responded with a status of 404 (Not Found) @ http://localhost:8081/meetings:0
[  169368ms] [ERROR] Failed to load resource: the server responded with a status of 404 (Not Found) @ http://localhost:3090/api/health:0
[  169368ms] [ERROR] Failed to load resource: the server responded with a status of 404 (Not Found) @ http://localhost:3090/ws:0
[  169368ms] [ERROR] Failed to load resource: the server responded with a status of 404 (Not Found) @ http://localhost:8081/meetings:0
[  169606ms] [ERROR] Failed to load resource: the server responded with a status of 404 (Not Found) @ http://localhost:3090/api/health:0
[  169606ms] [ERROR] Failed to load resource: the server responded with a status of 404 (Not Found) @ http://localhost:3090/ws:0
[  169606ms] [ERROR] Failed to load resource: the server responded with a status of 404 (Not Found) @ http://localhost:8081/meetings:0
[  169766ms] [ERROR] Failed to load resource: the server responded with a status of 404 (Not Found) @ http://localhost:3090/api/health:0
[  169767ms] [ERROR] Failed to load resource: the server responded with a status of 404 (Not Found) @ http://localhost:3090/ws:0
[  169767ms] [ERROR] Failed to load resource: the server responded with a status of 404 (Not Found) @ http://localhost:8081/meetings:0
[  169928ms] [ERROR] Failed to load resource: the server responded with a status of 404 (Not Found) @ http://localhost:3090/api/health:0
[  169929ms] [ERROR] Failed to load resource: the server responded with a status of 404 (Not Found) @ http://localhost:3090/ws:0
[  169936ms] [ERROR] Failed to load resource: the server responded with a status of 404 (Not Found) @ http://localhost:8081/meetings:0
[  170018ms] [ERROR] Failed to load resource: the server responded with a status of 404 (Not Found) @ http://localhost:3090/api/health:0
[  170018ms] [ERROR] Failed to load resource: the server responded with a status of 404 (Not Found) @ http://localhost:3090/ws:0
[  170018ms] [ERROR] Failed to load resource: the server responded with a status of 404 (Not Found) @ http://localhost:8081/meetings:0
[  170073ms] [ERROR] Failed to load resource: the server responded with a status of 404 (Not Found) @ http://localhost:3090/api/health:0
[  170073ms] [ERROR] Failed to load resource: the server responded with a status of 404 (Not Found) @ http://localhost:3090/ws:0
[  170074ms] [ERROR] Failed to load resource: the server responded with a status of 404 (Not Found) @ http://localhost:8081/meetings:0
[  170217ms] [ERROR] Failed to load resource: the server responded with a status of 404 (Not Found) @ http://localhost:3090/api/health:0
[  170217ms] [ERROR] Failed to load resource: the server responded with a status of 404 (Not Found) @ http://localhost:3090/ws:0
[  170218ms] [ERROR] Failed to load resource: the server responded with a status of 404 (Not Found) @ http://localhost:8081/meetings:0
[  170371ms] [ERROR] Failed to load resource: the server responded with a status of 404 (Not Found) @ http://localhost:3090/api/health:0
[  170372ms] [ERROR] Failed to load resource: the server responded with a status of 404 (Not Found) @ http://localhost:3090/ws:0
[  170384ms] [ERROR] Failed to load resource: the server responded with a status of 404 (Not Found) @ http://localhost:8081/meetings:0
[  170560ms] [ERROR] Failed to load resource: the server responded with a status of 404 (Not Found) @ http://localhost:3090/api/health:0
[  170560ms] [ERROR] Failed to load resource: the server responded with a status of 404 (Not Found) @ http://localhost:3090/ws:0
[  170561ms] [ERROR] Failed to load resource: the server responded with a status of 404 (Not Found) @ http://localhost:8081/meetings:0
[  170745ms] [ERROR] Failed to load resource: the server responded with a status of 404 (Not Found) @ http://localhost:3090/api/health:0
[  170745ms] [ERROR] Failed to load resource: the server responded with a status of 404 (Not Found) @ http://localhost:3090/ws:0
[  170745ms] [ERROR] Failed to load resource: the server responded with a status of 404 (Not Found) @ http://localhost:8081/meetings:0
[  170896ms] [ERROR] Failed to load resource: the server responded with a status of 404 (Not Found) @ http://localhost:3090/api/health:0
[  170896ms] [ERROR] Failed to load resource: the server responded with a status of 404 (Not Found) @ http://localhost:3090/ws:0
[  170896ms] [ERROR] Failed to load resource: the server responded with a status of 404 (Not Found) @ http://localhost:8081/meetings:0
[  171032ms] [ERROR] Failed to load resource: the server responded with a status of 404 (Not Found) @ http://localhost:3090/api/health:0
[  171032ms] [ERROR] Failed to load resource: the server responded with a status of 404 (Not Found) @ http://localhost:3090/ws:0
[  171032ms] [ERROR] Failed to load resource: the server responded with a status of 404 (Not Found) @ http://localhost:8081/meetings:0
[  171075ms] [ERROR] Failed to load resource: the server responded with a status of 404 (Not Found) @ http://localhost:3090/api/health:0
[  171076ms] [ERROR] Failed to load resource: the server responded with a status of 404 (Not Found) @ http://localhost:3090/ws:0
[  171076ms] [ERROR] Failed to load resource: the server responded with a status of 404 (Not Found) @ http://localhost:8081/meetings:0
[  171185ms] [ERROR] Failed to load resource: the server responded with a status of 404 (Not Found) @ http://localhost:3090/api/health:0
[  171185ms] [ERROR] Failed to load resource: the server responded with a status of 404 (Not Found) @ http://localhost:3090/ws:0
[  171186ms] [ERROR] Failed to load resource: the server responded with a status of 404 (Not Found) @ http://localhost:8081/meetings:0
[  171325ms] [ERROR] Failed to load resource: the server responded with a status of 404 (Not Found) @ http://localhost:3090/api/health:0
[  171326ms] [ERROR] Failed to load resource: the server responded with a status of 404 (Not Found) @ http://localhost:3090/ws:0
[  171334ms] [ERROR] Failed to load resource: the server responded with a status of 404 (Not Found) @ http://localhost:8081/meetings:0
[  171463ms] [ERROR] Failed to load resource: the server responded with a status of 404 (Not Found) @ http://localhost:3090/api/health:0
[  171464ms] [ERROR] Failed to load resource: the server responded with a status of 404 (Not Found) @ http://localhost:3090/ws:0
[  171464ms] [ERROR] Failed to load resource: the server responded with a status of 404 (Not Found) @ http://localhost:8081/meetings:0
[  171738ms] [ERROR] Failed to load resource: the server responded with a status of 404 (Not Found) @ http://localhost:3090/api/health:0
[  171738ms] [ERROR] Failed to load resource: the server responded with a status of 404 (Not Found) @ http://localhost:3090/ws:0
[  171738ms] [ERROR] Failed to load resource: the server responded with a status of 404 (Not Found) @ http://localhost:8081/meetings:0
[  171896ms] [ERROR] Failed to load resource: the server responded with a status of 404 (Not Found) @ http://localhost:3090/api/health:0
[  171897ms] [ERROR] Failed to load resource: the server responded with a status of 404 (Not Found) @ http://localhost:3090/ws:0
[  171897ms] [ERROR] Failed to load resource: the server responded with a status of 404 (Not Found) @ http://localhost:8081/meetings:0
[  172053ms] [ERROR] Failed to load resource: the server responded with a status of 404 (Not Found) @ http://localhost:3090/api/health:0
[  172053ms] [ERROR] Failed to load resource: the server responded with a status of 404 (Not Found) @ http://localhost:3090/ws:0
[  172053ms] [ERROR] Failed to load resource: the server responded with a status of 404 (Not Found) @ http://localhost:8081/meetings:0
[  172117ms] [ERROR] Failed to load resource: the server responded with a status of 404 (Not Found) @ http://localhost:3090/api/health:0
[  172117ms] [ERROR] Failed to load resource: the server responded with a status of 404 (Not Found) @ http://localhost:3090/ws:0
[  172117ms] [ERROR] Failed to load resource: the server responded with a status of 404 (Not Found) @ http://localhost:8081/meetings:0
[  172202ms] [ERROR] Failed to load resource: the server responded with a status of 404 (Not Found) @ http://localhost:3090/api/health:0
[  172203ms] [ERROR] Failed to load resource: the server responded with a status of 404 (Not Found) @ http://localhost:3090/ws:0
[  172203ms] [ERROR] Failed to load resource: the server responded with a status of 404 (Not Found) @ http://localhost:8081/meetings:0
[  172341ms] [ERROR] Failed to load resource: the server responded with a status of 404 (Not Found) @ http://localhost:3090/api/health:0
[  172341ms] [ERROR] Failed to load resource: the server responded with a status of 404 (Not Found) @ http://localhost:3090/ws:0
[  172354ms] [ERROR] Failed to load resource: the server responded with a status of 404 (Not Found) @ http://localhost:8081/meetings:0
[  172462ms] [ERROR] Failed to load resource: the server responded with a status of 404 (Not Found) @ http://localhost:3090/api/health:0
[  172462ms] [ERROR] Failed to load resource: the server responded with a status of 404 (Not Found) @ http://localhost:3090/ws:0
[  172462ms] [ERROR] Failed to load resource: the server responded with a status of 404 (Not Found) @ http://localhost:8081/meetings:0
[  172665ms] [ERROR] Failed to load resource: the server responded with a status of 404 (Not Found) @ http://localhost:3090/api/health:0
[  172665ms] [ERROR] Failed to load resource: the server responded with a status of 404 (Not Found) @ http://localhost:3090/ws:0
[  172673ms] [ERROR] Failed to load resource: the server responded with a status of 404 (Not Found) @ http://localhost:8081/meetings:0
[  172845ms] [ERROR] Failed to load resource: the server responded with a status of 404 (Not Found) @ http://localhost:3090/api/health:0
[  172845ms] [ERROR] Failed to load resource: the server responded with a status of 404 (Not Found) @ http://localhost:3090/ws:0
[  172853ms] [ERROR] Failed to load resource: the server responded with a status of 404 (Not Found) @ http://localhost:8081/meetings:0
[  173010ms] [ERROR] Failed to load resource: the server responded with a status of 404 (Not Found) @ http://localhost:3090/api/health:0
[  173010ms] [ERROR] Failed to load resource: the server responded with a status of 404 (Not Found) @ http://localhost:3090/ws:0
[  173010ms] [ERROR] Failed to load resource: the server responded with a status of 404 (Not Found) @ http://localhost:8081/meetings:0
[  173153ms] [ERROR] Failed to load resource: the server responded with a status of 404 (Not Found) @ http://localhost:3090/api/health:0
[  173153ms] [ERROR] Failed to load resource: the server responded with a status of 404 (Not Found) @ http://localhost:3090/ws:0
[  173154ms] [ERROR] Failed to load resource: the server responded with a status of 404 (Not Found) @ http://localhost:8081/meetings:0
[  173198ms] [ERROR] Failed to load resource: the server responded with a status of 404 (Not Found) @ http://localhost:3090/api/health:0
[  173199ms] [ERROR] Failed to load resource: the server responded with a status of 404 (Not Found) @ http://localhost:3090/ws:0
[  173199ms] [ERROR] Failed to load resource: the server responded with a status of 404 (Not Found) @ http://localhost:8081/meetings:0
[  173305ms] [ERROR] Failed to load resource: the server responded with a status of 404 (Not Found) @ http://localhost:3090/api/health:0
[  173312ms] [ERROR] Failed to load resource: the server responded with a status of 404 (Not Found) @ http://localhost:3090/ws:0
[  173312ms] [ERROR] Failed to load resource: the server responded with a status of 404 (Not Found) @ http://localhost:8081/meetings:0
[  173474ms] [ERROR] Failed to load resource: the server responded with a status of 404 (Not Found) @ http://localhost:3090/api/health:0
[  173474ms] [ERROR] Failed to load resource: the server responded with a status of 404 (Not Found) @ http://localhost:3090/ws:0
[  173475ms] [ERROR] Failed to load resource: the server responded with a status of 404 (Not Found) @ http://localhost:8081/meetings:0
[  173599ms] [ERROR] Failed to load resource: the server responded with a status of 404 (Not Found) @ http://localhost:3090/api/health:0
[  173600ms] [ERROR] Failed to load resource: the server responded with a status of 404 (Not Found) @ http://localhost:3090/ws:0
[  173600ms] [ERROR] Failed to load resource: the server responded with a status of 404 (Not Found) @ http://localhost:8081/meetings:0
[  173880ms] [ERROR] Failed to load resource: the server responded with a status of 404 (Not Found) @ http://localhost:3090/api/health:0
[  173881ms] [ERROR] Failed to load resource: the server responded with a status of 404 (Not Found) @ http://localhost:3090/ws:0
[  173881ms] [ERROR] Failed to load resource: the server responded with a status of 404 (Not Found) @ http://localhost:8081/meetings:0
[  174028ms] [ERROR] Failed to load resource: the server responded with a status of 404 (Not Found) @ http://localhost:3090/api/health:0
[  174029ms] [ERROR] Failed to load resource: the server responded with a status of 404 (Not Found) @ http://localhost:3090/ws:0
[  174029ms] [ERROR] Failed to load resource: the server responded with a status of 404 (Not Found) @ http://localhost:8081/meetings:0
[  174214ms] [ERROR] Failed to load resource: the server responded with a status of 404 (Not Found) @ http://localhost:3090/api/health:0
[  174214ms] [ERROR] Failed to load resource: the server responded with a status of 404 (Not Found) @ http://localhost:8081/meetings:0
[  174214ms] [ERROR] Failed to load resource: the server responded with a status of 404 (Not Found) @ http://localhost:3090/ws:0
[  174301ms] [ERROR] Failed to load resource: the server responded with a status of 404 (Not Found) @ http://localhost:3090/api/health:0
[  174307ms] [ERROR] Failed to load resource: the server responded with a status of 404 (Not Found) @ http://localhost:3090/ws:0
[  174308ms] [ERROR] Failed to load resource: the server responded with a status of 404 (Not Found) @ http://localhost:8081/meetings:0
[  174370ms] [ERROR] Failed to load resource: the server responded with a status of 404 (Not Found) @ http://localhost:3090/api/health:0
[  174371ms] [ERROR] Failed to load resource: the server responded with a status of 404 (Not Found) @ http://localhost:8081/meetings:0
[  174371ms] [ERROR] Failed to load resource: the server responded with a status of 404 (Not Found) @ http://localhost:3090/ws:0
[  174544ms] [ERROR] Failed to load resource: the server responded with a status of 404 (Not Found) @ http://localhost:3090/api/health:0
[  174544ms] [ERROR] Failed to load resource: the server responded with a status of 404 (Not Found) @ http://localhost:3090/ws:0
[  174545ms] [ERROR] Failed to load resource: the server responded with a status of 404 (Not Found) @ http://localhost:8081/meetings:0
[  174690ms] [ERROR] Failed to load resource: the server responded with a status of 404 (Not Found) @ http://localhost:3090/api/health:0
[  174690ms] [ERROR] Failed to load resource: the server responded with a status of 404 (Not Found) @ http://localhost:3090/ws:0
[  174690ms] [ERROR] Failed to load resource: the server responded with a status of 404 (Not Found) @ http://localhost:8081/meetings:0
[  174951ms] [ERROR] Failed to load resource: the server responded with a status of 404 (Not Found) @ http://localhost:3090/api/health:0
[  174952ms] [ERROR] Failed to load resource: the server responded with a status of 404 (Not Found) @ http://localhost:3090/ws:0
[  174952ms] [ERROR] Failed to load resource: the server responded with a status of 404 (Not Found) @ http://localhost:8081/meetings:0
[  175104ms] [ERROR] Failed to load resource: the server responded with a status of 404 (Not Found) @ http://localhost:3090/api/health:0
[  175104ms] [ERROR] Failed to load resource: the server responded with a status of 404 (Not Found) @ http://localhost:3090/ws:0
[  175105ms] [ERROR] Failed to load resource: the server responded with a status of 404 (Not Found) @ http://localhost:8081/meetings:0
[  175311ms] [ERROR] Failed to load resource: the server responded with a status of 404 (Not Found) @ http://localhost:3090/api/health:0
[  175311ms] [ERROR] Failed to load resource: the server responded with a status of 404 (Not Found) @ http://localhost:3090/ws:0
[  175311ms] [ERROR] Failed to load resource: the server responded with a status of 404 (Not Found) @ http://localhost:8081/meetings:0
[  175392ms] [ERROR] Failed to load resource: the server responded with a status of 404 (Not Found) @ http://localhost:3090/api/health:0
[  175393ms] [ERROR] Failed to load resource: the server responded with a status of 404 (Not Found) @ http://localhost:3090/ws:0
[  175393ms] [ERROR] Failed to load resource: the server responded with a status of 404 (Not Found) @ http://localhost:8081/meetings:0
[  175438ms] [ERROR] Failed to load resource: the server responded with a status of 404 (Not Found) @ http://localhost:3090/api/health:0
[  175438ms] [ERROR] Failed to load resource: the server responded with a status of 404 (Not Found) @ http://localhost:3090/ws:0
[  175441ms] [ERROR] Failed to load resource: the server responded with a status of 404 (Not Found) @ http://localhost:8081/meetings:0
[  175568ms] [ERROR] Failed to load resource: the server responded with a status of 404 (Not Found) @ http://localhost:3090/api/health:0
[  175568ms] [ERROR] Failed to load resource: the server responded with a status of 404 (Not Found) @ http://localhost:3090/ws:0
[  175569ms] [ERROR] Failed to load resource: the server responded with a status of 404 (Not Found) @ http://localhost:8081/meetings:0
[  175726ms] [ERROR] Failed to load resource: the server responded with a status of 404 (Not Found) @ http://localhost:3090/api/health:0
[  175726ms] [ERROR] Failed to load resource: the server responded with a status of 404 (Not Found) @ http://localhost:3090/ws:0
[  175727ms] [ERROR] Failed to load resource: the server responded with a status of 404 (Not Found) @ http://localhost:8081/meetings:0
[  175998ms] [ERROR] Failed to load resource: the server responded with a status of 404 (Not Found) @ http://localhost:3090/api/health:0
[  175999ms] [ERROR] Failed to load resource: the server responded with a status of 404 (Not Found) @ http://localhost:3090/ws:0
[  176000ms] [ERROR] Failed to load resource: the server responded with a status of 404 (Not Found) @ http://localhost:8081/meetings:0
[  176154ms] [ERROR] Failed to load resource: the server responded with a status of 404 (Not Found) @ http://localhost:3090/api/health:0
[  176155ms] [ERROR] Failed to load resource: the server responded with a status of 404 (Not Found) @ http://localhost:3090/ws:0
[  176155ms] [ERROR] Failed to load resource: the server responded with a status of 404 (Not Found) @ http://localhost:8081/meetings:0
[  176314ms] [ERROR] Failed to load resource: the server responded with a status of 404 (Not Found) @ http://localhost:3090/api/health:0
[  176314ms] [ERROR] Failed to load resource: the server responded with a status of 404 (Not Found) @ http://localhost:3090/ws:0
[  176315ms] [ERROR] Failed to load resource: the server responded with a status of 404 (Not Found) @ http://localhost:8081/meetings:0
[  176382ms] [ERROR] Failed to load resource: the server responded with a status of 404 (Not Found) @ http://localhost:3090/api/health:0
[  176383ms] [ERROR] Failed to load resource: the server responded with a status of 404 (Not Found) @ http://localhost:3090/ws:0
[  176383ms] [ERROR] Failed to load resource: the server responded with a status of 404 (Not Found) @ http://localhost:8081/meetings:0
[  176433ms] [ERROR] Failed to load resource: the server responded with a status of 404 (Not Found) @ http://localhost:3090/api/health:0
[  176434ms] [ERROR] Failed to load resource: the server responded with a status of 404 (Not Found) @ http://localhost:3090/ws:0
[  176435ms] [ERROR] Failed to load resource: the server responded with a status of 404 (Not Found) @ http://localhost:8081/meetings:0
[  176576ms] [ERROR] Failed to load resource: the server responded with a status of 404 (Not Found) @ http://localhost:3090/api/health:0
[  176576ms] [ERROR] Failed to load resource: the server responded with a status of 404 (Not Found) @ http://localhost:3090/ws:0
[  176576ms] [ERROR] Failed to load resource: the server responded with a status of 404 (Not Found) @ http://localhost:8081/meetings:0
[  177070ms] [ERROR] Failed to load resource: the server responded with a status of 404 (Not Found) @ http://localhost:3090/api/health:0
[  177071ms] [ERROR] Failed to load resource: the server responded with a status of 404 (Not Found) @ http://localhost:3090/ws:0
[  177071ms] [ERROR] Failed to load resource: the server responded with a status of 404 (Not Found) @ http://localhost:8081/meetings:0
[  177234ms] [ERROR] Failed to load resource: the server responded with a status of 404 (Not Found) @ http://localhost:3090/api/health:0
[  177234ms] [ERROR] Failed to load resource: the server responded with a status of 404 (Not Found) @ http://localhost:3090/ws:0
[  177235ms] [ERROR] Failed to load resource: the server responded with a status of 404 (Not Found) @ http://localhost:8081/meetings:0
[  177329ms] [ERROR] Failed to load resource: the server responded with a status of 404 (Not Found) @ http://localhost:3090/api/health:0
[  177330ms] [ERROR] Failed to load resource: the server responded with a status of 404 (Not Found) @ http://localhost:3090/ws:0
[  177330ms] [ERROR] Failed to load resource: the server responded with a status of 404 (Not Found) @ http://localhost:8081/meetings:0
[  177498ms] [ERROR] Failed to load resource: the server responded with a status of 404 (Not Found) @ http://localhost:3090/api/health:0
[  177498ms] [ERROR] Failed to load resource: the server responded with a status of 404 (Not Found) @ http://localhost:3090/ws:0
[  177498ms] [ERROR] Failed to load resource: the server responded with a status of 404 (Not Found) @ http://localhost:8081/meetings:0
[  177549ms] [ERROR] Failed to load resource: the server responded with a status of 404 (Not Found) @ http://localhost:3090/api/health:0
[  177549ms] [ERROR] Failed to load resource: the server responded with a status of 404 (Not Found) @ http://localhost:3090/ws:0
[  177550ms] [ERROR] Failed to load resource: the server responded with a status of 404 (Not Found) @ http://localhost:8081/meetings:0
[  177651ms] [ERROR] Failed to load resource: the server responded with a status of 404 (Not Found) @ http://localhost:3090/api/health:0
[  177651ms] [ERROR] Failed to load resource: the server responded with a status of 404 (Not Found) @ http://localhost:3090/ws:0
[  177652ms] [ERROR] Failed to load resource: the server responded with a status of 404 (Not Found) @ http://localhost:8081/meetings:0
[  177799ms] [ERROR] Failed to load resource: the server responded with a status of 404 (Not Found) @ http://localhost:3090/api/health:0
[  177799ms] [ERROR] Failed to load resource: the server responded with a status of 404 (Not Found) @ http://localhost:3090/ws:0
[  177806ms] [ERROR] Failed to load resource: the server responded with a status of 404 (Not Found) @ http://localhost:8081/meetings:0
[  178093ms] [ERROR] Failed to load resource: the server responded with a status of 404 (Not Found) @ http://localhost:3090/api/health:0
[  178093ms] [ERROR] Failed to load resource: the server responded with a status of 404 (Not Found) @ http://localhost:3090/ws:0
[  178094ms] [ERROR] Failed to load resource: the server responded with a status of 404 (Not Found) @ http://localhost:8081/meetings:0
[  178326ms] [ERROR] Failed to load resource: the server responded with a status of 404 (Not Found) @ http://localhost:3090/api/health:0
[  178326ms] [ERROR] Failed to load resource: the server responded with a status of 404 (Not Found) @ http://localhost:3090/ws:0
[  178326ms] [ERROR] Failed to load resource: the server responded with a status of 404 (Not Found) @ http://localhost:8081/meetings:0
[  178414ms] [ERROR] Failed to load resource: the server responded with a status of 404 (Not Found) @ http://localhost:3090/api/health:0
[  178414ms] [ERROR] Failed to load resource: the server responded with a status of 404 (Not Found) @ http://localhost:3090/ws:0
[  178414ms] [ERROR] Failed to load resource: the server responded with a status of 404 (Not Found) @ http://localhost:8081/meetings:0
[  178557ms] [ERROR] Failed to load resource: the server responded with a status of 404 (Not Found) @ http://localhost:3090/api/health:0
[  178557ms] [ERROR] Failed to load resource: the server responded with a status of 404 (Not Found) @ http://localhost:3090/ws:0
[  178558ms] [ERROR] Failed to load resource: the server responded with a status of 404 (Not Found) @ http://localhost:8081/meetings:0
[  178598ms] [ERROR] Failed to load resource: the server responded with a status of 404 (Not Found) @ http://localhost:3090/api/health:0
[  178599ms] [ERROR] Failed to load resource: the server responded with a status of 404 (Not Found) @ http://localhost:3090/ws:0
[  178599ms] [ERROR] Failed to load resource: the server responded with a status of 404 (Not Found) @ http://localhost:8081/meetings:0
[  178718ms] [ERROR] Failed to load resource: the server responded with a status of 404 (Not Found) @ http://localhost:3090/api/health:0
[  178719ms] [ERROR] Failed to load resource: the server responded with a status of 404 (Not Found) @ http://localhost:3090/ws:0
[  178719ms] [ERROR] Failed to load resource: the server responded with a status of 404 (Not Found) @ http://localhost:8081/meetings:0
[  178845ms] [ERROR] Failed to load resource: the server responded with a status of 404 (Not Found) @ http://localhost:3090/api/health:0
[  178845ms] [ERROR] Failed to load resource: the server responded with a status of 404 (Not Found) @ http://localhost:3090/ws:0
[  178846ms] [ERROR] Failed to load resource: the server responded with a status of 404 (Not Found) @ http://localhost:8081/meetings:0
[  179184ms] [ERROR] Failed to load resource: the server responded with a status of 404 (Not Found) @ http://localhost:3090/api/health:0
[  179184ms] [ERROR] Failed to load resource: the server responded with a status of 404 (Not Found) @ http://localhost:3090/ws:0
[  179185ms] [ERROR] Failed to load resource: the server responded with a status of 404 (Not Found) @ http://localhost:8081/meetings:0
[  179362ms] [ERROR] Failed to load resource: the server responded with a status of 404 (Not Found) @ http://localhost:3090/api/health:0
[  179362ms] [ERROR] Failed to load resource: the server responded with a status of 404 (Not Found) @ http://localhost:3090/ws:0
[  179363ms] [ERROR] Failed to load resource: the server responded with a status of 404 (Not Found) @ http://localhost:8081/meetings:0
[  179462ms] [ERROR] Failed to load resource: the server responded with a status of 404 (Not Found) @ http://localhost:3090/api/health:0
[  179462ms] [ERROR] Failed to load resource: the server responded with a status of 404 (Not Found) @ http://localhost:8081/meetings:0
[  179463ms] [ERROR] Failed to load resource: the server responded with a status of 404 (Not Found) @ http://localhost:3090/ws:0
[  179607ms] [ERROR] Failed to load resource: the server responded with a status of 404 (Not Found) @ http://localhost:3090/api/health:0
[  179607ms] [ERROR] Failed to load resource: the server responded with a status of 404 (Not Found) @ http://localhost:3090/ws:0
[  179608ms] [ERROR] Failed to load resource: the server responded with a status of 404 (Not Found) @ http://localhost:8081/meetings:0
[  179658ms] [ERROR] Failed to load resource: the server responded with a status of 404 (Not Found) @ http://localhost:3090/api/health:0
[  179658ms] [ERROR] Failed to load resource: the server responded with a status of 404 (Not Found) @ http://localhost:3090/ws:0
[  179659ms] [ERROR] Failed to load resource: the server responded with a status of 404 (Not Found) @ http://localhost:8081/meetings:0
[  179755ms] [ERROR] Failed to load resource: the server responded with a status of 404 (Not Found) @ http://localhost:3090/api/health:0
[  179756ms] [ERROR] Failed to load resource: the server responded with a status of 404 (Not Found) @ http://localhost:3090/ws:0
[  179756ms] [ERROR] Failed to load resource: the server responded with a status of 404 (Not Found) @ http://localhost:8081/meetings:0
[  179879ms] [ERROR] Failed to load resource: the server responded with a status of 404 (Not Found) @ http://localhost:3090/api/health:0
[  179879ms] [ERROR] Failed to load resource: the server responded with a status of 404 (Not Found) @ http://localhost:3090/ws:0
[  179880ms] [ERROR] Failed to load resource: the server responded with a status of 404 (Not Found) @ http://localhost:8081/meetings:0
[  180150ms] [ERROR] Failed to load resource: the server responded with a status of 404 (Not Found) @ http://localhost:3090/api/health:0
[  180150ms] [ERROR] Failed to load resource: the server responded with a status of 404 (Not Found) @ http://localhost:3090/ws:0
[  180150ms] [ERROR] Failed to load resource: the server responded with a status of 404 (Not Found) @ http://localhost:8081/meetings:0
[  180302ms] [ERROR] Failed to load resource: the server responded with a status of 404 (Not Found) @ http://localhost:3090/api/health:0
[  180303ms] [ERROR] Failed to load resource: the server responded with a status of 404 (Not Found) @ http://localhost:8081/meetings:0
[  180303ms] [ERROR] Failed to load resource: the server responded with a status of 404 (Not Found) @ http://localhost:3090/ws:0
[  180390ms] [ERROR] Failed to load resource: the server responded with a status of 404 (Not Found) @ http://localhost:3090/api/health:0
[  180390ms] [ERROR] Failed to load resource: the server responded with a status of 404 (Not Found) @ http://localhost:3090/ws:0
[  180390ms] [ERROR] Failed to load resource: the server responded with a status of 404 (Not Found) @ http://localhost:8081/meetings:0
[  180549ms] [ERROR] Failed to load resource: the server responded with a status of 404 (Not Found) @ http://localhost:3090/api/health:0
[  180549ms] [ERROR] Failed to load resource: the server responded with a status of 404 (Not Found) @ http://localhost:8081/meetings:0
[  180550ms] [ERROR] Failed to load resource: the server responded with a status of 404 (Not Found) @ http://localhost:3090/ws:0
[  180594ms] [ERROR] Failed to load resource: the server responded with a status of 404 (Not Found) @ http://localhost:3090/api/health:0
[  180594ms] [ERROR] Failed to load resource: the server responded with a status of 404 (Not Found) @ http://localhost:3090/ws:0
[  180597ms] [ERROR] Failed to load resource: the server responded with a status of 404 (Not Found) @ http://localhost:8081/meetings:0
[  180699ms] [ERROR] Failed to load resource: the server responded with a status of 404 (Not Found) @ http://localhost:3090/api/health:0
[  180699ms] [ERROR] Failed to load resource: the server responded with a status of 404 (Not Found) @ http://localhost:3090/ws:0
[  180700ms] [ERROR] Failed to load resource: the server responded with a status of 404 (Not Found) @ http://localhost:8081/meetings:0
[  180841ms] [ERROR] Failed to load resource: the server responded with a status of 404 (Not Found) @ http://localhost:3090/api/health:0
[  180841ms] [ERROR] Failed to load resource: the server responded with a status of 404 (Not Found) @ http://localhost:3090/ws:0
[  180841ms] [ERROR] Failed to load resource: the server responded with a status of 404 (Not Found) @ http://localhost:8081/meetings:0
[  180972ms] [ERROR] Failed to load resource: the server responded with a status of 404 (Not Found) @ http://localhost:3090/api/health:0
[  180972ms] [ERROR] Failed to load resource: the server responded with a status of 404 (Not Found) @ http://localhost:3090/ws:0
[  180972ms] [ERROR] Failed to load resource: the server responded with a status of 404 (Not Found) @ http://localhost:8081/meetings:0
[  181233ms] [ERROR] Failed to load resource: the server responded with a status of 404 (Not Found) @ http://localhost:3090/api/health:0
[  181233ms] [ERROR] Failed to load resource: the server responded with a status of 404 (Not Found) @ http://localhost:3090/ws:0
[  181233ms] [ERROR] Failed to load resource: the server responded with a status of 404 (Not Found) @ http://localhost:8081/meetings:0
[  181373ms] [ERROR] Failed to load resource: the server responded with a status of 404 (Not Found) @ http://localhost:3090/api/health:0
[  181373ms] [ERROR] Failed to load resource: the server responded with a status of 404 (Not Found) @ http://localhost:3090/ws:0
[  181374ms] [ERROR] Failed to load resource: the server responded with a status of 404 (Not Found) @ http://localhost:8081/meetings:0
[  181522ms] [ERROR] Failed to load resource: the server responded with a status of 404 (Not Found) @ http://localhost:3090/api/health:0
[  181522ms] [ERROR] Failed to load resource: the server responded with a status of 404 (Not Found) @ http://localhost:3090/ws:0
[  181523ms] [ERROR] Failed to load resource: the server responded with a status of 404 (Not Found) @ http://localhost:8081/meetings:0
[  181600ms] [ERROR] Failed to load resource: the server responded with a status of 404 (Not Found) @ http://localhost:3090/api/health:0
[  181601ms] [ERROR] Failed to load resource: the server responded with a status of 404 (Not Found) @ http://localhost:3090/ws:0
[  181601ms] [ERROR] Failed to load resource: the server responded with a status of 404 (Not Found) @ http://localhost:8081/meetings:0
[  181648ms] [ERROR] Failed to load resource: the server responded with a status of 404 (Not Found) @ http://localhost:3090/api/health:0
[  181649ms] [ERROR] Failed to load resource: the server responded with a status of 404 (Not Found) @ http://localhost:3090/ws:0
[  181649ms] [ERROR] Failed to load resource: the server responded with a status of 404 (Not Found) @ http://localhost:8081/meetings:0
[  181778ms] [ERROR] Failed to load resource: the server responded with a status of 404 (Not Found) @ http://localhost:3090/api/health:0
[  181778ms] [ERROR] Failed to load resource: the server responded with a status of 404 (Not Found) @ http://localhost:3090/ws:0
[  181778ms] [ERROR] Failed to load resource: the server responded with a status of 404 (Not Found) @ http://localhost:8081/meetings:0
[  181919ms] [ERROR] Failed to load resource: the server responded with a status of 404 (Not Found) @ http://localhost:3090/api/health:0
[  181919ms] [ERROR] Failed to load resource: the server responded with a status of 404 (Not Found) @ http://localhost:3090/ws:0
[  181919ms] [ERROR] Failed to load resource: the server responded with a status of 404 (Not Found) @ http://localhost:8081/meetings:0
[  182056ms] [ERROR] Failed to load resource: the server responded with a status of 404 (Not Found) @ http://localhost:3090/api/health:0
[  182057ms] [ERROR] Failed to load resource: the server responded with a status of 404 (Not Found) @ http://localhost:3090/ws:0
[  182057ms] [ERROR] Failed to load resource: the server responded with a status of 404 (Not Found) @ http://localhost:8081/meetings:0
[  182299ms] [ERROR] Failed to load resource: the server responded with a status of 404 (Not Found) @ http://localhost:3090/api/health:0
[  182299ms] [ERROR] Failed to load resource: the server responded with a status of 404 (Not Found) @ http://localhost:3090/ws:0
[  182299ms] [ERROR] Failed to load resource: the server responded with a status of 404 (Not Found) @ http://localhost:8081/meetings:0
[  182445ms] [ERROR] Failed to load resource: the server responded with a status of 404 (Not Found) @ http://localhost:3090/api/health:0
[  182446ms] [ERROR] Failed to load resource: the server responded with a status of 404 (Not Found) @ http://localhost:3090/ws:0
[  182446ms] [ERROR] Failed to load resource: the server responded with a status of 404 (Not Found) @ http://localhost:8081/meetings:0
[  182595ms] [ERROR] Failed to load resource: the server responded with a status of 404 (Not Found) @ http://localhost:3090/api/health:0
[  182595ms] [ERROR] Failed to load resource: the server responded with a status of 404 (Not Found) @ http://localhost:3090/ws:0
[  182595ms] [ERROR] Failed to load resource: the server responded with a status of 404 (Not Found) @ http://localhost:8081/meetings:0
[  182669ms] [ERROR] Failed to load resource: the server responded with a status of 404 (Not Found) @ http://localhost:3090/api/health:0
[  182669ms] [ERROR] Failed to load resource: the server responded with a status of 404 (Not Found) @ http://localhost:3090/ws:0
[  182670ms] [ERROR] Failed to load resource: the server responded with a status of 404 (Not Found) @ http://localhost:8081/meetings:0
[  182726ms] [ERROR] Failed to load resource: the server responded with a status of 404 (Not Found) @ http://localhost:3090/api/health:0
[  182727ms] [ERROR] Failed to load resource: the server responded with a status of 404 (Not Found) @ http://localhost:3090/ws:0
[  182727ms] [ERROR] Failed to load resource: the server responded with a status of 404 (Not Found) @ http://localhost:8081/meetings:0
[  182846ms] [ERROR] Failed to load resource: the server responded with a status of 404 (Not Found) @ http://localhost:3090/api/health:0
[  182846ms] [ERROR] Failed to load resource: the server responded with a status of 404 (Not Found) @ http://localhost:3090/ws:0
[  182847ms] [ERROR] Failed to load resource: the server responded with a status of 404 (Not Found) @ http://localhost:8081/meetings:0
[  182988ms] [ERROR] Failed to load resource: the server responded with a status of 404 (Not Found) @ http://localhost:3090/api/health:0
[  182989ms] [ERROR] Failed to load resource: the server responded with a status of 404 (Not Found) @ http://localhost:3090/ws:0
[  182989ms] [ERROR] Failed to load resource: the server responded with a status of 404 (Not Found) @ http://localhost:8081/meetings:0
[  183215ms] [ERROR] Failed to load resource: the server responded with a status of 404 (Not Found) @ http://localhost:3090/api/health:0
[  183215ms] [ERROR] Failed to load resource: the server responded with a status of 404 (Not Found) @ http://localhost:3090/ws:0
[  183215ms] [ERROR] Failed to load resource: the server responded with a status of 404 (Not Found) @ http://localhost:8081/meetings:0
[  183391ms] [ERROR] Failed to load resource: the server responded with a status of 404 (Not Found) @ http://localhost:3090/api/health:0
[  183392ms] [ERROR] Failed to load resource: the server responded with a status of 404 (Not Found) @ http://localhost:3090/ws:0
[  183393ms] [ERROR] Failed to load resource: the server responded with a status of 404 (Not Found) @ http://localhost:8081/meetings:0
[  183545ms] [ERROR] Failed to load resource: the server responded with a status of 404 (Not Found) @ http://localhost:3090/api/health:0
[  183545ms] [ERROR] Failed to load resource: the server responded with a status of 404 (Not Found) @ http://localhost:8081/meetings:0
[  183546ms] [ERROR] Failed to load resource: the server responded with a status of 404 (Not Found) @ http://localhost:3090/ws:0
[  183674ms] [ERROR] Failed to load resource: the server responded with a status of 404 (Not Found) @ http://localhost:3090/api/health:0
[  183674ms] [ERROR] Failed to load resource: the server responded with a status of 404 (Not Found) @ http://localhost:3090/ws:0
[  183674ms] [ERROR] Failed to load resource: the server responded with a status of 404 (Not Found) @ http://localhost:8081/meetings:0
[  183719ms] [ERROR] Failed to load resource: the server responded with a status of 404 (Not Found) @ http://localhost:3090/api/health:0
[  183719ms] [ERROR] Failed to load resource: the server responded with a status of 404 (Not Found) @ http://localhost:3090/ws:0
[  183720ms] [ERROR] Failed to load resource: the server responded with a status of 404 (Not Found) @ http://localhost:8081/meetings:0
[  183819ms] [ERROR] Failed to load resource: the server responded with a status of 404 (Not Found) @ http://localhost:3090/api/health:0
[  183820ms] [ERROR] Failed to load resource: the server responded with a status of 404 (Not Found) @ http://localhost:8081/meetings:0
[  183820ms] [ERROR] Failed to load resource: the server responded with a status of 404 (Not Found) @ http://localhost:3090/ws:0
[  183954ms] [ERROR] Failed to load resource: the server responded with a status of 404 (Not Found) @ http://localhost:3090/api/health:0
[  183954ms] [ERROR] Failed to load resource: the server responded with a status of 404 (Not Found) @ http://localhost:3090/ws:0
[  183954ms] [ERROR] Failed to load resource: the server responded with a status of 404 (Not Found) @ http://localhost:8081/meetings:0
[  184114ms] [ERROR] Failed to load resource: the server responded with a status of 404 (Not Found) @ http://localhost:3090/api/health:0
[  184115ms] [ERROR] Failed to load resource: the server responded with a status of 404 (Not Found) @ http://localhost:3090/ws:0
[  184115ms] [ERROR] Failed to load resource: the server responded with a status of 404 (Not Found) @ http://localhost:8081/meetings:0
[  184350ms] [ERROR] Failed to load resource: the server responded with a status of 404 (Not Found) @ http://localhost:3090/api/health:0
[  184350ms] [ERROR] Failed to load resource: the server responded with a status of 404 (Not Found) @ http://localhost:3090/ws:0
[  184351ms] [ERROR] Failed to load resource: the server responded with a status of 404 (Not Found) @ http://localhost:8081/meetings:0
[  184496ms] [ERROR] Failed to load resource: the server responded with a status of 404 (Not Found) @ http://localhost:3090/api/health:0
[  184497ms] [ERROR] Failed to load resource: the server responded with a status of 404 (Not Found) @ http://localhost:3090/ws:0
[  184497ms] [ERROR] Failed to load resource: the server responded with a status of 404 (Not Found) @ http://localhost:8081/meetings:0
[  184648ms] [ERROR] Failed to load resource: the server responded with a status of 404 (Not Found) @ http://localhost:3090/api/health:0
[  184648ms] [ERROR] Failed to load resource: the server responded with a status of 404 (Not Found) @ http://localhost:3090/ws:0
[  184648ms] [ERROR] Failed to load resource: the server responded with a status of 404 (Not Found) @ http://localhost:8081/meetings:0
[  184709ms] [ERROR] Failed to load resource: the server responded with a status of 404 (Not Found) @ http://localhost:3090/api/health:0
[  184716ms] [ERROR] Failed to load resource: the server responded with a status of 404 (Not Found) @ http://localhost:3090/ws:0
[  184716ms] [ERROR] Failed to load resource: the server responded with a status of 404 (Not Found) @ http://localhost:8081/meetings:0
[  184773ms] [ERROR] Failed to load resource: the server responded with a status of 404 (Not Found) @ http://localhost:3090/api/health:0
[  184773ms] [ERROR] Failed to load resource: the server responded with a status of 404 (Not Found) @ http://localhost:3090/ws:0
[  184774ms] [ERROR] Failed to load resource: the server responded with a status of 404 (Not Found) @ http://localhost:8081/meetings:0
[  184894ms] [ERROR] Failed to load resource: the server responded with a status of 404 (Not Found) @ http://localhost:3090/api/health:0
[  184897ms] [ERROR] Failed to load resource: the server responded with a status of 404 (Not Found) @ http://localhost:3090/ws:0
[  184898ms] [ERROR] Failed to load resource: the server responded with a status of 404 (Not Found) @ http://localhost:8081/meetings:0
[  185083ms] [ERROR] Failed to load resource: the server responded with a status of 404 (Not Found) @ http://localhost:3090/api/health:0
[  185084ms] [ERROR] Failed to load resource: the server responded with a status of 404 (Not Found) @ http://localhost:3090/ws:0
[  185084ms] [ERROR] Failed to load resource: the server responded with a status of 404 (Not Found) @ http://localhost:8081/meetings:0
[  185289ms] [ERROR] Failed to load resource: the server responded with a status of 404 (Not Found) @ http://localhost:3090/api/health:0
[  185289ms] [ERROR] Failed to load resource: the server responded with a status of 404 (Not Found) @ http://localhost:3090/ws:0
[  185290ms] [ERROR] Failed to load resource: the server responded with a status of 404 (Not Found) @ http://localhost:8081/meetings:0
[  185444ms] [ERROR] Failed to load resource: the server responded with a status of 404 (Not Found) @ http://localhost:3090/api/health:0
[  185444ms] [ERROR] Failed to load resource: the server responded with a status of 404 (Not Found) @ http://localhost:3090/ws:0
[  185444ms] [ERROR] Failed to load resource: the server responded with a status of 404 (Not Found) @ http://localhost:8081/meetings:0
[  185579ms] [ERROR] Failed to load resource: the server responded with a status of 404 (Not Found) @ http://localhost:3090/api/health:0
[  185579ms] [ERROR] Failed to load resource: the server responded with a status of 404 (Not Found) @ http://localhost:3090/ws:0
[  185579ms] [ERROR] Failed to load resource: the server responded with a status of 404 (Not Found) @ http://localhost:8081/meetings:0
[  185706ms] [ERROR] Failed to load resource: the server responded with a status of 404 (Not Found) @ http://localhost:3090/api/health:0
[  185706ms] [ERROR] Failed to load resource: the server responded with a status of 404 (Not Found) @ http://localhost:3090/ws:0
[  185706ms] [ERROR] Failed to load resource: the server responded with a status of 404 (Not Found) @ http://localhost:8081/meetings:0
[  185751ms] [ERROR] Failed to load resource: the server responded with a status of 404 (Not Found) @ http://localhost:3090/api/health:0
[  185751ms] [ERROR] Failed to load resource: the server responded with a status of 404 (Not Found) @ http://localhost:3090/ws:0
[  185752ms] [ERROR] Failed to load resource: the server responded with a status of 404 (Not Found) @ http://localhost:8081/meetings:0
[  185892ms] [ERROR] Failed to load resource: the server responded with a status of 404 (Not Found) @ http://localhost:3090/api/health:0
[  185892ms] [ERROR] Failed to load resource: the server responded with a status of 404 (Not Found) @ http://localhost:3090/ws:0
[  185892ms] [ERROR] Failed to load resource: the server responded with a status of 404 (Not Found) @ http://localhost:8081/meetings:0
[  186038ms] [ERROR] Failed to load resource: the server responded with a status of 404 (Not Found) @ http://localhost:3090/api/health:0
[  186039ms] [ERROR] Failed to load resource: the server responded with a status of 404 (Not Found) @ http://localhost:3090/ws:0
[  186039ms] [ERROR] Failed to load resource: the server responded with a status of 404 (Not Found) @ http://localhost:8081/meetings:0
[  186174ms] [ERROR] Failed to load resource: the server responded with a status of 404 (Not Found) @ http://localhost:3090/api/health:0
[  186174ms] [ERROR] Failed to load resource: the server responded with a status of 404 (Not Found) @ http://localhost:3090/ws:0
[  186175ms] [ERROR] Failed to load resource: the server responded with a status of 404 (Not Found) @ http://localhost:8081/meetings:0
[  186445ms] [ERROR] Failed to load resource: the server responded with a status of 404 (Not Found) @ http://localhost:3090/api/health:0
[  186445ms] [ERROR] Failed to load resource: the server responded with a status of 404 (Not Found) @ http://localhost:3090/ws:0
[  186445ms] [ERROR] Failed to load resource: the server responded with a status of 404 (Not Found) @ http://localhost:8081/meetings:0
[  186601ms] [ERROR] Failed to load resource: the server responded with a status of 404 (Not Found) @ http://localhost:3090/api/health:0
[  186601ms] [ERROR] Failed to load resource: the server responded with a status of 404 (Not Found) @ http://localhost:3090/ws:0
[  186601ms] [ERROR] Failed to load resource: the server responded with a status of 404 (Not Found) @ http://localhost:8081/meetings:0
[  186752ms] [ERROR] Failed to load resource: the server responded with a status of 404 (Not Found) @ http://localhost:3090/api/health:0
[  186753ms] [ERROR] Failed to load resource: the server responded with a status of 404 (Not Found) @ http://localhost:3090/ws:0
[  186753ms] [ERROR] Failed to load resource: the server responded with a status of 404 (Not Found) @ http://localhost:8081/meetings:0
[  186834ms] [ERROR] Failed to load resource: the server responded with a status of 404 (Not Found) @ http://localhost:3090/api/health:0
[  186834ms] [ERROR] Failed to load resource: the server responded with a status of 404 (Not Found) @ http://localhost:3090/ws:0
[  186835ms] [ERROR] Failed to load resource: the server responded with a status of 404 (Not Found) @ http://localhost:8081/meetings:0
[  186931ms] [ERROR] Failed to load resource: the server responded with a status of 404 (Not Found) @ http://localhost:3090/api/health:0
[  186932ms] [ERROR] Failed to load resource: the server responded with a status of 404 (Not Found) @ http://localhost:3090/ws:0
[  186932ms] [ERROR] Failed to load resource: the server responded with a status of 404 (Not Found) @ http://localhost:8081/meetings:0
[  187019ms] [ERROR] Failed to load resource: the server responded with a status of 404 (Not Found) @ http://localhost:3090/api/health:0
[  187020ms] [ERROR] Failed to load resource: the server responded with a status of 404 (Not Found) @ http://localhost:3090/ws:0
[  187020ms] [ERROR] Failed to load resource: the server responded with a status of 404 (Not Found) @ http://localhost:8081/meetings:0
[  187158ms] [ERROR] Failed to load resource: the server responded with a status of 404 (Not Found) @ http://localhost:3090/api/health:0
[  187158ms] [ERROR] Failed to load resource: the server responded with a status of 404 (Not Found) @ http://localhost:3090/ws:0
[  187158ms] [ERROR] Failed to load resource: the server responded with a status of 404 (Not Found) @ http://localhost:8081/meetings:0
[  187384ms] [ERROR] Failed to load resource: the server responded with a status of 404 (Not Found) @ http://localhost:3090/api/health:0
[  187385ms] [ERROR] Failed to load resource: the server responded with a status of 404 (Not Found) @ http://localhost:3090/ws:0
[  187385ms] [ERROR] Failed to load resource: the server responded with a status of 404 (Not Found) @ http://localhost:8081/meetings:0
[  187537ms] [ERROR] Failed to load resource: the server responded with a status of 404 (Not Found) @ http://localhost:3090/api/health:0
[  187537ms] [ERROR] Failed to load resource: the server responded with a status of 404 (Not Found) @ http://localhost:3090/ws:0
[  187538ms] [ERROR] Failed to load resource: the server responded with a status of 404 (Not Found) @ http://localhost:8081/meetings:0
[  187699ms] [ERROR] Failed to load resource: the server responded with a status of 404 (Not Found) @ http://localhost:3090/api/health:0
[  187699ms] [ERROR] Failed to load resource: the server responded with a status of 404 (Not Found) @ http://localhost:3090/ws:0
[  187700ms] [ERROR] Failed to load resource: the server responded with a status of 404 (Not Found) @ http://localhost:8081/meetings:0
[  187840ms] [ERROR] Failed to load resource: the server responded with a status of 404 (Not Found) @ http://localhost:3090/api/health:0
[  187840ms] [ERROR] Failed to load resource: the server responded with a status of 404 (Not Found) @ http://localhost:3090/ws:0
[  187841ms] [ERROR] Failed to load resource: the server responded with a status of 404 (Not Found) @ http://localhost:8081/meetings:0
[  187877ms] [ERROR] Failed to load resource: the server responded with a status of 404 (Not Found) @ http://localhost:3090/api/health:0
[  187878ms] [ERROR] Failed to load resource: the server responded with a status of 404 (Not Found) @ http://localhost:3090/ws:0
[  187878ms] [ERROR] Failed to load resource: the server responded with a status of 404 (Not Found) @ http://localhost:8081/meetings:0
[  187991ms] [ERROR] Failed to load resource: the server responded with a status of 404 (Not Found) @ http://localhost:3090/api/health:0
[  187991ms] [ERROR] Failed to load resource: the server responded with a status of 404 (Not Found) @ http://localhost:3090/ws:0
[  187991ms] [ERROR] Failed to load resource: the server responded with a status of 404 (Not Found) @ http://localhost:8081/meetings:0
[  188124ms] [ERROR] Failed to load resource: the server responded with a status of 404 (Not Found) @ http://localhost:3090/api/health:0
[  188124ms] [ERROR] Failed to load resource: the server responded with a status of 404 (Not Found) @ http://localhost:3090/ws:0
[  188124ms] [ERROR] Failed to load resource: the server responded with a status of 404 (Not Found) @ http://localhost:8081/meetings:0
[  188274ms] [ERROR] Failed to load resource: the server responded with a status of 404 (Not Found) @ http://localhost:3090/api/health:0
[  188274ms] [ERROR] Failed to load resource: the server responded with a status of 404 (Not Found) @ http://localhost:3090/ws:0
[  188275ms] [ERROR] Failed to load resource: the server responded with a status of 404 (Not Found) @ http://localhost:8081/meetings:0
[  188516ms] [ERROR] Failed to load resource: the server responded with a status of 404 (Not Found) @ http://localhost:3090/api/health:0
[  188516ms] [ERROR] Failed to load resource: the server responded with a status of 404 (Not Found) @ http://localhost:8081/meetings:0
[  188517ms] [ERROR] Failed to load resource: the server responded with a status of 404 (Not Found) @ http://localhost:3090/ws:0
[  188672ms] [ERROR] Failed to load resource: the server responded with a status of 404 (Not Found) @ http://localhost:3090/api/health:0
[  188672ms] [ERROR] Failed to load resource: the server responded with a status of 404 (Not Found) @ http://localhost:3090/ws:0
[  188679ms] [ERROR] Failed to load resource: the server responded with a status of 404 (Not Found) @ http://localhost:8081/meetings:0
[  188827ms] [ERROR] Failed to load resource: the server responded with a status of 404 (Not Found) @ http://localhost:3090/api/health:0
[  188827ms] [ERROR] Failed to load resource: the server responded with a status of 404 (Not Found) @ http://localhost:3090/ws:0
[  188827ms] [ERROR] Failed to load resource: the server responded with a status of 404 (Not Found) @ http://localhost:8081/meetings:0
[  188888ms] [ERROR] Failed to load resource: the server responded with a status of 404 (Not Found) @ http://localhost:3090/api/health:0
[  188888ms] [ERROR] Failed to load resource: the server responded with a status of 404 (Not Found) @ http://localhost:3090/ws:0
[  188888ms] [ERROR] Failed to load resource: the server responded with a status of 404 (Not Found) @ http://localhost:8081/meetings:0
[  188953ms] [ERROR] Failed to load resource: the server responded with a status of 404 (Not Found) @ http://localhost:3090/api/health:0
[  188953ms] [ERROR] Failed to load resource: the server responded with a status of 404 (Not Found) @ http://localhost:3090/ws:0
[  188953ms] [ERROR] Failed to load resource: the server responded with a status of 404 (Not Found) @ http://localhost:8081/meetings:0
[  189087ms] [ERROR] Failed to load resource: the server responded with a status of 404 (Not Found) @ http://localhost:3090/api/health:0
[  189087ms] [ERROR] Failed to load resource: the server responded with a status of 404 (Not Found) @ http://localhost:3090/ws:0
[  189088ms] [ERROR] Failed to load resource: the server responded with a status of 404 (Not Found) @ http://localhost:8081/meetings:0
[  189233ms] [ERROR] Failed to load resource: the server responded with a status of 404 (Not Found) @ http://localhost:3090/api/health:0
[  189236ms] [ERROR] Failed to load resource: the server responded with a status of 404 (Not Found) @ http://localhost:3090/ws:0
[  189236ms] [ERROR] Failed to load resource: the server responded with a status of 404 (Not Found) @ http://localhost:8081/meetings:0
[  189563ms] [ERROR] Failed to load resource: the server responded with a status of 404 (Not Found) @ http://localhost:3090/api/health:0
[  189563ms] [ERROR] Failed to load resource: the server responded with a status of 404 (Not Found) @ http://localhost:3090/ws:0
[  189564ms] [ERROR] Failed to load resource: the server responded with a status of 404 (Not Found) @ http://localhost:8081/meetings:0
[  189720ms] [ERROR] Failed to load resource: the server responded with a status of 404 (Not Found) @ http://localhost:3090/api/health:0
[  189721ms] [ERROR] Failed to load resource: the server responded with a status of 404 (Not Found) @ http://localhost:3090/ws:0
[  189721ms] [ERROR] Failed to load resource: the server responded with a status of 404 (Not Found) @ http://localhost:8081/meetings:0
[  189874ms] [ERROR] Failed to load resource: the server responded with a status of 404 (Not Found) @ http://localhost:3090/api/health:0
[  189875ms] [ERROR] Failed to load resource: the server responded with a status of 404 (Not Found) @ http://localhost:8081/meetings:0
[  189875ms] [ERROR] Failed to load resource: the server responded with a status of 404 (Not Found) @ http://localhost:3090/ws:0
[  189942ms] [ERROR] Failed to load resource: the server responded with a status of 404 (Not Found) @ http://localhost:3090/api/health:0
[  189943ms] [ERROR] Failed to load resource: the server responded with a status of 404 (Not Found) @ http://localhost:3090/ws:0
[  189943ms] [ERROR] Failed to load resource: the server responded with a status of 404 (Not Found) @ http://localhost:8081/meetings:0
[  190011ms] [ERROR] Failed to load resource: the server responded with a status of 404 (Not Found) @ http://localhost:3090/api/health:0
[  190011ms] [ERROR] Failed to load resource: the server responded with a status of 404 (Not Found) @ http://localhost:3090/ws:0
[  190011ms] [ERROR] Failed to load resource: the server responded with a status of 404 (Not Found) @ http://localhost:8081/meetings:0
[  190140ms] [ERROR] Failed to load resource: the server responded with a status of 404 (Not Found) @ http://localhost:3090/api/health:0
[  190140ms] [ERROR] Failed to load resource: the server responded with a status of 404 (Not Found) @ http://localhost:3090/ws:0
[  190140ms] [ERROR] Failed to load resource: the server responded with a status of 404 (Not Found) @ http://localhost:8081/meetings:0
[  190315ms] [ERROR] Failed to load resource: the server responded with a status of 404 (Not Found) @ http://localhost:3090/api/health:0
[  190316ms] [ERROR] Failed to load resource: the server responded with a status of 404 (Not Found) @ http://localhost:3090/ws:0
[  190316ms] [ERROR] Failed to load resource: the server responded with a status of 404 (Not Found) @ http://localhost:8081/meetings:0
[  190565ms] [ERROR] Failed to load resource: the server responded with a status of 404 (Not Found) @ http://localhost:3090/api/health:0
[  190565ms] [ERROR] Failed to load resource: the server responded with a status of 404 (Not Found) @ http://localhost:3090/ws:0
[  190565ms] [ERROR] Failed to load resource: the server responded with a status of 404 (Not Found) @ http://localhost:8081/meetings:0
[  190709ms] [ERROR] Failed to load resource: the server responded with a status of 404 (Not Found) @ http://localhost:3090/api/health:0
[  190716ms] [ERROR] Failed to load resource: the server responded with a status of 404 (Not Found) @ http://localhost:3090/ws:0
[  190716ms] [ERROR] Failed to load resource: the server responded with a status of 404 (Not Found) @ http://localhost:8081/meetings:0
[  190905ms] [ERROR] Failed to load resource: the server responded with a status of 404 (Not Found) @ http://localhost:3090/api/health:0
[  190906ms] [ERROR] Failed to load resource: the server responded with a status of 404 (Not Found) @ http://localhost:3090/ws:0
[  190906ms] [ERROR] Failed to load resource: the server responded with a status of 404 (Not Found) @ http://localhost:8081/meetings:0
[  190997ms] [ERROR] Failed to load resource: the server responded with a status of 404 (Not Found) @ http://localhost:3090/api/health:0
[  190997ms] [ERROR] Failed to load resource: the server responded with a status of 404 (Not Found) @ http://localhost:3090/ws:0
[  190998ms] [ERROR] Failed to load resource: the server responded with a status of 404 (Not Found) @ http://localhost:8081/meetings:0
[  191028ms] [ERROR] Failed to load resource: the server responded with a status of 404 (Not Found) @ http://localhost:3090/api/health:0
[  191029ms] [ERROR] Failed to load resource: the server responded with a status of 404 (Not Found) @ http://localhost:3090/ws:0
[  191029ms] [ERROR] Failed to load resource: the server responded with a status of 404 (Not Found) @ http://localhost:8081/meetings:0
[  191181ms] [ERROR] Failed to load resource: the server responded with a status of 404 (Not Found) @ http://localhost:3090/api/health:0
[  191182ms] [ERROR] Failed to load resource: the server responded with a status of 404 (Not Found) @ http://localhost:3090/ws:0
[  191182ms] [ERROR] Failed to load resource: the server responded with a status of 404 (Not Found) @ http://localhost:8081/meetings:0
[  191315ms] [ERROR] Failed to load resource: the server responded with a status of 404 (Not Found) @ http://localhost:3090/api/health:0
[  191316ms] [ERROR] Failed to load resource: the server responded with a status of 404 (Not Found) @ http://localhost:3090/ws:0
[  191316ms] [ERROR] Failed to load resource: the server responded with a status of 404 (Not Found) @ http://localhost:8081/meetings:0
[  191524ms] [ERROR] Failed to load resource: the server responded with a status of 404 (Not Found) @ http://localhost:3090/api/health:0
[  191525ms] [ERROR] Failed to load resource: the server responded with a status of 404 (Not Found) @ http://localhost:3090/ws:0
[  191525ms] [ERROR] Failed to load resource: the server responded with a status of 404 (Not Found) @ http://localhost:8081/meetings:0
[  191693ms] [ERROR] Failed to load resource: the server responded with a status of 404 (Not Found) @ http://localhost:3090/api/health:0
[  191693ms] [ERROR] Failed to load resource: the server responded with a status of 404 (Not Found) @ http://localhost:3090/ws:0
[  191694ms] [ERROR] Failed to load resource: the server responded with a status of 404 (Not Found) @ http://localhost:8081/meetings:0
[  191846ms] [ERROR] Failed to load resource: the server responded with a status of 404 (Not Found) @ http://localhost:3090/api/health:0
[  191846ms] [ERROR] Failed to load resource: the server responded with a status of 404 (Not Found) @ http://localhost:3090/ws:0
[  191846ms] [ERROR] Failed to load resource: the server responded with a status of 404 (Not Found) @ http://localhost:8081/meetings:0
[  191980ms] [ERROR] Failed to load resource: the server responded with a status of 404 (Not Found) @ http://localhost:3090/api/health:0
[  191981ms] [ERROR] Failed to load resource: the server responded with a status of 404 (Not Found) @ http://localhost:3090/ws:0
[  191981ms] [ERROR] Failed to load resource: the server responded with a status of 404 (Not Found) @ http://localhost:8081/meetings:0
[  192035ms] [ERROR] Failed to load resource: the server responded with a status of 404 (Not Found) @ http://localhost:3090/api/health:0
[  192036ms] [ERROR] Failed to load resource: the server responded with a status of 404 (Not Found) @ http://localhost:3090/ws:0
[  192036ms] [ERROR] Failed to load resource: the server responded with a status of 404 (Not Found) @ http://localhost:8081/meetings:0
[  192167ms] [ERROR] Failed to load resource: the server responded with a status of 404 (Not Found) @ http://localhost:3090/api/health:0
[  192167ms] [ERROR] Failed to load resource: the server responded with a status of 404 (Not Found) @ http://localhost:3090/ws:0
[  192167ms] [ERROR] Failed to load resource: the server responded with a status of 404 (Not Found) @ http://localhost:8081/meetings:0
[  192298ms] [ERROR] Failed to load resource: the server responded with a status of 404 (Not Found) @ http://localhost:3090/api/health:0
[  192298ms] [ERROR] Failed to load resource: the server responded with a status of 404 (Not Found) @ http://localhost:3090/ws:0
[  192298ms] [ERROR] Failed to load resource: the server responded with a status of 404 (Not Found) @ http://localhost:8081/meetings:0
[  192453ms] [ERROR] Failed to load resource: the server responded with a status of 404 (Not Found) @ http://localhost:3090/api/health:0
[  192453ms] [ERROR] Failed to load resource: the server responded with a status of 404 (Not Found) @ http://localhost:3090/ws:0
[  192454ms] [ERROR] Failed to load resource: the server responded with a status of 404 (Not Found) @ http://localhost:8081/meetings:0
[  192697ms] [ERROR] Failed to load resource: the server responded with a status of 404 (Not Found) @ http://localhost:3090/api/health:0
[  192703ms] [ERROR] Failed to load resource: the server responded with a status of 404 (Not Found) @ http://localhost:3090/ws:0
[  192704ms] [ERROR] Failed to load resource: the server responded with a status of 404 (Not Found) @ http://localhost:8081/meetings:0
[  192866ms] [ERROR] Failed to load resource: the server responded with a status of 404 (Not Found) @ http://localhost:3090/api/health:0
[  192867ms] [ERROR] Failed to load resource: the server responded with a status of 404 (Not Found) @ http://localhost:3090/ws:0
[  192867ms] [ERROR] Failed to load resource: the server responded with a status of 404 (Not Found) @ http://localhost:8081/meetings:0
[  193034ms] [ERROR] Failed to load resource: the server responded with a status of 404 (Not Found) @ http://localhost:3090/api/health:0
[  193034ms] [ERROR] Failed to load resource: the server responded with a status of 404 (Not Found) @ http://localhost:3090/ws:0
[  193035ms] [ERROR] Failed to load resource: the server responded with a status of 404 (Not Found) @ http://localhost:8081/meetings:0
[  193103ms] [ERROR] Failed to load resource: the server responded with a status of 404 (Not Found) @ http://localhost:3090/api/health:0
[  193104ms] [ERROR] Failed to load resource: the server responded with a status of 404 (Not Found) @ http://localhost:3090/ws:0
[  193104ms] [ERROR] Failed to load resource: the server responded with a status of 404 (Not Found) @ http://localhost:8081/meetings:0
[  193151ms] [ERROR] Failed to load resource: the server responded with a status of 404 (Not Found) @ http://localhost:3090/api/health:0
[  193151ms] [ERROR] Failed to load resource: the server responded with a status of 404 (Not Found) @ http://localhost:3090/ws:0
[  193152ms] [ERROR] Failed to load resource: the server responded with a status of 404 (Not Found) @ http://localhost:8081/meetings:0
[  193284ms] [ERROR] Failed to load resource: the server responded with a status of 404 (Not Found) @ http://localhost:3090/api/health:0
[  193284ms] [ERROR] Failed to load resource: the server responded with a status of 404 (Not Found) @ http://localhost:3090/ws:0
[  193285ms] [ERROR] Failed to load resource: the server responded with a status of 404 (Not Found) @ http://localhost:8081/meetings:0
[  193434ms] [ERROR] Failed to load resource: the server responded with a status of 404 (Not Found) @ http://localhost:3090/api/health:0
[  193435ms] [ERROR] Failed to load resource: the server responded with a status of 404 (Not Found) @ http://localhost:3090/ws:0
[  193449ms] [ERROR] Failed to load resource: the server responded with a status of 404 (Not Found) @ http://localhost:8081/meetings:0
[  193616ms] [ERROR] Failed to load resource: the server responded with a status of 404 (Not Found) @ http://localhost:3090/api/health:0
[  193616ms] [ERROR] Failed to load resource: the server responded with a status of 404 (Not Found) @ http://localhost:3090/ws:0
[  193616ms] [ERROR] Failed to load resource: the server responded with a status of 404 (Not Found) @ http://localhost:8081/meetings:0
[  193803ms] [ERROR] Failed to load resource: the server responded with a status of 404 (Not Found) @ http://localhost:3090/api/health:0
[  193803ms] [ERROR] Failed to load resource: the server responded with a status of 404 (Not Found) @ http://localhost:3090/ws:0
[  193803ms] [ERROR] Failed to load resource: the server responded with a status of 404 (Not Found) @ http://localhost:8081/meetings:0
[  193962ms] [ERROR] Failed to load resource: the server responded with a status of 404 (Not Found) @ http://localhost:3090/api/health:0
[  193963ms] [ERROR] Failed to load resource: the server responded with a status of 404 (Not Found) @ http://localhost:3090/ws:0
[  193963ms] [ERROR] Failed to load resource: the server responded with a status of 404 (Not Found) @ http://localhost:8081/meetings:0
[  194123ms] [ERROR] Failed to load resource: the server responded with a status of 404 (Not Found) @ http://localhost:3090/api/health:0
[  194124ms] [ERROR] Failed to load resource: the server responded with a status of 404 (Not Found) @ http://localhost:3090/ws:0
[  194124ms] [ERROR] Failed to load resource: the server responded with a status of 404 (Not Found) @ http://localhost:8081/meetings:0
[  194180ms] [ERROR] Failed to load resource: the server responded with a status of 404 (Not Found) @ http://localhost:3090/api/health:0
[  194181ms] [ERROR] Failed to load resource: the server responded with a status of 404 (Not Found) @ http://localhost:3090/ws:0
[  194181ms] [ERROR] Failed to load resource: the server responded with a status of 404 (Not Found) @ http://localhost:8081/meetings:0
[  194300ms] [ERROR] Failed to load resource: the server responded with a status of 404 (Not Found) @ http://localhost:3090/api/health:0
[  194300ms] [ERROR] Failed to load resource: the server responded with a status of 404 (Not Found) @ http://localhost:3090/ws:0
[  194301ms] [ERROR] Failed to load resource: the server responded with a status of 404 (Not Found) @ http://localhost:8081/meetings:0
[  194449ms] [ERROR] Failed to load resource: the server responded with a status of 404 (Not Found) @ http://localhost:3090/api/health:0
[  194450ms] [ERROR] Failed to load resource: the server responded with a status of 404 (Not Found) @ http://localhost:3090/ws:0
[  194450ms] [ERROR] Failed to load resource: the server responded with a status of 404 (Not Found) @ http://localhost:8081/meetings:0
[  194644ms] [ERROR] Failed to load resource: the server responded with a status of 404 (Not Found) @ http://localhost:3090/api/health:0
[  194644ms] [ERROR] Failed to load resource: the server responded with a status of 404 (Not Found) @ http://localhost:3090/ws:0
[  194645ms] [ERROR] Failed to load resource: the server responded with a status of 404 (Not Found) @ http://localhost:8081/meetings:0
[  194813ms] [ERROR] Failed to load resource: the server responded with a status of 404 (Not Found) @ http://localhost:3090/api/health:0
[  194813ms] [ERROR] Failed to load resource: the server responded with a status of 404 (Not Found) @ http://localhost:3090/ws:0
[  194814ms] [ERROR] Failed to load resource: the server responded with a status of 404 (Not Found) @ http://localhost:8081/meetings:0
[  194963ms] [ERROR] Failed to load resource: the server responded with a status of 404 (Not Found) @ http://localhost:3090/api/health:0
[  194963ms] [ERROR] Failed to load resource: the server responded with a status of 404 (Not Found) @ http://localhost:3090/ws:0
[  194963ms] [ERROR] Failed to load resource: the server responded with a status of 404 (Not Found) @ http://localhost:8081/meetings:0
[  195090ms] [ERROR] Failed to load resource: the server responded with a status of 404 (Not Found) @ http://localhost:3090/api/health:0
[  195090ms] [ERROR] Failed to load resource: the server responded with a status of 404 (Not Found) @ http://localhost:3090/ws:0
[  195091ms] [ERROR] Failed to load resource: the server responded with a status of 404 (Not Found) @ http://localhost:8081/meetings:0
[  195134ms] [ERROR] Failed to load resource: the server responded with a status of 404 (Not Found) @ http://localhost:3090/api/health:0
[  195134ms] [ERROR] Failed to load resource: the server responded with a status of 404 (Not Found) @ http://localhost:3090/ws:0
[  195138ms] [ERROR] Failed to load resource: the server responded with a status of 404 (Not Found) @ http://localhost:8081/meetings:0
[  195243ms] [ERROR] Failed to load resource: the server responded with a status of 404 (Not Found) @ http://localhost:3090/api/health:0
[  195244ms] [ERROR] Failed to load resource: the server responded with a status of 404 (Not Found) @ http://localhost:3090/ws:0
[  195244ms] [ERROR] Failed to load resource: the server responded with a status of 404 (Not Found) @ http://localhost:8081/meetings:0
[  195391ms] [ERROR] Failed to load resource: the server responded with a status of 404 (Not Found) @ http://localhost:3090/api/health:0
[  195391ms] [ERROR] Failed to load resource: the server responded with a status of 404 (Not Found) @ http://localhost:3090/ws:0
[  195392ms] [ERROR] Failed to load resource: the server responded with a status of 404 (Not Found) @ http://localhost:8081/meetings:0
[  195521ms] [ERROR] Failed to load resource: the server responded with a status of 404 (Not Found) @ http://localhost:3090/api/health:0
[  195521ms] [ERROR] Failed to load resource: the server responded with a status of 404 (Not Found) @ http://localhost:3090/ws:0
[  195521ms] [ERROR] Failed to load resource: the server responded with a status of 404 (Not Found) @ http://localhost:8081/meetings:0
[  195771ms] [ERROR] Failed to load resource: the server responded with a status of 404 (Not Found) @ http://localhost:3090/api/health:0
[  195771ms] [ERROR] Failed to load resource: the server responded with a status of 404 (Not Found) @ http://localhost:3090/ws:0
[  195772ms] [ERROR] Failed to load resource: the server responded with a status of 404 (Not Found) @ http://localhost:8081/meetings:0
[  195914ms] [ERROR] Failed to load resource: the server responded with a status of 404 (Not Found) @ http://localhost:3090/api/health:0
[  195915ms] [ERROR] Failed to load resource: the server responded with a status of 404 (Not Found) @ http://localhost:3090/ws:0
[  195915ms] [ERROR] Failed to load resource: the server responded with a status of 404 (Not Found) @ http://localhost:8081/meetings:0
[  196060ms] [ERROR] Failed to load resource: the server responded with a status of 404 (Not Found) @ http://localhost:3090/api/health:0
[  196060ms] [ERROR] Failed to load resource: the server responded with a status of 404 (Not Found) @ http://localhost:3090/ws:0
[  196060ms] [ERROR] Failed to load resource: the server responded with a status of 404 (Not Found) @ http://localhost:8081/meetings:0
[  196265ms] [ERROR] Failed to load resource: the server responded with a status of 404 (Not Found) @ http://localhost:3090/api/health:0
[  196266ms] [ERROR] Failed to load resource: the server responded with a status of 404 (Not Found) @ http://localhost:3090/ws:0
[  196266ms] [ERROR] Failed to load resource: the server responded with a status of 404 (Not Found) @ http://localhost:8081/meetings:0
[  196341ms] [ERROR] Failed to load resource: the server responded with a status of 404 (Not Found) @ http://localhost:3090/api/health:0
[  196341ms] [ERROR] Failed to load resource: the server responded with a status of 404 (Not Found) @ http://localhost:3090/ws:0
[  196341ms] [ERROR] Failed to load resource: the server responded with a status of 404 (Not Found) @ http://localhost:8081/meetings:0
[  196480ms] [ERROR] Failed to load resource: the server responded with a status of 404 (Not Found) @ http://localhost:3090/api/health:0
[  196481ms] [ERROR] Failed to load resource: the server responded with a status of 404 (Not Found) @ http://localhost:3090/ws:0
[  196481ms] [ERROR] Failed to load resource: the server responded with a status of 404 (Not Found) @ http://localhost:8081/meetings:0
[  196633ms] [ERROR] Failed to load resource: the server responded with a status of 404 (Not Found) @ http://localhost:3090/api/health:0
[  196633ms] [ERROR] Failed to load resource: the server responded with a status of 404 (Not Found) @ http://localhost:3090/ws:0
[  196633ms] [ERROR] Failed to load resource: the server responded with a status of 404 (Not Found) @ http://localhost:8081/meetings:0
[  196875ms] [ERROR] Failed to load resource: the server responded with a status of 404 (Not Found) @ http://localhost:3090/api/health:0
[  196875ms] [ERROR] Failed to load resource: the server responded with a status of 404 (Not Found) @ http://localhost:3090/ws:0
[  196875ms] [ERROR] Failed to load resource: the server responded with a status of 404 (Not Found) @ http://localhost:8081/meetings:0
[  197022ms] [ERROR] Failed to load resource: the server responded with a status of 404 (Not Found) @ http://localhost:3090/api/health:0
[  197022ms] [ERROR] Failed to load resource: the server responded with a status of 404 (Not Found) @ http://localhost:3090/ws:0
[  197023ms] [ERROR] Failed to load resource: the server responded with a status of 404 (Not Found) @ http://localhost:8081/meetings:0
[  197178ms] [ERROR] Failed to load resource: the server responded with a status of 404 (Not Found) @ http://localhost:3090/api/health:0
[  197178ms] [ERROR] Failed to load resource: the server responded with a status of 404 (Not Found) @ http://localhost:3090/ws:0
[  197178ms] [ERROR] Failed to load resource: the server responded with a status of 404 (Not Found) @ http://localhost:8081/meetings:0
[  197262ms] [ERROR] Failed to load resource: the server responded with a status of 404 (Not Found) @ http://localhost:3090/api/health:0
[  197263ms] [ERROR] Failed to load resource: the server responded with a status of 404 (Not Found) @ http://localhost:3090/ws:0
[  197264ms] [ERROR] Failed to load resource: the server responded with a status of 404 (Not Found) @ http://localhost:8081/meetings:0
[  197307ms] [ERROR] Failed to load resource: the server responded with a status of 404 (Not Found) @ http://localhost:3090/api/health:0
[  197307ms] [ERROR] Failed to load resource: the server responded with a status of 404 (Not Found) @ http://localhost:3090/ws:0
[  197308ms] [ERROR] Failed to load resource: the server responded with a status of 404 (Not Found) @ http://localhost:8081/meetings:0
[  197447ms] [ERROR] Failed to load resource: the server responded with a status of 404 (Not Found) @ http://localhost:3090/api/health:0
[  197447ms] [ERROR] Failed to load resource: the server responded with a status of 404 (Not Found) @ http://localhost:3090/ws:0
[  197447ms] [ERROR] Failed to load resource: the server responded with a status of 404 (Not Found) @ http://localhost:8081/meetings:0
[  197603ms] [ERROR] Failed to load resource: the server responded with a status of 404 (Not Found) @ http://localhost:3090/api/health:0
[  197603ms] [ERROR] Failed to load resource: the server responded with a status of 404 (Not Found) @ http://localhost:3090/ws:0
[  197603ms] [ERROR] Failed to load resource: the server responded with a status of 404 (Not Found) @ http://localhost:8081/meetings:0
[  197796ms] [ERROR] Failed to load resource: the server responded with a status of 404 (Not Found) @ http://localhost:3090/api/health:0
[  197797ms] [ERROR] Failed to load resource: the server responded with a status of 404 (Not Found) @ http://localhost:3090/ws:0
[  197797ms] [ERROR] Failed to load resource: the server responded with a status of 404 (Not Found) @ http://localhost:8081/meetings:0
[  197990ms] [ERROR] Failed to load resource: the server responded with a status of 404 (Not Found) @ http://localhost:3090/api/health:0
[  197990ms] [ERROR] Failed to load resource: the server responded with a status of 404 (Not Found) @ http://localhost:3090/ws:0
[  197991ms] [ERROR] Failed to load resource: the server responded with a status of 404 (Not Found) @ http://localhost:8081/meetings:0
[  198145ms] [ERROR] Failed to load resource: the server responded with a status of 404 (Not Found) @ http://localhost:3090/api/health:0
[  198145ms] [ERROR] Failed to load resource: the server responded with a status of 404 (Not Found) @ http://localhost:3090/ws:0
[  198145ms] [ERROR] Failed to load resource: the server responded with a status of 404 (Not Found) @ http://localhost:8081/meetings:0
[  198291ms] [ERROR] Failed to load resource: the server responded with a status of 404 (Not Found) @ http://localhost:3090/api/health:0
[  198291ms] [ERROR] Failed to load resource: the server responded with a status of 404 (Not Found) @ http://localhost:3090/ws:0
[  198292ms] [ERROR] Failed to load resource: the server responded with a status of 404 (Not Found) @ http://localhost:8081/meetings:0
[  198322ms] [ERROR] Failed to load resource: the server responded with a status of 404 (Not Found) @ http://localhost:3090/api/health:0
[  198322ms] [ERROR] Failed to load resource: the server responded with a status of 404 (Not Found) @ http://localhost:3090/ws:0
[  198322ms] [ERROR] Failed to load resource: the server responded with a status of 404 (Not Found) @ http://localhost:8081/meetings:0
[  198420ms] [ERROR] Failed to load resource: the server responded with a status of 404 (Not Found) @ http://localhost:3090/api/health:0
[  198420ms] [ERROR] Failed to load resource: the server responded with a status of 404 (Not Found) @ http://localhost:3090/ws:0
[  198420ms] [ERROR] Failed to load resource: the server responded with a status of 404 (Not Found) @ http://localhost:8081/meetings:0
[  198560ms] [ERROR] Failed to load resource: the server responded with a status of 404 (Not Found) @ http://localhost:3090/api/health:0
[  198560ms] [ERROR] Failed to load resource: the server responded with a status of 404 (Not Found) @ http://localhost:3090/ws:0
[  198561ms] [ERROR] Failed to load resource: the server responded with a status of 404 (Not Found) @ http://localhost:8081/meetings:0
[  198703ms] [ERROR] Failed to load resource: the server responded with a status of 404 (Not Found) @ http://localhost:3090/api/health:0
[  198704ms] [ERROR] Failed to load resource: the server responded with a status of 404 (Not Found) @ http://localhost:3090/ws:0
[  198707ms] [ERROR] Failed to load resource: the server responded with a status of 404 (Not Found) @ http://localhost:8081/meetings:0
[  198962ms] [ERROR] Failed to load resource: the server responded with a status of 404 (Not Found) @ http://localhost:3090/api/health:0
[  198963ms] [ERROR] Failed to load resource: the server responded with a status of 404 (Not Found) @ http://localhost:3090/ws:0
[  198963ms] [ERROR] Failed to load resource: the server responded with a status of 404 (Not Found) @ http://localhost:8081/meetings:0
[  199113ms] [ERROR] Failed to load resource: the server responded with a status of 404 (Not Found) @ http://localhost:3090/api/health:0
[  199114ms] [ERROR] Failed to load resource: the server responded with a status of 404 (Not Found) @ http://localhost:3090/ws:0
[  199114ms] [ERROR] Failed to load resource: the server responded with a status of 404 (Not Found) @ http://localhost:8081/meetings:0
[  199199ms] [ERROR] Failed to load resource: the server responded with a status of 404 (Not Found) @ http://localhost:3090/api/health:0
[  199199ms] [ERROR] Failed to load resource: the server responded with a status of 404 (Not Found) @ http://localhost:3090/ws:0
[  199199ms] [ERROR] Failed to load resource: the server responded with a status of 404 (Not Found) @ http://localhost:8081/meetings:0
[  199339ms] [ERROR] Failed to load resource: the server responded with a status of 404 (Not Found) @ http://localhost:3090/api/health:0
[  199339ms] [ERROR] Failed to load resource: the server responded with a status of 404 (Not Found) @ http://localhost:3090/ws:0
[  199339ms] [ERROR] Failed to load resource: the server responded with a status of 404 (Not Found) @ http://localhost:8081/meetings:0
[  199386ms] [ERROR] Failed to load resource: the server responded with a status of 404 (Not Found) @ http://localhost:3090/api/health:0
[  199387ms] [ERROR] Failed to load resource: the server responded with a status of 404 (Not Found) @ http://localhost:3090/ws:0
[  199387ms] [ERROR] Failed to load resource: the server responded with a status of 404 (Not Found) @ http://localhost:8081/meetings:0
[  199510ms] [ERROR] Failed to load resource: the server responded with a status of 404 (Not Found) @ http://localhost:3090/api/health:0
[  199510ms] [ERROR] Failed to load resource: the server responded with a status of 404 (Not Found) @ http://localhost:8081/meetings:0
[  199510ms] [ERROR] Failed to load resource: the server responded with a status of 404 (Not Found) @ http://localhost:3090/ws:0
[  199689ms] [ERROR] Failed to load resource: the server responded with a status of 404 (Not Found) @ http://localhost:3090/api/health:0
[  199690ms] [ERROR] Failed to load resource: the server responded with a status of 404 (Not Found) @ http://localhost:3090/ws:0
[  199690ms] [ERROR] Failed to load resource: the server responded with a status of 404 (Not Found) @ http://localhost:8081/meetings:0
[  199864ms] [ERROR] Failed to load resource: the server responded with a status of 404 (Not Found) @ http://localhost:3090/api/health:0
[  199864ms] [ERROR] Failed to load resource: the server responded with a status of 404 (Not Found) @ http://localhost:3090/ws:0
[  199864ms] [ERROR] Failed to load resource: the server responded with a status of 404 (Not Found) @ http://localhost:8081/meetings:0
[  200036ms] [ERROR] Failed to load resource: the server responded with a status of 404 (Not Found) @ http://localhost:3090/api/health:0
[  200036ms] [ERROR] Failed to load resource: the server responded with a status of 404 (Not Found) @ http://localhost:3090/ws:0
[  200037ms] [ERROR] Failed to load resource: the server responded with a status of 404 (Not Found) @ http://localhost:8081/meetings:0
[  200175ms] [ERROR] Failed to load resource: the server responded with a status of 404 (Not Found) @ http://localhost:3090/api/health:0
[  200175ms] [ERROR] Failed to load resource: the server responded with a status of 404 (Not Found) @ http://localhost:3090/ws:0
[  200176ms] [ERROR] Failed to load resource: the server responded with a status of 404 (Not Found) @ http://localhost:8081/meetings:0
[  200298ms] [ERROR] Failed to load resource: the server responded with a status of 404 (Not Found) @ http://localhost:3090/api/health:0
[  200299ms] [ERROR] Failed to load resource: the server responded with a status of 404 (Not Found) @ http://localhost:3090/ws:0
[  200299ms] [ERROR] Failed to load resource: the server responded with a status of 404 (Not Found) @ http://localhost:8081/meetings:0
[  200344ms] [ERROR] Failed to load resource: the server responded with a status of 404 (Not Found) @ http://localhost:3090/api/health:0
[  200344ms] [ERROR] Failed to load resource: the server responded with a status of 404 (Not Found) @ http://localhost:3090/ws:0
[  200348ms] [ERROR] Failed to load resource: the server responded with a status of 404 (Not Found) @ http://localhost:8081/meetings:0
[  200463ms] [ERROR] Failed to load resource: the server responded with a status of 404 (Not Found) @ http://localhost:3090/api/health:0
[  200463ms] [ERROR] Failed to load resource: the server responded with a status of 404 (Not Found) @ http://localhost:3090/ws:0
[  200466ms] [ERROR] Failed to load resource: the server responded with a status of 404 (Not Found) @ http://localhost:8081/meetings:0
[  200597ms] [ERROR] Failed to load resource: the server responded with a status of 404 (Not Found) @ http://localhost:3090/api/health:0
[  200597ms] [ERROR] Failed to load resource: the server responded with a status of 404 (Not Found) @ http://localhost:3090/ws:0
[  200597ms] [ERROR] Failed to load resource: the server responded with a status of 404 (Not Found) @ http://localhost:8081/meetings:0
[  200755ms] [ERROR] Failed to load resource: the server responded with a status of 404 (Not Found) @ http://localhost:3090/api/health:0
[  200755ms] [ERROR] Failed to load resource: the server responded with a status of 404 (Not Found) @ http://localhost:3090/ws:0
[  200756ms] [ERROR] Failed to load resource: the server responded with a status of 404 (Not Found) @ http://localhost:8081/meetings:0
[  200995ms] [ERROR] Failed to load resource: the server responded with a status of 404 (Not Found) @ http://localhost:3090/api/health:0
[  200996ms] [ERROR] Failed to load resource: the server responded with a status of 404 (Not Found) @ http://localhost:3090/ws:0
[  200996ms] [ERROR] Failed to load resource: the server responded with a status of 404 (Not Found) @ http://localhost:8081/meetings:0
[  201150ms] [ERROR] Failed to load resource: the server responded with a status of 404 (Not Found) @ http://localhost:3090/api/health:0
[  201150ms] [ERROR] Failed to load resource: the server responded with a status of 404 (Not Found) @ http://localhost:3090/ws:0
[  201151ms] [ERROR] Failed to load resource: the server responded with a status of 404 (Not Found) @ http://localhost:8081/meetings:0
[  201301ms] [ERROR] Failed to load resource: the server responded with a status of 404 (Not Found) @ http://localhost:3090/api/health:0
[  201301ms] [ERROR] Failed to load resource: the server responded with a status of 404 (Not Found) @ http://localhost:3090/ws:0
[  201302ms] [ERROR] Failed to load resource: the server responded with a status of 404 (Not Found) @ http://localhost:8081/meetings:0
[  201364ms] [ERROR] Failed to load resource: the server responded with a status of 404 (Not Found) @ http://localhost:3090/api/health:0
[  201365ms] [ERROR] Failed to load resource: the server responded with a status of 404 (Not Found) @ http://localhost:3090/ws:0
[  201365ms] [ERROR] Failed to load resource: the server responded with a status of 404 (Not Found) @ http://localhost:8081/meetings:0
[  201416ms] [ERROR] Failed to load resource: the server responded with a status of 404 (Not Found) @ http://localhost:3090/api/health:0
[  201416ms] [ERROR] Failed to load resource: the server responded with a status of 404 (Not Found) @ http://localhost:3090/ws:0
[  201417ms] [ERROR] Failed to load resource: the server responded with a status of 404 (Not Found) @ http://localhost:8081/meetings:0
[  201562ms] [ERROR] Failed to load resource: the server responded with a status of 404 (Not Found) @ http://localhost:3090/api/health:0
[  201563ms] [ERROR] Failed to load resource: the server responded with a status of 404 (Not Found) @ http://localhost:3090/ws:0
[  201564ms] [ERROR] Failed to load resource: the server responded with a status of 404 (Not Found) @ http://localhost:8081/meetings:0
[  201712ms] [ERROR] Failed to load resource: the server responded with a status of 404 (Not Found) @ http://localhost:3090/api/health:0
[  201712ms] [ERROR] Failed to load resource: the server responded with a status of 404 (Not Found) @ http://localhost:3090/ws:0
[  201713ms] [ERROR] Failed to load resource: the server responded with a status of 404 (Not Found) @ http://localhost:8081/meetings:0
[  201834ms] [ERROR] Failed to load resource: the server responded with a status of 404 (Not Found) @ http://localhost:3090/api/health:0
[  201834ms] [ERROR] Failed to load resource: the server responded with a status of 404 (Not Found) @ http://localhost:3090/ws:0
[  201835ms] [ERROR] Failed to load resource: the server responded with a status of 404 (Not Found) @ http://localhost:8081/meetings:0
[  202079ms] [ERROR] Failed to load resource: the server responded with a status of 404 (Not Found) @ http://localhost:3090/api/health:0
[  202079ms] [ERROR] Failed to load resource: the server responded with a status of 404 (Not Found) @ http://localhost:3090/ws:0
[  202080ms] [ERROR] Failed to load resource: the server responded with a status of 404 (Not Found) @ http://localhost:8081/meetings:0
[  202236ms] [ERROR] Failed to load resource: the server responded with a status of 404 (Not Found) @ http://localhost:3090/api/health:0
[  202236ms] [ERROR] Failed to load resource: the server responded with a status of 404 (Not Found) @ http://localhost:8081/meetings:0
[  202236ms] [ERROR] Failed to load resource: the server responded with a status of 404 (Not Found) @ http://localhost:3090/ws:0
[  202400ms] [ERROR] Failed to load resource: the server responded with a status of 404 (Not Found) @ http://localhost:3090/api/health:0
[  202400ms] [ERROR] Failed to load resource: the server responded with a status of 404 (Not Found) @ http://localhost:3090/ws:0
[  202401ms] [ERROR] Failed to load resource: the server responded with a status of 404 (Not Found) @ http://localhost:8081/meetings:0
[  202477ms] [ERROR] Failed to load resource: the server responded with a status of 404 (Not Found) @ http://localhost:3090/api/health:0
[  202478ms] [ERROR] Failed to load resource: the server responded with a status of 404 (Not Found) @ http://localhost:3090/ws:0
[  202478ms] [ERROR] Failed to load resource: the server responded with a status of 404 (Not Found) @ http://localhost:8081/meetings:0
[  202530ms] [ERROR] Failed to load resource: the server responded with a status of 404 (Not Found) @ http://localhost:3090/api/health:0
[  202531ms] [ERROR] Failed to load resource: the server responded with a status of 404 (Not Found) @ http://localhost:3090/ws:0
[  202535ms] [ERROR] Failed to load resource: the server responded with a status of 404 (Not Found) @ http://localhost:8081/meetings:0
[  202649ms] [ERROR] Failed to load resource: the server responded with a status of 404 (Not Found) @ http://localhost:3090/api/health:0
[  202649ms] [ERROR] Failed to load resource: the server responded with a status of 404 (Not Found) @ http://localhost:3090/ws:0
[  202649ms] [ERROR] Failed to load resource: the server responded with a status of 404 (Not Found) @ http://localhost:8081/meetings:0
[  202779ms] [ERROR] Failed to load resource: the server responded with a status of 404 (Not Found) @ http://localhost:3090/api/health:0
[  202780ms] [ERROR] Failed to load resource: the server responded with a status of 404 (Not Found) @ http://localhost:3090/ws:0
[  202780ms] [ERROR] Failed to load resource: the server responded with a status of 404 (Not Found) @ http://localhost:8081/meetings:0
[  202921ms] [ERROR] Failed to load resource: the server responded with a status of 404 (Not Found) @ http://localhost:3090/api/health:0
[  202921ms] [ERROR] Failed to load resource: the server responded with a status of 404 (Not Found) @ http://localhost:3090/ws:0
[  202922ms] [ERROR] Failed to load resource: the server responded with a status of 404 (Not Found) @ http://localhost:8081/meetings:0
[  203182ms] [ERROR] Failed to load resource: the server responded with a status of 404 (Not Found) @ http://localhost:3090/api/health:0
[  203182ms] [ERROR] Failed to load resource: the server responded with a status of 404 (Not Found) @ http://localhost:3090/ws:0
[  203182ms] [ERROR] Failed to load resource: the server responded with a status of 404 (Not Found) @ http://localhost:8081/meetings:0
[  203348ms] [ERROR] Failed to load resource: the server responded with a status of 404 (Not Found) @ http://localhost:3090/api/health:0
[  203348ms] [ERROR] Failed to load resource: the server responded with a status of 404 (Not Found) @ http://localhost:3090/ws:0
[  203348ms] [ERROR] Failed to load resource: the server responded with a status of 404 (Not Found) @ http://localhost:8081/meetings:0
[  203510ms] [ERROR] Failed to load resource: the server responded with a status of 404 (Not Found) @ http://localhost:3090/api/health:0
[  203510ms] [ERROR] Failed to load resource: the server responded with a status of 404 (Not Found) @ http://localhost:3090/ws:0
[  203510ms] [ERROR] Failed to load resource: the server responded with a status of 404 (Not Found) @ http://localhost:8081/meetings:0
[  203574ms] [ERROR] Failed to load resource: the server responded with a status of 404 (Not Found) @ http://localhost:3090/api/health:0
[  203575ms] [ERROR] Failed to load resource: the server responded with a status of 404 (Not Found) @ http://localhost:3090/ws:0
[  203575ms] [ERROR] Failed to load resource: the server responded with a status of 404 (Not Found) @ http://localhost:8081/meetings:0
[  203640ms] [ERROR] Failed to load resource: the server responded with a status of 404 (Not Found) @ http://localhost:3090/api/health:0
[  203640ms] [ERROR] Failed to load resource: the server responded with a status of 404 (Not Found) @ http://localhost:3090/ws:0
[  203641ms] [ERROR] Failed to load resource: the server responded with a status of 404 (Not Found) @ http://localhost:8081/meetings:0
[  203783ms] [ERROR] Failed to load resource: the server responded with a status of 404 (Not Found) @ http://localhost:3090/api/health:0
[  203783ms] [ERROR] Failed to load resource: the server responded with a status of 404 (Not Found) @ http://localhost:3090/ws:0
[  203789ms] [ERROR] Failed to load resource: the server responded with a status of 404 (Not Found) @ http://localhost:8081/meetings:0
[  203915ms] [ERROR] Failed to load resource: the server responded with a status of 404 (Not Found) @ http://localhost:3090/api/health:0
[  203916ms] [ERROR] Failed to load resource: the server responded with a status of 404 (Not Found) @ http://localhost:3090/ws:0
[  203916ms] [ERROR] Failed to load resource: the server responded with a status of 404 (Not Found) @ http://localhost:8081/meetings:0
[  204118ms] [ERROR] Failed to load resource: the server responded with a status of 404 (Not Found) @ http://localhost:3090/api/health:0
[  204118ms] [ERROR] Failed to load resource: the server responded with a status of 404 (Not Found) @ http://localhost:3090/ws:0
[  204118ms] [ERROR] Failed to load resource: the server responded with a status of 404 (Not Found) @ http://localhost:8081/meetings:0
[  204285ms] [ERROR] Failed to load resource: the server responded with a status of 404 (Not Found) @ http://localhost:3090/api/health:0
[  204286ms] [ERROR] Failed to load resource: the server responded with a status of 404 (Not Found) @ http://localhost:3090/ws:0
[  204286ms] [ERROR] Failed to load resource: the server responded with a status of 404 (Not Found) @ http://localhost:8081/meetings:0
[  204438ms] [ERROR] Failed to load resource: the server responded with a status of 404 (Not Found) @ http://localhost:3090/api/health:0
[  204438ms] [ERROR] Failed to load resource: the server responded with a status of 404 (Not Found) @ http://localhost:3090/ws:0
[  204439ms] [ERROR] Failed to load resource: the server responded with a status of 404 (Not Found) @ http://localhost:8081/meetings:0
[  204595ms] [ERROR] Failed to load resource: the server responded with a status of 404 (Not Found) @ http://localhost:3090/api/health:0
[  204595ms] [ERROR] Failed to load resource: the server responded with a status of 404 (Not Found) @ http://localhost:3090/ws:0
[  204595ms] [ERROR] Failed to load resource: the server responded with a status of 404 (Not Found) @ http://localhost:8081/meetings:0
[  204622ms] [ERROR] Failed to load resource: the server responded with a status of 404 (Not Found) @ http://localhost:3090/api/health:0
[  204628ms] [ERROR] Failed to load resource: the server responded with a status of 404 (Not Found) @ http://localhost:3090/ws:0
[  204628ms] [ERROR] Failed to load resource: the server responded with a status of 404 (Not Found) @ http://localhost:8081/meetings:0
[  204737ms] [ERROR] Failed to load resource: the server responded with a status of 404 (Not Found) @ http://localhost:3090/api/health:0
[  204738ms] [ERROR] Failed to load resource: the server responded with a status of 404 (Not Found) @ http://localhost:3090/ws:0
[  204738ms] [ERROR] Failed to load resource: the server responded with a status of 404 (Not Found) @ http://localhost:8081/meetings:0
[  204889ms] [ERROR] Failed to load resource: the server responded with a status of 404 (Not Found) @ http://localhost:3090/api/health:0
[  204889ms] [ERROR] Failed to load resource: the server responded with a status of 404 (Not Found) @ http://localhost:3090/ws:0
[  204890ms] [ERROR] Failed to load resource: the server responded with a status of 404 (Not Found) @ http://localhost:8081/meetings:0
[  205033ms] [ERROR] Failed to load resource: the server responded with a status of 404 (Not Found) @ http://localhost:3090/api/health:0
[  205033ms] [ERROR] Failed to load resource: the server responded with a status of 404 (Not Found) @ http://localhost:3090/ws:0
[  205034ms] [ERROR] Failed to load resource: the server responded with a status of 404 (Not Found) @ http://localhost:8081/meetings:0
[  205252ms] [ERROR] Failed to load resource: the server responded with a status of 404 (Not Found) @ http://localhost:3090/api/health:0
[  205252ms] [ERROR] Failed to load resource: the server responded with a status of 404 (Not Found) @ http://localhost:3090/ws:0
[  205252ms] [ERROR] Failed to load resource: the server responded with a status of 404 (Not Found) @ http://localhost:8081/meetings:0
[  205406ms] [ERROR] Failed to load resource: the server responded with a status of 404 (Not Found) @ http://localhost:3090/api/health:0
[  205406ms] [ERROR] Failed to load resource: the server responded with a status of 404 (Not Found) @ http://localhost:3090/ws:0
[  205406ms] [ERROR] Failed to load resource: the server responded with a status of 404 (Not Found) @ http://localhost:8081/meetings:0
[  205561ms] [ERROR] Failed to load resource: the server responded with a status of 404 (Not Found) @ http://localhost:3090/api/health:0
[  205561ms] [ERROR] Failed to load resource: the server responded with a status of 404 (Not Found) @ http://localhost:3090/ws:0
[  205561ms] [ERROR] Failed to load resource: the server responded with a status of 404 (Not Found) @ http://localhost:8081/meetings:0
[  205684ms] [ERROR] Failed to load resource: the server responded with a status of 404 (Not Found) @ http://localhost:3090/api/health:0
[  205684ms] [ERROR] Failed to load resource: the server responded with a status of 404 (Not Found) @ http://localhost:3090/ws:0
[  205698ms] [ERROR] Failed to load resource: the server responded with a status of 404 (Not Found) @ http://localhost:8081/meetings:0
[  205716ms] [ERROR] Failed to load resource: the server responded with a status of 404 (Not Found) @ http://localhost:3090/api/health:0
[  205716ms] [ERROR] Failed to load resource: the server responded with a status of 404 (Not Found) @ http://localhost:3090/ws:0
[  205717ms] [ERROR] Failed to load resource: the server responded with a status of 404 (Not Found) @ http://localhost:8081/meetings:0
[  205878ms] [ERROR] Failed to load resource: the server responded with a status of 404 (Not Found) @ http://localhost:3090/api/health:0
[  205878ms] [ERROR] Failed to load resource: the server responded with a status of 404 (Not Found) @ http://localhost:3090/ws:0
[  205878ms] [ERROR] Failed to load resource: the server responded with a status of 404 (Not Found) @ http://localhost:8081/meetings:0
[  206007ms] [ERROR] Failed to load resource: the server responded with a status of 404 (Not Found) @ http://localhost:3090/api/health:0
[  206008ms] [ERROR] Failed to load resource: the server responded with a status of 404 (Not Found) @ http://localhost:3090/ws:0
[  206008ms] [ERROR] Failed to load resource: the server responded with a status of 404 (Not Found) @ http://localhost:8081/meetings:0
[  206296ms] [ERROR] Failed to load resource: the server responded with a status of 404 (Not Found) @ http://localhost:3090/api/health:0
[  206296ms] [ERROR] Failed to load resource: the server responded with a status of 404 (Not Found) @ http://localhost:3090/ws:0
[  206297ms] [ERROR] Failed to load resource: the server responded with a status of 404 (Not Found) @ http://localhost:8081/meetings:0
[  206447ms] [ERROR] Failed to load resource: the server responded with a status of 404 (Not Found) @ http://localhost:3090/api/health:0
[  206447ms] [ERROR] Failed to load resource: the server responded with a status of 404 (Not Found) @ http://localhost:3090/ws:0
[  206447ms] [ERROR] Failed to load resource: the server responded with a status of 404 (Not Found) @ http://localhost:8081/meetings:0
[  206591ms] [ERROR] Failed to load resource: the server responded with a status of 404 (Not Found) @ http://localhost:3090/api/health:0
[  206592ms] [ERROR] Failed to load resource: the server responded with a status of 404 (Not Found) @ http://localhost:3090/ws:0
[  206592ms] [ERROR] Failed to load resource: the server responded with a status of 404 (Not Found) @ http://localhost:8081/meetings:0
[  206654ms] [ERROR] Failed to load resource: the server responded with a status of 404 (Not Found) @ http://localhost:3090/api/health:0
[  206660ms] [ERROR] Failed to load resource: the server responded with a status of 404 (Not Found) @ http://localhost:3090/ws:0
[  206661ms] [ERROR] Failed to load resource: the server responded with a status of 404 (Not Found) @ http://localhost:8081/meetings:0
[  206716ms] [ERROR] Failed to load resource: the server responded with a status of 404 (Not Found) @ http://localhost:3090/api/health:0
[  206716ms] [ERROR] Failed to load resource: the server responded with a status of 404 (Not Found) @ http://localhost:3090/ws:0
[  206716ms] [ERROR] Failed to load resource: the server responded with a status of 404 (Not Found) @ http://localhost:8081/meetings:0
[  206849ms] [ERROR] Failed to load resource: the server responded with a status of 404 (Not Found) @ http://localhost:3090/api/health:0
[  206849ms] [ERROR] Failed to load resource: the server responded with a status of 404 (Not Found) @ http://localhost:3090/ws:0
[  206850ms] [ERROR] Failed to load resource: the server responded with a status of 404 (Not Found) @ http://localhost:8081/meetings:0
[  206992ms] [ERROR] Failed to load resource: the server responded with a status of 404 (Not Found) @ http://localhost:3090/api/health:0
[  206992ms] [ERROR] Failed to load resource: the server responded with a status of 404 (Not Found) @ http://localhost:3090/ws:0
[  206992ms] [ERROR] Failed to load resource: the server responded with a status of 404 (Not Found) @ http://localhost:8081/meetings:0
[  207197ms] [ERROR] Failed to load resource: the server responded with a status of 404 (Not Found) @ http://localhost:3090/api/health:0
[  207197ms] [ERROR] Failed to load resource: the server responded with a status of 404 (Not Found) @ http://localhost:3090/ws:0
[  207198ms] [ERROR] Failed to load resource: the server responded with a status of 404 (Not Found) @ http://localhost:8081/meetings:0
[  207362ms] [ERROR] Failed to load resource: the server responded with a status of 404 (Not Found) @ http://localhost:3090/api/health:0
[  207362ms] [ERROR] Failed to load resource: the server responded with a status of 404 (Not Found) @ http://localhost:3090/ws:0
[  207362ms] [ERROR] Failed to load resource: the server responded with a status of 404 (Not Found) @ http://localhost:8081/meetings:0
[  207510ms] [ERROR] Failed to load resource: the server responded with a status of 404 (Not Found) @ http://localhost:3090/api/health:0
[  207510ms] [ERROR] Failed to load resource: the server responded with a status of 404 (Not Found) @ http://localhost:3090/ws:0
[  207510ms] [ERROR] Failed to load resource: the server responded with a status of 404 (Not Found) @ http://localhost:8081/meetings:0
[  207647ms] [ERROR] Failed to load resource: the server responded with a status of 404 (Not Found) @ http://localhost:3090/api/health:0
[  207648ms] [ERROR] Failed to load resource: the server responded with a status of 404 (Not Found) @ http://localhost:3090/ws:0
[  207648ms] [ERROR] Failed to load resource: the server responded with a status of 404 (Not Found) @ http://localhost:8081/meetings:0
[  207689ms] [ERROR] Failed to load resource: the server responded with a status of 404 (Not Found) @ http://localhost:3090/api/health:0
[  207689ms] [ERROR] Failed to load resource: the server responded with a status of 404 (Not Found) @ http://localhost:3090/ws:0
[  207689ms] [ERROR] Failed to load resource: the server responded with a status of 404 (Not Found) @ http://localhost:8081/meetings:0
[  207797ms] [ERROR] Failed to load resource: the server responded with a status of 404 (Not Found) @ http://localhost:3090/api/health:0
[  207797ms] [ERROR] Failed to load resource: the server responded with a status of 404 (Not Found) @ http://localhost:3090/ws:0
[  207797ms] [ERROR] Failed to load resource: the server responded with a status of 404 (Not Found) @ http://localhost:8081/meetings:0
[  207928ms] [ERROR] Failed to load resource: the server responded with a status of 404 (Not Found) @ http://localhost:3090/api/health:0
[  207928ms] [ERROR] Failed to load resource: the server responded with a status of 404 (Not Found) @ http://localhost:3090/ws:0
[  207929ms] [ERROR] Failed to load resource: the server responded with a status of 404 (Not Found) @ http://localhost:8081/meetings:0
[  208095ms] [ERROR] Failed to load resource: the server responded with a status of 404 (Not Found) @ http://localhost:3090/api/health:0
[  208095ms] [ERROR] Failed to load resource: the server responded with a status of 404 (Not Found) @ http://localhost:3090/ws:0
[  208096ms] [ERROR] Failed to load resource: the server responded with a status of 404 (Not Found) @ http://localhost:8081/meetings:0
[  208360ms] [ERROR] Failed to load resource: the server responded with a status of 404 (Not Found) @ http://localhost:3090/api/health:0
[  208361ms] [ERROR] Failed to load resource: the server responded with a status of 404 (Not Found) @ http://localhost:3090/ws:0
[  208361ms] [ERROR] Failed to load resource: the server responded with a status of 404 (Not Found) @ http://localhost:8081/meetings:0
[  208519ms] [ERROR] Failed to load resource: the server responded with a status of 404 (Not Found) @ http://localhost:3090/api/health:0
[  208519ms] [ERROR] Failed to load resource: the server responded with a status of 404 (Not Found) @ http://localhost:3090/ws:0
[  208519ms] [ERROR] Failed to load resource: the server responded with a status of 404 (Not Found) @ http://localhost:8081/meetings:0
[  208611ms] [ERROR] Failed to load resource: the server responded with a status of 404 (Not Found) @ http://localhost:3090/api/health:0
[  208612ms] [ERROR] Failed to load resource: the server responded with a status of 404 (Not Found) @ http://localhost:3090/ws:0
[  208612ms] [ERROR] Failed to load resource: the server responded with a status of 404 (Not Found) @ http://localhost:8081/meetings:0
[  208762ms] [ERROR] Failed to load resource: the server responded with a status of 404 (Not Found) @ http://localhost:3090/api/health:0
[  208762ms] [ERROR] Failed to load resource: the server responded with a status of 404 (Not Found) @ http://localhost:3090/ws:0
[  208762ms] [ERROR] Failed to load resource: the server responded with a status of 404 (Not Found) @ http://localhost:8081/meetings:0
[  208808ms] [ERROR] Failed to load resource: the server responded with a status of 404 (Not Found) @ http://localhost:3090/api/health:0
[  208808ms] [ERROR] Failed to load resource: the server responded with a status of 404 (Not Found) @ http://localhost:3090/ws:0
[  208809ms] [ERROR] Failed to load resource: the server responded with a status of 404 (Not Found) @ http://localhost:8081/meetings:0
[  208923ms] [ERROR] Failed to load resource: the server responded with a status of 404 (Not Found) @ http://localhost:3090/api/health:0
[  208923ms] [ERROR] Failed to load resource: the server responded with a status of 404 (Not Found) @ http://localhost:3090/ws:0
[  208924ms] [ERROR] Failed to load resource: the server responded with a status of 404 (Not Found) @ http://localhost:8081/meetings:0
[  209083ms] [ERROR] Failed to load resource: the server responded with a status of 404 (Not Found) @ http://localhost:3090/api/health:0
[  209083ms] [ERROR] Failed to load resource: the server responded with a status of 404 (Not Found) @ http://localhost:3090/ws:0
[  209084ms] [ERROR] Failed to load resource: the server responded with a status of 404 (Not Found) @ http://localhost:8081/meetings:0
[  209217ms] [ERROR] Failed to load resource: the server responded with a status of 404 (Not Found) @ http://localhost:3090/api/health:0
[  209284ms] [ERROR] Failed to load resource: the server responded with a status of 404 (Not Found) @ http://localhost:3090/ws:0
[  209285ms] [ERROR] Failed to load resource: the server responded with a status of 404 (Not Found) @ http://localhost:8081/meetings:0
[  209458ms] [ERROR] Failed to load resource: the server responded with a status of 404 (Not Found) @ http://localhost:3090/api/health:0
[  209459ms] [ERROR] Failed to load resource: the server responded with a status of 404 (Not Found) @ http://localhost:3090/ws:0
[  209459ms] [ERROR] Failed to load resource: the server responded with a status of 404 (Not Found) @ http://localhost:8081/meetings:0
[  209563ms] [ERROR] Failed to load resource: the server responded with a status of 404 (Not Found) @ http://localhost:3090/api/health:0
[  209634ms] [ERROR] Failed to load resource: the server responded with a status of 404 (Not Found) @ http://localhost:3090/ws:0
[  209636ms] [ERROR] Failed to load resource: the server responded with a status of 404 (Not Found) @ http://localhost:8081/meetings:0
[  209780ms] [ERROR] Failed to load resource: the server responded with a status of 404 (Not Found) @ http://localhost:3090/api/health:0
[  209781ms] [ERROR] Failed to load resource: the server responded with a status of 404 (Not Found) @ http://localhost:3090/ws:0
[  209782ms] [ERROR] Failed to load resource: the server responded with a status of 404 (Not Found) @ http://localhost:8081/meetings:0
[  209814ms] [ERROR] Failed to load resource: the server responded with a status of 404 (Not Found) @ http://localhost:3090/api/health:0
[  209814ms] [ERROR] Failed to load resource: the server responded with a status of 404 (Not Found) @ http://localhost:3090/ws:0
[  209814ms] [ERROR] Failed to load resource: the server responded with a status of 404 (Not Found) @ http://localhost:8081/meetings:0
[  209909ms] [ERROR] Failed to load resource: the server responded with a status of 404 (Not Found) @ http://localhost:3090/api/health:0
[  209910ms] [ERROR] Failed to load resource: the server responded with a status of 404 (Not Found) @ http://localhost:3090/ws:0
[  209910ms] [ERROR] Failed to load resource: the server responded with a status of 404 (Not Found) @ http://localhost:8081/meetings:0
[  210042ms] [ERROR] Failed to load resource: the server responded with a status of 404 (Not Found) @ http://localhost:3090/api/health:0
[  210042ms] [ERROR] Failed to load resource: the server responded with a status of 404 (Not Found) @ http://localhost:3090/ws:0
[  210042ms] [ERROR] Failed to load resource: the server responded with a status of 404 (Not Found) @ http://localhost:8081/meetings:0
[  210181ms] [ERROR] Failed to load resource: the server responded with a status of 404 (Not Found) @ http://localhost:3090/api/health:0
[  210181ms] [ERROR] Failed to load resource: the server responded with a status of 404 (Not Found) @ http://localhost:3090/ws:0
[  210181ms] [ERROR] Failed to load resource: the server responded with a status of 404 (Not Found) @ http://localhost:8081/meetings:0
[  210437ms] [ERROR] Failed to load resource: the server responded with a status of 404 (Not Found) @ http://localhost:3090/api/health:0
[  210438ms] [ERROR] Failed to load resource: the server responded with a status of 404 (Not Found) @ http://localhost:3090/ws:0
[  210438ms] [ERROR] Failed to load resource: the server responded with a status of 404 (Not Found) @ http://localhost:8081/meetings:0
[  210590ms] [ERROR] Failed to load resource: the server responded with a status of 404 (Not Found) @ http://localhost:3090/api/health:0
[  210590ms] [ERROR] Failed to load resource: the server responded with a status of 404 (Not Found) @ http://localhost:3090/ws:0
[  210591ms] [ERROR] Failed to load resource: the server responded with a status of 404 (Not Found) @ http://localhost:8081/meetings:0
[  210752ms] [ERROR] Failed to load resource: the server responded with a status of 404 (Not Found) @ http://localhost:3090/api/health:0
[  210752ms] [ERROR] Failed to load resource: the server responded with a status of 404 (Not Found) @ http://localhost:3090/ws:0
[  210752ms] [ERROR] Failed to load resource: the server responded with a status of 404 (Not Found) @ http://localhost:8081/meetings:0
[  210814ms] [ERROR] Failed to load resource: the server responded with a status of 404 (Not Found) @ http://localhost:3090/api/health:0
[  210814ms] [ERROR] Failed to load resource: the server responded with a status of 404 (Not Found) @ http://localhost:3090/ws:0
[  210814ms] [ERROR] Failed to load resource: the server responded with a status of 404 (Not Found) @ http://localhost:8081/meetings:0
[  210871ms] [ERROR] Failed to load resource: the server responded with a status of 404 (Not Found) @ http://localhost:3090/api/health:0
[  210872ms] [ERROR] Failed to load resource: the server responded with a status of 404 (Not Found) @ http://localhost:3090/ws:0
[  210872ms] [ERROR] Failed to load resource: the server responded with a status of 404 (Not Found) @ http://localhost:8081/meetings:0
[  211007ms] [ERROR] Failed to load resource: the server responded with a status of 404 (Not Found) @ http://localhost:3090/api/health:0
[  211007ms] [ERROR] Failed to load resource: the server responded with a status of 404 (Not Found) @ http://localhost:3090/ws:0
[  211007ms] [ERROR] Failed to load resource: the server responded with a status of 404 (Not Found) @ http://localhost:8081/meetings:0
[  211158ms] [ERROR] Failed to load resource: the server responded with a status of 404 (Not Found) @ http://localhost:3090/api/health:0
[  211158ms] [ERROR] Failed to load resource: the server responded with a status of 404 (Not Found) @ http://localhost:3090/ws:0
[  211159ms] [ERROR] Failed to load resource: the server responded with a status of 404 (Not Found) @ http://localhost:8081/meetings:0
[  211382ms] [ERROR] Failed to load resource: the server responded with a status of 404 (Not Found) @ http://localhost:3090/api/health:0
[  211382ms] [ERROR] Failed to load resource: the server responded with a status of 404 (Not Found) @ http://localhost:3090/ws:0
[  211383ms] [ERROR] Failed to load resource: the server responded with a status of 404 (Not Found) @ http://localhost:8081/meetings:0
[  211581ms] [ERROR] Failed to load resource: the server responded with a status of 404 (Not Found) @ http://localhost:3090/api/health:0
[  211582ms] [ERROR] Failed to load resource: the server responded with a status of 404 (Not Found) @ http://localhost:3090/ws:0
[  211582ms] [ERROR] Failed to load resource: the server responded with a status of 404 (Not Found) @ http://localhost:8081/meetings:0
[  211744ms] [ERROR] Failed to load resource: the server responded with a status of 404 (Not Found) @ http://localhost:3090/api/health:0
[  211745ms] [ERROR] Failed to load resource: the server responded with a status of 404 (Not Found) @ http://localhost:3090/ws:0
[  211745ms] [ERROR] Failed to load resource: the server responded with a status of 404 (Not Found) @ http://localhost:8081/meetings:0
[  211878ms] [ERROR] Failed to load resource: the server responded with a status of 404 (Not Found) @ http://localhost:3090/api/health:0
[  211878ms] [ERROR] Failed to load resource: the server responded with a status of 404 (Not Found) @ http://localhost:3090/ws:0
[  211878ms] [ERROR] Failed to load resource: the server responded with a status of 404 (Not Found) @ http://localhost:8081/meetings:0
[  211909ms] [ERROR] Failed to load resource: the server responded with a status of 404 (Not Found) @ http://localhost:3090/api/health:0
[  211909ms] [ERROR] Failed to load resource: the server responded with a status of 404 (Not Found) @ http://localhost:8081/meetings:0
[  211909ms] [ERROR] Failed to load resource: the server responded with a status of 404 (Not Found) @ http://localhost:3090/ws:0
[  212025ms] [ERROR] Failed to load resource: the server responded with a status of 404 (Not Found) @ http://localhost:3090/api/health:0
[  212025ms] [ERROR] Failed to load resource: the server responded with a status of 404 (Not Found) @ http://localhost:3090/ws:0
[  212025ms] [ERROR] Failed to load resource: the server responded with a status of 404 (Not Found) @ http://localhost:8081/meetings:0
[  212182ms] [ERROR] Failed to load resource: the server responded with a status of 404 (Not Found) @ http://localhost:3090/api/health:0
[  212183ms] [ERROR] Failed to load resource: the server responded with a status of 404 (Not Found) @ http://localhost:3090/ws:0
[  212183ms] [ERROR] Failed to load resource: the server responded with a status of 404 (Not Found) @ http://localhost:8081/meetings:0
[  212317ms] [ERROR] Failed to load resource: the server responded with a status of 404 (Not Found) @ http://localhost:3090/api/health:0
[  212317ms] [ERROR] Failed to load resource: the server responded with a status of 404 (Not Found) @ http://localhost:3090/ws:0
[  212317ms] [ERROR] Failed to load resource: the server responded with a status of 404 (Not Found) @ http://localhost:8081/meetings:0
[  212593ms] [ERROR] Failed to load resource: the server responded with a status of 404 (Not Found) @ http://localhost:3090/api/health:0
[  212593ms] [ERROR] Failed to load resource: the server responded with a status of 404 (Not Found) @ http://localhost:3090/ws:0
[  212594ms] [ERROR] Failed to load resource: the server responded with a status of 404 (Not Found) @ http://localhost:8081/meetings:0
[  212756ms] [ERROR] Failed to load resource: the server responded with a status of 404 (Not Found) @ http://localhost:3090/api/health:0
[  212756ms] [ERROR] Failed to load resource: the server responded with a status of 404 (Not Found) @ http://localhost:3090/ws:0
[  212756ms] [ERROR] Failed to load resource: the server responded with a status of 404 (Not Found) @ http://localhost:8081/meetings:0
[  212834ms] [ERROR] Failed to load resource: the server responded with a status of 404 (Not Found) @ http://localhost:3090/api/health:0
[  212834ms] [ERROR] Failed to load resource: the server responded with a status of 404 (Not Found) @ http://localhost:3090/ws:0
[  212835ms] [ERROR] Failed to load resource: the server responded with a status of 404 (Not Found) @ http://localhost:8081/meetings:0
[  212987ms] [ERROR] Failed to load resource: the server responded with a status of 404 (Not Found) @ http://localhost:3090/api/health:0
[  212987ms] [ERROR] Failed to load resource: the server responded with a status of 404 (Not Found) @ http://localhost:3090/ws:0
[  212987ms] [ERROR] Failed to load resource: the server responded with a status of 404 (Not Found) @ http://localhost:8081/meetings:0
[  213030ms] [ERROR] Failed to load resource: the server responded with a status of 404 (Not Found) @ http://localhost:3090/api/health:0
[  213030ms] [ERROR] Failed to load resource: the server responded with a status of 404 (Not Found) @ http://localhost:3090/ws:0
[  213031ms] [ERROR] Failed to load resource: the server responded with a status of 404 (Not Found) @ http://localhost:8081/meetings:0
[  213133ms] [ERROR] Failed to load resource: the server responded with a status of 404 (Not Found) @ http://localhost:3090/api/health:0
[  213134ms] [ERROR] Failed to load resource: the server responded with a status of 404 (Not Found) @ http://localhost:3090/ws:0
[  213134ms] [ERROR] Failed to load resource: the server responded with a status of 404 (Not Found) @ http://localhost:8081/meetings:0
[  213297ms] [ERROR] Failed to load resource: the server responded with a status of 404 (Not Found) @ http://localhost:3090/api/health:0
[  213298ms] [ERROR] Failed to load resource: the server responded with a status of 404 (Not Found) @ http://localhost:3090/ws:0
[  213298ms] [ERROR] Failed to load resource: the server responded with a status of 404 (Not Found) @ http://localhost:8081/meetings:0
[  213422ms] [ERROR] Failed to load resource: the server responded with a status of 404 (Not Found) @ http://localhost:3090/api/health:0
[  213423ms] [ERROR] Failed to load resource: the server responded with a status of 404 (Not Found) @ http://localhost:3090/ws:0
[  213423ms] [ERROR] Failed to load resource: the server responded with a status of 404 (Not Found) @ http://localhost:8081/meetings:0
[  213686ms] [ERROR] Failed to load resource: the server responded with a status of 404 (Not Found) @ http://localhost:3090/api/health:0
[  213686ms] [ERROR] Failed to load resource: the server responded with a status of 404 (Not Found) @ http://localhost:3090/ws:0
[  213686ms] [ERROR] Failed to load resource: the server responded with a status of 404 (Not Found) @ http://localhost:8081/meetings:0
[  213850ms] [ERROR] Failed to load resource: the server responded with a status of 404 (Not Found) @ http://localhost:3090/api/health:0
[  213850ms] [ERROR] Failed to load resource: the server responded with a status of 404 (Not Found) @ http://localhost:3090/ws:0
[  213850ms] [ERROR] Failed to load resource: the server responded with a status of 404 (Not Found) @ http://localhost:8081/meetings:0
[  213942ms] [ERROR] Failed to load resource: the server responded with a status of 404 (Not Found) @ http://localhost:3090/api/health:0
[  213943ms] [ERROR] Failed to load resource: the server responded with a status of 404 (Not Found) @ http://localhost:3090/ws:0
[  213943ms] [ERROR] Failed to load resource: the server responded with a status of 404 (Not Found) @ http://localhost:8081/meetings:0
[  214103ms] [ERROR] Failed to load resource: the server responded with a status of 404 (Not Found) @ http://localhost:3090/api/health:0
[  214103ms] [ERROR] Failed to load resource: the server responded with a status of 404 (Not Found) @ http://localhost:3090/ws:0
[  214104ms] [ERROR] Failed to load resource: the server responded with a status of 404 (Not Found) @ http://localhost:8081/meetings:0
[  214148ms] [ERROR] Failed to load resource: the server responded with a status of 404 (Not Found) @ http://localhost:3090/api/health:0
[  214148ms] [ERROR] Failed to load resource: the server responded with a status of 404 (Not Found) @ http://localhost:3090/ws:0
[  214157ms] [ERROR] Failed to load resource: the server responded with a status of 404 (Not Found) @ http://localhost:8081/meetings:0
[  214288ms] [ERROR] Failed to load resource: the server responded with a status of 404 (Not Found) @ http://localhost:3090/api/health:0
[  214289ms] [ERROR] Failed to load resource: the server responded with a status of 404 (Not Found) @ http://localhost:3090/ws:0
[  214289ms] [ERROR] Failed to load resource: the server responded with a status of 404 (Not Found) @ http://localhost:8081/meetings:0
[  214401ms] [ERROR] Failed to load resource: the server responded with a status of 404 (Not Found) @ http://localhost:3090/api/health:0
[  214401ms] [ERROR] Failed to load resource: the server responded with a status of 404 (Not Found) @ http://localhost:3090/ws:0
[  214402ms] [ERROR] Failed to load resource: the server responded with a status of 404 (Not Found) @ http://localhost:8081/meetings:0
[  214605ms] [ERROR] Failed to load resource: the server responded with a status of 404 (Not Found) @ http://localhost:3090/api/health:0
[  214606ms] [ERROR] Failed to load resource: the server responded with a status of 404 (Not Found) @ http://localhost:3090/ws:0
[  214606ms] [ERROR] Failed to load resource: the server responded with a status of 404 (Not Found) @ http://localhost:8081/meetings:0
[  214778ms] [ERROR] Failed to load resource: the server responded with a status of 404 (Not Found) @ http://localhost:3090/api/health:0
[  214778ms] [ERROR] Failed to load resource: the server responded with a status of 404 (Not Found) @ http://localhost:3090/ws:0
[  214779ms] [ERROR] Failed to load resource: the server responded with a status of 404 (Not Found) @ http://localhost:8081/meetings:0
[  214941ms] [ERROR] Failed to load resource: the server responded with a status of 404 (Not Found) @ http://localhost:3090/api/health:0
[  214942ms] [ERROR] Failed to load resource: the server responded with a status of 404 (Not Found) @ http://localhost:3090/ws:0
[  214942ms] [ERROR] Failed to load resource: the server responded with a status of 404 (Not Found) @ http://localhost:8081/meetings:0
[  215088ms] [ERROR] Failed to load resource: the server responded with a status of 404 (Not Found) @ http://localhost:3090/api/health:0
[  215089ms] [ERROR] Failed to load resource: the server responded with a status of 404 (Not Found) @ http://localhost:3090/ws:0
[  215089ms] [ERROR] Failed to load resource: the server responded with a status of 404 (Not Found) @ http://localhost:8081/meetings:0
[  215128ms] [ERROR] Failed to load resource: the server responded with a status of 404 (Not Found) @ http://localhost:3090/api/health:0
[  215128ms] [ERROR] Failed to load resource: the server responded with a status of 404 (Not Found) @ http://localhost:3090/ws:0
[  215129ms] [ERROR] Failed to load resource: the server responded with a status of 404 (Not Found) @ http://localhost:8081/meetings:0
[  215240ms] [ERROR] Failed to load resource: the server responded with a status of 404 (Not Found) @ http://localhost:3090/api/health:0
[  215240ms] [ERROR] Failed to load resource: the server responded with a status of 404 (Not Found) @ http://localhost:3090/ws:0
[  215240ms] [ERROR] Failed to load resource: the server responded with a status of 404 (Not Found) @ http://localhost:8081/meetings:0
[  215377ms] [ERROR] Failed to load resource: the server responded with a status of 404 (Not Found) @ http://localhost:3090/api/health:0
[  215377ms] [ERROR] Failed to load resource: the server responded with a status of 404 (Not Found) @ http://localhost:3090/ws:0
[  215377ms] [ERROR] Failed to load resource: the server responded with a status of 404 (Not Found) @ http://localhost:8081/meetings:0
[  215514ms] [ERROR] Failed to load resource: the server responded with a status of 404 (Not Found) @ http://localhost:3090/api/health:0
[  215514ms] [ERROR] Failed to load resource: the server responded with a status of 404 (Not Found) @ http://localhost:3090/ws:0
[  215515ms] [ERROR] Failed to load resource: the server responded with a status of 404 (Not Found) @ http://localhost:8081/meetings:0
[  215752ms] [ERROR] Failed to load resource: the server responded with a status of 404 (Not Found) @ http://localhost:3090/api/health:0
[  215752ms] [ERROR] Failed to load resource: the server responded with a status of 404 (Not Found) @ http://localhost:3090/ws:0
[  215753ms] [ERROR] Failed to load resource: the server responded with a status of 404 (Not Found) @ http://localhost:8081/meetings:0
[  215905ms] [ERROR] Failed to load resource: the server responded with a status of 404 (Not Found) @ http://localhost:3090/api/health:0
[  215906ms] [ERROR] Failed to load resource: the server responded with a status of 404 (Not Found) @ http://localhost:3090/ws:0
[  215906ms] [ERROR] Failed to load resource: the server responded with a status of 404 (Not Found) @ http://localhost:8081/meetings:0
[  215994ms] [ERROR] Failed to load resource: the server responded with a status of 404 (Not Found) @ http://localhost:3090/api/health:0
[  215994ms] [ERROR] Failed to load resource: the server responded with a status of 404 (Not Found) @ http://localhost:3090/ws:0
[  215995ms] [ERROR] Failed to load resource: the server responded with a status of 404 (Not Found) @ http://localhost:8081/meetings:0
[  216139ms] [ERROR] Failed to load resource: the server responded with a status of 404 (Not Found) @ http://localhost:3090/api/health:0
[  216139ms] [ERROR] Failed to load resource: the server responded with a status of 404 (Not Found) @ http://localhost:3090/ws:0
[  216139ms] [ERROR] Failed to load resource: the server responded with a status of 404 (Not Found) @ http://localhost:8081/meetings:0
[  216182ms] [ERROR] Failed to load resource: the server responded with a status of 404 (Not Found) @ http://localhost:3090/api/health:0
[  216183ms] [ERROR] Failed to load resource: the server responded with a status of 404 (Not Found) @ http://localhost:3090/ws:0
[  216183ms] [ERROR] Failed to load resource: the server responded with a status of 404 (Not Found) @ http://localhost:8081/meetings:0
[  216316ms] [ERROR] Failed to load resource: the server responded with a status of 404 (Not Found) @ http://localhost:3090/api/health:0
[  216317ms] [ERROR] Failed to load resource: the server responded with a status of 404 (Not Found) @ http://localhost:3090/ws:0
[  216318ms] [ERROR] Failed to load resource: the server responded with a status of 404 (Not Found) @ http://localhost:8081/meetings:0
[  216774ms] [ERROR] Failed to load resource: the server responded with a status of 404 (Not Found) @ http://localhost:3090/api/health:0
[  216781ms] [ERROR] Failed to load resource: the server responded with a status of 404 (Not Found) @ http://localhost:3090/ws:0
[  216782ms] [ERROR] Failed to load resource: the server responded with a status of 404 (Not Found) @ http://localhost:8081/meetings:0
[  216932ms] [ERROR] Failed to load resource: the server responded with a status of 404 (Not Found) @ http://localhost:3090/api/health:0
[  216932ms] [ERROR] Failed to load resource: the server responded with a status of 404 (Not Found) @ http://localhost:3090/ws:0
[  216933ms] [ERROR] Failed to load resource: the server responded with a status of 404 (Not Found) @ http://localhost:8081/meetings:0
[  217022ms] [ERROR] Failed to load resource: the server responded with a status of 404 (Not Found) @ http://localhost:3090/api/health:0
[  217022ms] [ERROR] Failed to load resource: the server responded with a status of 404 (Not Found) @ http://localhost:3090/ws:0
[  217022ms] [ERROR] Failed to load resource: the server responded with a status of 404 (Not Found) @ http://localhost:8081/meetings:0
[  217158ms] [ERROR] Failed to load resource: the server responded with a status of 404 (Not Found) @ http://localhost:3090/api/health:0
[  217158ms] [ERROR] Failed to load resource: the server responded with a status of 404 (Not Found) @ http://localhost:3090/ws:0
[  217158ms] [ERROR] Failed to load resource: the server responded with a status of 404 (Not Found) @ http://localhost:8081/meetings:0
[  217204ms] [ERROR] Failed to load resource: the server responded with a status of 404 (Not Found) @ http://localhost:3090/api/health:0
[  217204ms] [ERROR] Failed to load resource: the server responded with a status of 404 (Not Found) @ http://localhost:3090/ws:0
[  217205ms] [ERROR] Failed to load resource: the server responded with a status of 404 (Not Found) @ http://localhost:8081/meetings:0
[  217318ms] [ERROR] Failed to load resource: the server responded with a status of 404 (Not Found) @ http://localhost:3090/api/health:0
[  217318ms] [ERROR] Failed to load resource: the server responded with a status of 404 (Not Found) @ http://localhost:3090/ws:0
[  217318ms] [ERROR] Failed to load resource: the server responded with a status of 404 (Not Found) @ http://localhost:8081/meetings:0
[  217466ms] [ERROR] Failed to load resource: the server responded with a status of 404 (Not Found) @ http://localhost:3090/api/health:0
[  217467ms] [ERROR] Failed to load resource: the server responded with a status of 404 (Not Found) @ http://localhost:3090/ws:0
[  217467ms] [ERROR] Failed to load resource: the server responded with a status of 404 (Not Found) @ http://localhost:8081/meetings:0
[  217587ms] [ERROR] Failed to load resource: the server responded with a status of 404 (Not Found) @ http://localhost:3090/api/health:0
[  217588ms] [ERROR] Failed to load resource: the server responded with a status of 404 (Not Found) @ http://localhost:3090/ws:0
[  217588ms] [ERROR] Failed to load resource: the server responded with a status of 404 (Not Found) @ http://localhost:8081/meetings:0
[  217838ms] [ERROR] Failed to load resource: the server responded with a status of 404 (Not Found) @ http://localhost:3090/api/health:0
[  217838ms] [ERROR] Failed to load resource: the server responded with a status of 404 (Not Found) @ http://localhost:3090/ws:0
[  217838ms] [ERROR] Failed to load resource: the server responded with a status of 404 (Not Found) @ http://localhost:8081/meetings:0
[  217996ms] [ERROR] Failed to load resource: the server responded with a status of 404 (Not Found) @ http://localhost:3090/api/health:0
[  217997ms] [ERROR] Failed to load resource: the server responded with a status of 404 (Not Found) @ http://localhost:3090/ws:0
[  217997ms] [ERROR] Failed to load resource: the server responded with a status of 404 (Not Found) @ http://localhost:8081/meetings:0
[  218159ms] [ERROR] Failed to load resource: the server responded with a status of 404 (Not Found) @ http://localhost:3090/api/health:0
[  218159ms] [ERROR] Failed to load resource: the server responded with a status of 404 (Not Found) @ http://localhost:3090/ws:0
[  218159ms] [ERROR] Failed to load resource: the server responded with a status of 404 (Not Found) @ http://localhost:8081/meetings:0
[  218229ms] [ERROR] Failed to load resource: the server responded with a status of 404 (Not Found) @ http://localhost:3090/api/health:0
[  218229ms] [ERROR] Failed to load resource: the server responded with a status of 404 (Not Found) @ http://localhost:3090/ws:0
[  218229ms] [ERROR] Failed to load resource: the server responded with a status of 404 (Not Found) @ http://localhost:8081/meetings:0
[  218284ms] [ERROR] Failed to load resource: the server responded with a status of 404 (Not Found) @ http://localhost:3090/api/health:0
[  218284ms] [ERROR] Failed to load resource: the server responded with a status of 404 (Not Found) @ http://localhost:3090/ws:0
[  218285ms] [ERROR] Failed to load resource: the server responded with a status of 404 (Not Found) @ http://localhost:8081/meetings:0
[  218416ms] [ERROR] Failed to load resource: the server responded with a status of 404 (Not Found) @ http://localhost:3090/api/health:0
[  218417ms] [ERROR] Failed to load resource: the server responded with a status of 404 (Not Found) @ http://localhost:3090/ws:0
[  218417ms] [ERROR] Failed to load resource: the server responded with a status of 404 (Not Found) @ http://localhost:8081/meetings:0
[  218559ms] [ERROR] Failed to load resource: the server responded with a status of 404 (Not Found) @ http://localhost:3090/api/health:0
[  218560ms] [ERROR] Failed to load resource: the server responded with a status of 404 (Not Found) @ http://localhost:3090/ws:0
[  218560ms] [ERROR] Failed to load resource: the server responded with a status of 404 (Not Found) @ http://localhost:8081/meetings:0
[  218740ms] [ERROR] Failed to load resource: the server responded with a status of 404 (Not Found) @ http://localhost:3090/api/health:0
[  218740ms] [ERROR] Failed to load resource: the server responded with a status of 404 (Not Found) @ http://localhost:3090/ws:0
[  218740ms] [ERROR] Failed to load resource: the server responded with a status of 404 (Not Found) @ http://localhost:8081/meetings:0
[  218922ms] [ERROR] Failed to load resource: the server responded with a status of 404 (Not Found) @ http://localhost:3090/api/health:0
[  218922ms] [ERROR] Failed to load resource: the server responded with a status of 404 (Not Found) @ http://localhost:3090/ws:0
[  218922ms] [ERROR] Failed to load resource: the server responded with a status of 404 (Not Found) @ http://localhost:8081/meetings:0
[  219073ms] [ERROR] Failed to load resource: the server responded with a status of 404 (Not Found) @ http://localhost:3090/api/health:0
[  219074ms] [ERROR] Failed to load resource: the server responded with a status of 404 (Not Found) @ http://localhost:3090/ws:0
[  219074ms] [ERROR] Failed to load resource: the server responded with a status of 404 (Not Found) @ http://localhost:8081/meetings:0
[  219208ms] [ERROR] Failed to load resource: the server responded with a status of 404 (Not Found) @ http://localhost:3090/api/health:0
[  219208ms] [ERROR] Failed to load resource: the server responded with a status of 404 (Not Found) @ http://localhost:3090/ws:0
[  219208ms] [ERROR] Failed to load resource: the server responded with a status of 404 (Not Found) @ http://localhost:8081/meetings:0
[  219255ms] [ERROR] Failed to load resource: the server responded with a status of 404 (Not Found) @ http://localhost:3090/api/health:0
[  219255ms] [ERROR] Failed to load resource: the server responded with a status of 404 (Not Found) @ http://localhost:3090/ws:0
[  219255ms] [ERROR] Failed to load resource: the server responded with a status of 404 (Not Found) @ http://localhost:8081/meetings:0
[  219389ms] [ERROR] Failed to load resource: the server responded with a status of 404 (Not Found) @ http://localhost:3090/api/health:0
[  219389ms] [ERROR] Failed to load resource: the server responded with a status of 404 (Not Found) @ http://localhost:3090/ws:0
[  219389ms] [ERROR] Failed to load resource: the server responded with a status of 404 (Not Found) @ http://localhost:8081/meetings:0
[  219518ms] [ERROR] Failed to load resource: the server responded with a status of 404 (Not Found) @ http://localhost:3090/api/health:0
[  219518ms] [ERROR] Failed to load resource: the server responded with a status of 404 (Not Found) @ http://localhost:3090/ws:0
[  219519ms] [ERROR] Failed to load resource: the server responded with a status of 404 (Not Found) @ http://localhost:8081/meetings:0
[  219677ms] [ERROR] Failed to load resource: the server responded with a status of 404 (Not Found) @ http://localhost:3090/api/health:0
[  219677ms] [ERROR] Failed to load resource: the server responded with a status of 404 (Not Found) @ http://localhost:3090/ws:0
[  219677ms] [ERROR] Failed to load resource: the server responded with a status of 404 (Not Found) @ http://localhost:8081/meetings:0
[  219971ms] [ERROR] Failed to load resource: the server responded with a status of 404 (Not Found) @ http://localhost:3090/api/health:0
[  219971ms] [ERROR] Failed to load resource: the server responded with a status of 404 (Not Found) @ http://localhost:3090/ws:0
[  219971ms] [ERROR] Failed to load resource: the server responded with a status of 404 (Not Found) @ http://localhost:8081/meetings:0
[  220135ms] [ERROR] Failed to load resource: the server responded with a status of 404 (Not Found) @ http://localhost:3090/api/health:0
[  220137ms] [ERROR] Failed to load resource: the server responded with a status of 404 (Not Found) @ http://localhost:3090/ws:0
[  220137ms] [ERROR] Failed to load resource: the server responded with a status of 404 (Not Found) @ http://localhost:8081/meetings:0
[  220224ms] [ERROR] Failed to load resource: the server responded with a status of 404 (Not Found) @ http://localhost:3090/api/health:0
[  220224ms] [ERROR] Failed to load resource: the server responded with a status of 404 (Not Found) @ http://localhost:3090/ws:0
[  220224ms] [ERROR] Failed to load resource: the server responded with a status of 404 (Not Found) @ http://localhost:8081/meetings:0
[  220364ms] [ERROR] Failed to load resource: the server responded with a status of 404 (Not Found) @ http://localhost:3090/api/health:0
[  220364ms] [ERROR] Failed to load resource: the server responded with a status of 404 (Not Found) @ http://localhost:3090/ws:0
[  220365ms] [ERROR] Failed to load resource: the server responded with a status of 404 (Not Found) @ http://localhost:8081/meetings:0
[  220411ms] [ERROR] Failed to load resource: the server responded with a status of 404 (Not Found) @ http://localhost:3090/api/health:0
[  220411ms] [ERROR] Failed to load resource: the server responded with a status of 404 (Not Found) @ http://localhost:3090/ws:0
[  220415ms] [ERROR] Failed to load resource: the server responded with a status of 404 (Not Found) @ http://localhost:8081/meetings:0
[  220537ms] [ERROR] Failed to load resource: the server responded with a status of 404 (Not Found) @ http://localhost:3090/api/health:0
[  220538ms] [ERROR] Failed to load resource: the server responded with a status of 404 (Not Found) @ http://localhost:3090/ws:0
[  220538ms] [ERROR] Failed to load resource: the server responded with a status of 404 (Not Found) @ http://localhost:8081/meetings:0
[  220700ms] [ERROR] Failed to load resource: the server responded with a status of 404 (Not Found) @ http://localhost:3090/api/health:0
[  220700ms] [ERROR] Failed to load resource: the server responded with a status of 404 (Not Found) @ http://localhost:3090/ws:0
[  220701ms] [ERROR] Failed to load resource: the server responded with a status of 404 (Not Found) @ http://localhost:8081/meetings:0
[  220951ms] [ERROR] Failed to load resource: the server responded with a status of 404 (Not Found) @ http://localhost:3090/api/health:0
[  220952ms] [ERROR] Failed to load resource: the server responded with a status of 404 (Not Found) @ http://localhost:3090/ws:0
[  220952ms] [ERROR] Failed to load resource: the server responded with a status of 404 (Not Found) @ http://localhost:8081/meetings:0
[  221113ms] [ERROR] Failed to load resource: the server responded with a status of 404 (Not Found) @ http://localhost:3090/api/health:0
[  221113ms] [ERROR] Failed to load resource: the server responded with a status of 404 (Not Found) @ http://localhost:3090/ws:0
[  221113ms] [ERROR] Failed to load resource: the server responded with a status of 404 (Not Found) @ http://localhost:8081/meetings:0
[  221269ms] [ERROR] Failed to load resource: the server responded with a status of 404 (Not Found) @ http://localhost:3090/api/health:0
[  221269ms] [ERROR] Failed to load resource: the server responded with a status of 404 (Not Found) @ http://localhost:3090/ws:0
[  221269ms] [ERROR] Failed to load resource: the server responded with a status of 404 (Not Found) @ http://localhost:8081/meetings:0
[  221357ms] [ERROR] Failed to load resource: the server responded with a status of 404 (Not Found) @ http://localhost:3090/api/health:0
[  221357ms] [ERROR] Failed to load resource: the server responded with a status of 404 (Not Found) @ http://localhost:3090/ws:0
[  221357ms] [ERROR] Failed to load resource: the server responded with a status of 404 (Not Found) @ http://localhost:8081/meetings:0
[  221407ms] [ERROR] Failed to load resource: the server responded with a status of 404 (Not Found) @ http://localhost:3090/api/health:0
[  221407ms] [ERROR] Failed to load resource: the server responded with a status of 404 (Not Found) @ http://localhost:3090/ws:0
[  221408ms] [ERROR] Failed to load resource: the server responded with a status of 404 (Not Found) @ http://localhost:8081/meetings:0
[  221564ms] [ERROR] Failed to load resource: the server responded with a status of 404 (Not Found) @ http://localhost:3090/api/health:0
[  221564ms] [ERROR] Failed to load resource: the server responded with a status of 404 (Not Found) @ http://localhost:3090/ws:0
[  221565ms] [ERROR] Failed to load resource: the server responded with a status of 404 (Not Found) @ http://localhost:8081/meetings:0
[  221694ms] [ERROR] Failed to load resource: the server responded with a status of 404 (Not Found) @ http://localhost:3090/api/health:0
[  221694ms] [ERROR] Failed to load resource: the server responded with a status of 404 (Not Found) @ http://localhost:3090/ws:0
[  221695ms] [ERROR] Failed to load resource: the server responded with a status of 404 (Not Found) @ http://localhost:8081/meetings:0
[  221897ms] [ERROR] Failed to load resource: the server responded with a status of 404 (Not Found) @ http://localhost:3090/api/health:0
[  221898ms] [ERROR] Failed to load resource: the server responded with a status of 404 (Not Found) @ http://localhost:3090/ws:0
[  221898ms] [ERROR] Failed to load resource: the server responded with a status of 404 (Not Found) @ http://localhost:8081/meetings:0
[  222061ms] [ERROR] Failed to load resource: the server responded with a status of 404 (Not Found) @ http://localhost:3090/api/health:0
[  222062ms] [ERROR] Failed to load resource: the server responded with a status of 404 (Not Found) @ http://localhost:3090/ws:0
[  222062ms] [ERROR] Failed to load resource: the server responded with a status of 404 (Not Found) @ http://localhost:8081/meetings:0
[  222212ms] [ERROR] Failed to load resource: the server responded with a status of 404 (Not Found) @ http://localhost:3090/api/health:0
[  222212ms] [ERROR] Failed to load resource: the server responded with a status of 404 (Not Found) @ http://localhost:3090/ws:0
[  222213ms] [ERROR] Failed to load resource: the server responded with a status of 404 (Not Found) @ http://localhost:8081/meetings:0
[  222352ms] [ERROR] Failed to load resource: the server responded with a status of 404 (Not Found) @ http://localhost:3090/api/health:0
[  222353ms] [ERROR] Failed to load resource: the server responded with a status of 404 (Not Found) @ http://localhost:8081/meetings:0
[  222353ms] [ERROR] Failed to load resource: the server responded with a status of 404 (Not Found) @ http://localhost:3090/ws:0
[  222400ms] [ERROR] Failed to load resource: the server responded with a status of 404 (Not Found) @ http://localhost:3090/api/health:0
[  222400ms] [ERROR] Failed to load resource: the server responded with a status of 404 (Not Found) @ http://localhost:3090/ws:0
[  222401ms] [ERROR] Failed to load resource: the server responded with a status of 404 (Not Found) @ http://localhost:8081/meetings:0
[  222510ms] [ERROR] Failed to load resource: the server responded with a status of 404 (Not Found) @ http://localhost:3090/api/health:0
[  222511ms] [ERROR] Failed to load resource: the server responded with a status of 404 (Not Found) @ http://localhost:3090/ws:0
[  222511ms] [ERROR] Failed to load resource: the server responded with a status of 404 (Not Found) @ http://localhost:8081/meetings:0
[  222661ms] [ERROR] Failed to load resource: the server responded with a status of 404 (Not Found) @ http://localhost:3090/api/health:0
[  222662ms] [ERROR] Failed to load resource: the server responded with a status of 404 (Not Found) @ http://localhost:3090/ws:0
[  222662ms] [ERROR] Failed to load resource: the server responded with a status of 404 (Not Found) @ http://localhost:8081/meetings:0
[  222824ms] [ERROR] Failed to load resource: the server responded with a status of 404 (Not Found) @ http://localhost:3090/api/health:0
[  222825ms] [ERROR] Failed to load resource: the server responded with a status of 404 (Not Found) @ http://localhost:3090/ws:0
[  222825ms] [ERROR] Failed to load resource: the server responded with a status of 404 (Not Found) @ http://localhost:8081/meetings:0
[  223078ms] [ERROR] Failed to load resource: the server responded with a status of 404 (Not Found) @ http://localhost:3090/api/health:0
[  223078ms] [ERROR] Failed to load resource: the server responded with a status of 404 (Not Found) @ http://localhost:3090/ws:0
[  223079ms] [ERROR] Failed to load resource: the server responded with a status of 404 (Not Found) @ http://localhost:8081/meetings:0
[  223234ms] [ERROR] Failed to load resource: the server responded with a status of 404 (Not Found) @ http://localhost:3090/api/health:0
[  223234ms] [ERROR] Failed to load resource: the server responded with a status of 404 (Not Found) @ http://localhost:3090/ws:0
[  223234ms] [ERROR] Failed to load resource: the server responded with a status of 404 (Not Found) @ http://localhost:8081/meetings:0
[  223386ms] [ERROR] Failed to load resource: the server responded with a status of 404 (Not Found) @ http://localhost:3090/api/health:0
[  223386ms] [ERROR] Failed to load resource: the server responded with a status of 404 (Not Found) @ http://localhost:3090/ws:0
[  223387ms] [ERROR] Failed to load resource: the server responded with a status of 404 (Not Found) @ http://localhost:8081/meetings:0
[  223475ms] [ERROR] Failed to load resource: the server responded with a status of 404 (Not Found) @ http://localhost:3090/api/health:0
[  223475ms] [ERROR] Failed to load resource: the server responded with a status of 404 (Not Found) @ http://localhost:3090/ws:0
[  223490ms] [ERROR] Failed to load resource: the server responded with a status of 404 (Not Found) @ http://localhost:8081/meetings:0
[  223525ms] [ERROR] Failed to load resource: the server responded with a status of 404 (Not Found) @ http://localhost:3090/api/health:0
[  223525ms] [ERROR] Failed to load resource: the server responded with a status of 404 (Not Found) @ http://localhost:3090/ws:0
[  223526ms] [ERROR] Failed to load resource: the server responded with a status of 404 (Not Found) @ http://localhost:8081/meetings:0
[  223657ms] [ERROR] Failed to load resource: the server responded with a status of 404 (Not Found) @ http://localhost:3090/api/health:0
[  223657ms] [ERROR] Failed to load resource: the server responded with a status of 404 (Not Found) @ http://localhost:3090/ws:0
[  223657ms] [ERROR] Failed to load resource: the server responded with a status of 404 (Not Found) @ http://localhost:8081/meetings:0
[  223795ms] [ERROR] Failed to load resource: the server responded with a status of 404 (Not Found) @ http://localhost:3090/api/health:0
[  223795ms] [ERROR] Failed to load resource: the server responded with a status of 404 (Not Found) @ http://localhost:3090/ws:0
[  223795ms] [ERROR] Failed to load resource: the server responded with a status of 404 (Not Found) @ http://localhost:8081/meetings:0
[  224006ms] [ERROR] Failed to load resource: the server responded with a status of 404 (Not Found) @ http://localhost:3090/api/health:0
[  224006ms] [ERROR] Failed to load resource: the server responded with a status of 404 (Not Found) @ http://localhost:3090/ws:0
[  224007ms] [ERROR] Failed to load resource: the server responded with a status of 404 (Not Found) @ http://localhost:8081/meetings:0
[  224185ms] [ERROR] Failed to load resource: the server responded with a status of 404 (Not Found) @ http://localhost:3090/api/health:0
[  224185ms] [ERROR] Failed to load resource: the server responded with a status of 404 (Not Found) @ http://localhost:3090/ws:0
[  224185ms] [ERROR] Failed to load resource: the server responded with a status of 404 (Not Found) @ http://localhost:8081/meetings:0
[  224333ms] [ERROR] Failed to load resource: the server responded with a status of 404 (Not Found) @ http://localhost:3090/api/health:0
[  224333ms] [ERROR] Failed to load resource: the server responded with a status of 404 (Not Found) @ http://localhost:3090/ws:0
[  224334ms] [ERROR] Failed to load resource: the server responded with a status of 404 (Not Found) @ http://localhost:8081/meetings:0
[  224468ms] [ERROR] Failed to load resource: the server responded with a status of 404 (Not Found) @ http://localhost:3090/api/health:0
[  224468ms] [ERROR] Failed to load resource: the server responded with a status of 404 (Not Found) @ http://localhost:3090/ws:0
[  224469ms] [ERROR] Failed to load resource: the server responded with a status of 404 (Not Found) @ http://localhost:8081/meetings:0
[  224510ms] [ERROR] Failed to load resource: the server responded with a status of 404 (Not Found) @ http://localhost:3090/api/health:0
[  224510ms] [ERROR] Failed to load resource: the server responded with a status of 404 (Not Found) @ http://localhost:3090/ws:0
[  224514ms] [ERROR] Failed to load resource: the server responded with a status of 404 (Not Found) @ http://localhost:8081/meetings:0
[  224607ms] [ERROR] Failed to load resource: the server responded with a status of 404 (Not Found) @ http://localhost:3090/api/health:0
[  224607ms] [ERROR] Failed to load resource: the server responded with a status of 404 (Not Found) @ http://localhost:3090/ws:0
[  224614ms] [ERROR] Failed to load resource: the server responded with a status of 404 (Not Found) @ http://localhost:8081/meetings:0
[  224752ms] [ERROR] Failed to load resource: the server responded with a status of 404 (Not Found) @ http://localhost:3090/api/health:0
[  224752ms] [ERROR] Failed to load resource: the server responded with a status of 404 (Not Found) @ http://localhost:3090/ws:0
[  224752ms] [ERROR] Failed to load resource: the server responded with a status of 404 (Not Found) @ http://localhost:8081/meetings:0
[  224886ms] [ERROR] Failed to load resource: the server responded with a status of 404 (Not Found) @ http://localhost:3090/api/health:0
[  224886ms] [ERROR] Failed to load resource: the server responded with a status of 404 (Not Found) @ http://localhost:3090/ws:0
[  224886ms] [ERROR] Failed to load resource: the server responded with a status of 404 (Not Found) @ http://localhost:8081/meetings:0
[  225182ms] [ERROR] Failed to load resource: the server responded with a status of 404 (Not Found) @ http://localhost:3090/api/health:0
[  225182ms] [ERROR] Failed to load resource: the server responded with a status of 404 (Not Found) @ http://localhost:3090/ws:0
[  225183ms] [ERROR] Failed to load resource: the server responded with a status of 404 (Not Found) @ http://localhost:8081/meetings:0
[  225336ms] [ERROR] Failed to load resource: the server responded with a status of 404 (Not Found) @ http://localhost:3090/api/health:0
[  225336ms] [ERROR] Failed to load resource: the server responded with a status of 404 (Not Found) @ http://localhost:3090/ws:0
[  225337ms] [ERROR] Failed to load resource: the server responded with a status of 404 (Not Found) @ http://localhost:8081/meetings:0
[  225486ms] [ERROR] Failed to load resource: the server responded with a status of 404 (Not Found) @ http://localhost:3090/api/health:0
[  225487ms] [ERROR] Failed to load resource: the server responded with a status of 404 (Not Found) @ http://localhost:3090/ws:0
[  225487ms] [ERROR] Failed to load resource: the server responded with a status of 404 (Not Found) @ http://localhost:8081/meetings:0
[  225569ms] [ERROR] Failed to load resource: the server responded with a status of 404 (Not Found) @ http://localhost:3090/api/health:0
[  225569ms] [ERROR] Failed to load resource: the server responded with a status of 404 (Not Found) @ http://localhost:3090/ws:0
[  225570ms] [ERROR] Failed to load resource: the server responded with a status of 404 (Not Found) @ http://localhost:8081/meetings:0
[  225625ms] [ERROR] Failed to load resource: the server responded with a status of 404 (Not Found) @ http://localhost:3090/api/health:0
[  225625ms] [ERROR] Failed to load resource: the server responded with a status of 404 (Not Found) @ http://localhost:3090/ws:0
[  225626ms] [ERROR] Failed to load resource: the server responded with a status of 404 (Not Found) @ http://localhost:8081/meetings:0
[  225759ms] [ERROR] Failed to load resource: the server responded with a status of 404 (Not Found) @ http://localhost:3090/api/health:0
[  225759ms] [ERROR] Failed to load resource: the server responded with a status of 404 (Not Found) @ http://localhost:3090/ws:0
[  225759ms] [ERROR] Failed to load resource: the server responded with a status of 404 (Not Found) @ http://localhost:8081/meetings:0
[  225901ms] [ERROR] Failed to load resource: the server responded with a status of 404 (Not Found) @ http://localhost:3090/api/health:0
[  225914ms] [ERROR] Failed to load resource: the server responded with a status of 404 (Not Found) @ http://localhost:3090/ws:0
[  225914ms] [ERROR] Failed to load resource: the server responded with a status of 404 (Not Found) @ http://localhost:8081/meetings:0
[  226161ms] [ERROR] Failed to load resource: the server responded with a status of 404 (Not Found) @ http://localhost:3090/api/health:0
[  226162ms] [ERROR] Failed to load resource: the server responded with a status of 404 (Not Found) @ http://localhost:3090/ws:0
[  226163ms] [ERROR] Failed to load resource: the server responded with a status of 404 (Not Found) @ http://localhost:8081/meetings:0
[  226311ms] [ERROR] Failed to load resource: the server responded with a status of 404 (Not Found) @ http://localhost:3090/api/health:0
[  226311ms] [ERROR] Failed to load resource: the server responded with a status of 404 (Not Found) @ http://localhost:3090/ws:0
[  226312ms] [ERROR] Failed to load resource: the server responded with a status of 404 (Not Found) @ http://localhost:8081/meetings:0
[  226471ms] [ERROR] Failed to load resource: the server responded with a status of 404 (Not Found) @ http://localhost:3090/api/health:0
[  226471ms] [ERROR] Failed to load resource: the server responded with a status of 404 (Not Found) @ http://localhost:3090/ws:0
[  226471ms] [ERROR] Failed to load resource: the server responded with a status of 404 (Not Found) @ http://localhost:8081/meetings:0
[  226537ms] [ERROR] Failed to load resource: the server responded with a status of 404 (Not Found) @ http://localhost:3090/api/health:0
[  226537ms] [ERROR] Failed to load resource: the server responded with a status of 404 (Not Found) @ http://localhost:3090/ws:0
[  226538ms] [ERROR] Failed to load resource: the server responded with a status of 404 (Not Found) @ http://localhost:8081/meetings:0
[  226589ms] [ERROR] Failed to load resource: the server responded with a status of 404 (Not Found) @ http://localhost:3090/api/health:0
[  226589ms] [ERROR] Failed to load resource: the server responded with a status of 404 (Not Found) @ http://localhost:3090/ws:0
[  226590ms] [ERROR] Failed to load resource: the server responded with a status of 404 (Not Found) @ http://localhost:8081/meetings:0
[  226722ms] [ERROR] Failed to load resource: the server responded with a status of 404 (Not Found) @ http://localhost:3090/api/health:0
[  226722ms] [ERROR] Failed to load resource: the server responded with a status of 404 (Not Found) @ http://localhost:3090/ws:0
[  226723ms] [ERROR] Failed to load resource: the server responded with a status of 404 (Not Found) @ http://localhost:8081/meetings:0
[  226876ms] [ERROR] Failed to load resource: the server responded with a status of 404 (Not Found) @ http://localhost:3090/api/health:0
[  226877ms] [ERROR] Failed to load resource: the server responded with a status of 404 (Not Found) @ http://localhost:3090/ws:0
[  226877ms] [ERROR] Failed to load resource: the server responded with a status of 404 (Not Found) @ http://localhost:8081/meetings:0
[  227069ms] [ERROR] Failed to load resource: the server responded with a status of 404 (Not Found) @ http://localhost:3090/api/health:0
[  227069ms] [ERROR] Failed to load resource: the server responded with a status of 404 (Not Found) @ http://localhost:3090/ws:0
[  227070ms] [ERROR] Failed to load resource: the server responded with a status of 404 (Not Found) @ http://localhost:8081/meetings:0
[  227242ms] [ERROR] Failed to load resource: the server responded with a status of 404 (Not Found) @ http://localhost:3090/api/health:0
[  227242ms] [ERROR] Failed to load resource: the server responded with a status of 404 (Not Found) @ http://localhost:3090/ws:0
[  227243ms] [ERROR] Failed to load resource: the server responded with a status of 404 (Not Found) @ http://localhost:8081/meetings:0
[  227395ms] [ERROR] Failed to load resource: the server responded with a status of 404 (Not Found) @ http://localhost:3090/api/health:0
[  227396ms] [ERROR] Failed to load resource: the server responded with a status of 404 (Not Found) @ http://localhost:3090/ws:0
[  227396ms] [ERROR] Failed to load resource: the server responded with a status of 404 (Not Found) @ http://localhost:8081/meetings:0
[  227530ms] [ERROR] Failed to load resource: the server responded with a status of 404 (Not Found) @ http://localhost:3090/api/health:0
[  227532ms] [ERROR] Failed to load resource: the server responded with a status of 404 (Not Found) @ http://localhost:3090/ws:0
[  227532ms] [ERROR] Failed to load resource: the server responded with a status of 404 (Not Found) @ http://localhost:8081/meetings:0
[  227587ms] [ERROR] Failed to load resource: the server responded with a status of 404 (Not Found) @ http://localhost:3090/api/health:0
[  227587ms] [ERROR] Failed to load resource: the server responded with a status of 404 (Not Found) @ http://localhost:3090/ws:0
[  227588ms] [ERROR] Failed to load resource: the server responded with a status of 404 (Not Found) @ http://localhost:8081/meetings:0
[  227676ms] [ERROR] Failed to load resource: the server responded with a status of 404 (Not Found) @ http://localhost:3090/api/health:0
[  227676ms] [ERROR] Failed to load resource: the server responded with a status of 404 (Not Found) @ http://localhost:3090/ws:0
[  227677ms] [ERROR] Failed to load resource: the server responded with a status of 404 (Not Found) @ http://localhost:8081/meetings:0
[  227840ms] [ERROR] Failed to load resource: the server responded with a status of 404 (Not Found) @ http://localhost:3090/api/health:0
[  227840ms] [ERROR] Failed to load resource: the server responded with a status of 404 (Not Found) @ http://localhost:3090/ws:0
[  227840ms] [ERROR] Failed to load resource: the server responded with a status of 404 (Not Found) @ http://localhost:8081/meetings:0
[  227967ms] [ERROR] Failed to load resource: the server responded with a status of 404 (Not Found) @ http://localhost:3090/api/health:0
[  227967ms] [ERROR] Failed to load resource: the server responded with a status of 404 (Not Found) @ http://localhost:3090/ws:0
[  227967ms] [ERROR] Failed to load resource: the server responded with a status of 404 (Not Found) @ http://localhost:8081/meetings:0
[  228231ms] [ERROR] Failed to load resource: the server responded with a status of 404 (Not Found) @ http://localhost:3090/api/health:0
[  228231ms] [ERROR] Failed to load resource: the server responded with a status of 404 (Not Found) @ http://localhost:3090/ws:0
[  228231ms] [ERROR] Failed to load resource: the server responded with a status of 404 (Not Found) @ http://localhost:8081/meetings:0
[  228381ms] [ERROR] Failed to load resource: the server responded with a status of 404 (Not Found) @ http://localhost:3090/api/health:0
[  228381ms] [ERROR] Failed to load resource: the server responded with a status of 404 (Not Found) @ http://localhost:3090/ws:0
[  228382ms] [ERROR] Failed to load resource: the server responded with a status of 404 (Not Found) @ http://localhost:8081/meetings:0
[  228535ms] [ERROR] Failed to load resource: the server responded with a status of 404 (Not Found) @ http://localhost:3090/api/health:0
[  228535ms] [ERROR] Failed to load resource: the server responded with a status of 404 (Not Found) @ http://localhost:3090/ws:0
[  228536ms] [ERROR] Failed to load resource: the server responded with a status of 404 (Not Found) @ http://localhost:8081/meetings:0
[  228617ms] [ERROR] Failed to load resource: the server responded with a status of 404 (Not Found) @ http://localhost:3090/api/health:0
[  228617ms] [ERROR] Failed to load resource: the server responded with a status of 404 (Not Found) @ http://localhost:3090/ws:0
[  228618ms] [ERROR] Failed to load resource: the server responded with a status of 404 (Not Found) @ http://localhost:8081/meetings:0
[  228659ms] [ERROR] Failed to load resource: the server responded with a status of 404 (Not Found) @ http://localhost:3090/api/health:0
[  228660ms] [ERROR] Failed to load resource: the server responded with a status of 404 (Not Found) @ http://localhost:3090/ws:0
[  228663ms] [ERROR] Failed to load resource: the server responded with a status of 404 (Not Found) @ http://localhost:8081/meetings:0
[  228780ms] [ERROR] Failed to load resource: the server responded with a status of 404 (Not Found) @ http://localhost:3090/api/health:0
[  228780ms] [ERROR] Failed to load resource: the server responded with a status of 404 (Not Found) @ http://localhost:3090/ws:0
[  228780ms] [ERROR] Failed to load resource: the server responded with a status of 404 (Not Found) @ http://localhost:8081/meetings:0
[  228920ms] [ERROR] Failed to load resource: the server responded with a status of 404 (Not Found) @ http://localhost:3090/api/health:0
[  228921ms] [ERROR] Failed to load resource: the server responded with a status of 404 (Not Found) @ http://localhost:3090/ws:0
[  228921ms] [ERROR] Failed to load resource: the server responded with a status of 404 (Not Found) @ http://localhost:8081/meetings:0
[  229052ms] [ERROR] Failed to load resource: the server responded with a status of 404 (Not Found) @ http://localhost:3090/api/health:0
[  229052ms] [ERROR] Failed to load resource: the server responded with a status of 404 (Not Found) @ http://localhost:3090/ws:0
[  229052ms] [ERROR] Failed to load resource: the server responded with a status of 404 (Not Found) @ http://localhost:8081/meetings:0
[  229297ms] [ERROR] Failed to load resource: the server responded with a status of 404 (Not Found) @ http://localhost:3090/api/health:0
[  229298ms] [ERROR] Failed to load resource: the server responded with a status of 404 (Not Found) @ http://localhost:3090/ws:0
[  229298ms] [ERROR] Failed to load resource: the server responded with a status of 404 (Not Found) @ http://localhost:8081/meetings:0
[  229444ms] [ERROR] Failed to load resource: the server responded with a status of 404 (Not Found) @ http://localhost:3090/api/health:0
[  229444ms] [ERROR] Failed to load resource: the server responded with a status of 404 (Not Found) @ http://localhost:8081/meetings:0
[  229444ms] [ERROR] Failed to load resource: the server responded with a status of 404 (Not Found) @ http://localhost:3090/ws:0
[  229591ms] [ERROR] Failed to load resource: the server responded with a status of 404 (Not Found) @ http://localhost:3090/api/health:0
[  229591ms] [ERROR] Failed to load resource: the server responded with a status of 404 (Not Found) @ http://localhost:3090/ws:0
[  229591ms] [ERROR] Failed to load resource: the server responded with a status of 404 (Not Found) @ http://localhost:8081/meetings:0
[  229656ms] [ERROR] Failed to load resource: the server responded with a status of 404 (Not Found) @ http://localhost:3090/api/health:0
[  229656ms] [ERROR] Failed to load resource: the server responded with a status of 404 (Not Found) @ http://localhost:3090/ws:0
[  229656ms] [ERROR] Failed to load resource: the server responded with a status of 404 (Not Found) @ http://localhost:8081/meetings:0
[  229741ms] [ERROR] Failed to load resource: the server responded with a status of 404 (Not Found) @ http://localhost:3090/api/health:0
[  229742ms] [ERROR] Failed to load resource: the server responded with a status of 404 (Not Found) @ http://localhost:3090/ws:0
[  229742ms] [ERROR] Failed to load resource: the server responded with a status of 404 (Not Found) @ http://localhost:8081/meetings:0
[  229858ms] [ERROR] Failed to load resource: the server responded with a status of 404 (Not Found) @ http://localhost:3090/api/health:0
[  229862ms] [ERROR] Failed to load resource: the server responded with a status of 404 (Not Found) @ http://localhost:3090/ws:0
[  229862ms] [ERROR] Failed to load resource: the server responded with a status of 404 (Not Found) @ http://localhost:8081/meetings:0
[  229982ms] [ERROR] Failed to load resource: the server responded with a status of 404 (Not Found) @ http://localhost:3090/api/health:0
[  229982ms] [ERROR] Failed to load resource: the server responded with a status of 404 (Not Found) @ http://localhost:3090/ws:0
[  229982ms] [ERROR] Failed to load resource: the server responded with a status of 404 (Not Found) @ http://localhost:8081/meetings:0
[  230146ms] [ERROR] Failed to load resource: the server responded with a status of 404 (Not Found) @ http://localhost:3090/api/health:0
[  230146ms] [ERROR] Failed to load resource: the server responded with a status of 404 (Not Found) @ http://localhost:3090/ws:0
[  230146ms] [ERROR] Failed to load resource: the server responded with a status of 404 (Not Found) @ http://localhost:8081/meetings:0
[  230384ms] [ERROR] Failed to load resource: the server responded with a status of 404 (Not Found) @ http://localhost:3090/api/health:0
[  230385ms] [ERROR] Failed to load resource: the server responded with a status of 404 (Not Found) @ http://localhost:3090/ws:0
[  230385ms] [ERROR] Failed to load resource: the server responded with a status of 404 (Not Found) @ http://localhost:8081/meetings:0
[  230529ms] [ERROR] Failed to load resource: the server responded with a status of 404 (Not Found) @ http://localhost:3090/api/health:0
[  230529ms] [ERROR] Failed to load resource: the server responded with a status of 404 (Not Found) @ http://localhost:3090/ws:0
[  230529ms] [ERROR] Failed to load resource: the server responded with a status of 404 (Not Found) @ http://localhost:8081/meetings:0
[  230682ms] [ERROR] Failed to load resource: the server responded with a status of 404 (Not Found) @ http://localhost:3090/api/health:0
[  230682ms] [ERROR] Failed to load resource: the server responded with a status of 404 (Not Found) @ http://localhost:3090/ws:0
[  230682ms] [ERROR] Failed to load resource: the server responded with a status of 404 (Not Found) @ http://localhost:8081/meetings:0
[  230757ms] [ERROR] Failed to load resource: the server responded with a status of 404 (Not Found) @ http://localhost:3090/api/health:0
[  230761ms] [ERROR] Failed to load resource: the server responded with a status of 404 (Not Found) @ http://localhost:3090/ws:0
[  230761ms] [ERROR] Failed to load resource: the server responded with a status of 404 (Not Found) @ http://localhost:8081/meetings:0
[  230814ms] [ERROR] Failed to load resource: the server responded with a status of 404 (Not Found) @ http://localhost:3090/api/health:0
[  230815ms] [ERROR] Failed to load resource: the server responded with a status of 404 (Not Found) @ http://localhost:3090/ws:0
[  230815ms] [ERROR] Failed to load resource: the server responded with a status of 404 (Not Found) @ http://localhost:8081/meetings:0
[  230932ms] [ERROR] Failed to load resource: the server responded with a status of 404 (Not Found) @ http://localhost:3090/api/health:0
[  230932ms] [ERROR] Failed to load resource: the server responded with a status of 404 (Not Found) @ http://localhost:3090/ws:0
[  230932ms] [ERROR] Failed to load resource: the server responded with a status of 404 (Not Found) @ http://localhost:8081/meetings:0
[  231073ms] [ERROR] Failed to load resource: the server responded with a status of 404 (Not Found) @ http://localhost:3090/api/health:0
[  231073ms] [ERROR] Failed to load resource: the server responded with a status of 404 (Not Found) @ http://localhost:3090/ws:0
[  231074ms] [ERROR] Failed to load resource: the server responded with a status of 404 (Not Found) @ http://localhost:8081/meetings:0
[  231206ms] [ERROR] Failed to load resource: the server responded with a status of 404 (Not Found) @ http://localhost:3090/api/health:0
[  231206ms] [ERROR] Failed to load resource: the server responded with a status of 404 (Not Found) @ http://localhost:3090/ws:0
[  231207ms] [ERROR] Failed to load resource: the server responded with a status of 404 (Not Found) @ http://localhost:8081/meetings:0
[  231454ms] [ERROR] Failed to load resource: the server responded with a status of 404 (Not Found) @ http://localhost:8081/meetings:0
[  231454ms] [ERROR] Failed to load resource: the server responded with a status of 404 (Not Found) @ http://localhost:3090/api/health:0
[  231454ms] [ERROR] Failed to load resource: the server responded with a status of 404 (Not Found) @ http://localhost:3090/ws:0
[  231600ms] [ERROR] Failed to load resource: the server responded with a status of 404 (Not Found) @ http://localhost:3090/api/health:0
[  231600ms] [ERROR] Failed to load resource: the server responded with a status of 404 (Not Found) @ http://localhost:3090/ws:0
[  231600ms] [ERROR] Failed to load resource: the server responded with a status of 404 (Not Found) @ http://localhost:8081/meetings:0
[  231742ms] [ERROR] Failed to load resource: the server responded with a status of 404 (Not Found) @ http://localhost:3090/api/health:0
[  231742ms] [ERROR] Failed to load resource: the server responded with a status of 404 (Not Found) @ http://localhost:3090/ws:0
[  231742ms] [ERROR] Failed to load resource: the server responded with a status of 404 (Not Found) @ http://localhost:8081/meetings:0
[  231813ms] [ERROR] Failed to load resource: the server responded with a status of 404 (Not Found) @ http://localhost:3090/api/health:0
[  231813ms] [ERROR] Failed to load resource: the server responded with a status of 404 (Not Found) @ http://localhost:3090/ws:0
[  231817ms] [ERROR] Failed to load resource: the server responded with a status of 404 (Not Found) @ http://localhost:8081/meetings:0
[  231867ms] [ERROR] Failed to load resource: the server responded with a status of 404 (Not Found) @ http://localhost:3090/api/health:0
[  231867ms] [ERROR] Failed to load resource: the server responded with a status of 404 (Not Found) @ http://localhost:3090/ws:0
[  231867ms] [ERROR] Failed to load resource: the server responded with a status of 404 (Not Found) @ http://localhost:8081/meetings:0
[  232029ms] [ERROR] Failed to load resource: the server responded with a status of 404 (Not Found) @ http://localhost:3090/api/health:0
[  232029ms] [ERROR] Failed to load resource: the server responded with a status of 404 (Not Found) @ http://localhost:3090/ws:0
[  232029ms] [ERROR] Failed to load resource: the server responded with a status of 404 (Not Found) @ http://localhost:8081/meetings:0
[  232155ms] [ERROR] Failed to load resource: the server responded with a status of 404 (Not Found) @ http://localhost:3090/api/health:0
[  232155ms] [ERROR] Failed to load resource: the server responded with a status of 404 (Not Found) @ http://localhost:3090/ws:0
[  232156ms] [ERROR] Failed to load resource: the server responded with a status of 404 (Not Found) @ http://localhost:8081/meetings:0
[  232366ms] [ERROR] Failed to load resource: the server responded with a status of 404 (Not Found) @ http://localhost:3090/api/health:0
[  232366ms] [ERROR] Failed to load resource: the server responded with a status of 404 (Not Found) @ http://localhost:3090/ws:0
[  232367ms] [ERROR] Failed to load resource: the server responded with a status of 404 (Not Found) @ http://localhost:8081/meetings:0
[  232533ms] [ERROR] Failed to load resource: the server responded with a status of 404 (Not Found) @ http://localhost:3090/api/health:0
[  232533ms] [ERROR] Failed to load resource: the server responded with a status of 404 (Not Found) @ http://localhost:3090/ws:0
[  232534ms] [ERROR] Failed to load resource: the server responded with a status of 404 (Not Found) @ http://localhost:8081/meetings:0
[  232692ms] [ERROR] Failed to load resource: the server responded with a status of 404 (Not Found) @ http://localhost:3090/api/health:0
[  232693ms] [ERROR] Failed to load resource: the server responded with a status of 404 (Not Found) @ http://localhost:3090/ws:0
[  232693ms] [ERROR] Failed to load resource: the server responded with a status of 404 (Not Found) @ http://localhost:8081/meetings:0
[  232833ms] [ERROR] Failed to load resource: the server responded with a status of 404 (Not Found) @ http://localhost:3090/api/health:0
[  232833ms] [ERROR] Failed to load resource: the server responded with a status of 404 (Not Found) @ http://localhost:3090/ws:0
[  232833ms] [ERROR] Failed to load resource: the server responded with a status of 404 (Not Found) @ http://localhost:8081/meetings:0
[  232866ms] [ERROR] Failed to load resource: the server responded with a status of 404 (Not Found) @ http://localhost:3090/api/health:0
[  232866ms] [ERROR] Failed to load resource: the server responded with a status of 404 (Not Found) @ http://localhost:3090/ws:0
[  232867ms] [ERROR] Failed to load resource: the server responded with a status of 404 (Not Found) @ http://localhost:8081/meetings:0
[  232982ms] [ERROR] Failed to load resource: the server responded with a status of 404 (Not Found) @ http://localhost:3090/api/health:0
[  232982ms] [ERROR] Failed to load resource: the server responded with a status of 404 (Not Found) @ http://localhost:3090/ws:0
[  232983ms] [ERROR] Failed to load resource: the server responded with a status of 404 (Not Found) @ http://localhost:8081/meetings:0
[  233118ms] [ERROR] Failed to load resource: the server responded with a status of 404 (Not Found) @ http://localhost:3090/api/health:0
[  233119ms] [ERROR] Failed to load resource: the server responded with a status of 404 (Not Found) @ http://localhost:8081/meetings:0
[  233119ms] [ERROR] Failed to load resource: the server responded with a status of 404 (Not Found) @ http://localhost:3090/ws:0
[  233259ms] [ERROR] Failed to load resource: the server responded with a status of 404 (Not Found) @ http://localhost:3090/api/health:0
[  233259ms] [ERROR] Failed to load resource: the server responded with a status of 404 (Not Found) @ http://localhost:3090/ws:0
[  233259ms] [ERROR] Failed to load resource: the server responded with a status of 404 (Not Found) @ http://localhost:8081/meetings:0
[  233512ms] [ERROR] Failed to load resource: the server responded with a status of 404 (Not Found) @ http://localhost:3090/api/health:0
[  233512ms] [ERROR] Failed to load resource: the server responded with a status of 404 (Not Found) @ http://localhost:3090/ws:0
[  233512ms] [ERROR] Failed to load resource: the server responded with a status of 404 (Not Found) @ http://localhost:8081/meetings:0
[  233672ms] [ERROR] Failed to load resource: the server responded with a status of 404 (Not Found) @ http://localhost:3090/api/health:0
[  233672ms] [ERROR] Failed to load resource: the server responded with a status of 404 (Not Found) @ http://localhost:3090/ws:0
[  233672ms] [ERROR] Failed to load resource: the server responded with a status of 404 (Not Found) @ http://localhost:8081/meetings:0
[  233822ms] [ERROR] Failed to load resource: the server responded with a status of 404 (Not Found) @ http://localhost:3090/api/health:0
[  233822ms] [ERROR] Failed to load resource: the server responded with a status of 404 (Not Found) @ http://localhost:3090/ws:0
[  233822ms] [ERROR] Failed to load resource: the server responded with a status of 404 (Not Found) @ http://localhost:8081/meetings:0
[  233885ms] [ERROR] Failed to load resource: the server responded with a status of 404 (Not Found) @ http://localhost:3090/api/health:0
[  233885ms] [ERROR] Failed to load resource: the server responded with a status of 404 (Not Found) @ http://localhost:3090/ws:0
[  233885ms] [ERROR] Failed to load resource: the server responded with a status of 404 (Not Found) @ http://localhost:8081/meetings:0
[  233948ms] [ERROR] Failed to load resource: the server responded with a status of 404 (Not Found) @ http://localhost:3090/api/health:0
[  233948ms] [ERROR] Failed to load resource: the server responded with a status of 404 (Not Found) @ http://localhost:3090/ws:0
[  233955ms] [ERROR] Failed to load resource: the server responded with a status of 404 (Not Found) @ http://localhost:8081/meetings:0
[  234089ms] [ERROR] Failed to load resource: the server responded with a status of 404 (Not Found) @ http://localhost:3090/api/health:0
[  234089ms] [ERROR] Failed to load resource: the server responded with a status of 404 (Not Found) @ http://localhost:3090/ws:0
[  234090ms] [ERROR] Failed to load resource: the server responded with a status of 404 (Not Found) @ http://localhost:8081/meetings:0
[  234235ms] [ERROR] Failed to load resource: the server responded with a status of 404 (Not Found) @ http://localhost:3090/api/health:0
[  234235ms] [ERROR] Failed to load resource: the server responded with a status of 404 (Not Found) @ http://localhost:3090/ws:0
[  234235ms] [ERROR] Failed to load resource: the server responded with a status of 404 (Not Found) @ http://localhost:8081/meetings:0
[  234438ms] [ERROR] Failed to load resource: the server responded with a status of 404 (Not Found) @ http://localhost:3090/api/health:0
[  234438ms] [ERROR] Failed to load resource: the server responded with a status of 404 (Not Found) @ http://localhost:3090/ws:0
[  234438ms] [ERROR] Failed to load resource: the server responded with a status of 404 (Not Found) @ http://localhost:8081/meetings:0
[  234594ms] [ERROR] Failed to load resource: the server responded with a status of 404 (Not Found) @ http://localhost:3090/api/health:0
[  234594ms] [ERROR] Failed to load resource: the server responded with a status of 404 (Not Found) @ http://localhost:3090/ws:0
[  234595ms] [ERROR] Failed to load resource: the server responded with a status of 404 (Not Found) @ http://localhost:8081/meetings:0
[  234760ms] [ERROR] Failed to load resource: the server responded with a status of 404 (Not Found) @ http://localhost:3090/api/health:0
[  234760ms] [ERROR] Failed to load resource: the server responded with a status of 404 (Not Found) @ http://localhost:3090/ws:0
[  234760ms] [ERROR] Failed to load resource: the server responded with a status of 404 (Not Found) @ http://localhost:8081/meetings:0
[  234939ms] [ERROR] Failed to load resource: the server responded with a status of 404 (Not Found) @ http://localhost:3090/api/health:0
[  234939ms] [ERROR] Failed to load resource: the server responded with a status of 404 (Not Found) @ http://localhost:3090/ws:0
[  234940ms] [ERROR] Failed to load resource: the server responded with a status of 404 (Not Found) @ http://localhost:8081/meetings:0
[  234961ms] [ERROR] Failed to load resource: the server responded with a status of 404 (Not Found) @ http://localhost:3090/api/health:0
[  234961ms] [ERROR] Failed to load resource: the server responded with a status of 404 (Not Found) @ http://localhost:3090/ws:0
[  234969ms] [ERROR] Failed to load resource: the server responded with a status of 404 (Not Found) @ http://localhost:8081/meetings:0
[  235078ms] [ERROR] Failed to load resource: the server responded with a status of 404 (Not Found) @ http://localhost:3090/api/health:0
[  235078ms] [ERROR] Failed to load resource: the server responded with a status of 404 (Not Found) @ http://localhost:3090/ws:0
[  235078ms] [ERROR] Failed to load resource: the server responded with a status of 404 (Not Found) @ http://localhost:8081/meetings:0
[  235206ms] [ERROR] Failed to load resource: the server responded with a status of 404 (Not Found) @ http://localhost:3090/api/health:0
[  235207ms] [ERROR] Failed to load resource: the server responded with a status of 404 (Not Found) @ http://localhost:3090/ws:0
[  235207ms] [ERROR] Failed to load resource: the server responded with a status of 404 (Not Found) @ http://localhost:8081/meetings:0
[  235341ms] [ERROR] Failed to load resource: the server responded with a status of 404 (Not Found) @ http://localhost:3090/api/health:0
[  235341ms] [ERROR] Failed to load resource: the server responded with a status of 404 (Not Found) @ http://localhost:3090/ws:0
[  235342ms] [ERROR] Failed to load resource: the server responded with a status of 404 (Not Found) @ http://localhost:8081/meetings:0
[  235602ms] [ERROR] Failed to load resource: the server responded with a status of 404 (Not Found) @ http://localhost:3090/api/health:0
[  235603ms] [ERROR] Failed to load resource: the server responded with a status of 404 (Not Found) @ http://localhost:3090/ws:0
[  235603ms] [ERROR] Failed to load resource: the server responded with a status of 404 (Not Found) @ http://localhost:8081/meetings:0
[  235903ms] [ERROR] Failed to load resource: the server responded with a status of 404 (Not Found) @ http://localhost:3090/api/health:0
[  235903ms] [ERROR] Failed to load resource: the server responded with a status of 404 (Not Found) @ http://localhost:3090/ws:0
[  235904ms] [ERROR] Failed to load resource: the server responded with a status of 404 (Not Found) @ http://localhost:8081/meetings:0
[  236067ms] [ERROR] Failed to load resource: the server responded with a status of 404 (Not Found) @ http://localhost:3090/api/health:0
[  236067ms] [ERROR] Failed to load resource: the server responded with a status of 404 (Not Found) @ http://localhost:3090/ws:0
[  236068ms] [ERROR] Failed to load resource: the server responded with a status of 404 (Not Found) @ http://localhost:8081/meetings:0
[  236133ms] [ERROR] Failed to load resource: the server responded with a status of 404 (Not Found) @ http://localhost:3090/api/health:0
[  236133ms] [ERROR] Failed to load resource: the server responded with a status of 404 (Not Found) @ http://localhost:3090/ws:0
[  236133ms] [ERROR] Failed to load resource: the server responded with a status of 404 (Not Found) @ http://localhost:8081/meetings:0
[  236190ms] [ERROR] Failed to load resource: the server responded with a status of 404 (Not Found) @ http://localhost:3090/api/health:0
[  236190ms] [ERROR] Failed to load resource: the server responded with a status of 404 (Not Found) @ http://localhost:3090/ws:0
[  236191ms] [ERROR] Failed to load resource: the server responded with a status of 404 (Not Found) @ http://localhost:8081/meetings:0
[  236336ms] [ERROR] Failed to load resource: the server responded with a status of 404 (Not Found) @ http://localhost:3090/api/health:0
[  236337ms] [ERROR] Failed to load resource: the server responded with a status of 404 (Not Found) @ http://localhost:3090/ws:0
[  236337ms] [ERROR] Failed to load resource: the server responded with a status of 404 (Not Found) @ http://localhost:8081/meetings:0
[  236520ms] [ERROR] Failed to load resource: the server responded with a status of 404 (Not Found) @ http://localhost:3090/api/health:0
[  236520ms] [ERROR] Failed to load resource: the server responded with a status of 404 (Not Found) @ http://localhost:3090/ws:0
[  236520ms] [ERROR] Failed to load resource: the server responded with a status of 404 (Not Found) @ http://localhost:8081/meetings:0
[  236718ms] [ERROR] Failed to load resource: the server responded with a status of 404 (Not Found) @ http://localhost:3090/api/health:0
[  236718ms] [ERROR] Failed to load resource: the server responded with a status of 404 (Not Found) @ http://localhost:3090/ws:0
[  236718ms] [ERROR] Failed to load resource: the server responded with a status of 404 (Not Found) @ http://localhost:8081/meetings:0
[  236866ms] [ERROR] Failed to load resource: the server responded with a status of 404 (Not Found) @ http://localhost:3090/api/health:0
[  236866ms] [ERROR] Failed to load resource: the server responded with a status of 404 (Not Found) @ http://localhost:3090/ws:0
[  236866ms] [ERROR] Failed to load resource: the server responded with a status of 404 (Not Found) @ http://localhost:8081/meetings:0
[  236987ms] [ERROR] Failed to load resource: the server responded with a status of 404 (Not Found) @ http://localhost:3090/api/health:0
[  236988ms] [ERROR] Failed to load resource: the server responded with a status of 404 (Not Found) @ http://localhost:3090/ws:0
[  236988ms] [ERROR] Failed to load resource: the server responded with a status of 404 (Not Found) @ http://localhost:8081/meetings:0
[  237026ms] [ERROR] Failed to load resource: the server responded with a status of 404 (Not Found) @ http://localhost:3090/api/health:0
[  237029ms] [ERROR] Failed to load resource: the server responded with a status of 404 (Not Found) @ http://localhost:3090/ws:0
[  237033ms] [ERROR] Failed to load resource: the server responded with a status of 404 (Not Found) @ http://localhost:8081/meetings:0
[  237153ms] [ERROR] Failed to load resource: the server responded with a status of 404 (Not Found) @ http://localhost:3090/api/health:0
[  237153ms] [ERROR] Failed to load resource: the server responded with a status of 404 (Not Found) @ http://localhost:3090/ws:0
[  237153ms] [ERROR] Failed to load resource: the server responded with a status of 404 (Not Found) @ http://localhost:8081/meetings:0
[  237302ms] [ERROR] Failed to load resource: the server responded with a status of 404 (Not Found) @ http://localhost:3090/api/health:0
[  237302ms] [ERROR] Failed to load resource: the server responded with a status of 404 (Not Found) @ http://localhost:3090/ws:0
[  237303ms] [ERROR] Failed to load resource: the server responded with a status of 404 (Not Found) @ http://localhost:8081/meetings:0
[  237453ms] [ERROR] Failed to load resource: the server responded with a status of 404 (Not Found) @ http://localhost:3090/api/health:0
[  237453ms] [ERROR] Failed to load resource: the server responded with a status of 404 (Not Found) @ http://localhost:3090/ws:0
[  237453ms] [ERROR] Failed to load resource: the server responded with a status of 404 (Not Found) @ http://localhost:8081/meetings:0
[  237701ms] [ERROR] Failed to load resource: the server responded with a status of 404 (Not Found) @ http://localhost:3090/api/health:0
[  237701ms] [ERROR] Failed to load resource: the server responded with a status of 404 (Not Found) @ http://localhost:3090/ws:0
[  237701ms] [ERROR] Failed to load resource: the server responded with a status of 404 (Not Found) @ http://localhost:8081/meetings:0
[  237845ms] [ERROR] Failed to load resource: the server responded with a status of 404 (Not Found) @ http://localhost:3090/api/health:0
[  237845ms] [ERROR] Failed to load resource: the server responded with a status of 404 (Not Found) @ http://localhost:3090/ws:0
[  237845ms] [ERROR] Failed to load resource: the server responded with a status of 404 (Not Found) @ http://localhost:8081/meetings:0
[  238001ms] [ERROR] Failed to load resource: the server responded with a status of 404 (Not Found) @ http://localhost:3090/api/health:0
[  238002ms] [ERROR] Failed to load resource: the server responded with a status of 404 (Not Found) @ http://localhost:3090/ws:0
[  238002ms] [ERROR] Failed to load resource: the server responded with a status of 404 (Not Found) @ http://localhost:8081/meetings:0
[  238080ms] [ERROR] Failed to load resource: the server responded with a status of 404 (Not Found) @ http://localhost:3090/api/health:0
[  238080ms] [ERROR] Failed to load resource: the server responded with a status of 404 (Not Found) @ http://localhost:3090/ws:0
[  238087ms] [ERROR] Failed to load resource: the server responded with a status of 404 (Not Found) @ http://localhost:8081/meetings:0
[  238124ms] [ERROR] Failed to load resource: the server responded with a status of 404 (Not Found) @ http://localhost:3090/api/health:0
[  238124ms] [ERROR] Failed to load resource: the server responded with a status of 404 (Not Found) @ http://localhost:3090/ws:0
[  238127ms] [ERROR] Failed to load resource: the server responded with a status of 404 (Not Found) @ http://localhost:8081/meetings:0
[  238271ms] [ERROR] Failed to load resource: the server responded with a status of 404 (Not Found) @ http://localhost:3090/api/health:0
[  238271ms] [ERROR] Failed to load resource: the server responded with a status of 404 (Not Found) @ http://localhost:3090/ws:0
[  238272ms] [ERROR] Failed to load resource: the server responded with a status of 404 (Not Found) @ http://localhost:8081/meetings:0
[  238411ms] [ERROR] Failed to load resource: the server responded with a status of 404 (Not Found) @ http://localhost:3090/api/health:0
[  238411ms] [ERROR] Failed to load resource: the server responded with a status of 404 (Not Found) @ http://localhost:3090/ws:0
[  238412ms] [ERROR] Failed to load resource: the server responded with a status of 404 (Not Found) @ http://localhost:8081/meetings:0
[  238600ms] [ERROR] Failed to load resource: the server responded with a status of 404 (Not Found) @ http://localhost:3090/api/health:0
[  238600ms] [ERROR] Failed to load resource: the server responded with a status of 404 (Not Found) @ http://localhost:3090/ws:0
[  238601ms] [ERROR] Failed to load resource: the server responded with a status of 404 (Not Found) @ http://localhost:8081/meetings:0
[  238781ms] [ERROR] Failed to load resource: the server responded with a status of 404 (Not Found) @ http://localhost:3090/api/health:0
[  238781ms] [ERROR] Failed to load resource: the server responded with a status of 404 (Not Found) @ http://localhost:3090/ws:0
[  238781ms] [ERROR] Failed to load resource: the server responded with a status of 404 (Not Found) @ http://localhost:8081/meetings:0
[  238947ms] [ERROR] Failed to load resource: the server responded with a status of 404 (Not Found) @ http://localhost:3090/api/health:0
[  238947ms] [ERROR] Failed to load resource: the server responded with a status of 404 (Not Found) @ http://localhost:3090/ws:0
[  238948ms] [ERROR] Failed to load resource: the server responded with a status of 404 (Not Found) @ http://localhost:8081/meetings:0
[  239090ms] [ERROR] Failed to load resource: the server responded with a status of 404 (Not Found) @ http://localhost:3090/api/health:0
[  239090ms] [ERROR] Failed to load resource: the server responded with a status of 404 (Not Found) @ http://localhost:3090/ws:0
[  239091ms] [ERROR] Failed to load resource: the server responded with a status of 404 (Not Found) @ http://localhost:8081/meetings:0
[  239132ms] [ERROR] Failed to load resource: the server responded with a status of 404 (Not Found) @ http://localhost:3090/api/health:0
[  239132ms] [ERROR] Failed to load resource: the server responded with a status of 404 (Not Found) @ http://localhost:3090/ws:0
[  239135ms] [ERROR] Failed to load resource: the server responded with a status of 404 (Not Found) @ http://localhost:8081/meetings:0
[  239297ms] [ERROR] Failed to load resource: the server responded with a status of 404 (Not Found) @ http://localhost:3090/api/health:0
[  239298ms] [ERROR] Failed to load resource: the server responded with a status of 404 (Not Found) @ http://localhost:8081/meetings:0
[  239298ms] [ERROR] Failed to load resource: the server responded with a status of 404 (Not Found) @ http://localhost:3090/ws:0
[  239450ms] [ERROR] Failed to load resource: the server responded with a status of 404 (Not Found) @ http://localhost:3090/api/health:0
[  239451ms] [ERROR] Failed to load resource: the server responded with a status of 404 (Not Found) @ http://localhost:3090/ws:0
[  239451ms] [ERROR] Failed to load resource: the server responded with a status of 404 (Not Found) @ http://localhost:8081/meetings:0
[  239643ms] [ERROR] Failed to load resource: the server responded with a status of 404 (Not Found) @ http://localhost:3090/api/health:0
[  239643ms] [ERROR] Failed to load resource: the server responded with a status of 404 (Not Found) @ http://localhost:3090/ws:0
[  239644ms] [ERROR] Failed to load resource: the server responded with a status of 404 (Not Found) @ http://localhost:8081/meetings:0
[  239823ms] [ERROR] Failed to load resource: the server responded with a status of 404 (Not Found) @ http://localhost:3090/api/health:0
[  239823ms] [ERROR] Failed to load resource: the server responded with a status of 404 (Not Found) @ http://localhost:3090/ws:0
[  239823ms] [ERROR] Failed to load resource: the server responded with a status of 404 (Not Found) @ http://localhost:8081/meetings:0
[  239980ms] [ERROR] Failed to load resource: the server responded with a status of 404 (Not Found) @ http://localhost:3090/api/health:0
[  239980ms] [ERROR] Failed to load resource: the server responded with a status of 404 (Not Found) @ http://localhost:3090/ws:0
[  239981ms] [ERROR] Failed to load resource: the server responded with a status of 404 (Not Found) @ http://localhost:8081/meetings:0
[  240116ms] [ERROR] Failed to load resource: the server responded with a status of 404 (Not Found) @ http://localhost:3090/api/health:0
[  240116ms] [ERROR] Failed to load resource: the server responded with a status of 404 (Not Found) @ http://localhost:3090/ws:0
[  240117ms] [ERROR] Failed to load resource: the server responded with a status of 404 (Not Found) @ http://localhost:8081/meetings:0
[  240163ms] [ERROR] Failed to load resource: the server responded with a status of 404 (Not Found) @ http://localhost:3090/api/health:0
[  240163ms] [ERROR] Failed to load resource: the server responded with a status of 404 (Not Found) @ http://localhost:3090/ws:0
[  240164ms] [ERROR] Failed to load resource: the server responded with a status of 404 (Not Found) @ http://localhost:8081/meetings:0
[  240269ms] [ERROR] Failed to load resource: the server responded with a status of 404 (Not Found) @ http://localhost:3090/api/health:0
[  240270ms] [ERROR] Failed to load resource: the server responded with a status of 404 (Not Found) @ http://localhost:3090/ws:0
[  240270ms] [ERROR] Failed to load resource: the server responded with a status of 404 (Not Found) @ http://localhost:8081/meetings:0
[  240425ms] [ERROR] Failed to load resource: the server responded with a status of 404 (Not Found) @ http://localhost:3090/api/health:0
[  240426ms] [ERROR] Failed to load resource: the server responded with a status of 404 (Not Found) @ http://localhost:8081/meetings:0
[  240426ms] [ERROR] Failed to load resource: the server responded with a status of 404 (Not Found) @ http://localhost:3090/ws:0
[  240568ms] [ERROR] Failed to load resource: the server responded with a status of 404 (Not Found) @ http://localhost:3090/api/health:0
[  240569ms] [ERROR] Failed to load resource: the server responded with a status of 404 (Not Found) @ http://localhost:3090/ws:0
[  240569ms] [ERROR] Failed to load resource: the server responded with a status of 404 (Not Found) @ http://localhost:8081/meetings:0
[  240805ms] [ERROR] Failed to load resource: the server responded with a status of 404 (Not Found) @ http://localhost:3090/api/health:0
[  240805ms] [ERROR] Failed to load resource: the server responded with a status of 404 (Not Found) @ http://localhost:3090/ws:0
[  240806ms] [ERROR] Failed to load resource: the server responded with a status of 404 (Not Found) @ http://localhost:8081/meetings:0
[  240967ms] [ERROR] Failed to load resource: the server responded with a status of 404 (Not Found) @ http://localhost:3090/api/health:0
[  240967ms] [ERROR] Failed to load resource: the server responded with a status of 404 (Not Found) @ http://localhost:3090/ws:0
[  240967ms] [ERROR] Failed to load resource: the server responded with a status of 404 (Not Found) @ http://localhost:8081/meetings:0
[  241114ms] [ERROR] Failed to load resource: the server responded with a status of 404 (Not Found) @ http://localhost:3090/api/health:0
[  241115ms] [ERROR] Failed to load resource: the server responded with a status of 404 (Not Found) @ http://localhost:3090/ws:0
[  241115ms] [ERROR] Failed to load resource: the server responded with a status of 404 (Not Found) @ http://localhost:8081/meetings:0
[  241176ms] [ERROR] Failed to load resource: the server responded with a status of 404 (Not Found) @ http://localhost:3090/api/health:0
[  241176ms] [ERROR] Failed to load resource: the server responded with a status of 404 (Not Found) @ http://localhost:3090/ws:0
[  241177ms] [ERROR] Failed to load resource: the server responded with a status of 404 (Not Found) @ http://localhost:8081/meetings:0
[  241248ms] [ERROR] Failed to load resource: the server responded with a status of 404 (Not Found) @ http://localhost:3090/api/health:0
[  241248ms] [ERROR] Failed to load resource: the server responded with a status of 404 (Not Found) @ http://localhost:3090/ws:0
[  241249ms] [ERROR] Failed to load resource: the server responded with a status of 404 (Not Found) @ http://localhost:8081/meetings:0
[  241403ms] [ERROR] Failed to load resource: the server responded with a status of 404 (Not Found) @ http://localhost:3090/api/health:0
[  241403ms] [ERROR] Failed to load resource: the server responded with a status of 404 (Not Found) @ http://localhost:3090/ws:0
[  241404ms] [ERROR] Failed to load resource: the server responded with a status of 404 (Not Found) @ http://localhost:8081/meetings:0
[  241557ms] [ERROR] Failed to load resource: the server responded with a status of 404 (Not Found) @ http://localhost:3090/api/health:0
[  241557ms] [ERROR] Failed to load resource: the server responded with a status of 404 (Not Found) @ http://localhost:3090/ws:0
[  241557ms] [ERROR] Failed to load resource: the server responded with a status of 404 (Not Found) @ http://localhost:8081/meetings:0
[  241754ms] [ERROR] Failed to load resource: the server responded with a status of 404 (Not Found) @ http://localhost:3090/api/health:0
[  241754ms] [ERROR] Failed to load resource: the server responded with a status of 404 (Not Found) @ http://localhost:3090/ws:0
[  241755ms] [ERROR] Failed to load resource: the server responded with a status of 404 (Not Found) @ http://localhost:8081/meetings:0
[  241918ms] [ERROR] Failed to load resource: the server responded with a status of 404 (Not Found) @ http://localhost:3090/api/health:0
[  241918ms] [ERROR] Failed to load resource: the server responded with a status of 404 (Not Found) @ http://localhost:3090/ws:0
[  241918ms] [ERROR] Failed to load resource: the server responded with a status of 404 (Not Found) @ http://localhost:8081/meetings:0
[  242078ms] [ERROR] Failed to load resource: the server responded with a status of 404 (Not Found) @ http://localhost:3090/api/health:0
[  242078ms] [ERROR] Failed to load resource: the server responded with a status of 404 (Not Found) @ http://localhost:3090/ws:0
[  242079ms] [ERROR] Failed to load resource: the server responded with a status of 404 (Not Found) @ http://localhost:8081/meetings:0
[  242202ms] [ERROR] Failed to load resource: the server responded with a status of 404 (Not Found) @ http://localhost:3090/api/health:0
[  242202ms] [ERROR] Failed to load resource: the server responded with a status of 404 (Not Found) @ http://localhost:3090/ws:0
[  242202ms] [ERROR] Failed to load resource: the server responded with a status of 404 (Not Found) @ http://localhost:8081/meetings:0
[  242244ms] [ERROR] Failed to load resource: the server responded with a status of 404 (Not Found) @ http://localhost:3090/api/health:0
[  242244ms] [ERROR] Failed to load resource: the server responded with a status of 404 (Not Found) @ http://localhost:3090/ws:0
[  242247ms] [ERROR] Failed to load resource: the server responded with a status of 404 (Not Found) @ http://localhost:8081/meetings:0
[  242362ms] [ERROR] Failed to load resource: the server responded with a status of 404 (Not Found) @ http://localhost:3090/api/health:0
[  242362ms] [ERROR] Failed to load resource: the server responded with a status of 404 (Not Found) @ http://localhost:3090/ws:0
[  242363ms] [ERROR] Failed to load resource: the server responded with a status of 404 (Not Found) @ http://localhost:8081/meetings:0
[  242541ms] [ERROR] Failed to load resource: the server responded with a status of 404 (Not Found) @ http://localhost:3090/api/health:0
[  242542ms] [ERROR] Failed to load resource: the server responded with a status of 404 (Not Found) @ http://localhost:3090/ws:0
[  242542ms] [ERROR] Failed to load resource: the server responded with a status of 404 (Not Found) @ http://localhost:8081/meetings:0
[  242752ms] [ERROR] Failed to load resource: the server responded with a status of 404 (Not Found) @ http://localhost:3090/api/health:0
[  242753ms] [ERROR] Failed to load resource: the server responded with a status of 404 (Not Found) @ http://localhost:3090/ws:0
[  242753ms] [ERROR] Failed to load resource: the server responded with a status of 404 (Not Found) @ http://localhost:8081/meetings:0
[  242917ms] [ERROR] Failed to load resource: the server responded with a status of 404 (Not Found) @ http://localhost:3090/api/health:0
[  242917ms] [ERROR] Failed to load resource: the server responded with a status of 404 (Not Found) @ http://localhost:3090/ws:0
[  242918ms] [ERROR] Failed to load resource: the server responded with a status of 404 (Not Found) @ http://localhost:8081/meetings:0
[  243066ms] [ERROR] Failed to load resource: the server responded with a status of 404 (Not Found) @ http://localhost:3090/api/health:0
[  243066ms] [ERROR] Failed to load resource: the server responded with a status of 404 (Not Found) @ http://localhost:3090/ws:0
[  243066ms] [ERROR] Failed to load resource: the server responded with a status of 404 (Not Found) @ http://localhost:8081/meetings:0
[  243186ms] [ERROR] Failed to load resource: the server responded with a status of 404 (Not Found) @ http://localhost:3090/api/health:0
[  243186ms] [ERROR] Failed to load resource: the server responded with a status of 404 (Not Found) @ http://localhost:3090/ws:0
[  243187ms] [ERROR] Failed to load resource: the server responded with a status of 404 (Not Found) @ http://localhost:8081/meetings:0
[  243230ms] [ERROR] Failed to load resource: the server responded with a status of 404 (Not Found) @ http://localhost:3090/api/health:0
[  243230ms] [ERROR] Failed to load resource: the server responded with a status of 404 (Not Found) @ http://localhost:3090/ws:0
[  243237ms] [ERROR] Failed to load resource: the server responded with a status of 404 (Not Found) @ http://localhost:8081/meetings:0
[  243370ms] [ERROR] Failed to load resource: the server responded with a status of 404 (Not Found) @ http://localhost:3090/api/health:0
[  243370ms] [ERROR] Failed to load resource: the server responded with a status of 404 (Not Found) @ http://localhost:3090/ws:0
[  243371ms] [ERROR] Failed to load resource: the server responded with a status of 404 (Not Found) @ http://localhost:8081/meetings:0
[  243533ms] [ERROR] Failed to load resource: the server responded with a status of 404 (Not Found) @ http://localhost:3090/api/health:0
[  243534ms] [ERROR] Failed to load resource: the server responded with a status of 404 (Not Found) @ http://localhost:3090/ws:0
[  243534ms] [ERROR] Failed to load resource: the server responded with a status of 404 (Not Found) @ http://localhost:8081/meetings:0
[  243661ms] [ERROR] Failed to load resource: the server responded with a status of 404 (Not Found) @ http://localhost:3090/api/health:0
[  243662ms] [ERROR] Failed to load resource: the server responded with a status of 404 (Not Found) @ http://localhost:3090/ws:0
[  243662ms] [ERROR] Failed to load resource: the server responded with a status of 404 (Not Found) @ http://localhost:8081/meetings:0
[  243916ms] [ERROR] Failed to load resource: the server responded with a status of 404 (Not Found) @ http://localhost:3090/api/health:0
[  243916ms] [ERROR] Failed to load resource: the server responded with a status of 404 (Not Found) @ http://localhost:3090/ws:0
[  243917ms] [ERROR] Failed to load resource: the server responded with a status of 404 (Not Found) @ http://localhost:8081/meetings:0
[  244068ms] [ERROR] Failed to load resource: the server responded with a status of 404 (Not Found) @ http://localhost:3090/api/health:0
[  244068ms] [ERROR] Failed to load resource: the server responded with a status of 404 (Not Found) @ http://localhost:3090/ws:0
[  244068ms] [ERROR] Failed to load resource: the server responded with a status of 404 (Not Found) @ http://localhost:8081/meetings:0
[  244223ms] [ERROR] Failed to load resource: the server responded with a status of 404 (Not Found) @ http://localhost:3090/api/health:0
[  244223ms] [ERROR] Failed to load resource: the server responded with a status of 404 (Not Found) @ http://localhost:3090/ws:0
[  244224ms] [ERROR] Failed to load resource: the server responded with a status of 404 (Not Found) @ http://localhost:8081/meetings:0
[  244307ms] [ERROR] Failed to load resource: the server responded with a status of 404 (Not Found) @ http://localhost:3090/api/health:0
[  244310ms] [ERROR] Failed to load resource: the server responded with a status of 404 (Not Found) @ http://localhost:3090/ws:0
[  244318ms] [ERROR] Failed to load resource: the server responded with a status of 404 (Not Found) @ http://localhost:8081/meetings:0
[  244372ms] [ERROR] Failed to load resource: the server responded with a status of 404 (Not Found) @ http://localhost:3090/api/health:0
[  244372ms] [ERROR] Failed to load resource: the server responded with a status of 404 (Not Found) @ http://localhost:3090/ws:0
[  244372ms] [ERROR] Failed to load resource: the server responded with a status of 404 (Not Found) @ http://localhost:8081/meetings:0
[  244513ms] [ERROR] Failed to load resource: the server responded with a status of 404 (Not Found) @ http://localhost:3090/api/health:0
[  244513ms] [ERROR] Failed to load resource: the server responded with a status of 404 (Not Found) @ http://localhost:3090/ws:0
[  244514ms] [ERROR] Failed to load resource: the server responded with a status of 404 (Not Found) @ http://localhost:8081/meetings:0
[  244662ms] [ERROR] Failed to load resource: the server responded with a status of 404 (Not Found) @ http://localhost:3090/api/health:0
[  244662ms] [ERROR] Failed to load resource: the server responded with a status of 404 (Not Found) @ http://localhost:3090/ws:0
[  244662ms] [ERROR] Failed to load resource: the server responded with a status of 404 (Not Found) @ http://localhost:8081/meetings:0
[  244894ms] [ERROR] Failed to load resource: the server responded with a status of 404 (Not Found) @ http://localhost:3090/api/health:0
[  244894ms] [ERROR] Failed to load resource: the server responded with a status of 404 (Not Found) @ http://localhost:3090/ws:0
[  244894ms] [ERROR] Failed to load resource: the server responded with a status of 404 (Not Found) @ http://localhost:8081/meetings:0
[  244982ms] [ERROR] Failed to load resource: the server responded with a status of 404 (Not Found) @ http://localhost:3090/api/health:0
[  245060ms] [ERROR] Failed to load resource: the server responded with a status of 404 (Not Found) @ http://localhost:3090/ws:0
[  245062ms] [ERROR] Failed to load resource: the server responded with a status of 404 (Not Found) @ http://localhost:8081/meetings:0
[  245248ms] [ERROR] Failed to load resource: the server responded with a status of 404 (Not Found) @ http://localhost:3090/api/health:0
[  245249ms] [ERROR] Failed to load resource: the server responded with a status of 404 (Not Found) @ http://localhost:3090/ws:0
[  245249ms] [ERROR] Failed to load resource: the server responded with a status of 404 (Not Found) @ http://localhost:8081/meetings:0
[  245315ms] [ERROR] Failed to load resource: the server responded with a status of 404 (Not Found) @ http://localhost:3090/api/health:0
[  245315ms] [ERROR] Failed to load resource: the server responded with a status of 404 (Not Found) @ http://localhost:3090/ws:0
[  245315ms] [ERROR] Failed to load resource: the server responded with a status of 404 (Not Found) @ http://localhost:8081/meetings:0
[  245377ms] [ERROR] Failed to load resource: the server responded with a status of 404 (Not Found) @ http://localhost:3090/api/health:0
[  245377ms] [ERROR] Failed to load resource: the server responded with a status of 404 (Not Found) @ http://localhost:3090/ws:0
[  245377ms] [ERROR] Failed to load resource: the server responded with a status of 404 (Not Found) @ http://localhost:8081/meetings:0
[  245510ms] [ERROR] Failed to load resource: the server responded with a status of 404 (Not Found) @ http://localhost:3090/api/health:0
[  245510ms] [ERROR] Failed to load resource: the server responded with a status of 404 (Not Found) @ http://localhost:3090/ws:0
[  245510ms] [ERROR] Failed to load resource: the server responded with a status of 404 (Not Found) @ http://localhost:8081/meetings:0
[  245649ms] [ERROR] Failed to load resource: the server responded with a status of 404 (Not Found) @ http://localhost:3090/api/health:0
[  245650ms] [ERROR] Failed to load resource: the server responded with a status of 404 (Not Found) @ http://localhost:3090/ws:0
[  245650ms] [ERROR] Failed to load resource: the server responded with a status of 404 (Not Found) @ http://localhost:8081/meetings:0
[  245856ms] [ERROR] Failed to load resource: the server responded with a status of 404 (Not Found) @ http://localhost:3090/api/health:0
[  245856ms] [ERROR] Failed to load resource: the server responded with a status of 404 (Not Found) @ http://localhost:3090/ws:0
[  245856ms] [ERROR] Failed to load resource: the server responded with a status of 404 (Not Found) @ http://localhost:8081/meetings:0
[  246021ms] [ERROR] Failed to load resource: the server responded with a status of 404 (Not Found) @ http://localhost:3090/api/health:0
[  246021ms] [ERROR] Failed to load resource: the server responded with a status of 404 (Not Found) @ http://localhost:3090/ws:0
[  246022ms] [ERROR] Failed to load resource: the server responded with a status of 404 (Not Found) @ http://localhost:8081/meetings:0
[  246173ms] [ERROR] Failed to load resource: the server responded with a status of 404 (Not Found) @ http://localhost:3090/api/health:0
[  246173ms] [ERROR] Failed to load resource: the server responded with a status of 404 (Not Found) @ http://localhost:3090/ws:0
[  246173ms] [ERROR] Failed to load resource: the server responded with a status of 404 (Not Found) @ http://localhost:8081/meetings:0
[  246312ms] [ERROR] Failed to load resource: the server responded with a status of 404 (Not Found) @ http://localhost:3090/api/health:0
[  246313ms] [ERROR] Failed to load resource: the server responded with a status of 404 (Not Found) @ http://localhost:3090/ws:0
[  246313ms] [ERROR] Failed to load resource: the server responded with a status of 404 (Not Found) @ http://localhost:8081/meetings:0
[  246359ms] [ERROR] Failed to load resource: the server responded with a status of 404 (Not Found) @ http://localhost:3090/api/health:0
[  246359ms] [ERROR] Failed to load resource: the server responded with a status of 404 (Not Found) @ http://localhost:3090/ws:0
[  246359ms] [ERROR] Failed to load resource: the server responded with a status of 404 (Not Found) @ http://localhost:8081/meetings:0
[  246466ms] [ERROR] Failed to load resource: the server responded with a status of 404 (Not Found) @ http://localhost:3090/api/health:0
[  246466ms] [ERROR] Failed to load resource: the server responded with a status of 404 (Not Found) @ http://localhost:3090/ws:0
[  246466ms] [ERROR] Failed to load resource: the server responded with a status of 404 (Not Found) @ http://localhost:8081/meetings:0
[  246623ms] [ERROR] Failed to load resource: the server responded with a status of 404 (Not Found) @ http://localhost:3090/api/health:0
[  246623ms] [ERROR] Failed to load resource: the server responded with a status of 404 (Not Found) @ http://localhost:3090/ws:0
[  246623ms] [ERROR] Failed to load resource: the server responded with a status of 404 (Not Found) @ http://localhost:8081/meetings:0
[  246782ms] [ERROR] Failed to load resource: the server responded with a status of 404 (Not Found) @ http://localhost:3090/api/health:0
[  246782ms] [ERROR] Failed to load resource: the server responded with a status of 404 (Not Found) @ http://localhost:3090/ws:0
[  246783ms] [ERROR] Failed to load resource: the server responded with a status of 404 (Not Found) @ http://localhost:8081/meetings:0
[  247038ms] [ERROR] Failed to load resource: the server responded with a status of 404 (Not Found) @ http://localhost:3090/api/health:0
[  247039ms] [ERROR] Failed to load resource: the server responded with a status of 404 (Not Found) @ http://localhost:3090/ws:0
[  247040ms] [ERROR] Failed to load resource: the server responded with a status of 404 (Not Found) @ http://localhost:8081/meetings:0
[  247182ms] [ERROR] Failed to load resource: the server responded with a status of 404 (Not Found) @ http://localhost:3090/api/health:0
[  247183ms] [ERROR] Failed to load resource: the server responded with a status of 404 (Not Found) @ http://localhost:3090/ws:0
[  247183ms] [ERROR] Failed to load resource: the server responded with a status of 404 (Not Found) @ http://localhost:8081/meetings:0
[  247328ms] [ERROR] Failed to load resource: the server responded with a status of 404 (Not Found) @ http://localhost:3090/api/health:0
[  247328ms] [ERROR] Failed to load resource: the server responded with a status of 404 (Not Found) @ http://localhost:3090/ws:0
[  247329ms] [ERROR] Failed to load resource: the server responded with a status of 404 (Not Found) @ http://localhost:8081/meetings:0
[  247396ms] [ERROR] Failed to load resource: the server responded with a status of 404 (Not Found) @ http://localhost:3090/api/health:0
[  247396ms] [ERROR] Failed to load resource: the server responded with a status of 404 (Not Found) @ http://localhost:3090/ws:0
[  247396ms] [ERROR] Failed to load resource: the server responded with a status of 404 (Not Found) @ http://localhost:8081/meetings:0
[  247454ms] [ERROR] Failed to load resource: the server responded with a status of 404 (Not Found) @ http://localhost:3090/api/health:0
[  247455ms] [ERROR] Failed to load resource: the server responded with a status of 404 (Not Found) @ http://localhost:8081/meetings:0
[  247455ms] [ERROR] Failed to load resource: the server responded with a status of 404 (Not Found) @ http://localhost:3090/ws:0
[  247591ms] [ERROR] Failed to load resource: the server responded with a status of 404 (Not Found) @ http://localhost:3090/api/health:0
[  247592ms] [ERROR] Failed to load resource: the server responded with a status of 404 (Not Found) @ http://localhost:3090/ws:0
[  247592ms] [ERROR] Failed to load resource: the server responded with a status of 404 (Not Found) @ http://localhost:8081/meetings:0
[  247737ms] [ERROR] Failed to load resource: the server responded with a status of 404 (Not Found) @ http://localhost:3090/api/health:0
[  247737ms] [ERROR] Failed to load resource: the server responded with a status of 404 (Not Found) @ http://localhost:3090/ws:0
[  247738ms] [ERROR] Failed to load resource: the server responded with a status of 404 (Not Found) @ http://localhost:8081/meetings:0
[  247872ms] [ERROR] Failed to load resource: the server responded with a status of 404 (Not Found) @ http://localhost:3090/api/health:0
[  247873ms] [ERROR] Failed to load resource: the server responded with a status of 404 (Not Found) @ http://localhost:3090/ws:0
[  247873ms] [ERROR] Failed to load resource: the server responded with a status of 404 (Not Found) @ http://localhost:8081/meetings:0
[  248107ms] [ERROR] Failed to load resource: the server responded with a status of 404 (Not Found) @ http://localhost:3090/api/health:0
[  248107ms] [ERROR] Failed to load resource: the server responded with a status of 404 (Not Found) @ http://localhost:3090/ws:0
[  248108ms] [ERROR] Failed to load resource: the server responded with a status of 404 (Not Found) @ http://localhost:8081/meetings:0
[  248260ms] [ERROR] Failed to load resource: the server responded with a status of 404 (Not Found) @ http://localhost:3090/api/health:0
[  248260ms] [ERROR] Failed to load resource: the server responded with a status of 404 (Not Found) @ http://localhost:3090/ws:0
[  248261ms] [ERROR] Failed to load resource: the server responded with a status of 404 (Not Found) @ http://localhost:8081/meetings:0
[  248405ms] [ERROR] Failed to load resource: the server responded with a status of 404 (Not Found) @ http://localhost:3090/api/health:0
[  248405ms] [ERROR] Failed to load resource: the server responded with a status of 404 (Not Found) @ http://localhost:3090/ws:0
[  248406ms] [ERROR] Failed to load resource: the server responded with a status of 404 (Not Found) @ http://localhost:8081/meetings:0
[  248500ms] [ERROR] Failed to load resource: the server responded with a status of 404 (Not Found) @ http://localhost:3090/api/health:0
[  248500ms] [ERROR] Failed to load resource: the server responded with a status of 404 (Not Found) @ http://localhost:3090/ws:0
[  248501ms] [ERROR] Failed to load resource: the server responded with a status of 404 (Not Found) @ http://localhost:8081/meetings:0
[  248573ms] [ERROR] Failed to load resource: the server responded with a status of 404 (Not Found) @ http://localhost:3090/api/health:0
[  248573ms] [ERROR] Failed to load resource: the server responded with a status of 404 (Not Found) @ http://localhost:3090/ws:0
[  248573ms] [ERROR] Failed to load resource: the server responded with a status of 404 (Not Found) @ http://localhost:8081/meetings:0
[  248669ms] [ERROR] Failed to load resource: the server responded with a status of 404 (Not Found) @ http://localhost:3090/api/health:0
[  248669ms] [ERROR] Failed to load resource: the server responded with a status of 404 (Not Found) @ http://localhost:3090/ws:0
[  248670ms] [ERROR] Failed to load resource: the server responded with a status of 404 (Not Found) @ http://localhost:8081/meetings:0
[  248813ms] [ERROR] Failed to load resource: the server responded with a status of 404 (Not Found) @ http://localhost:3090/api/health:0
[  248813ms] [ERROR] Failed to load resource: the server responded with a status of 404 (Not Found) @ http://localhost:3090/ws:0
[  248813ms] [ERROR] Failed to load resource: the server responded with a status of 404 (Not Found) @ http://localhost:8081/meetings:0
[  248966ms] [ERROR] Failed to load resource: the server responded with a status of 404 (Not Found) @ http://localhost:3090/api/health:0
[  248967ms] [ERROR] Failed to load resource: the server responded with a status of 404 (Not Found) @ http://localhost:3090/ws:0
[  248967ms] [ERROR] Failed to load resource: the server responded with a status of 404 (Not Found) @ http://localhost:8081/meetings:0
[  249216ms] [ERROR] Failed to load resource: the server responded with a status of 404 (Not Found) @ http://localhost:3090/api/health:0
[  249216ms] [ERROR] Failed to load resource: the server responded with a status of 404 (Not Found) @ http://localhost:3090/ws:0
[  249216ms] [ERROR] Failed to load resource: the server responded with a status of 404 (Not Found) @ http://localhost:8081/meetings:0
