1,Royal Bank of Canada,,,2023-10-13 11:00:06,'2023-10-30 12:43:01'),lender_type,asset_specializations,is_land_lender,is_construction_lender,is_commercial_lender
2,Computershare Trust Company of Canada,computershare.com,,2023-12-02 13:34:37,'2023-10-30 12:43:01'),Trust Company,general,0,0,0
3,Dorham Holdings Inc,,,2023-10-13 11:00:06,'2023-10-30 12:43:01'),Private Lender,general,0,0,0
4,Peakhill Capital Inc,,,2023-10-13 11:00:06,'2023-10-30 12:43:01'),Private Lender,general,0,0,0
5,Canadian Imperial Bank of Commerce,cibc.com,,2023-12-02 13:34:36,'2023-10-30 12:43:01'),Major Bank,general,0,0,0
6,"Wells Fargo Bank NA, Canadian Branch",,,2023-10-13 11:00:07,'2023-10-30 12:43:01'),Major Bank,general,0,0,0
7,Named Individual(s),,,2023-10-13 11:00:07,'2023-10-30 12:43:01'),Private Individual,general,0,0,0
8,The Bank of Nova Scotia,scotiabank.com,,2023-12-02 13:34:37,'2023-10-30 12:43:01'),Major Bank,general,0,0,0
9,Embee Properties Ltd,,,2023-10-13 11:00:07,'2023-10-30 12:43:01'),Major Bank,general,0,0,0
10,Wasaga Dunes Resorts Inc,,,2023-10-13 11:00:07,'2023-10-30 12:43:01'),Other,general,0,0,0
11,Northwest Stratford (2016) Developments Inc,,,2023-10-13 11:00:07,'2023-10-30 12:43:01'),Development Company,general,0,0,0
12,2036353 Ontario Inc,,,2023-10-13 11:00:07,'2023-10-30 12:43:01'),Other,general,0,0,0
13,Waterdown Bay Ltd,,,2023-10-13 11:00:07,'2023-10-30 12:43:01'),Major Bank,general,0,0,0
14,Cameron Stephens Mortgage Capital Ltd,,,2023-10-13 11:00:07,'2023-10-30 12:43:01'),Major Bank,residential,0,0,0
15,1599825 Ontario Ltd,,,2023-10-13 11:00:07,'2023-10-30 12:43:01'),Major Bank,general,0,0,0
16,Mac&#039;s Convenience Store Inc,,,2023-10-13 11:00:07,'2023-10-30 12:43:01'),Other,general,0,0,0
17,Crowley Farms Norwood Ltd,,,2023-10-13 11:00:07,'2023-10-30 12:43:01'),Major Bank,agricultural,0,0,0
18,The Lora Bay Cor,,,2023-10-13 11:00:07,'2023-10-30 12:43:01'),Other,general,0,0,0
19,Business Development Bank of Canada,bdc.ca,,2023-12-02 13:34:38,'2023-10-30 12:43:01'),Major Bank,general,0,0,0
20,Borani Inc,,,2023-10-13 11:00:07,'2023-10-30 12:43:01'),Other,general,0,0,0
21,Christian Stewardship Service,csservices.ca,,2023-12-02 13:34:38,'2023-10-30 12:43:01'),Other,general,0,0,0
22,The Toronto-Dominion Bank,,,2023-10-13 11:00:07,'2023-10-30 12:43:01'),Major Bank,general,0,0,0
23,Canadian Mortgage Servicing Cor,,,2023-10-13 11:00:07,'2023-10-30 12:43:01'),Other,residential,0,0,0
24,National Bank of Canada,nbc.ca,,2023-12-02 13:34:42,'2023-10-30 12:43:01'),Major Bank,general,0,0,0
25,2648607 Ontario Inc,,,2023-10-13 11:00:07,'2023-10-30 12:43:01'),Other,general,0,0,0
26,161 Athol Street GP Ltd,,,2023-10-13 11:00:07,'2023-10-30 12:43:01'),Major Bank,general,0,0,0
27,Latitude Mortgage Services Inc,,,2023-10-13 11:00:07,'2023-10-30 12:43:01'),Other,residential,0,0,0
28,Farm Credit Canada,fcc-fac.ca,,2023-12-02 13:34:38,'2023-10-30 12:43:01'),Other,commercial|agricultural,0,0,1
29,Meridian Credit Union Ltd,,,2023-10-13 11:00:08,'2023-10-30 12:43:01'),Major Bank,commercial,0,0,1
30,InterRent International Properties Inc,,,2023-10-13 11:00:08,'2023-10-30 12:43:01'),Development Company,general,0,0,0
31,Equiton Real Estate Financial GP Inc,,,2023-10-13 11:00:08,'2023-10-30 12:43:01'),Credit Union,general,0,0,0
32,Equiton Partners Inc,,,2023-10-13 11:00:08,'2023-10-30 12:43:01'),Other,general,0,0,0
33,1705 Weston Road Holdings Ltd,,,2023-10-13 11:00:08,'2023-10-30 12:43:01'),Major Bank,general,0,0,0
34,Black Creek Comprop Inc,,,2023-10-13 11:00:08,'2023-10-30 12:43:01'),Other,commercial,0,0,1
35,Petek LLP,,,2023-10-13 11:00:08,'2023-10-30 12:43:01'),Other,general,0,0,0
36,Roynat Inc,roynat.com,,2023-12-02 13:34:38,'2023-10-30 12:43:01'),Other,general,0,0,0
37,GB (Mayfield) Inc,,,2023-10-13 11:00:08,'2023-10-30 12:43:01'),Other,general,0,0,0
38,Brooklin Garrard Inc,,,2023-10-13 11:00:08,'2023-10-30 12:43:01'),Other,general,0,0,0
39,WBTC Roselawn Inc,,,2023-10-13 11:00:08,'2023-10-30 12:43:01'),Other,general,0,0,0
40,Roselawn and Main Urban Properties Inc,,,2023-10-13 11:00:08,'2023-10-30 12:43:01'),Development Company,general,0,0,0
41,Terma Holdings Inc,,,2023-10-13 11:00:08,'2023-10-30 12:43:01'),Private Lender,general,0,0,0
42,Canada Mortgage and Housing Cor,,,2023-10-13 11:00:08,'2023-10-30 12:43:01'),Other,residential,0,0,0
43,KingSett Mortgage Cor,,,2023-10-13 11:00:08,'2023-10-30 12:43:01'),Other,residential,0,0,0
44,JJ&#039;S Hospitality Ltd,,,2023-10-13 11:00:08,'2023-10-30 12:43:01'),Major Bank,hospitality,0,0,0
45,Ken Beattie Ltd,,,2023-10-13 11:00:08,'2023-10-30 12:43:01'),Major Bank,general,0,0,0
46,Westdale Construction Co Ltd,,,2023-10-13 11:00:08,'2023-10-30 12:43:01'),Major Bank,construction,0,1,0
47,Bank of Montreal,bmo.com,,2023-12-02 13:34:31,'2023-10-30 12:43:01'),Major Bank,general,0,0,0
48,9695443 Canada Inc,,,2023-10-13 11:00:08,'2023-10-30 12:43:01'),Other,general,0,0,0
49,The Toronto-Dominion Bank of Canada,,,2023-10-13 11:00:08,'2023-10-30 12:43:01'),Major Bank,general,0,0,0
50,Windsor Family Credit Union Ltd,windsorfamily.com,,2023-12-02 13:34:39,'2023-10-30 12:43:01'),Major Bank,commercial,0,0,1
51,Business EQ BV,,,2023-10-13 11:00:08,'2023-10-30 12:43:01'),Other,general,0,0,0
52,Otera Capital Inc,oteracapital.com,,2023-12-02 13:34:39,'2023-10-30 12:43:01'),Private Lender,general,0,0,0
53,A&amp;W Green Houses Inc,,,2023-10-13 11:00:08,'2023-10-30 12:43:01'),Other,general,0,0,0
54,Sun Life Assurance Comapny of Canada,,,2023-10-13 11:00:08,'2023-10-30 12:43:01'),Insurance Company,general,0,0,0
55,Dorr Capital Cor,,,2023-10-13 11:00:08,'2023-10-30 12:43:01'),Private Lender,general,0,0,0
56,797377 Ontario Inc,,,2023-10-13 11:00:08,'2023-10-30 12:43:01'),Other,general,0,0,0
57,Investissement Quebec,invest-quebec.com,,2023-12-02 13:34:39,'2023-10-30 12:43:01'),Other,general,0,0,0
58,Fenelon Trails Inc,,,2023-10-13 11:00:09,'2023-10-30 12:43:01'),Other,general,0,0,0
59,250 Bowie Holdings Inc,,,2023-10-13 11:00:09,'2023-10-30 12:43:01'),Private Lender,general,0,0,0
60,Markhamone Developments Ltd,,,2023-10-13 11:00:09,'2023-10-30 12:43:01'),Major Bank,general,0,0,0
61,1595758 Ontario Ltd,,,2023-10-13 11:00:09,'2023-10-30 12:43:01'),Major Bank,general,0,0,0
62,Christine Grandy,,,2023-10-13 11:00:09,'2023-10-30 12:43:01'),Other,general,0,0,0
63,Aarkin Holdings Ltd,arkinholdings.com,,2023-12-02 13:34:39,'2023-10-30 12:43:01'),Major Bank,general,0,0,0
64,Symington Properties Development Ltd,,,2023-10-13 11:00:09,'2023-10-30 12:43:01'),Major Bank,general,0,0,0
65,Lincoln House Inc,,,2023-10-13 11:00:09,'2023-10-30 12:43:01'),Other,general,0,0,0
66,Toronto Community Housing Cor,,,2023-10-13 11:00:09,'2023-10-30 12:43:01'),Other,general,0,0,0
67,City of Toronto,,,2023-10-13 11:00:09,'2023-10-30 12:43:01'),Other,general,0,0,0
68,Concentra Trust,,,2023-10-13 11:00:09,'2023-10-30 12:43:01'),Trust Company,general,0,0,0
69,HSBC Bank Canada,hsbc.ca,,2023-12-02 13:34:39,'2023-10-30 12:43:01'),Major Bank,general,0,0,0
70,Peoples Trust Co,peoplestrust.com,,2023-12-02 13:34:39,'2023-10-30 12:43:01'),Trust Company,general,0,0,0
71,The Fields of Wellington Inc,,,2023-10-13 11:00:09,'2023-10-30 12:43:01'),Other,general,0,0,0
72,Mac&#039;s Convenience Stores Inc,circlek.com,,2023-12-02 13:34:42,'2023-10-30 12:43:01'),Other,general,0,0,0
73,Masteel Investment (Burlington) Cor,,,2023-10-13 11:00:09,'2023-10-30 12:43:01'),Other,general,0,0,0
74,Oakville Centre Medical Realty Inc,,,2023-10-13 11:00:10,'2023-10-30 12:43:01'),Other,general,0,0,0
75,2439656 Ontario Inc,,,2023-10-13 11:00:10,'2023-10-30 12:43:01'),Other,general,0,0,0
76,1445422 Ontario Inc,,,2023-10-13 11:00:10,'2023-10-30 12:43:01'),Other,general,0,0,0
77,Fiera FP Real Estate Financing Fund Inc,,,2023-10-13 11:00:10,'2023-10-30 12:43:01'),Other,general,0,0,0
78,2167492 Ontario Inc,,,2023-10-13 11:00:10,'2023-10-30 12:43:01'),Other,general,0,0,0
79,2108957 Ontario Inc,,,2023-10-13 11:00:10,'2023-10-30 12:43:01'),Other,general,0,0,0
80,2435675 Ontario Inc,,,2023-10-13 11:00:10,'2023-10-30 12:43:01'),Other,general,0,0,0
81,Equitable Bank,,,2023-10-13 11:00:10,'2023-10-30 12:43:01'),Major Bank,general,0,0,0
82,5017120 Ontario Inc,,,2023-10-13 11:00:10,'2023-10-30 12:43:01'),Other,general,0,0,0
83,1834375 Ontario Inc,,,2023-10-13 11:00:10,'2023-10-30 12:43:01'),Other,general,0,0,0
84,4Q MR V GP Inc,,,2023-10-13 11:00:10,'2023-10-30 12:43:01'),Other,general,0,0,0
85,Timbercreek MR V (Europe) GP Inc,,,2023-10-13 11:00:10,'2023-10-30 12:43:01'),Other,commercial,0,0,1
86,Timberdreek Canadian Multi-Residential V GP Inc,,,2023-10-13 11:00:10,'2023-10-30 12:43:01'),Other,residential,0,0,0
87,Timbercreek Canadian Multi-Residential V GP Inc,,,2023-10-13 11:00:10,'2023-10-30 12:43:01'),Other,commercial|residential,0,0,1
88,Portage Capital Nominee Cor,,,2023-10-13 11:00:10,'2023-10-30 12:43:01'),Private Lender,general,0,0,0
89,Ironclad Developments Eagleson Inc,,,2023-10-13 11:00:10,'2023-10-30 12:43:01'),Development Company,general,0,0,0
90,River Mill Development Cor,,,2023-10-13 11:00:10,'2023-10-30 12:43:01'),Development Company,general,0,0,0
91,Wykland Estates Inc,,,2023-10-13 11:00:10,'2023-10-30 12:43:01'),Other,land,1,0,0
92,Stan Klemencic Builder Ltd,,,2023-10-13 11:00:10,'2023-10-30 12:43:01'),Major Bank,general,0,0,0
93,"Landesbank Baden-Wurttemberg, New York Branch",lbbw.de,,2023-12-02 13:34:40,'2023-10-30 12:43:01'),Major Bank,land,1,0,0
94,Dream Distillery Retail (GP) Inc,,,2023-10-13 11:00:10,'2023-10-30 12:43:01'),Other,retail,0,0,0
95,2007141 Ontario Inc,,,2023-10-13 11:00:10,'2023-10-30 12:43:01'),Other,general,0,0,0
96,Laurentian Bank of Canada,banquelaurentienne.ca,,2023-12-02 13:34:42,'2023-10-30 12:43:01'),Major Bank,general,0,0,0
97,Desjardins Financial Security Life Assurance Co,,,2023-10-13 11:00:10,'2023-10-30 12:43:01'),Credit Union,general,0,0,0
98,The Canada Life Assurance Co,canadalife.com,,2023-12-02 13:34:40,'2023-10-30 12:43:01'),Insurance Company,general,0,0,0
99,Dunbloor Developments Inc,,,2023-10-13 11:00:11,'2023-10-30 12:43:01'),Development Company,general,0,0,0
100,512160 Ontario Ltd,,,2023-10-13 11:00:11,'2023-10-30 12:43:01'),Major Bank,general,0,0,0
101,Westmount Guarantee Services Inc,,,2023-10-13 11:00:11,'2023-10-30 12:43:01'),Other,general,0,0,0
102,3689918 Ontario Inc,,,2023-10-13 11:00:11,'2023-10-30 12:43:01'),Other,general,0,0,0
103,Cambrian Credit Union Ltd,cambrian.mb.ca,,2023-12-02 13:34:40,'2023-10-30 12:43:01'),Major Bank,commercial,0,0,1
104,2445132 Ontario Inc,,,2023-10-13 11:00:11,'2023-10-30 12:43:01'),Other,general,0,0,0
105,2733068 Ontario Inc,,,2023-10-13 11:00:11,'2023-10-30 12:43:01'),Other,general,0,0,0
106,MarshallZehr Grou,,,2023-10-13 11:00:11,'2023-10-30 12:43:01'),Other,general,0,0,0
107,Costco Wholesale Canada Ltd,costco.ca,,2023-12-02 13:34:40,'2023-10-30 12:43:01'),Major Bank,general,0,0,0
108,Redcreek Developments Inc,,,2023-10-13 11:00:11,'2023-10-30 12:43:01'),Development Company,commercial,0,0,1
109,Oakville Executive Golf Course,,,2023-10-13 11:00:11,'2023-10-30 12:43:01'),Other,general,0,0,0
110,Scotia Mortgage Cor,,,2023-10-13 11:00:11,'2023-10-30 12:43:01'),Other,residential,0,0,0
111,Vector Financial Services Ltd,,,2023-10-13 11:00:11,'2023-10-30 12:43:01'),Major Bank,general,0,0,0
112,2841114 Ontario Inc,,,2023-10-13 11:00:11,'2023-10-30 12:43:01'),Other,general,0,0,0
113,CIRT Inc,,,2023-10-13 11:00:11,'2023-10-30 12:43:01'),Other,general,0,0,0
114,Gavia Construction Ltd,,,2023-10-13 11:00:11,'2023-10-30 12:43:01'),Major Bank,construction,0,1,0
115,Bethel Gospel Tabernacle (Hamilton) Inc,bgthamilton.com,,2023-12-02 13:34:40,'2023-10-30 12:43:01'),Other,general,0,0,0
116,Spina&#039;s Steel Workers Co Ltd,,,2023-10-13 11:00:11,'2023-10-30 12:43:01'),Major Bank,general,0,0,0
117,Home Trust Co,,,2023-10-13 11:00:11,'2023-10-30 12:43:01'),Trust Company,general,0,0,0
118,May Stone Investments Inc,,,2023-10-13 11:00:11,'2023-10-30 12:43:01'),Other,general,0,0,0
119,Ekasa Hospitality Inc,,,2023-10-13 11:00:11,'2023-10-30 12:43:01'),Other,hospitality,0,0,0
120,Arch Insurance Canada Ltd,archinsurance.com,,2023-12-02 13:34:40,'2023-10-30 12:43:01'),Major Bank,general,0,0,0
121,Bell Canada,,,2023-10-13 11:00:11,'2023-10-30 12:43:01'),Other,general,0,0,0
122,Cachet Harbour Clarkway Inc,,,2023-10-13 11:00:12,'2023-10-30 12:43:01'),Other,general,0,0,0
123,Hazelview MR V (Europe) GP Inc,,,2023-10-13 11:00:12,'2023-10-30 12:43:01'),Other,general,0,0,0
124,Hazelview Canadian Multi-Residential V GP Inc,,,2023-10-13 11:00:12,'2023-10-30 12:43:01'),Other,residential,0,0,0
125,Liari Investments Inc,,,2023-10-13 11:00:12,'2023-10-30 12:43:01'),Other,general,0,0,0
126,Alterna Savings and Credit Union Ltd,alterna.ca,,2023-12-02 13:34:41,'2023-10-30 12:43:01'),Major Bank,commercial,0,0,1
127,Banwell Property Inc,,,2023-10-13 11:00:12,'2023-10-30 12:43:01'),Development Company,general,0,0,0
128,Sun Life Assurance Company of Canada,,,2023-10-13 11:00:12,'2023-10-30 12:43:01'),Insurance Company,general,0,0,0
129,MarshallZehr Group Inc,,,2023-10-13 11:00:12,'2023-10-30 12:43:01'),Other,general,0,0,0
130,CPW Inc,,,2023-10-13 11:00:12,'2023-10-30 12:43:01'),Other,general,0,0,0
131,11250728 Canada Inc,canadaincredible.com,,2023-12-02 13:34:24,'2023-10-30 12:43:01'),Other,general,0,0,0
132,10943916 Canada Inc,,,2023-10-13 11:00:12,'2023-10-30 12:43:01'),Other,general,0,0,0
133,BCMP Mortgage Investment Cor,,,2023-10-13 11:00:12,'2023-10-30 12:43:01'),Private Lender,residential,0,0,0
134,Almada Inc,,,2023-10-13 11:00:12,'2023-10-30 12:43:01'),Other,general,0,0,0
135,2580119 Ontario Inc,,,2023-10-13 11:00:12,'2023-10-30 12:43:01'),Other,general,0,0,0
136,1044971 Ontario Ltd,,,2023-10-13 11:00:12,'2023-10-30 12:43:01'),Major Bank,general,0,0,0
137,Industrial and Commercial Bank of China,icbc.com.cn,,2023-12-02 13:34:41,'2023-10-30 12:43:01'),Major Bank,commercial|industrial,0,0,1
138,Duca Financial Services Credit Union Ltd,duca.com,,2023-12-02 13:34:41,'2023-10-30 12:43:01'),Major Bank,commercial,0,0,1
139,BG Advisory Services Inc,,,2023-10-13 11:00:12,'2023-10-30 12:43:01'),Other,general,0,0,0
140,Institutional Mortgage Capital Canada Inc,,,2023-10-13 11:00:12,'2023-10-30 12:43:01'),Private Lender,residential,0,0,0
141,Sun Valley (Danforth Rd) Land Inc,,,2023-10-13 11:00:13,'2023-10-30 12:43:01'),Other,land,1,0,0
142,The Manufacturers Life Insurance Co,,,2023-10-13 11:00:13,'2023-10-30 12:43:01'),Insurance Company,general,0,0,0
143,2696739 Ontario Inc,,,2023-10-13 11:00:13,'2023-10-30 12:43:01'),Other,general,0,0,0
144,TRG (New-Guelph) Inc,,,2023-10-13 11:00:13,'2023-10-30 12:43:01'),Other,general,0,0,0
145,511437 Ontario Ltd,,,2023-10-13 11:00:13,'2023-10-30 12:43:01'),Major Bank,general,0,0,0
146,Famee Furlane Toronto,,,2023-10-13 11:00:13,'2023-10-30 12:43:01'),Other,general,0,0,0
147,Jot Holdings Inc,,,2023-10-13 11:00:13,'2023-10-30 12:43:01'),Private Lender,general,0,0,0
148,MCAP Financial Cor,,,2023-10-13 11:00:13,'2023-10-30 12:43:01'),Credit Union,general,0,0,0
149,Prabh Holdings Inc,,,2023-10-13 11:00:13,'2023-10-30 12:43:01'),Private Lender,general,0,0,0
150,255156 Ontario Inc,,,2023-10-13 11:00:13,'2023-10-30 12:43:01'),Other,general,0,0,0
151,Caledon Development #2 LP,,,2023-10-13 11:00:13,'2023-10-30 12:43:01'),Development Company,general,0,0,0
152,2848498 Ontario Inc,,,2023-10-13 11:00:13,'2023-10-30 12:43:01'),Other,general,0,0,0
153,1000033635 Ontario Inc,,,2023-10-13 11:00:13,'2023-10-30 12:43:01'),Other,general,0,0,0
154,Syrier Holdings Inc,,,2023-10-13 11:00:13,'2023-10-30 12:43:01'),Private Lender,general,0,0,0
155,Armdale Estates Inc,,,2023-10-13 11:00:13,'2023-10-30 12:43:01'),Other,general,0,0,0
156,Coast Capital Savings Federal Credit Unio,coastcapitalsavings.com,,2023-12-02 13:34:41,'2023-10-30 12:43:01'),Private Lender,commercial,0,0,1
157,Karalee Developments Ltd,,,2023-10-13 11:00:14,'2023-10-30 12:43:01'),Major Bank,general,0,0,0
158,1423320 Ontario Inc,,,2023-10-13 11:00:14,'2023-10-30 12:43:01'),Other,general,0,0,0
159,Choice Properties GP Inc,,,2023-10-13 11:00:14,'2023-10-30 12:43:01'),Development Company,general,0,0,0
160,Vinfab Investments Inc,,,2023-10-13 11:00:14,'2023-10-30 12:43:01'),Other,general,0,0,0
161,109-117 Langstaff Inv Ltd,,,2023-10-13 11:00:14,'2023-10-30 12:43:01'),Major Bank,general,0,0,0
162,Sorge Enterprises Inc,,,2023-10-13 11:00:14,'2023-10-30 12:43:01'),Other,general,0,0,0
163,2110164 Ontario Ltd,,,2023-10-13 11:00:14,'2023-10-30 12:43:01'),Major Bank,general,0,0,0
164,Her Majesty the Queen in right of Ontario as represented by the Minister of Government and Consumer Service,,,2023-10-13 11:00:14,'2023-10-30 12:43:01'),Other,general,0,0,0
165,Your Neighbourhood Credit Union Ltd,,,2023-10-13 11:00:14,'2023-10-30 12:43:01'),Major Bank,commercial,0,0,1
166,Her Majesty the Queen in right of Ontario as represented by the Minister of Municipal Affairs and Housing,,,2023-10-13 11:00:14,'2023-10-30 12:43:01'),Other,general,0,0,0
167,AKSM Properties Inc,,,2023-10-13 11:00:14,'2023-10-30 12:43:01'),Development Company,general,0,0,0
168,1183152 Ontario Ltd,,,2023-10-13 11:00:14,'2023-10-30 12:43:01'),Major Bank,general,0,0,0
169,Computershare Trust Co of Canada,computershare.com,,2023-12-02 13:34:42,'2023-10-30 12:43:01'),Trust Company,general,0,0,0
170,LDB Holdings Ltd,,,2023-10-13 11:00:14,'2023-10-30 12:43:01'),Major Bank,general,0,0,0
171,Addenda Capital Inc,,,2023-10-13 11:00:14,'2023-10-30 12:43:01'),Private Lender,general,0,0,0
172,Empirical Capital Cor,,,2023-10-13 11:00:14,'2023-10-30 12:43:01'),Private Lender,general,0,0,0
173,2457602 Ontario Inc,,,2023-10-13 11:00:14,'2023-10-30 12:43:01'),Other,general,0,0,0
174,Caisse Desjardins Ontario Credit Union Inc,,,2023-10-13 11:00:14,'2023-10-30 12:43:01'),Major Bank,commercial,0,0,1
175,Devjo Holdings Ltd,,,2023-10-13 11:00:14,'2023-10-30 12:43:01'),Major Bank,general,0,0,0
176,KDM Corporatio,,,2023-10-13 11:00:14,'2023-10-30 12:43:01'),Other,general,0,0,0
177,Colmusa LLC,,,2023-10-13 11:00:14,'2023-10-30 12:43:01'),Other,general,0,0,0
178,HMT Holdings Inc,,,2023-10-13 11:00:15,'2023-10-30 12:43:01'),Private Lender,general,0,0,0
179,Folkrich Enterprises Inc,,,2023-10-13 11:00:15,'2023-10-30 12:43:01'),Other,general,0,0,0
180,QuadReal Real Estate Debt (Canada) GP Inc,,,2023-10-13 11:00:15,'2023-10-30 12:43:01'),Other,general,0,0,0
181,The Independent Order of Forester,,,2023-10-13 11:00:15,'2023-10-30 12:43:01'),Other,general,0,0,0
182,Hullmark (102 Atlantic) Ltd,,,2023-10-13 11:00:15,'2023-10-30 12:43:01'),Major Bank,general,0,0,0
183,First Capital Holdings (Ontario) Cor,,,2023-10-13 11:00:15,'2023-10-30 12:43:01'),Private Lender,general,0,0,0
184,Meschino Bros Ltd,,,2023-10-13 11:00:15,'2023-10-30 12:43:01'),Major Bank,general,0,0,0
185,Quid Pro Capital Inc,,,2023-10-13 11:00:15,'2023-10-30 12:43:01'),Private Lender,general,0,0,0
186,Mercedes-Benz Financial Services Canada,,,2023-10-13 11:00:15,'2023-10-30 12:43:01'),Credit Union,general,0,0,0
187,Mercedes-Benz Financial Services Canada Cor,,,2023-10-13 11:00:15,'2023-10-30 12:43:01'),Credit Union,general,0,0,0
188,Colborne Estate Company Ltd,,,2023-10-13 11:00:15,'2023-10-30 12:43:01'),Major Bank,general,0,0,0
189,Comwood Holdings Cor,,,2023-10-13 11:00:15,'2023-10-30 12:43:01'),Private Lender,general,0,0,0
190,915643 Ontario Inc,,,2023-10-13 11:00:15,'2023-10-30 12:43:01'),Other,general,0,0,0
191,Aarti Real Estate Enterprises Inc,,,2023-10-13 11:00:15,'2023-10-30 12:43:01'),Other,general,0,0,0
192,Foremost Mortgage Holding Cor,,,2023-10-13 11:00:15,'2023-10-30 12:43:01'),Other,residential,0,0,0
193,Atlas Development Ltd,atlashxm.com,,2023-12-02 13:34:42,'2023-10-30 12:43:01'),Major Bank,general,0,0,0
194,502 Holdings Inc,502holdingsinc.ca,,2023-12-02 13:34:42,'2023-10-30 12:43:01'),Private Lender,general,0,0,0
195,Hanard Capital Cor,,,2023-10-13 11:00:15,'2023-10-30 12:43:01'),Private Lender,general,0,0,0
196,K Lepage (One) Developments Inc,,,2023-10-13 11:00:15,'2023-10-30 12:43:01'),Development Company,general,0,0,0
197,Toronto Waterfront Revitalization Cor,,,2023-10-13 11:00:15,'2023-10-30 12:43:01'),Other,general,0,0,0
198,The School Sisters of Notre Dame of Ontario,,,2023-10-13 11:00:15,'2023-10-30 12:43:01'),Other,general,0,0,0
199,C &amp; K Mortgage Services Inc,,,2023-10-13 11:00:16,'2023-10-30 12:43:01'),Other,residential,0,0,0
200,First National Financial GP Cor,,,2023-10-13 11:00:16,'2023-10-30 12:43:01'),Credit Union,general,0,0,0
201,Marz Homes Holdings Inc,,,2023-10-13 11:00:16,'2023-10-30 12:43:01'),Private Lender,general,0,0,0
202,Dunloe Developments Inc,,,2023-10-13 11:00:16,'2023-10-30 12:43:01'),Development Company,general,0,0,0
203,2486210 Ontario Ltd,,,2023-10-13 11:00:16,'2023-10-30 12:43:01'),Major Bank,general,0,0,0
204,2360083 Ontario Ltd,,,2023-10-13 11:00:16,'2023-10-30 12:43:01'),Major Bank,general,0,0,0
205,2661297 Ontario Inc,,,2023-10-13 11:00:16,'2023-10-30 12:43:01'),Other,general,0,0,0
206,2438747 Ontario Ltd and 9 other,,,2023-10-13 11:00:16,'2023-10-30 12:43:01'),Major Bank,general,0,0,0
207,Canadian Imperial Bank of Canada,,,2023-10-13 11:00:16,'2023-10-30 12:43:01'),Major Bank,general,0,0,0
208,TC Core GP Inc,,,2023-10-13 11:00:16,'2023-10-30 12:43:01'),Other,general,0,0,0
209,Prima Vista Estates Inc,,,2023-10-13 11:00:16,'2023-10-30 12:43:01'),Other,general,0,0,0
210,Hanna&#039;s Landing Inc,,,2023-10-13 11:00:16,'2023-10-30 12:43:01'),Other,land,1,0,0
211,Romandale Farms Ltd,,,2023-10-13 11:00:16,'2023-10-30 12:43:01'),Major Bank,agricultural,0,0,0
212,Tweed Inc,,,2023-10-13 11:00:17,'2023-10-30 12:43:01'),Other,general,0,0,0
213,WA Spratt &amp; Sons Ltd,,,2023-10-13 11:00:17,'2023-10-30 12:43:01'),Major Bank,general,0,0,0
214,Sobeys Capital Inc,,,2023-10-13 11:00:17,'2023-10-30 12:43:01'),Private Lender,general,0,0,0
215,Cobeys Capital Inc,,,2023-10-13 11:00:17,'2023-10-30 12:43:01'),Private Lender,general,0,0,0
216,Beyond Westminster2 Canada ULC,,,2023-10-13 11:00:17,'2023-10-30 12:43:01'),Other,general,0,0,0
217,Radaja Inc,,,2023-10-13 11:00:17,'2023-10-30 12:43:01'),Other,general,0,0,0
218,Ontario Power Generatio,,,2023-10-13 11:00:17,'2023-10-30 12:43:01'),Other,general,0,0,0
219,Fiera Private Debt Inc,,,2023-10-13 11:00:17,'2023-10-30 12:43:01'),Private Lender,general,0,0,0
220,1263917 Ontario Inc,,,2023-10-13 11:00:17,'2023-10-30 12:43:01'),Other,general,0,0,0
221,Brookvalley Wasaga Inc,,,2023-10-13 11:00:17,'2023-10-30 12:43:01'),Other,general,0,0,0
222,Portage Captial Nominee Cor,,,2023-10-13 11:00:17,'2023-10-30 12:43:01'),Other,general,0,0,0
223,1413522 Ontario Ltd,,,2023-10-13 11:00:17,'2023-10-30 12:43:01'),Major Bank,general,0,0,0
224,1000300206 Ontario Inc,,,2023-10-13 11:00:17,'2023-10-30 12:43:01'),Other,general,0,0,0
225,Queblo Properties Inc,,,2023-10-13 11:00:17,'2023-10-30 12:43:01'),Development Company,general,0,0,0
226,Hue Developments &amp; Investments Canada Inc,,,2023-10-13 11:00:17,'2023-10-30 12:43:01'),Development Company,general,0,0,0
227,Ducimus Capital Inc,,,2023-10-13 11:00:17,'2023-10-30 12:43:01'),Private Lender,general,0,0,0
228,Tandia Financial Credit Union Ltd,tandia.com,,2023-12-02 13:34:33,'2023-10-30 12:43:01'),Major Bank,commercial,0,0,1
229,2380416 Ontario Inc,,,2023-10-13 11:00:18,'2023-10-30 12:43:01'),Other,general,0,0,0
230,Bro-Ham Properties Inc,,,2023-10-13 11:00:18,'2023-10-30 12:43:01'),Development Company,general,0,0,0
231,Jackson Heights Developments Inc,,,2023-10-13 11:00:18,'2023-10-30 12:43:01'),Development Company,general,0,0,0
232,9355-9797 Quebec Inc,,,2023-10-13 11:00:18,'2023-10-30 12:43:01'),Other,general,0,0,0
233,Briva Finance (Commandite) Inc,,,2023-10-13 11:00:18,'2023-10-30 12:43:01'),Other,general,0,0,0
234,Di Santo Holdings Ltd,,,2023-10-13 11:00:18,'2023-10-30 12:43:01'),Major Bank,general,0,0,0
235,2118699 Ontario Ltd,,,2023-10-13 11:00:18,'2023-10-30 12:43:01'),Major Bank,general,0,0,0
236,Omer Investments Inc,,,2023-10-13 11:00:18,'2023-10-30 12:43:01'),Other,general,0,0,0
237,South Guelph Holdings Ltd,,,2023-10-13 11:00:18,'2023-10-30 12:43:01'),Major Bank,general,0,0,0
238,The Toronto-Dominiobn Bank,,,2023-10-13 11:00:18,'2023-10-30 12:43:01'),Major Bank,general,0,0,0
239,2156598 Ontario Ltd,,,2023-10-13 11:00:18,'2023-10-30 12:43:01'),Major Bank,general,0,0,0
240,Robbins Farms Ltd,,,2023-10-13 11:00:18,'2023-10-30 12:43:01'),Major Bank,agricultural,0,0,0
241,Purepharm Inc,,,2023-10-13 11:00:19,'2023-10-30 12:43:01'),Other,general,0,0,0
242,Broccolini HLS GP Inc,,,2023-10-13 11:00:19,'2023-10-30 12:43:01'),Other,general,0,0,0
243,GR (Can) Investment Co Ltd,,,2023-10-13 11:00:19,'2023-10-30 12:43:01'),Major Bank,general,0,0,0
244,HRFD Holding Inc,,,2023-10-13 11:00:19,'2023-10-30 12:43:01'),Other,general,0,0,0
245,Carson Trail Estates Inc,,,2023-10-13 11:00:19,'2023-10-30 12:43:01'),Other,general,0,0,0
246,Ridorwin Holdings Ltd,,,2023-10-13 11:00:19,'2023-10-30 12:43:01'),Major Bank,general,0,0,0
247,Finanz Inc,,,2023-10-13 11:00:19,'2023-10-30 12:43:01'),Other,general,0,0,0
248,Sparkle Management Inc,,,2023-10-13 11:00:20,'2023-10-30 12:43:01'),Other,general,0,0,0
249,Van Der Avoird Group Inc,,,2023-10-13 11:00:20,'2023-10-30 12:43:01'),Other,general,0,0,0
250,Regal Team Financial Inc,,,2023-10-13 11:00:22,'2023-10-30 12:43:01'),Credit Union,general,0,0,0
251,TSX Trust Company,tmx.com,,2023-12-02 13:34:42,'2023-10-30 12:43:01'),Trust Company,general,0,0,0
252,Home Trust Company,,,2023-10-13 11:00:22,'2023-10-30 12:43:01'),Trust Company,general,0,0,0
253,SKM Holdings Inc,,,2023-10-13 11:00:22,'2023-10-30 12:43:01'),Private Lender,general,0,0,0
254,ATS Holdings Cor,,,2023-10-13 11:00:22,'2023-10-30 12:43:01'),Private Lender,general,0,0,0
255,Shellian Inc,,,2023-10-13 11:00:22,'2023-10-30 12:43:01'),Other,general,0,0,0
256,Kindred Credit Union Ltd,,,2023-10-13 11:00:22,'2023-10-30 12:43:01'),Major Bank,commercial,0,0,1
257,Ukrainian Credit Union Ltd,ukrainiancu.com,,2023-12-02 13:34:33,'2023-10-30 12:43:01'),Major Bank,commercial,0,0,1
258,County of Oxford,,,2023-10-13 11:00:23,'2023-10-30 12:43:01'),Other,general,0,0,0
259,The Toronto-Dominion Bak,,,2023-10-13 11:00:23,'2023-10-30 12:43:01'),Other,general,0,0,0
260,622148 Ontario Ltd,,,2023-10-13 11:00:23,'2023-10-30 12:43:01'),Major Bank,general,0,0,0
261,109 Investments Ltd,,,2023-10-13 11:00:23,'2023-10-30 12:43:01'),Major Bank,general,0,0,0
262,Libro Credit Union Ltd,,,2023-10-13 11:00:23,'2023-10-30 12:43:01'),Major Bank,commercial,0,0,1
263,Olympia Trust Co and 11 other,,,2023-10-13 11:00:23,'2023-10-30 12:43:01'),Trust Company,general,0,0,0
264,Jo-Zen Investments Ltd,,,2023-10-13 11:00:23,'2023-10-30 12:43:01'),Major Bank,general,0,0,0
265,2603775 Ontario Inc,,,2023-10-13 11:00:24,'2023-10-30 12:43:01'),Other,general,0,0,0
266,Max Capital Cor,,,2023-10-13 11:00:24,'2023-10-30 12:43:01'),Private Lender,general,0,0,0
267,Tomlinson Development Cor,,,2023-10-13 11:00:24,'2023-10-30 12:43:01'),Development Company,general,0,0,0
268,La Rosa Building Inc,,,2023-10-13 11:00:24,'2023-10-30 12:43:01'),Other,general,0,0,0
269,Sigma One Capital Inc,,,2023-10-13 11:00:24,'2023-10-30 12:43:01'),Private Lender,general,0,0,0
270,1602532 Ontario Ltd,,,2023-10-13 11:00:24,'2023-10-30 12:43:01'),Major Bank,general,0,0,0
271,2586421 Ontario Ltd,,,2023-10-13 11:00:24,'2023-10-30 12:43:01'),Major Bank,general,0,0,0
272,2455340 Ontario Inc,,,2023-10-13 11:00:24,'2023-10-30 12:43:01'),Other,general,0,0,0
273,Great West Lumber Inc,,,2023-10-13 11:00:24,'2023-10-30 12:43:01'),Other,general,0,0,0
274,PB Financial Inc,,,2023-10-13 11:00:25,'2023-10-30 12:43:01'),Credit Union,general,0,0,0
275,Mad Queen Investments Inc,,,2023-10-13 11:00:25,'2023-10-30 12:43:01'),Other,general,0,0,0
276,951894 Ontario Ltd,,,2023-10-13 11:00:25,'2023-10-30 12:43:01'),Major Bank,general,0,0,0
277,Corwin Mortgage Holding Cor,,,2023-10-13 11:00:25,'2023-10-30 12:43:01'),Other,residential,0,0,0
278,Morrison Financial Mortgage Cor,morrisonfinancial.com,,2023-12-02 13:34:34,'2023-10-30 12:43:01'),Credit Union,residential,0,0,0
279,Peace Hills Trust Co,peacehills.com,,2023-12-02 13:34:34,'2023-10-30 12:43:01'),Trust Company,general,0,0,0
280,2849168 Ontario Inc,,,2023-10-13 11:00:25,'2023-10-30 12:43:01'),Other,general,0,0,0
281,Innovative Industries Cor,,,2023-10-13 11:00:25,'2023-10-30 12:43:01'),Other,hospitality,0,0,0
282,Motor City Community Credit Union Ltd,mcccu.com,,2023-12-02 13:34:34,'2023-10-30 12:43:01'),Major Bank,commercial,0,0,1
283,Silver Leaf Rock Developments Inc,,,2023-10-13 11:00:25,'2023-10-30 12:43:01'),Development Company,general,0,0,0
284,1595179 Ontario Inc,,,2023-10-13 11:00:25,'2023-10-30 12:43:01'),Other,general,0,0,0
285,Trinity Wood Inc,,,2023-10-13 11:00:25,'2023-10-30 12:43:01'),Other,general,0,0,0
286,Firm Capital Mortgage Fund Inc,firmcapital.com,,2023-12-02 13:34:34,'2023-10-30 12:43:01'),Private Lender,residential,0,0,0
287,1000424984 Ontario Inc,,,2023-10-13 11:00:25,'2023-10-30 12:43:01'),Other,general,0,0,0
288,1720188 Ontario Inc,,,2023-10-13 11:00:25,'2023-10-30 12:43:01'),Other,general,0,0,0
289,WIGI Restructured Bond Cor,,,2023-10-13 11:00:26,'2023-10-30 12:43:01'),Other,general,0,0,0
290,Champs Fec Ltd,,,2023-10-13 11:00:26,'2023-10-30 12:43:01'),Major Bank,general,0,0,0
291,2812867 Ontario Inc,,,2023-10-13 11:00:26,'2023-10-30 12:43:01'),Other,general,0,0,0
292,836055 Ontario Ltd,,,2023-10-13 11:00:26,'2023-10-30 12:43:01'),Major Bank,general,0,0,0
293,Maplebrae Farm Inc,,,2023-10-13 11:00:26,'2023-10-30 12:43:01'),Other,agricultural,0,0,0
294,PMP 2011 GP Ltd,,,2023-10-13 11:00:26,'2023-10-30 12:43:01'),Major Bank,general,0,0,0
295,The Canada Life Insurance Company of Canada,canadalife.com,,2023-12-02 13:34:42,'2023-10-30 12:43:01'),Insurance Company,general,0,0,0
296,876166 Ontario Inc,,,2023-10-13 11:00:26,'2023-10-30 12:43:01'),Other,general,0,0,0
297,Caisse Desjardins de Terrebonne,,,2023-10-13 11:00:26,'2023-10-30 12:43:01'),Credit Union,general,0,0,0
298,Del Sol Greenhouses Inc,,,2023-10-13 11:00:26,'2023-10-30 12:43:01'),Other,general,0,0,0
299,WPC GP Inc,,,2023-10-13 11:00:26,'2023-10-30 12:43:01'),Other,general,0,0,0
300,FirstOntario Credit Union Ltd,ontario.coop,,2023-12-02 13:34:34,'2023-10-30 12:43:01'),Major Bank,commercial,0,0,1
301,Delaware Trust Co,delawaretrust.com,,2023-12-02 13:34:34,'2023-10-30 12:43:01'),Trust Company,general,0,0,0
302,Pogacar Holdings Ltd,,,2023-10-13 11:00:27,'2023-10-30 12:43:01'),Major Bank,general,0,0,0
303,Clifton Blake Capital Cor,,,2023-10-13 11:00:27,'2023-10-30 12:43:01'),Private Lender,general,0,0,0
304,2221100 Ontario Inc,,,2023-10-13 11:00:27,'2023-10-30 12:43:01'),Other,general,0,0,0
305,Dash Developments Inc,,,2023-10-13 11:00:27,'2023-10-30 12:43:01'),Development Company,general,0,0,0
306,The Pentecostal Holiness Church of Canada,,,2023-10-13 11:00:27,'2023-10-30 12:43:01'),Other,general,0,0,0
307,Mount Pleasant Cemetery (London) Inc,,,2023-10-13 11:00:27,'2023-10-30 12:43:01'),Other,general,0,0,0
308,2343065 Ontario Ltd,,,2023-10-13 11:00:27,'2023-10-30 12:43:01'),Major Bank,general,0,0,0
309,Learon Ltd,,,2023-10-13 11:00:27,'2023-10-30 12:43:01'),Major Bank,general,0,0,0
310,Hats to Hose Inc,,,2023-10-13 11:00:29,'2023-10-30 12:43:01'),Other,general,0,0,0
311,1880551 Ontario Ltd,,,2023-10-13 11:00:29,'2023-10-30 12:43:01'),Major Bank,general,0,0,0
312,652761 Ontario Inc,,,2023-10-13 11:00:29,'2023-10-30 12:43:01'),Other,general,0,0,0
313,Montez Office Fund I Inc,,,2023-10-13 11:00:29,'2023-10-30 12:43:01'),Other,general,0,0,0
314,Orion Cap Inc,,,2023-10-13 11:00:29,'2023-10-30 12:43:01'),Other,general,0,0,0
315,The Migo Group Ltd,,,2023-10-13 11:00:29,'2023-10-30 12:43:01'),Major Bank,general,0,0,0
316,538 St Clair Avenue West Ltd,,,2023-10-13 11:00:30,'2023-10-30 12:43:01'),Major Bank,general,0,0,0
317,538 St Clair Aveneu West Ltd,,,2023-10-13 11:00:30,'2023-10-30 12:43:01'),Major Bank,general,0,0,0
318,GC Jain Investments Ltd,,,2023-10-13 11:00:30,'2023-10-30 12:43:01'),Major Bank,general,0,0,0
319,North 404 Holdings Ltd,,,2023-10-13 11:00:32,'2023-10-30 12:43:01'),Major Bank,general,0,0,0
320,1287701 Ontario Inc,,,2023-10-13 11:00:32,'2023-10-30 12:43:01'),Other,general,0,0,0
321,Scarborough Muslim Associatio,smacanada.ca,,2023-12-02 13:34:34,'2023-10-30 12:43:01'),Other,general,0,0,0
322,"Mowbray, Wright Regional Developments Inc",,,2023-10-13 11:00:32,'2023-10-30 12:43:01'),Development Company,general,0,0,0
323,Embrun Realty Ltd,,,2023-10-13 11:00:32,'2023-10-30 12:43:01'),Major Bank,general,0,0,0
324,JDRMH Holdings Inc,,,2023-10-13 11:00:32,'2023-10-30 12:43:01'),Private Lender,general,0,0,0
325,Manswood Capital Inc,,,2023-10-13 11:00:32,'2023-10-30 12:43:01'),Private Lender,general,0,0,0
326,9969624 Canada Inc,,,2023-10-13 11:00:32,'2023-10-30 12:43:01'),Other,general,0,0,0
327,1000324324 Ontario Inc,,,2023-10-13 11:00:32,'2023-10-30 12:43:01'),Other,general,0,0,0
328,National Rubber Technologies Cor,,,2023-10-13 11:00:32,'2023-10-30 12:43:01'),Other,general,0,0,0
329,2225763 Ontario Inc,,,2023-10-13 11:00:33,'2023-10-30 12:43:01'),Other,general,0,0,0
330,2494464 Ontario Ltd,,,2023-10-13 11:00:33,'2023-10-30 12:43:01'),Major Bank,general,0,0,0
331,Oak Ridges Seaton Inc,,,2023-10-13 11:00:33,'2023-10-30 12:43:01'),Other,general,0,0,0
332,1767289 Ontario Inc,,,2023-10-13 11:00:33,'2023-10-30 12:43:01'),Other,general,0,0,0
333,Grand River Property Management Ltd,,,2023-10-13 11:00:33,'2023-10-30 12:43:01'),Major Bank,general,0,0,0
334,Triple T Holdings Ltd,,,2023-10-13 11:00:33,'2023-10-30 12:43:01'),Major Bank,general,0,0,0
335,Mainstreet Credit Union Ltd,mainstreetcu.org,,2023-12-02 13:34:34,'2023-10-30 12:43:01'),Major Bank,commercial,0,0,1
336,Martin A Lieberman Enterprises Inc and 26 other,,,2023-10-13 11:00:33,'2023-10-30 12:43:01'),Other,general,0,0,0
337,De Vries Family Farms Ltd,,,2023-10-13 11:00:33,'2023-10-30 12:43:01'),Major Bank,agricultural,0,0,0
338,Windy Stream Farms Inc,,,2023-10-13 11:00:33,'2023-10-30 12:43:01'),Other,agricultural,0,0,0
339,2157854 Ontario Inc,,,2023-10-13 11:00:34,'2023-10-30 12:43:01'),Other,general,0,0,0
340,Husky Truck Lease Ltd,,,2023-10-13 11:00:34,'2023-10-30 12:43:01'),Major Bank,general,0,0,0
341,MacEwen Petroleum Inc,macewen.ca,,2023-12-02 13:34:34,'2023-10-30 12:43:01'),Other,general,0,0,0
342,4Q Bank Note Holdings Inc,,,2023-10-13 11:00:34,'2023-10-30 12:43:01'),Major Bank,general,0,0,0
343,Donker View Farms Inc,,,2023-10-13 11:00:34,'2023-10-30 12:43:01'),Other,agricultural,0,0,0
344,Chan Family Holding Inc and 17 other,,,2023-10-13 11:00:34,'2023-10-30 12:43:01'),Other,general,0,0,0
345,2452526 Ontario Inc,,,2023-10-13 11:00:34,'2023-10-30 12:43:01'),Other,general,0,0,0
346,Sila Investments Inc,,,2023-10-13 11:00:34,'2023-10-30 12:43:01'),Other,general,0,0,0
347,B4M Financial Services Inc,,,2023-10-13 11:00:34,'2023-10-30 12:43:01'),Credit Union,general,0,0,0
348,PenFinancial Credit Union Ltd,penfinancial.com,,2023-12-02 13:34:34,'2023-10-30 12:43:01'),Major Bank,commercial,0,0,1
349,1906470 Ontario Inc,,,2023-10-13 11:00:34,'2023-10-30 12:43:01'),Other,general,0,0,0
350,RCMF Mortgage Investments Inc,,,2023-10-13 11:00:35,'2023-10-30 12:43:01'),Private Lender,residential,0,0,0
351,Comfort Capital Inc,,,2023-10-13 11:00:35,'2023-10-30 12:43:01'),Private Lender,general,0,0,0
352,TLI Holdings Inc,,,2023-10-13 11:00:35,'2023-10-30 12:43:01'),Private Lender,general,0,0,0
353,Perovich Holdings Inc,,,2023-10-13 11:00:35,'2023-10-30 12:43:01'),Private Lender,general,0,0,0
354,1000568713 Ontario Inc,,,2023-10-13 11:00:35,'2023-10-30 12:43:01'),Other,general,0,0,0
355,RC Lakeshore Holdings Inc,,,2023-10-13 11:00:35,'2023-10-30 12:43:01'),Private Lender,general,0,0,0
356,Tobis Investments Inc,,,2023-10-13 11:00:35,'2023-10-30 12:43:01'),Other,general,0,0,0
357,Canlend Financing Group Inc,,,2023-10-13 11:00:35,'2023-10-30 12:43:01'),Other,general,0,0,0
358,9929916 Canada Inc,,,2023-10-13 11:00:35,'2023-10-30 12:43:01'),Other,general,0,0,0
359,Cheapo Bros Ltd,,,2023-10-13 11:00:35,'2023-10-30 12:43:01'),Major Bank,general,0,0,0
360,Sinvestment Holdings Ltd,,,2023-10-13 11:00:35,'2023-10-30 12:43:01'),Major Bank,general,0,0,0
361,RBC Life Insurance Co,,,2023-10-13 11:00:35,'2023-10-30 12:43:01'),Major Bank,general,0,0,0
362,Tag Group Inc,taggroup.co,,2023-12-02 13:34:35,'2023-10-30 12:43:01'),Other,general,0,0,0
363,Woodland Country Estates Inc,,,2023-10-13 11:00:35,'2023-10-30 12:43:01'),Other,land,1,0,0
364,Downing Street Financial Inc,,,2023-10-13 11:00:35,'2023-10-30 12:43:01'),Credit Union,general,0,0,0
365,Kahlen Properties Ltd,,,2023-10-13 11:00:35,'2023-10-30 12:43:01'),Major Bank,general,0,0,0
366,Fiirm Capital Mortgage Fund Inc,,,2023-10-13 11:00:35,'2023-10-30 12:43:01'),Private Lender,residential,0,0,0
367,The Roman Catholic Episcopal Corporation of Pembroke,,,2023-10-13 11:00:35,'2023-10-30 12:43:01'),Other,general,0,0,0
368,Trinity Woods Inc,,,2023-10-13 11:00:36,'2023-10-30 12:43:01'),Other,general,0,0,0
369,Tek Corporatio,,,2023-10-13 11:00:36,'2023-10-30 12:43:01'),Other,general,0,0,0
370,1319776 Ontario Inc,,,2023-10-13 11:00:36,'2023-10-30 12:43:01'),Other,general,0,0,0
371,Jedburgh Farms Ltd,,,2023-10-13 11:00:36,'2023-10-30 12:43:01'),Major Bank,agricultural,0,0,0
372,DMH Holdings Inc,,,2023-10-13 11:00:36,'2023-10-30 12:43:01'),Private Lender,general,0,0,0
373,2130400 Ontario Inc,,,2023-10-13 11:00:36,'2023-10-30 12:43:01'),Other,general,0,0,0
374,KingSett Canadian Real Estate Income Fund GP Inc,,,2023-10-13 11:00:36,'2023-10-30 12:43:01'),Other,general,0,0,0
375,KingSett Canadian Real Estate Income Fund,,,2023-10-13 11:00:36,'2023-10-30 12:43:01'),Other,general,0,0,0
376,Drost Cattle Inc,,,2023-10-13 11:00:36,'2023-10-30 12:43:01'),Other,general,0,0,0
377,2763161 Ontario Ltd,,,2023-10-13 11:00:37,'2023-10-30 12:43:01'),Major Bank,general,0,0,0
378,Topfar Main Street Inc,,,2023-10-13 11:00:37,'2023-10-30 12:43:01'),Other,general,0,0,0
379,10411361 Canada Inc,,,2023-10-13 11:00:37,'2023-10-30 12:43:01'),Other,general,0,0,0
380,The Bank of Montreal,,,2023-10-13 11:00:37,'2023-10-30 12:43:01'),Major Bank,general,0,0,0
381,Peoples Trust Company,,,2023-10-13 11:00:37,'2023-10-30 12:43:01'),Trust Company,general,0,0,0
382,1170 Martingrove Inc,,,2023-10-13 11:00:37,'2023-10-30 12:43:01'),Other,general,0,0,0
383,First Source Financial Management Inc,,,2023-10-13 11:00:37,'2023-10-30 12:43:01'),Credit Union,general,0,0,0
384,1000213458 Ontario Ltd,,,2023-10-13 11:00:37,'2023-10-30 12:43:01'),Major Bank,general,0,0,0
385,F. Polsinelli Holdings Inc,,,2023-10-13 11:00:37,'2023-10-30 12:43:01'),Private Lender,general,0,0,0
386,Wilmot Creek Developments Inc,,,2023-10-13 11:00:38,'2023-10-30 12:43:01'),Development Company,commercial,0,0,1
387,2103386 Ontario Ltd,,,2023-10-13 11:00:39,'2023-10-30 12:43:01'),Major Bank,general,0,0,0
388,The Basilian Fathers of Toronto,,,2023-10-13 11:00:39,'2023-10-30 12:43:01'),Other,general,0,0,0
389,Baybridge Seniors Housing (Trustee) Inc,,,2023-10-13 11:00:39,'2023-10-30 12:43:01'),Trust Company,general,0,0,0
390,Seven Star Investments Inc,,,2023-10-13 11:00:39,'2023-10-30 12:43:01'),Other,general,0,0,0
391,Dominion Packers &amp; Realties Ltd,,,2023-10-13 11:00:39,'2023-10-30 12:43:01'),Major Bank,general,0,0,0
392,Elkranch Land Cor,,,2023-10-13 11:00:39,'2023-10-30 12:43:01'),Other,land,1,0,0
393,Hi-Line Manufacturing Co Ltd,,,2023-10-13 11:00:39,'2023-10-30 12:43:01'),Major Bank,industrial,0,0,0
394,Bridges Holdings Ltd,,,2023-10-13 11:00:40,'2023-10-30 12:43:01'),Major Bank,general,0,0,0
395,RioCan Mortgage Cor,,,2023-10-13 11:00:40,'2023-10-30 12:43:01'),Other,residential,0,0,0
396,First Commercial Bank,firstcommercialbk.com,,2023-12-02 13:34:35,'2023-10-30 12:43:01'),Major Bank,commercial,0,0,1
397,Desjardins Financial Security Ltd Assurance Co,,,2023-10-13 11:00:40,'2023-10-30 12:43:01'),Major Bank,general,0,0,0
398,2825277 Ontario Inc,,,2023-10-13 11:00:40,'2023-10-30 12:43:01'),Other,general,0,0,0
399,Arctic Green Holdings Inc,,,2023-10-13 11:00:41,'2023-10-30 12:43:01'),Private Lender,general,0,0,0
400,"Wells Fargo Bank, NA Canadian Branch",,,2023-10-13 11:00:42,'2023-10-30 12:43:01'),Major Bank,general,0,0,0
401,Avila Investments Ltd,,,2023-10-13 11:00:42,'2023-10-30 12:43:01'),Major Bank,general,0,0,0
402,Cambridge Aggregate Services Inc,,,2023-10-13 11:00:42,'2023-10-30 12:43:01'),Other,general,0,0,0
403,1000054508 Ontario Inc,,,2023-10-13 11:00:42,'2023-10-30 12:43:01'),Other,general,0,0,0
404,RBC Investor Services Trust,,,2023-10-13 11:00:42,'2023-10-30 12:43:01'),Major Bank,general,0,0,0
405,2081788 Ontario Cor,,,2023-10-13 11:00:42,'2023-10-30 12:43:01'),Other,general,0,0,0
406,Jem-D International Inc,adobe.com,,2023-12-02 13:34:35,'2023-10-30 12:43:01'),Other,general,0,0,0
407,2322099 Ontario Inc,,,2023-10-13 11:00:44,'2023-10-30 12:43:01'),Other,general,0,0,0
408,EE Sunrise Ltd,,,2023-10-13 11:00:44,'2023-10-30 12:43:01'),Major Bank,general,0,0,0
409,Erb-Kumpf House Ltd,,,2023-10-13 11:00:44,'2023-10-30 12:43:01'),Major Bank,general,0,0,0
410,Canadian Western Bank,,,2023-10-13 11:00:44,'2023-10-30 12:43:01'),Major Bank,general,0,0,0
411,Spriet Investments Inc,scinvestments.com.au,,2023-12-02 13:34:42,'2023-10-30 12:43:01'),Other,general,0,0,0
412,Ledore Investments Ltd,,,2023-10-13 11:00:44,'2023-10-30 12:43:01'),Major Bank,general,0,0,0
413,Prudent Excellence Mortgage Investment Cor,,,2023-10-13 11:00:44,'2023-10-30 12:43:01'),Private Lender,residential,0,0,0
414,Blue Moon Financial Cor,,,2023-10-13 11:00:44,'2023-10-30 12:43:01'),Credit Union,general,0,0,0
415,Dejong Holdings Inc,,,2023-10-13 11:00:45,'2023-10-30 12:43:01'),Private Lender,general,0,0,0
416,1270043 Ontario Ltd,,,2023-10-13 11:00:45,'2023-10-30 12:43:01'),Major Bank,general,0,0,0
417,Brenner Holdings Inc,,,2023-10-13 11:00:45,'2023-10-30 12:43:01'),Private Lender,general,0,0,0
418,2589315 Ontario Ltd,,,2023-10-13 11:00:45,'2023-10-30 12:43:01'),Major Bank,general,0,0,0
419,13668 EKP Inc,netdimensions.com,,2023-12-02 13:34:35,'2023-10-30 12:43:01'),Other,general,0,0,0
420,Dorsia Capital Cor,,,2023-10-13 11:00:46,'2023-10-30 12:43:01'),Private Lender,general,0,0,0
421,2200354 Ontario Ltd,,,2023-10-13 11:00:46,'2023-10-30 12:43:01'),Major Bank,general,0,0,0
422,GPA Water Street Investments Inc,,,2023-10-13 11:00:46,'2023-10-30 12:43:01'),Other,general,0,0,0
423,Scan Spill Clean Up Action Network Ltd,,,2023-10-13 11:00:46,'2023-10-30 12:43:01'),Major Bank,general,0,0,0
424,12430291 Canada Inc,,,2023-10-13 11:00:46,'2023-10-30 12:43:01'),Other,general,0,0,0
425,Cruse Enterprises Inc,,,2023-10-13 11:00:46,'2023-10-30 12:43:01'),Other,general,0,0,0
426,370503 Ontario Ltd,,,2023-10-13 11:00:46,'2023-10-30 12:43:01'),Major Bank,general,0,0,0
427,Ruby Q Holdings Inc,,,2023-10-13 11:00:46,'2023-10-30 12:43:01'),Private Lender,general,0,0,0
428,1000165790 Ontario Inc,,,2023-10-13 11:00:46,'2023-10-30 12:43:01'),Other,general,0,0,0
429,Skana Management Inc,,,2023-10-13 11:00:46,'2023-10-30 12:43:01'),Other,general,0,0,0
430,Coast Capital Savings Federfal Credit Unio,,,2023-10-13 11:00:46,'2023-10-30 12:43:01'),Private Lender,commercial,0,0,1
431,George Roque Wealth Cor,,,2023-10-13 11:00:46,'2023-10-30 12:43:01'),Other,general,0,0,0
432,Wealth One Bank of Canada,wealthonecanada.com,,2023-12-02 13:34:36,'2023-10-30 12:43:01'),Major Bank,general,0,0,0
433,Kagawong Enterprises Inc,,,2023-10-13 11:00:46,'2023-10-30 12:43:01'),Other,general,0,0,0
434,Citizens Bank of Canada,,,2023-10-13 11:00:47,'2023-10-30 12:43:01'),Major Bank,general,0,0,0
435,Centurion Mortgage Capital Cor,,,2023-10-13 11:00:48,'2023-10-30 12:43:01'),Private Lender,residential,0,0,0
436,Hallman Contruction Ltd,,,2023-10-13 11:00:48,'2023-10-30 12:43:01'),Major Bank,general,0,0,0
437,"General Motors Financial of Canada, Ltd",,,2023-10-13 11:00:48,'2023-10-30 12:43:01'),Major Bank,general,0,0,0
438,GCBB Land Holdings Ltd,,,2023-10-13 11:00:48,'2023-10-30 12:43:01'),Major Bank,land,1,0,0
439,2708601 Ontario Inc,,,2023-10-13 11:00:48,'2023-10-30 12:43:01'),Other,general,0,0,0
440,Hour Finance Inc,,,2023-10-13 11:00:49,'2023-10-30 12:43:01'),Other,general,0,0,0
441,Industrial Alliance Insurance and Financial Services Inc,,,2023-10-13 11:00:52,'2023-10-30 12:43:01'),Credit Union,industrial,0,0,0
442,Arca Investments Inc,,,2023-10-13 11:00:52,'2023-10-30 12:43:01'),Other,general,0,0,0
443,"Royal, as administrative agent",,,2023-10-13 11:00:52,'2023-10-30 12:43:01'),Other,general,0,0,0
444,GE Canada Real Estate Financing Holding Co,,,2023-10-13 11:00:52,'2023-10-30 12:43:01'),Other,general,0,0,0
445,Citibank NA,citi.com,,2023-12-02 13:34:36,'2023-10-30 12:43:01'),Major Bank,general,0,0,0
446,The Standard Life Assurance Co of Canada,,,2023-10-13 11:00:52,'2023-10-30 12:43:01'),Insurance Company,general,0,0,0
447,The Canada Trust Co,,,2023-10-13 11:00:52,'2023-10-30 12:43:01'),Trust Company,general,0,0,0
448,cIMC Fixed Term Fund Cor,,,2023-10-13 11:00:52,'2023-10-30 12:43:01'),Other,general,0,0,0
449,Canada Square Ma,,,2023-10-13 11:00:53,'2023-10-30 12:43:01'),Other,general,0,0,0
450,CDPQ Mortgage Cor,,,2023-10-13 11:00:53,'2023-10-30 12:43:01'),Other,residential,0,0,0
451,Capmark Canada Ltd,,,2023-10-13 11:00:53,'2023-10-30 12:43:01'),Major Bank,general,0,0,0
452,Optrust Office Inc,,,2023-10-13 11:00:53,'2023-10-30 12:43:01'),Trust Company,general,0,0,0
453,Teachers Insurance and Annuity Association of America,,,2023-10-13 11:00:53,'2023-10-30 12:43:01'),Insurance Company,general,0,0,0
454,3086142 Nova Scotia Co,,,2023-10-13 11:00:53,'2023-10-30 12:43:01'),Other,general,0,0,0
455,General Electric Capital Canada Inc,ge.com,,2023-12-02 13:34:36,'2023-10-30 12:43:01'),Private Lender,general,0,0,0
456,200 Bay St Holdings Inc,,,2023-10-13 11:00:53,'2023-10-30 12:43:01'),Private Lender,general,0,0,0
457,CPP Investment Board Real Estate Holdings Inc,,,2023-10-13 11:00:53,'2023-10-30 12:43:01'),Private Lender,general,0,0,0
458,Owemanco Mortgage Holding Cor,,,2023-10-13 11:00:54,'2023-10-30 12:43:01'),Other,residential,0,0,0
459,Vaughan Enterprises Cor,,,2023-10-13 11:00:54,'2023-10-30 12:43:01'),Other,general,0,0,0
460,1173735 Ontario Ltd,,,2023-10-13 11:00:54,'2023-10-30 12:43:01'),Major Bank,general,0,0,0
461,Eric Grundy Sales Ltd,,,2023-10-13 11:00:54,'2023-10-30 12:43:01'),Major Bank,general,0,0,0
462,Bank of China (Canada),boc.cn,,2023-12-02 13:34:42,'2023-10-30 12:43:01'),Major Bank,general,0,0,0
463,1070461 Ontario Inc,,,2023-10-13 11:00:54,'2023-10-30 12:43:01'),Other,general,0,0,0
464,1091904 Ontario Inc,,,2023-10-13 11:00:54,'2023-10-30 12:43:01'),Other,general,0,0,0
465,Bridging Finance Inc,cocoasphaltengineering.com,,2023-12-02 13:34:36,'2023-10-30 12:43:01'),Other,general,0,0,0
466,Wexford Commercial Developments (Blackburn) Ltd,,,2023-10-13 11:00:54,'2023-10-30 12:43:01'),Major Bank,commercial,0,0,1
467,Andrews Crops Inc,,,2023-10-13 11:00:54,'2023-10-30 12:43:01'),Other,general,0,0,0
468,Stars of Malwa Investments Inc,,,2023-10-13 11:00:54,'2023-10-30 12:43:01'),Other,general,0,0,0
469,AMLD Investments Inc and 6 other,,,2023-10-13 11:00:54,'2023-10-30 12:43:01'),Other,general,0,0,0
470,590976 Ontario Ltd,,,2023-10-13 11:00:54,'2023-10-30 12:43:01'),Major Bank,general,0,0,0
471,998909 Ontario Inc,,,2023-10-13 11:00:54,'2023-10-30 12:43:01'),Other,general,0,0,0
472,808001 Ontario Ltd,,,2023-10-13 11:00:54,'2023-10-30 12:43:01'),Major Bank,general,0,0,0
473,923944 Ontario Ltd,,,2023-10-13 11:00:54,'2023-10-30 12:43:01'),Major Bank,general,0,0,0
474,Rack Nations Ltd,,,2023-10-13 11:00:54,'2023-10-30 12:43:01'),Major Bank,general,0,0,0
475,Morrissey Financial,,,2023-10-13 11:00:54,'2023-10-30 12:43:01'),Credit Union,general,0,0,0
476,1951584 Ontario Inc,,,2023-10-13 11:00:54,'2023-10-30 12:43:01'),Other,general,0,0,0
477,1377578 Ontario Ltd,,,2023-10-13 11:00:54,'2023-10-30 12:43:01'),Major Bank,general,0,0,0
478,Teashers Insurance and Annuity Association of America,,,2023-10-13 11:00:56,'2023-10-30 12:43:01'),Insurance Company,general,0,0,0
479,Metropia (Front &amp; Sherbourne) GP Cor,,,2023-10-13 11:00:56,'2023-10-30 12:43:01'),Other,general,0,0,0
480,Rappcan International Inc,,,2023-10-13 11:00:56,'2023-10-30 12:43:01'),Other,general,0,0,0
481,State Street Trust Co Canada,,,2023-10-13 11:00:56,'2023-10-30 12:43:01'),Trust Company,general,0,0,0
482,TCC Mortgage Holdings Inc,,,2023-10-13 11:00:56,'2023-10-30 12:43:01'),Private Lender,residential,0,0,0
483,"Bank of America, National Associatio",bankofamerica.com,,2023-12-02 13:34:42,'2023-10-30 12:43:01'),Major Bank,general,0,0,0
484,Desjardins Credit Union Inc,,,2023-10-13 11:00:56,'2023-10-30 12:43:01'),Major Bank,commercial,0,0,1
485,The Great-West Life Assurance Co,,,2023-10-13 11:00:56,'2023-10-30 12:43:01'),Insurance Company,general,0,0,0
486,London Life Insurance Co,,,2023-10-13 11:00:56,'2023-10-30 12:43:01'),Insurance Company,general,0,0,0
487,KS Bayshore Inc,,,2023-10-13 11:00:57,'2023-10-30 12:43:01'),Other,general,0,0,0
488,Bayshore Shopping Centre Ltd,,,2023-10-13 11:00:57,'2023-10-30 12:43:01'),Major Bank,general,0,0,0
489,Regional Shopping Centres Ltd,,,2023-10-13 11:00:57,'2023-10-30 12:43:01'),Major Bank,general,0,0,0
490,HOOPP Realty Inc,,,2023-10-13 11:00:57,'2023-10-30 12:43:01'),Other,general,0,0,0
491,Dekabank Deutsche Girozentrale,,,2023-10-13 11:00:57,'2023-10-30 12:43:01'),Major Bank,general,0,0,0
492,Lehman Brothers International (Europe),,,2023-10-13 11:00:57,'2023-10-30 12:43:01'),Other,general,0,0,0
493,Societe Generale (Canada Branch),,,2023-10-13 11:00:57,'2023-10-30 12:43:01'),Other,general,0,0,0
494,Canada Square Management Ltd,,,2023-10-13 11:00:57,'2023-10-30 12:43:01'),Major Bank,general,0,0,0
495,"GMAC Commercial Mortgage of Canada, Ltd",,,2023-10-13 11:00:58,'2023-10-30 12:43:01'),Major Bank,commercial|residential,0,0,1
496,Hari Convenience Inc,,,2023-10-13 11:00:58,'2023-10-30 12:43:01'),Other,general,0,0,0
497,Jin Jiao Capital Management Inc,,,2023-10-13 11:00:58,'2023-10-30 12:43:01'),Private Lender,general,0,0,0
498,Hall Q Corporatio,,,2023-10-13 11:00:58,'2023-10-30 12:43:01'),Other,general,0,0,0
499,CIBC Mortgages Inc,,,2023-10-13 11:00:58,'2023-10-30 12:43:01'),Major Bank,residential,0,0,0
500,1724785 Ontario Inc,,,2023-10-13 11:00:58,'2023-10-30 12:43:01'),Other,general,0,0,0
501,Jushan Investments Ltd,,,2023-10-13 11:00:58,'2023-10-30 12:43:01'),Major Bank,general,0,0,0
502,The Business Development Bank of Canada,,,2023-10-13 11:00:58,'2023-10-30 12:43:01'),Major Bank,general,0,0,0
503,917003 Ontario Ltd,,,2023-10-13 11:00:58,'2023-10-30 12:43:01'),Major Bank,general,0,0,0
504,2294368 Ontario Inc,,,2023-10-13 11:00:58,'2023-10-30 12:43:01'),Other,general,0,0,0
505,Carmela Estates Winery Ltd,,,2023-10-13 11:00:58,'2023-10-30 12:43:01'),Major Bank,general,0,0,0
506,1831883 Ontario Ltd,,,2023-10-13 11:00:58,'2023-10-30 12:43:01'),Major Bank,general,0,0,0
507,FCC Mortgage Associates Inc,,,2023-10-13 11:00:58,'2023-10-30 12:43:01'),Other,residential,0,0,0
508,Woodbourne Maple Real Estate III BV,,,2023-10-13 11:00:58,'2023-10-30 12:43:01'),Other,general,0,0,0
509,Woodbourne Canada II GP ULC,,,2023-10-13 11:00:58,'2023-10-30 12:43:01'),Other,general,0,0,0
510,Meie Management and Investments Ltd,,,2023-10-13 11:00:58,'2023-10-30 12:43:01'),Major Bank,general,0,0,0
511,The Equitable Trust Company,,,2023-10-13 11:00:58,'2023-10-30 12:43:01'),Trust Company,general,0,0,0
512,Her Majesty the Queen in Right of Ontario represented by the Minister of Municipal Affairs and Housing,,,2023-10-13 11:00:58,'2023-10-30 12:43:01'),Other,general,0,0,0
513,Homestead Land Holdings Ltd,,,2023-10-13 11:02:44,'2023-10-30 12:43:01'),Major Bank,land,1,0,0
514,Silvercore Properties Inc,,,2023-10-13 11:02:44,'2023-10-30 12:43:01'),Development Company,general,0,0,0
515,CMLS Financial Ltd,cmls.ca,,2023-12-02 13:34:37,'2023-10-30 12:43:01'),Major Bank,general,0,0,0
516,BREDS III 325 LLC,,,2023-10-13 11:02:44,'2023-10-30 12:43:01'),Other,general,0,0,0
517,1199403 Ontario Inc,,,2023-10-13 11:02:44,'2023-10-30 12:43:01'),Other,general,0,0,0
518,Dymon Healthcare Cor,,,2023-10-13 11:02:44,'2023-10-30 12:43:01'),Other,general,0,0,0
519,M Park Place Cor,,,2023-10-13 11:02:45,'2023-10-30 12:43:01'),Other,general,0,0,0
520,2463588 Ontario Inc,,,2023-10-13 11:02:45,'2023-10-30 12:43:01'),Other,general,0,0,0
521,The Standard Life Assurance Company of Canada,standard.ai,,2023-12-02 13:34:42,'2023-10-30 12:43:01'),Insurance Company,general,0,0,0
522,1213763 Ontario Inc,,,2023-10-13 11:02:45,'2023-10-30 12:43:01'),Other,general,0,0,0
523,Belmar Realty Ltd,,,2023-10-13 11:02:45,'2023-10-30 12:43:01'),Major Bank,general,0,0,0
524,"St Elizabeth Home Society (Hamilton, Ontario)",,,2023-10-13 11:02:45,'2023-10-30 12:43:01'),Other,general,0,0,0
525,Mustang Equities Inc,,,2023-10-13 11:02:45,'2023-10-30 12:43:01'),Other,general,0,0,0
526,CHC Student Housing Luxe Inc,,,2023-10-13 11:02:45,'2023-10-30 12:43:01'),Other,general,0,0,0
527,333 and 339 King Street North (ARI) Ltd,,,2023-10-13 11:02:45,'2023-10-30 12:43:01'),Major Bank,general,0,0,0
528,Rise Real Estate Inc,,,2023-10-13 11:02:45,'2023-10-30 12:43:01'),Other,general,0,0,0
529,Firm Capital Mortgage Cor,,,2023-10-13 11:02:45,'2023-10-30 12:43:01'),Private Lender,residential,0,0,0
530,BCIMC Construction Fund Cor,,,2023-10-13 11:02:45,'2023-10-30 12:43:01'),Other,construction,0,1,0
531,cIMC Speciality Fund Cor,,,2023-10-13 11:02:45,'2023-10-30 12:43:01'),Other,general,0,0,0
532,Kingsett Canadian Real Estate Income Fund GP,,,2023-10-13 11:02:45,'2023-10-30 12:43:01'),Other,general,0,0,0
533,Minto Apartments Ltd,,,2023-10-13 11:02:45,'2023-10-30 12:43:01'),Major Bank,general,0,0,0
534,Sun Life Assurance Co of Canada,,,2023-10-13 11:02:45,'2023-10-30 12:43:01'),Insurance Company,general,0,0,0
535,Trilon Bancorp Inc,,,2023-10-13 11:02:45,'2023-10-30 12:43:01'),Other,general,0,0,0
536,Heritage Glen Erin Inc,,,2023-10-13 11:02:46,'2023-10-30 12:43:01'),Other,general,0,0,0
537,Ganaraska Credit Union Ltd,ganaraskacu.com,,2023-12-02 13:34:24,'2023-10-30 12:43:01'),Major Bank,commercial,0,0,1
538,HSBC Bank of Canada,hsbc.com,,2023-12-02 13:34:42,'2023-10-30 12:43:01'),Major Bank,general,0,0,0
539,"Bank of Montreal, DBA BMO Capital",,,2023-10-13 11:02:48,'2023-10-30 12:43:01'),Major Bank,general,0,0,0
540,Mattamy (Brantford) Ltd,,,2023-10-13 11:02:48,'2023-10-30 12:43:01'),Major Bank,general,0,0,0
541,E &amp; J Horvath Farms Ltd,,,2023-10-13 11:02:48,'2023-10-30 12:43:01'),Major Bank,agricultural,0,0,0
542,Portage Capital Cominee Cor,,,2023-10-13 11:02:48,'2023-10-30 12:43:01'),Private Lender,general,0,0,0
543,7037619 Canada Inc,,,2023-10-13 11:02:48,'2023-10-30 12:43:01'),Other,general,0,0,0
544,Greycan 13 Properties Inc,,,2023-10-13 11:02:48,'2023-10-30 12:43:01'),Development Company,general,0,0,0
545,13144801 Canada Inc,,,2023-10-13 11:02:48,'2023-10-30 12:43:01'),Other,general,0,0,0
546,1344801 Canada Inc,,,2023-10-13 11:02:48,'2023-10-30 12:43:01'),Other,general,0,0,0
547,E 3 Farms Ltd,,,2023-10-13 11:02:48,'2023-10-30 12:43:01'),Major Bank,agricultural,0,0,0
548,Annandale Park Developments Ltd,,,2023-10-13 11:02:48,'2023-10-30 12:43:01'),Major Bank,general,0,0,0
549,Richmond GP Inc,,,2023-10-13 11:02:48,'2023-10-30 12:43:01'),Other,general,0,0,0
550,YMCA of Greater Toronto,ymcagta.org,,2023-12-02 13:34:25,'2023-10-30 12:43:01'),Other,general,0,0,0
551,4293738 Canada Inc,,,2023-10-13 11:02:48,'2023-10-30 12:43:01'),Other,general,0,0,0
552,OPB (160 Front) Nominee Inc,,,2023-10-13 11:02:48,'2023-10-30 12:43:01'),Other,general,0,0,0
553,TD 160 Front Street Nominee Ltd,,,2023-10-13 11:02:48,'2023-10-30 12:43:01'),Major Bank,general,0,0,0
554,160 FWS Holdings Inc,fwsgroup.com,,2023-12-02 13:34:25,'2023-10-30 12:43:01'),Private Lender,general,0,0,0
555,160 FSW Holdings Inc,,,2023-10-13 11:02:48,'2023-10-30 12:43:01'),Private Lender,general,0,0,0
556,BNY Trust Company of Canada,,,2023-10-13 11:02:48,'2023-10-30 12:43:01'),Trust Company,general,0,0,0
557,Toronto Hydro-Electric System Ltd,,,2023-10-13 11:02:49,'2023-10-30 12:43:01'),Major Bank,general,0,0,0
558,Granite REIT Inc,granitereit.com,,2023-12-02 13:34:25,'2023-10-30 12:43:01'),Other,general,0,0,0
559,Milton 7-5 Holdings Inc,milton-union.k12.oh.us,,2023-12-02 13:34:25,'2023-10-30 12:43:01'),Private Lender,general,0,0,0
560,Tarapark Developments Cor,,,2023-10-13 11:02:49,'2023-10-30 12:43:01'),Development Company,general,0,0,0
561,The Manufacturers Life Insurance Company,meemic.com,,2023-12-02 13:34:42,'2023-10-30 12:43:01'),Insurance Company,general,0,0,0
562,Wells Fargo Bank National Associatio,,,2023-10-13 11:02:49,'2023-10-30 12:43:01'),Major Bank,general,0,0,0
563,M+M Urban Realty LP,,,2023-10-13 11:02:49,'2023-10-30 12:43:01'),Other,general,0,0,0
564,Mountain Equipment Co-Operative,,,2023-10-13 11:02:49,'2023-10-30 12:43:01'),Other,general,0,0,0
565,Castlepoint Greybrook Inc,,,2023-10-13 11:02:49,'2023-10-30 12:43:01'),Other,general,0,0,0
566,CDPQ Mortgage Investment Cor,,,2023-10-13 11:02:49,'2023-10-30 12:43:01'),Private Lender,residential,0,0,0
567,Meadowvale Campus GP Ltd,,,2023-10-13 11:02:49,'2023-10-30 12:43:01'),Major Bank,general,0,0,0
568,Northam CCPF Propco (Meadowvale) SARL,,,2023-10-13 11:02:49,'2023-10-30 12:43:01'),Other,general,0,0,0
569,The York Downs Golf and Country Club Ltd,,,2023-10-13 11:02:49,'2023-10-30 12:43:01'),Major Bank,general,0,0,0
570,Canadian Real Estate Investment Trust,pro-rks.com,,2023-12-02 13:34:42,'2023-10-30 12:43:01'),Trust Company,general,0,0,0
571,Seniority Investments Ltd,,,2023-10-13 11:02:49,'2023-10-30 12:43:01'),Major Bank,general,0,0,0
572,Lanterra (BW) Lender Inc,lanterra.com,,2023-12-02 13:34:25,'2023-10-30 12:43:01'),Other,general,0,0,0
573,Woodbridge Investments Inc,,,2023-10-13 11:02:49,'2023-10-30 12:43:01'),Other,general,0,0,0
574,Aviva Insurance Co of Canada,avivacanada.com,,2023-12-02 13:34:26,'2023-10-30 12:43:01'),Insurance Company,general,0,0,0
575,Her Majesty the Queen in Right of Ontario,,,2023-10-13 11:02:49,'2023-10-30 12:43:01'),Other,general,0,0,0
576,John McCracke,,,2023-10-13 11:02:49,'2023-10-30 12:43:01'),Other,general,0,0,0
577,Kenyan Property Management Group Inc,,,2023-10-13 11:02:49,'2023-10-30 12:43:01'),Development Company,general,0,0,0
578,Wittington Properties Ltd,,,2023-10-13 11:02:49,'2023-10-30 12:43:01'),Major Bank,general,0,0,0
579,Riva Glade Holdings Inc,,,2023-10-13 11:02:49,'2023-10-30 12:43:01'),Private Lender,general,0,0,0
580,Rosewise Investments Inc,,,2023-10-13 11:02:49,'2023-10-30 12:43:01'),Other,general,0,0,0
581,Lonsmount Construction Ltd,,,2023-10-13 11:02:49,'2023-10-30 12:43:01'),Major Bank,construction,0,1,0
582,Jay-M Holdings Ltd,,,2023-10-13 11:02:49,'2023-10-30 12:43:01'),Major Bank,general,0,0,0
583,Larry Gardner Livestock,,,2023-10-13 11:02:50,'2023-10-30 12:43:01'),Other,general,0,0,0
584,Canadian Western Trust Co,,,2023-10-13 11:02:50,'2023-10-30 12:43:01'),Trust Company,general,0,0,0
585,Inter-York Securities Ltd,,,2023-10-13 11:02:50,'2023-10-30 12:43:01'),Major Bank,general,0,0,0
586,Allandale Veterinary Centre Ltd,,,2023-10-13 11:02:50,'2023-10-30 12:43:01'),Major Bank,land,1,0,0
587,1008627 Ontario Inc,,,2023-10-13 11:02:50,'2023-10-30 12:43:01'),Other,general,0,0,0
588,Allandale Veterinary Services Ltd,,,2023-10-13 11:02:50,'2023-10-30 12:43:01'),Major Bank,land,1,0,0
589,"Wells Fargo Bank, NA Canadian Banch",wellsfargo.com,,2023-12-02 13:34:26,'2023-10-30 12:43:01'),Major Bank,general,0,0,0
590,American General Life Insurance Co,,,2023-10-13 11:02:52,'2023-10-30 12:43:01'),Insurance Company,general,0,0,0
591,AIG Alberta Nominee Inc,,,2023-10-13 11:02:52,'2023-10-30 12:43:01'),Other,general,0,0,0
592,Aareal Bank AG,aareal-bank.com,,2023-12-02 13:34:26,'2023-10-30 12:43:01'),Major Bank,general,0,0,0
593,2254233 Ontario Inc,,,2023-10-13 11:02:53,'2023-10-30 12:43:01'),Other,general,0,0,0
594,Romzap Ltd,,,2023-10-13 11:02:53,'2023-10-30 12:43:01'),Major Bank,general,0,0,0
595,Above the Falls Inc,,,2023-10-13 11:02:53,'2023-10-30 12:43:01'),Other,general,0,0,0
596,Blue Tree Hotels Investmnet (Canada) Ltd,,,2023-10-13 11:02:53,'2023-10-30 12:43:01'),Major Bank,hospitality,0,0,0
597,The Toronto Region Board of Trade,,,2023-10-13 11:02:53,'2023-10-30 12:43:01'),Other,general,0,0,0
598,Goreway (III) Equities Inc,,,2023-10-13 11:02:54,'2023-10-30 12:43:01'),Other,general,0,0,0
599,Sun Life Assurance of Canada,,,2023-10-13 11:02:54,'2023-10-30 12:43:01'),Insurance Company,general,0,0,0
600,Alleghe Mortgage Fund Ltd,,,2023-10-13 11:02:54,'2023-10-30 12:43:01'),Major Bank,residential,0,0,0
601,Wells Fargo Bank NA Canadian Branch,,,2023-10-13 11:02:54,'2023-10-30 12:43:01'),Major Bank,general,0,0,0
602,Boundary Road Development Inc,,,2023-10-13 11:02:54,'2023-10-30 12:43:01'),Development Company,general,0,0,0
603,5225 Boundary Road Ottawa Property Inc,,,2023-10-13 11:02:54,'2023-10-30 12:43:01'),Development Company,general,0,0,0
604,Islington 501(III) Equities Inc,,,2023-10-13 11:02:55,'2023-10-30 12:43:01'),Other,general,0,0,0
605,First Capital (Park Lawn) Cor,,,2023-10-13 11:02:55,'2023-10-30 12:43:01'),Private Lender,general,0,0,0
606,2253213 Ontario Ltd,,,2023-10-13 11:02:55,'2023-10-30 12:43:01'),Major Bank,general,0,0,0
607,ING Mortgage Broker Services Inc,,,2023-10-13 11:02:55,'2023-10-30 12:43:01'),Other,residential,0,0,0
608,The Equitable Trust Co,,,2023-10-13 11:02:55,'2023-10-30 12:43:01'),Trust Company,general,0,0,0
609,Grand Central Business Park Inc,,,2023-10-13 11:02:55,'2023-10-30 12:43:01'),Other,general,0,0,0
610,PMP 2010 Nominee Ltd,,,2023-10-13 11:02:55,'2023-10-30 12:43:01'),Major Bank,general,0,0,0
611,Loblaw Properties Ltd,,,2023-10-13 11:02:55,'2023-10-30 12:43:01'),Major Bank,general,0,0,0
612,CSC King Street Ltd,,,2023-10-13 11:02:57,'2023-10-30 12:43:01'),Major Bank,general,0,0,0
613,Horizon Legacy Infrastructure 2008 Cor,,,2023-10-13 11:02:57,'2023-10-30 12:43:01'),Other,general,0,0,0
614,OMERS Realty CTT Holdings Two Inc,,,2023-10-13 11:02:58,'2023-10-30 12:43:01'),Private Lender,general,0,0,0
615,OMERS Realty CTT Holdings Inc,,,2023-10-13 11:02:58,'2023-10-30 12:43:01'),Private Lender,general,0,0,0
616,OMERS Realty CTT Two Holdings Inc,,,2023-10-13 11:02:58,'2023-10-30 12:43:01'),Private Lender,general,0,0,0
617,PSPIB-RE Summit Inc,,,2023-10-13 11:02:58,'2023-10-30 12:43:01'),Other,general,0,0,0
618,PSPIB-RE Summit,,,2023-10-13 11:02:58,'2023-10-30 12:43:01'),Other,general,0,0,0
619,The Governing Council of the University of Toronto,,,2023-10-13 11:02:58,'2023-10-30 12:43:01'),Other,general,0,0,0
620,1161974 Ontario Ltd,,,2023-10-13 11:02:58,'2023-10-30 12:43:01'),Major Bank,general,0,0,0
621,2087277 Ontario Inc,,,2023-10-13 11:02:58,'2023-10-30 12:43:01'),Other,general,0,0,0
622,942814 Ontario Ltd,,,2023-10-13 11:02:58,'2023-10-30 12:43:01'),Major Bank,general,0,0,0
623,Westminister Highlands Inc,,,2023-10-13 11:02:58,'2023-10-30 12:43:01'),Other,land,1,0,0
624,Santacarmel Construction Ltd,,,2023-10-13 11:02:58,'2023-10-30 12:43:01'),Major Bank,construction,0,1,0
625,Genesis Mortgage Investment Cor,,,2023-10-13 11:02:58,'2023-10-30 12:43:01'),Private Lender,residential,0,0,0
626,Celeste Holdings Ltd,,,2023-10-13 11:02:58,'2023-10-30 12:43:01'),Major Bank,general,0,0,0
627,The Plumbing and Pipefitting Worker,,,2023-10-13 11:02:58,'2023-10-30 12:43:01'),Other,general,0,0,0
628,Castlepoint Greybrook Huntington Inc,,,2023-10-13 11:02:58,'2023-10-30 12:43:01'),Other,general,0,0,0
629,2651628 Ontario Ltd,,,2023-10-13 11:02:58,'2023-10-30 12:43:01'),Major Bank,general,0,0,0
630,Wagema Nominee Ltd,,,2023-10-13 11:02:59,'2023-10-30 12:43:01'),Major Bank,general,0,0,0
631,Ben-Ted Construction Ltd,,,2023-10-13 11:02:59,'2023-10-30 12:43:01'),Major Bank,construction,0,1,0
632,The Roman Catholic Episcopal Corp of the Diocese of Hamilton in Ontario,hamiltondiocese.com,,2023-12-02 13:34:26,'2023-10-30 12:43:01'),Other,general,0,0,0
633,Treeola Farms Ltd,,,2023-10-13 11:02:59,'2023-10-30 12:43:01'),Major Bank,agricultural,0,0,0
634,Donna &amp; Ewart Beckett,,,2023-10-13 11:02:59,'2023-10-30 12:43:01'),Other,general,0,0,0
635,Helport Developments Inc,,,2023-10-13 11:11:55,'2023-10-30 12:43:01'),Development Company,general,0,0,0
636,Delta Property Holdings Inc,,,2023-10-13 11:11:55,'2023-10-30 12:43:01'),Private Lender,general,0,0,0
637,1655512 Ontario Inc,,,2023-10-13 11:11:55,'2023-10-30 12:43:01'),Other,general,0,0,0
638,Bronte Green Cor,,,2023-10-13 11:11:55,'2023-10-30 12:43:01'),Other,general,0,0,0
639,EMGO (North Oakville I) Ltd,,,2023-10-13 11:11:56,'2023-10-30 12:43:01'),Major Bank,general,0,0,0
640,LM Barrie Holdings Inc,,,2023-10-13 11:11:56,'2023-10-30 12:43:01'),Private Lender,general,0,0,0
641,Cichino Holding Ltd,,,2023-10-13 11:11:56,'2023-10-30 12:43:01'),Major Bank,general,0,0,0
642,Savoia Developments Ltd,,,2023-10-13 11:11:56,'2023-10-30 12:43:01'),Major Bank,general,0,0,0
643,Terra Gold (Leslie) Properties Inc,,,2023-10-13 11:11:56,'2023-10-30 12:43:01'),Development Company,general,0,0,0
644,Redthorn Company Ltd,,,2023-10-13 11:11:56,'2023-10-30 12:43:01'),Major Bank,general,0,0,0
645,Sixth Line Corporatio,,,2023-10-13 11:11:56,'2023-10-30 12:43:01'),Other,general,0,0,0
646,Barrie Equine Services Ltd,,,2023-10-13 11:11:56,'2023-10-30 12:43:01'),Major Bank,general,0,0,0
647,E Mason Investments Ltd,,,2023-10-13 11:11:56,'2023-10-30 12:43:01'),Major Bank,general,0,0,0
648,West Rowett Home Cor,,,2023-10-13 11:11:56,'2023-10-30 12:43:01'),Other,general,0,0,0
649,Helmhorst Investments Ltd,,,2023-10-13 11:11:57,'2023-10-30 12:43:01'),Major Bank,general,0,0,0
650,Davhil Trafalgar Ltd &amp; 6 other,,,2023-10-13 11:11:57,'2023-10-30 12:43:01'),Major Bank,general,0,0,0
651,Antonio &amp; Giuseppe Battistella,,,2023-10-13 11:11:57,'2023-10-30 12:43:01'),Other,general,0,0,0
652,Balmuzz Investments Inc,,,2023-10-13 11:11:57,'2023-10-30 12:43:01'),Other,general,0,0,0
653,Lake Rivers Inc,,,2023-10-13 11:11:57,'2023-10-30 12:43:01'),Other,general,0,0,0
654,Canadian Tire Corp Ltd,cantire.com,,2023-12-02 13:34:27,'2023-10-30 12:43:01'),Major Bank,general,0,0,0
655,SLC Management Canadian Commercial Mortgage Fund,,,2023-10-13 11:12:00,'2023-10-30 12:43:01'),Other,commercial|residential,0,0,1
656,Kidinks Holdings Inc,,,2023-10-13 11:12:00,'2023-10-30 12:43:01'),Private Lender,general,0,0,0
657,Crestpoint Real Estate (234 Laurier) Inc,,,2023-10-13 11:12:00,'2023-10-30 12:43:01'),Other,commercial,0,0,1
658,Atrium on Bay Potfolio Inc,,,2023-10-13 11:12:00,'2023-10-30 12:43:01'),Other,general,0,0,0
659,First Financial GP Cor,,,2023-10-13 11:12:00,'2023-10-30 12:43:01'),Credit Union,general,0,0,0
660,The Manufactureres Life Insurance Co,,,2023-10-13 11:12:00,'2023-10-30 12:43:01'),Insurance Company,general,0,0,0
661,10938629 Canada Inc,,,2023-10-13 11:12:00,'2023-10-30 12:43:01'),Other,general,0,0,0
662,Morguard BT Inc,,,2023-10-13 11:12:00,'2023-10-30 12:43:01'),Other,general,0,0,0
663,Minto Properties Inc,,,2023-10-13 11:12:00,'2023-10-30 12:43:01'),Development Company,general,0,0,0
664,IG Investment Management Ltd,,,2023-10-13 11:12:00,'2023-10-30 12:43:01'),Major Bank,general,0,0,0
665,Montreal Trust Co of Canada,,,2023-10-13 11:12:00,'2023-10-30 12:43:01'),Trust Company,general,0,0,0
666,Minto (Kent St) Inc,,,2023-10-13 11:12:01,'2023-10-30 12:43:01'),Other,general,0,0,0
667,The Standard Life Assuance Company of Canada,,,2023-10-13 11:12:01,'2023-10-30 12:43:01'),Insurance Company,general,0,0,0
668,ARI SP1 Nominee Inc,,,2023-10-13 11:12:01,'2023-10-30 12:43:01'),Other,general,0,0,0
669,KS SP1 Nominee Inc,,,2023-10-13 11:12:01,'2023-10-30 12:43:01'),Other,general,0,0,0
670,The Great-West Life Assuarance Co,,,2023-10-13 11:12:01,'2023-10-30 12:43:01'),Insurance Company,general,0,0,0
671,"IG Investment Management, Ltd",,,2023-10-13 11:12:01,'2023-10-30 12:43:01'),Major Bank,general,0,0,0
672,OREC (RAC) Holdings Inc,,,2023-10-13 11:12:01,'2023-10-30 12:43:01'),Private Lender,general,0,0,0
673,9486798 Canada Inc,,,2023-10-13 11:12:01,'2023-10-30 12:43:01'),Other,general,0,0,0
674,SP1 Nominee Inc,,,2023-10-13 11:12:01,'2023-10-30 12:43:01'),Other,general,0,0,0
675,ASI SP1 Nominee Inc,,,2023-10-13 11:12:01,'2023-10-30 12:43:01'),Other,general,0,0,0
676,Kroonenberg Toronto BV,,,2023-10-13 11:12:01,'2023-10-30 12:43:01'),Other,general,0,0,0
677,2278372 Ontario Inc,,,2023-10-13 11:12:01,'2023-10-30 12:43:01'),Other,general,0,0,0
678,2281140 Ontario Inc,,,2023-10-13 11:12:01,'2023-10-30 12:43:01'),Other,general,0,0,0
679,Outcore Equities Inc,,,2023-10-13 11:12:02,'2023-10-30 12:43:01'),Other,general,0,0,0
680,OPB (155 Wellington) Inc,,,2023-10-13 11:12:02,'2023-10-30 12:43:01'),Other,general,0,0,0
681,Ontrea Inc,,,2023-10-13 11:12:02,'2023-10-30 12:43:01'),Other,general,0,0,0
682,Osmington Inc,,,2023-10-13 11:12:03,'2023-10-30 12:43:01'),Other,general,0,0,0
683,Computershare Trust Company Canada,,,2023-10-13 11:12:07,'2023-10-30 12:43:01'),Trust Company,general,0,0,0
684,"Wells Fargo Bank, NA, Canadian Branch",,,2023-10-13 11:12:07,'2023-10-30 12:43:01'),Major Bank,general,0,0,0
685,1274442 Ontario Inc,,,2023-10-13 11:12:07,'2023-10-30 12:43:01'),Other,general,0,0,0
686,Luxe London Ltd,,,2023-10-13 11:12:08,'2023-10-30 12:43:01'),Major Bank,general,0,0,0
687,Homes in the Hills Inc,,,2023-10-13 11:12:09,'2023-10-30 12:43:01'),Other,general,0,0,0
688,Dallmitch Holdings Ltd,,,2023-10-13 11:12:09,'2023-10-30 12:43:01'),Major Bank,general,0,0,0
689,2522596 Ontario Inc,,,2023-10-13 11:12:09,'2023-10-30 12:43:01'),Other,general,0,0,0
690,Schlegel Urban Developments Cor,,,2023-10-13 11:12:09,'2023-10-30 12:43:01'),Development Company,general,0,0,0
691,First National Financial Cor,,,2023-10-13 11:12:09,'2023-10-30 12:43:01'),Credit Union,general,0,0,0
692,Python Coinvest GP Inc,,,2023-10-13 11:12:10,'2023-10-30 12:43:01'),Other,general,0,0,0
693,HCPVC Holdings Inc,,,2023-10-13 11:12:10,'2023-10-30 12:43:01'),Private Lender,general,0,0,0
694,The Equitable Life Insurance Co of Canada,,,2023-10-13 11:12:10,'2023-10-30 12:43:01'),Insurance Company,general,0,0,0
695,The Regional Municipality of Waterloo,,,2023-10-13 11:12:10,'2023-10-30 12:43:01'),Other,general,0,0,0
696,The Kitchener and Waterloo Community Foundatio,wrcf.ca,,2023-12-02 13:34:27,'2023-10-30 12:43:01'),Other,general,0,0,0
697,Timbercreek Canadian Multi-Residential V GP,,,2023-10-13 11:12:10,'2023-10-30 12:43:01'),Other,commercial|residential,0,0,1
698,400-King Road Developments Inc,,,2023-10-13 11:12:11,'2023-10-30 12:43:01'),Development Company,general,0,0,0
699,Carallas Holdings Inc,,,2023-10-13 11:12:11,'2023-10-30 12:43:01'),Private Lender,general,0,0,0
700,Canerector Inc,,,2023-10-13 11:12:11,'2023-10-30 12:43:01'),Other,general,0,0,0
701,CVC Ardellini Investments Inc,,,2023-10-13 11:12:11,'2023-10-30 12:43:01'),Other,general,0,0,0
702,West AG Resources Inc,agresource.com,,2023-12-02 13:34:28,'2023-10-30 12:43:01'),Other,general,0,0,0
703,Telb Mortgage Holding Cor,,,2023-10-13 11:12:11,'2023-10-30 12:43:01'),Other,residential,0,0,0
704,G-Line Holdings Inc,,,2023-10-13 11:12:11,'2023-10-30 12:43:01'),Private Lender,general,0,0,0
705,Vista Wood Estates Ltd,,,2023-10-13 11:12:11,'2023-10-30 12:43:01'),Major Bank,general,0,0,0
706,2547050 Ontario Inc,,,2023-10-13 11:12:11,'2023-10-30 12:43:01'),Other,general,0,0,0
707,Atrium Mortgage Investment Cor,,,2023-10-13 11:12:12,'2023-10-30 12:43:01'),Private Lender,residential,0,0,0
708,Longyard Properties Inc,,,2023-10-13 11:12:12,'2023-10-30 12:43:01'),Development Company,general,0,0,0
709,2740544 Ontario Inc,,,2023-10-13 11:12:12,'2023-10-30 12:43:01'),Other,general,0,0,0
710,3119 Carp Road General Partnershi,,,2023-10-13 11:12:12,'2023-10-30 12:43:01'),Other,general,0,0,0
711,1987266 Ontario Ltd,,,2023-10-13 11:12:12,'2023-10-30 12:43:01'),Major Bank,general,0,0,0
712,Corwin Mortgage Holdings Cor,,,2023-10-13 11:12:12,'2023-10-30 12:43:01'),Private Lender,residential,0,0,0
713,The Estate of Rocco DiFruscia,,,2023-10-13 11:12:13,'2023-10-30 12:43:01'),Other,general,0,0,0
714,1480927 Ontario Ltd,,,2023-10-13 11:12:13,'2023-10-30 12:43:01'),Major Bank,general,0,0,0
715,2689918 Ontario Inc,,,2023-10-13 11:12:13,'2023-10-30 12:43:01'),Other,general,0,0,0
716,Lisbert Holdings Inc,,,2023-10-13 11:12:13,'2023-10-30 12:43:01'),Private Lender,general,0,0,0
717,Kingspound Capital Inc,,,2023-10-13 11:12:13,'2023-10-30 12:43:01'),Private Lender,general,0,0,0
718,1813239 Ontario Inc,,,2023-10-13 11:12:13,'2023-10-30 12:43:01'),Other,general,0,0,0
719,RPN Finance Cor,,,2023-10-13 11:12:13,'2023-10-30 12:43:01'),Other,general,0,0,0
720,Lift Capital Inc and 16 other,,,2023-10-13 11:12:13,'2023-10-30 12:43:01'),Private Lender,general,0,0,0
721,Millar Berry Farms Inc,,,2023-10-13 11:12:13,'2023-10-30 12:43:01'),Other,agricultural,0,0,0
722,LULI Holdings Inc,,,2023-10-13 11:12:13,'2023-10-30 12:43:01'),Private Lender,general,0,0,0
723,1853657 Ontario Inc,,,2023-10-13 11:12:13,'2023-10-30 12:43:01'),Other,general,0,0,0
724,CCR Investments Inc,,,2023-10-13 11:12:13,'2023-10-30 12:43:01'),Other,general,0,0,0
725,Saroli Enterprises Inc,,,2023-10-13 11:12:14,'2023-10-30 12:43:01'),Other,general,0,0,0
726,Cosman Mortgage Holdings Cor,,,2023-10-13 11:12:14,'2023-10-30 12:43:01'),Private Lender,residential,0,0,0
727,The Guelph Curling Club Ltd,,,2023-10-13 11:12:17,'2023-10-30 12:43:01'),Major Bank,general,0,0,0
728,Canyon Capital GP Inc,,,2023-10-13 11:12:17,'2023-10-30 12:43:01'),Private Lender,general,0,0,0
729,1419582 Ontario Inc,,,2023-10-13 11:12:17,'2023-10-30 12:43:01'),Other,general,0,0,0
730,2000463 Ontario Ltd,,,2023-10-13 11:12:17,'2023-10-30 12:43:01'),Major Bank,general,0,0,0
731,2395959 Ontario Inc,,,2023-10-13 11:12:17,'2023-10-30 12:43:01'),Other,general,0,0,0
732,1868972 Ontario Ltd,,,2023-10-13 11:12:17,'2023-10-30 12:43:01'),Major Bank,general,0,0,0
733,2584805 Ontario Inc,,,2023-10-13 11:12:17,'2023-10-30 12:43:01'),Other,general,0,0,0
734,Vreugdenhil Enterprises Ltd,,,2023-10-13 11:12:17,'2023-10-30 12:43:01'),Major Bank,general,0,0,0
735,TSX Trust Co,,,2023-10-13 11:12:17,'2023-10-30 12:43:01'),Trust Company,general,0,0,0
736,Mint Capital Mic Inc,,,2023-10-13 11:12:17,'2023-10-30 12:43:01'),Private Lender,general,0,0,0
737,2063675 Ontario Cor,,,2023-10-13 11:12:17,'2023-10-30 12:43:01'),Other,general,0,0,0
738,Loutia Investments Ltd,,,2023-10-13 11:12:17,'2023-10-30 12:43:01'),Major Bank,general,0,0,0
739,Wadsworth Mortgage Capital Cor,,,2023-10-13 11:12:17,'2023-10-30 12:43:01'),Private Lender,residential,0,0,0
740,Spartagus Investments Ltd,,,2023-10-13 11:12:17,'2023-10-30 12:43:01'),Major Bank,general,0,0,0
741,MarchallZehr Group Inc,,,2023-10-13 11:12:17,'2023-10-30 12:43:01'),Other,general,0,0,0
742,Essex Town Centre Ltd,,,2023-10-13 11:12:17,'2023-10-30 12:43:01'),Major Bank,general,0,0,0
743,1767320 Ontario Inc,,,2023-10-13 11:12:17,'2023-10-30 12:43:01'),Other,general,0,0,0
744,J2K Capital Inc,,,2023-10-13 11:12:17,'2023-10-30 12:43:01'),Private Lender,general,0,0,0
745,9725644 Canada Inc,,,2023-10-13 11:12:17,'2023-10-30 12:43:01'),Other,general,0,0,0
746,2767753 Ontario Inc,,,2023-10-13 11:12:17,'2023-10-30 12:43:01'),Other,general,0,0,0
747,Westbury International (1991) Cor,,,2023-10-13 11:12:18,'2023-10-30 12:43:01'),Other,general,0,0,0
748,Ufeel Scrubs Inc,,,2023-10-13 11:12:18,'2023-10-30 12:43:01'),Other,general,0,0,0
749,12173301 Canada Inc,,,2023-10-13 11:12:18,'2023-10-30 12:43:01'),Other,general,0,0,0
750,Carlton Developments Inc,,,2023-10-13 11:12:18,'2023-10-30 12:43:01'),Development Company,general,0,0,0
751,2665894 Ontario Inc,,,2023-10-13 11:12:18,'2023-10-30 12:43:01'),Other,general,0,0,0
752,1897365 Ontario Inc,,,2023-10-13 11:12:18,'2023-10-30 12:43:01'),Other,general,0,0,0
753,AFC Mortgage Administration Inc,,,2023-10-13 11:12:18,'2023-10-30 12:43:01'),Other,residential,0,0,0
754,Pathwise Credit Union Ltd,,,2023-10-13 11:12:18,'2023-10-30 12:43:01'),Major Bank,commercial,0,0,1
755,503636 Ontario Ltd,,,2023-10-13 11:12:18,'2023-10-30 12:43:01'),Major Bank,general,0,0,0
756,2537174 Ontario Ltd,,,2023-10-13 11:12:18,'2023-10-30 12:43:01'),Major Bank,general,0,0,0
757,The MCL Group Inc,themclgroup.co.uk,,2023-12-02 13:34:28,'2023-10-30 12:43:01'),Other,general,0,0,0
758,2677800 Ontario Inc,,,2023-10-13 11:12:19,'2023-10-30 12:43:01'),Other,general,0,0,0
759,Sunforrest Inc,,,2023-10-13 11:13:45,'2023-10-30 12:43:01'),Other,general,0,0,0
760,D5 Ventures Ltd,,,2023-10-13 11:13:45,'2023-10-30 12:43:01'),Major Bank,general,0,0,0
761,Macpherson Realty (Peterborough) Ltd,,,2023-10-13 11:13:45,'2023-10-30 12:43:01'),Major Bank,general,0,0,0
762,1826652 Ontario Ltd,,,2023-10-13 11:13:45,'2023-10-30 12:43:01'),Major Bank,general,0,0,0
763,Versabank,versabank.com,,2023-12-02 13:34:28,'2023-10-30 12:43:01'),Major Bank,general,0,0,0
764,Garson Farms Ltd,,,2023-10-13 11:13:46,'2023-10-30 12:43:01'),Major Bank,agricultural,0,0,0
765,1013022 Ontario Inc,,,2023-10-13 11:13:46,'2023-10-30 12:43:01'),Other,general,0,0,0
766,Handy Aggregates Ltd,,,2023-10-13 11:13:46,'2023-10-30 12:43:01'),Major Bank,general,0,0,0
767,Quagmire Holdings Ltd,,,2023-10-13 11:13:47,'2023-10-30 12:43:01'),Major Bank,general,0,0,0
768,Christopher &amp; Valerie Richardso,,,2023-10-13 11:13:47,'2023-10-30 12:43:01'),Other,general,0,0,0
769,Metis Voyageur Development Fund Inc,,,2023-10-13 11:13:47,'2023-10-30 12:43:01'),Development Company,general,0,0,0
770,2776045 Ontario Inc,,,2023-10-13 11:13:47,'2023-10-30 12:43:01'),Other,general,0,0,0
771,BHM Great Lakes Venture Inc,,,2023-10-13 11:13:47,'2023-10-30 12:43:01'),Other,general,0,0,0
772,Dixie Settlement Investments Inc,,,2023-10-13 11:13:48,'2023-10-30 12:43:01'),Other,general,0,0,0
773,1664531 Ontario Inc,,,2023-10-13 11:13:48,'2023-10-30 12:43:01'),Other,general,0,0,0
774,Gresta Ltd,,,2023-10-13 11:13:48,'2023-10-30 12:43:01'),Major Bank,general,0,0,0
775,Rexell Developments Inc,,,2023-10-13 11:13:49,'2023-10-30 12:43:01'),Development Company,general,0,0,0
776,Forbestfarm Inc,,,2023-10-13 11:13:49,'2023-10-30 12:43:01'),Other,agricultural,0,0,0
777,White Lake Road Investments Ltd,,,2023-10-13 11:13:49,'2023-10-30 12:43:01'),Major Bank,general,0,0,0
778,2872494 Ontario Ltd,,,2023-10-13 11:13:49,'2023-10-30 12:43:01'),Major Bank,general,0,0,0
779,Wet Holdings Inc,dan.com,,2023-12-02 13:34:28,'2023-10-30 12:43:01'),Private Lender,general,0,0,0
780,2154161 Ontario Ltd,,,2023-10-13 11:13:49,'2023-10-30 12:43:01'),Major Bank,general,0,0,0
781,1778206 Ontario Inc,,,2023-10-13 11:13:54,'2023-10-30 12:43:01'),Other,general,0,0,0
782,CYD Investment Inc,,,2023-10-13 11:13:54,'2023-10-30 12:43:01'),Other,general,0,0,0
783,11202898 Canada Inc,,,2023-10-13 11:13:54,'2023-10-30 12:43:01'),Other,general,0,0,0
784,Alottawata Inc,,,2023-10-13 11:13:54,'2023-10-30 12:43:01'),Other,general,0,0,0
785,1117404 Ontario Ltd,,,2023-10-13 11:13:54,'2023-10-30 12:43:01'),Major Bank,general,0,0,0
786,DX Financial Mortgage Investment Cor,,,2023-10-13 11:13:54,'2023-10-30 12:43:01'),Credit Union,residential,0,0,0
787,Tai Bay Buddhist Temple of Toronto,,,2023-10-13 11:13:54,'2023-10-30 12:43:01'),Other,general,0,0,0
788,South Liberty Investment Ltd,,,2023-10-13 11:13:55,'2023-10-30 12:43:01'),Major Bank,general,0,0,0
789,Brown Brick Holdings Inc,,,2023-10-13 11:13:55,'2023-10-30 12:43:01'),Private Lender,general,0,0,0
790,Fiera FP Real Estate Financing Fund LP,,,2023-10-13 11:13:57,'2023-10-30 12:43:01'),Other,general,0,0,0
791,1722811 Ontario Inc,,,2023-10-13 11:13:57,'2023-10-30 12:43:01'),Other,general,0,0,0
792,1415449 Ontario Ltd,,,2023-10-13 11:13:57,'2023-10-30 12:43:01'),Major Bank,general,0,0,0
793,1822041 Ontario Ltd,,,2023-10-13 11:13:57,'2023-10-30 12:43:01'),Major Bank,general,0,0,0
794,Bridlepath Finance Inc,,,2023-10-13 11:13:57,'2023-10-30 12:43:01'),Other,general,0,0,0
795,Papke Properties Ltd,,,2023-10-13 11:13:57,'2023-10-30 12:43:01'),Major Bank,general,0,0,0
796,Concrete Capital Group GP Inc,,,2023-10-13 11:13:58,'2023-10-30 12:43:01'),Private Lender,commercial,0,0,1
797,Banque de Development du Canada,,,2023-10-13 11:13:58,'2023-10-30 12:43:01'),Development Company,general,0,0,0
798,1076330 Ontario Inc,ontario.ca,,2023-12-02 13:34:28,'2023-10-30 12:43:01'),Other,general,0,0,0
799,JM Bowman Manufacturing Inc,,,2023-10-13 11:13:58,'2023-10-30 12:43:01'),Other,industrial,0,0,0
800,Development Bank of Canada,,,2023-10-13 11:13:58,'2023-10-30 12:43:01'),Major Bank,general,0,0,0
801,Northern Credit Union Ltd,,,2023-10-13 11:13:58,'2023-10-30 12:43:01'),Major Bank,commercial,0,0,1
802,Katerina Investments Inc,,,2023-10-13 11:13:58,'2023-10-30 12:43:01'),Other,general,0,0,0
803,2130250 Ontario Ltd,,,2023-10-13 11:13:58,'2023-10-30 12:43:01'),Major Bank,general,0,0,0
804,2232372 Ontario Inc,,,2023-10-13 11:13:58,'2023-10-30 12:43:01'),Other,general,0,0,0
805,Stan Bernard Automotive Ltd,,,2023-10-13 11:13:58,'2023-10-30 12:43:01'),Major Bank,general,0,0,0
806,MNA Holdings Inc,,,2023-10-13 11:13:58,'2023-10-30 12:43:01'),Private Lender,general,0,0,0
807,SC Properties Inc,scpropsm.com,,2023-12-02 13:34:28,'2023-10-30 12:43:01'),Development Company,general,0,0,0
808,Guron Inc,,,2023-10-13 11:13:59,'2023-10-30 12:43:01'),Other,general,0,0,0
809,Alexander Karpuchin Ltd,,,2023-10-13 11:13:59,'2023-10-30 12:43:01'),Major Bank,general,0,0,0
810,2418338 Ontario Inc,,,2023-10-13 11:13:59,'2023-10-30 12:43:01'),Other,general,0,0,0
811,Terrapin Mortgage Investment Cor,,,2023-10-13 11:13:59,'2023-10-30 12:43:01'),Private Lender,residential,0,0,0
812,Tourdragon International Investment Inc,,,2023-10-13 11:13:59,'2023-10-30 12:43:01'),Other,general,0,0,0
813,HCC Holdings Inc,,,2023-10-13 11:13:59,'2023-10-30 12:43:01'),Private Lender,general,0,0,0
814,Mijar Ltd,,,2023-10-13 11:13:59,'2023-10-30 12:43:01'),Major Bank,general,0,0,0
815,Sylvan Developments Ltd,,,2023-10-13 11:14:00,'2023-10-30 12:43:01'),Major Bank,general,0,0,0
816,Banque Nationale du Canada,bnc.ca,,2023-12-02 13:34:42,'2023-10-30 12:43:01'),Other,general,0,0,0
817,754707 Ontario Ltd,,,2023-10-13 11:14:00,'2023-10-30 12:43:01'),Major Bank,general,0,0,0
818,Jacal Lol Inc,,,2023-10-13 11:14:00,'2023-10-30 12:43:01'),Other,general,0,0,0
819,J &amp; C Investments Inc,,,2023-10-13 11:14:01,'2023-10-30 12:43:01'),Other,general,0,0,0
820,Deemar Investments Ltd,,,2023-10-13 11:14:01,'2023-10-30 12:43:01'),Major Bank,general,0,0,0
821,1962992 Ontario Inc,,,2023-10-13 11:14:05,'2023-10-30 12:43:01'),Other,general,0,0,0
822,Peterborough Warehousing &amp; Distributing Corp Ltd,,,2023-10-13 11:14:05,'2023-10-30 12:43:01'),Major Bank,general,0,0,0
823,Kimshaw Holdings Ltd,,,2023-10-13 11:14:05,'2023-10-30 12:43:01'),Major Bank,general,0,0,0
824,Thompson Property Holdings Inc,,,2023-10-13 11:14:06,'2023-10-30 12:43:01'),Private Lender,general,0,0,0
825,Kawartha Credit Union Ltd,kawarthacu.com,,2023-12-02 13:34:29,'2023-10-30 12:43:01'),Major Bank,commercial,0,0,1
826,2094935 Ontario Inc,,,2023-10-13 11:14:06,'2023-10-30 12:43:01'),Other,general,0,0,0
827,Honeycut Land Inc,,,2023-10-13 11:14:06,'2023-10-30 12:43:01'),Other,land,1,0,0
828,DES Logistics Inc,,,2023-10-13 11:14:06,'2023-10-30 12:43:01'),Other,general,0,0,0
829,2591237 Ontario Inc,,,2023-10-13 11:14:06,'2023-10-30 12:43:01'),Other,general,0,0,0
830,The Estate of Peter Chiappino,,,2023-10-13 11:14:07,'2023-10-30 12:43:01'),Other,general,0,0,0
831,Hermar Investments Inc,,,2023-10-13 11:14:07,'2023-10-30 12:43:01'),Other,general,0,0,0
832,1329575 Ontario Ltd,,,2023-10-13 11:14:07,'2023-10-30 12:43:01'),Major Bank,general,0,0,0
833,Quaternity Properties Inc,,,2023-10-13 11:14:07,'2023-10-30 12:43:01'),Development Company,general,0,0,0
834,Forgestone Mortgage Fund GP Inc,,,2023-10-13 11:14:08,'2023-10-30 12:43:01'),Other,residential,0,0,0
835,Rahal Properties Inc,,,2023-10-13 11:14:10,'2023-10-30 12:43:01'),Development Company,general,0,0,0
836,12544016 Canada Ltd,,,2023-10-13 11:14:11,'2023-10-30 12:43:01'),Major Bank,general,0,0,0
837,Lee Chow Capital Ltd,,,2023-10-13 11:14:11,'2023-10-30 12:43:01'),Major Bank,general,0,0,0
838,2098535 Alberta Ltd,,,2023-10-13 11:14:11,'2023-10-30 12:43:01'),Major Bank,general,0,0,0
839,2062883 Ontario Inc,,,2023-10-13 11:14:11,'2023-10-30 12:43:01'),Other,general,0,0,0
840,2539126 Ontario Cor,,,2023-10-13 11:14:11,'2023-10-30 12:43:01'),Other,general,0,0,0
841,Base-Land Developments Inc,,,2023-10-13 11:14:11,'2023-10-30 12:43:01'),Development Company,land,1,0,0
842,Mizzen Holdings Ltd,,,2023-10-13 11:14:11,'2023-10-30 12:43:01'),Major Bank,general,0,0,0
843,LDD Properties Ltd,,,2023-10-13 11:14:11,'2023-10-30 12:43:01'),Major Bank,general,0,0,0
844,MTTV Tech Ltd,,,2023-10-13 11:14:11,'2023-10-30 12:43:01'),Major Bank,general,0,0,0
845,Magenta Capital Cor,,,2023-10-13 11:14:12,'2023-10-30 12:43:01'),Private Lender,general,0,0,0
846,Lighthouse Credit Union Ltd,,,2023-10-13 11:14:12,'2023-10-30 12:43:01'),Major Bank,commercial,0,0,1
847,Ivest Equity Mortgage Investment Cor,,,2023-10-13 11:14:12,'2023-10-30 12:43:01'),Private Lender,residential,0,0,0
848,2257460 Ontario Ltd,,,2023-10-13 11:14:12,'2023-10-30 12:43:01'),Major Bank,general,0,0,0
849,Caisse Desjardins de Hull-Aylmer,,,2023-10-13 11:14:12,'2023-10-30 12:43:01'),Credit Union,general,0,0,0
850,Edmond St Amour Holdings Ltd,,,2023-10-13 11:14:12,'2023-10-30 12:43:01'),Major Bank,general,0,0,0
851,Gauthier Inc,ceda.nz,,2023-12-02 13:34:29,'2023-10-30 12:43:01'),Other,general,0,0,0
852,Habib Canadian Bank,,,2023-10-13 11:14:12,'2023-10-30 12:43:01'),Major Bank,general,0,0,0
853,Elle Mortgage Cor,,,2023-10-13 11:14:12,'2023-10-30 12:43:01'),Other,residential,0,0,0
854,Sub-Prime Mortgage Cor,,,2023-10-13 11:14:12,'2023-10-30 12:43:01'),Other,residential,0,0,0
855,223901 Ontario Inc,,,2023-10-13 11:14:12,'2023-10-30 12:43:01'),Other,general,0,0,0
856,PPG Rausch Holdings Ltd,,,2023-10-13 11:14:12,'2023-10-30 12:43:01'),Major Bank,general,0,0,0
857,Woodbridge Gardens Cor,,,2023-10-13 11:14:13,'2023-10-30 12:43:01'),Other,general,0,0,0
858,Global Fit Capital Cor,,,2023-10-13 11:14:13,'2023-10-30 12:43:01'),Private Lender,general,0,0,0
859,1025091 Ontario Ltd,,,2023-10-13 11:14:13,'2023-10-30 12:43:01'),Major Bank,general,0,0,0
860,Italian Canadian Savings &amp; Credit Unio,,,2023-10-13 11:14:13,'2023-10-30 12:43:01'),Other,commercial,0,0,1
861,Vancity Community Investment Bank,vancitycommunityinvestmentbank.ca,,2023-12-02 13:34:29,'2023-10-30 12:43:01'),Major Bank,general,0,0,0
862,Megenta Capital Cor,,,2023-10-13 11:14:13,'2023-10-30 12:43:01'),Private Lender,general,0,0,0
863,Ottawa-Carleton Mortgage Inc,,,2023-10-13 11:14:14,'2023-10-30 12:43:01'),Other,residential,0,0,0
864,Dan Fortier Construction Ltd,,,2023-10-13 11:14:14,'2023-10-30 12:43:01'),Major Bank,construction,0,1,0
865,1949575 Ontario Ltd,,,2023-10-13 11:14:14,'2023-10-30 12:43:01'),Major Bank,general,0,0,0
866,Harry James Enterprises Inc,,,2023-10-13 11:14:14,'2023-10-30 12:43:01'),Other,general,0,0,0
867,Gencon Capital Resources Inc,,,2023-10-13 11:14:14,'2023-10-30 12:43:01'),Private Lender,general,0,0,0
868,Sean Garvey Investments Inc,,,2023-10-13 11:14:14,'2023-10-30 12:43:01'),Other,general,0,0,0
869,Rose Avenue Apartments Inc,apartments.com,,2023-12-02 13:34:29,'2023-10-30 12:43:01'),Other,general,0,0,0
870,Larasons Holdings Inc,,,2023-10-13 11:14:15,'2023-10-30 12:43:01'),Private Lender,general,0,0,0
871,Hamilton Community Foundatio,hamiltoncommunityfoundation.ca,,2023-12-02 13:34:29,'2023-10-30 12:43:01'),Other,general,0,0,0
872,Tay Inc,,,2023-10-13 11:14:19,'2023-10-30 12:43:01'),Other,general,0,0,0
873,"Invesque Financing GP, LLC",invesque.com,,2023-12-02 13:34:29,'2023-10-30 12:43:01'),Other,general,0,0,0
874,2732392 Ontario Ltd,,,2023-10-13 11:14:19,'2023-10-30 12:43:01'),Major Bank,general,0,0,0
875,Absolute Indigo Inc,,,2023-10-13 11:14:19,'2023-10-30 12:43:01'),Other,general,0,0,0
876,Vidar Foundatio,,,2023-10-13 11:14:19,'2023-10-30 12:43:01'),Other,general,0,0,0
877,1799942 Ontario Inc,,,2023-10-13 11:14:19,'2023-10-30 12:43:01'),Other,general,0,0,0
878,Sudbury Credit Union Ltd,sudburycu.com,,2023-12-02 13:34:29,'2023-10-30 12:43:01'),Major Bank,commercial,0,0,1
879,507822 Ontario Inc,,,2023-10-13 11:14:19,'2023-10-30 12:43:01'),Other,general,0,0,0
880,2061027 Ontario Inc,,,2023-10-13 11:14:20,'2023-10-30 12:43:01'),Other,general,0,0,0
881,1178577 Ontario Ltd,,,2023-10-13 11:14:20,'2023-10-30 12:43:01'),Major Bank,general,0,0,0
882,Bemp Holdings 2 Inc,,,2023-10-13 11:14:23,'2023-10-30 12:43:01'),Private Lender,general,0,0,0
883,St Jean Properties Inc,,,2023-10-13 11:14:23,'2023-10-30 12:43:01'),Development Company,general,0,0,0
884,2655925 Ontario Inc,,,2023-10-13 11:14:23,'2023-10-30 12:43:01'),Other,general,0,0,0
885,Drewlo Holdings Inc,,,2023-10-13 11:14:23,'2023-10-30 12:43:01'),Private Lender,general,0,0,0
886,2348793 Ontario Ltd,,,2023-10-13 11:14:23,'2023-10-30 12:43:01'),Major Bank,general,0,0,0
887,Desjardins Financial Security Life Assurance Life,,,2023-10-13 11:14:24,'2023-10-30 12:43:01'),Credit Union,general,0,0,0
888,2400320 Ontario Inc,,,2023-10-13 11:14:24,'2023-10-30 12:43:01'),Other,general,0,0,0
889,Angelston Land Holdings Inc,,,2023-10-13 11:14:24,'2023-10-30 12:43:01'),Private Lender,land,1,0,0
890,Original&#039;s Gourmet Foods Ltd,,,2023-10-13 11:14:24,'2023-10-30 12:43:01'),Major Bank,general,0,0,0
891,Kay Family Investments Inc,,,2023-10-13 11:14:24,'2023-10-30 12:43:01'),Other,general,0,0,0
892,Jodamar Properties Ltd,,,2023-10-13 11:14:24,'2023-10-30 12:43:01'),Major Bank,general,0,0,0
893,West Jarvis Holdings Inc,,,2023-10-13 11:14:24,'2023-10-30 12:43:01'),Private Lender,general,0,0,0
894,Taggart Land Holdings (Group 1) Ltd,,,2023-10-13 11:14:25,'2023-10-30 12:43:01'),Major Bank,land,1,0,0
895,Spencedale Properties Ltd,,,2023-10-13 11:14:25,'2023-10-30 12:43:01'),Major Bank,general,0,0,0
896,B &amp; M Handelman Investments Ltd and 20 other,,,2023-10-13 11:14:25,'2023-10-30 12:43:01'),Major Bank,general,0,0,0
897,428 Main Inc,mainin.com.pe,,2023-12-02 13:34:29,'2023-10-30 12:43:01'),Other,general,0,0,0
898,Leswell Investments Inc,,,2023-10-13 11:14:25,'2023-10-30 12:43:01'),Other,general,0,0,0
899,1333664 Ontario Inc,,,2023-10-13 11:14:25,'2023-10-30 12:43:01'),Other,general,0,0,0
900,Sambol Corporatio,,,2023-10-13 11:14:25,'2023-10-30 12:43:01'),Other,general,0,0,0
901,Sambol Cor,,,2023-10-13 11:14:25,'2023-10-30 12:43:01'),Other,general,0,0,0
902,BCML Holdings Inc,,,2023-10-13 11:14:26,'2023-10-30 12:43:01'),Private Lender,general,0,0,0
903,1008816 Ontario Inc,,,2023-10-13 11:14:26,'2023-10-30 12:43:01'),Other,general,0,0,0
904,Thorbjornsson Group Ltd,,,2023-10-13 11:14:26,'2023-10-30 12:43:01'),Major Bank,general,0,0,0
905,Sambol Corp and 6 other,,,2023-10-13 11:14:26,'2023-10-30 12:43:01'),Other,general,0,0,0
906,Canada Lands Company CLC Ltd,clc.com,,2023-12-02 13:34:42,'2023-10-30 12:43:01'),Major Bank,land,1,0,0
907,Foundation for the Canadian Parks and Wilderne,,,2023-10-13 11:14:26,'2023-10-30 12:43:01'),Other,general,0,0,0
908,Canadian Parks and Wilderness Society,cpaws.org,,2023-12-02 13:34:30,'2023-10-30 12:43:01'),Other,general,0,0,0
909,Hidden Valley Kitchener Ltd,,,2023-10-13 11:14:27,'2023-10-30 12:43:01'),Major Bank,general,0,0,0
910,Northbridge General Insurance Cor,,,2023-10-13 11:14:31,'2023-10-30 12:43:01'),Insurance Company,general,0,0,0
911,2598110 Ontario Ltd,,,2023-10-13 11:14:31,'2023-10-30 12:43:01'),Major Bank,general,0,0,0
912,1096797 Ontario Ltd,,,2023-10-13 11:14:32,'2023-10-30 12:43:01'),Major Bank,general,0,0,0
913,WMP Group Inc,,,2023-10-13 11:14:32,'2023-10-30 12:43:01'),Other,general,0,0,0
914,Grand Lac Holdings and 7 other,,,2023-10-13 11:14:32,'2023-10-30 12:43:01'),Private Lender,general,0,0,0
915,2739759 Ontario Inc,,,2023-10-13 11:14:32,'2023-10-30 12:43:01'),Other,general,0,0,0
916,Mercanti Management Inc,,,2023-10-13 11:14:33,'2023-10-30 12:43:01'),Other,general,0,0,0
917,Lift Capital Inc and 15 other,,,2023-10-13 11:14:33,'2023-10-30 12:43:01'),Private Lender,general,0,0,0
918,Broumas Developments Inc,,,2023-10-13 11:14:34,'2023-10-30 12:43:01'),Development Company,general,0,0,0
919,Canadian Bank of Commerce,,,2023-10-13 11:14:34,'2023-10-30 12:43:01'),Major Bank,general,0,0,0
920,Ped-Nad Holdings Ltd,,,2023-10-13 11:14:34,'2023-10-30 12:43:01'),Major Bank,general,0,0,0
921,Ukpik Capital Cor,,,2023-10-13 11:14:34,'2023-10-30 12:43:01'),Private Lender,general,0,0,0
922,1658194 Ontario Ltd,,,2023-10-13 11:14:34,'2023-10-30 12:43:01'),Major Bank,general,0,0,0
923,2390122 Ontario Inc,,,2023-10-13 11:14:34,'2023-10-30 12:43:01'),Other,general,0,0,0
924,Dance Canada Inc,,,2023-10-13 11:14:34,'2023-10-30 12:43:01'),Other,general,0,0,0
925,Swanley Holdings Inc,,,2023-10-13 11:14:37,'2023-10-30 12:43:01'),Private Lender,general,0,0,0
926,Whitby Plaza Ltd,,,2023-10-13 11:14:38,'2023-10-30 12:43:01'),Major Bank,general,0,0,0
927,Rathcliffe Properties Ltd,,,2023-10-13 11:14:38,'2023-10-30 12:43:01'),Major Bank,general,0,0,0
928,2615650 Ontario Inc,,,2023-10-13 11:14:38,'2023-10-30 12:43:01'),Other,general,0,0,0
929,CWB Maxium Financial Inc,,,2023-10-13 11:14:38,'2023-10-30 12:43:01'),Credit Union,general,0,0,0
930,Caisse Populaire Alliance Ltee,,,2023-10-13 11:14:38,'2023-10-30 12:43:01'),Credit Union,general,0,0,0
931,ILO Investments Inc,,,2023-10-13 11:14:38,'2023-10-30 12:43:01'),Other,general,0,0,0
932,CTBC Bank Corp (Canada),,,2023-10-13 11:14:38,'2023-10-30 12:43:01'),Major Bank,general,0,0,0
933,Harlo Financial GP Inc,,,2023-10-13 11:14:38,'2023-10-30 12:43:01'),Credit Union,general,0,0,0
934,3174 Eglinton E GP Ltd,,,2023-10-13 11:14:38,'2023-10-30 12:43:01'),Major Bank,general,0,0,0
935,Cameron Stephens Mortgage Capital,,,2023-10-13 11:14:39,'2023-10-30 12:43:01'),Private Lender,residential,0,0,0
936,Salvatore Geraci Holdings Ltd,,,2023-10-13 11:14:39,'2023-10-30 12:43:01'),Major Bank,general,0,0,0
937,1202074 Ontario Inc,,,2023-10-13 11:14:58,'2023-10-30 12:43:01'),Other,general,0,0,0
938,2419994 Ontario Inc,,,2023-10-13 11:14:58,'2023-10-30 12:43:01'),Other,general,0,0,0
939,Rambri Management Inc,,,2023-10-13 11:14:58,'2023-10-30 12:43:01'),Other,general,0,0,0
940,Jamie Mitges Holdings Ltd,,,2023-10-13 11:14:58,'2023-10-30 12:43:01'),Major Bank,general,0,0,0
941,2349978 Ontario Inc,,,2023-10-13 11:14:58,'2023-10-30 12:43:01'),Other,general,0,0,0
942,Wharf Street Marina Ltd,,,2023-10-13 11:14:58,'2023-10-30 12:43:01'),Major Bank,general,0,0,0
943,Cosman Mortgage Holding Cor,,,2023-10-13 11:14:58,'2023-10-30 12:43:01'),Other,residential,0,0,0
944,Ginkgo Mortgage Investment Cor,,,2023-10-13 11:14:58,'2023-10-30 12:43:01'),Private Lender,residential,0,0,0
945,2779006 Ontario Inc,,,2023-10-13 11:14:58,'2023-10-30 12:43:01'),Other,general,0,0,0
946,Spike &amp; Stone Inc,,,2023-10-13 11:14:59,'2023-10-30 12:43:01'),Other,general,0,0,0
947,Tookey Management Ltd,,,2023-10-13 11:14:59,'2023-10-30 12:43:01'),Major Bank,general,0,0,0
948,Mr G Investments Ltd,,,2023-10-13 11:14:59,'2023-10-30 12:43:01'),Major Bank,general,0,0,0
949,Angus Motel Inc,,,2023-10-13 11:15:00,'2023-10-30 12:43:01'),Other,hospitality,0,0,0
950,Zapfe Holdings Inc,,,2023-10-13 11:15:00,'2023-10-30 12:43:01'),Private Lender,general,0,0,0
951,1898349 Ontario Inc,,,2023-10-13 11:15:01,'2023-10-30 12:43:01'),Other,general,0,0,0
952,2134466 Ontario Cor,,,2023-10-13 11:15:01,'2023-10-30 12:43:01'),Other,general,0,0,0
953,2542526 Ontario Ltd,,,2023-10-13 11:15:01,'2023-10-30 12:43:01'),Major Bank,general,0,0,0
954,365 Investment Partners Ltd,,,2023-10-13 11:15:01,'2023-10-30 12:43:01'),Major Bank,general,0,0,0
955,Waltmar Capital Inc,,,2023-10-13 11:15:01,'2023-10-30 12:43:01'),Private Lender,general,0,0,0
956,Copperfin Credit Union Ltd,,,2023-10-13 11:15:01,'2023-10-30 12:43:01'),Major Bank,commercial,0,0,1
957,Six Hill Investments and 6 other,,,2023-10-13 11:15:01,'2023-10-30 12:43:01'),Other,general,0,0,0
958,Moya Financial Credit Union Ltd,moyafinancial.ca,,2023-12-02 13:34:30,'2023-10-30 12:43:01'),Major Bank,commercial,0,0,1
959,Bateman Holdings Inc,,,2023-10-13 11:15:03,'2023-10-30 12:43:01'),Private Lender,general,0,0,0
960,Rose Leto Professional Corp and 19 other,,,2023-10-13 11:15:03,'2023-10-30 12:43:01'),Other,general,0,0,0
961,Cedar City Riverbend Inc,,,2023-10-13 11:15:03,'2023-10-30 12:43:01'),Other,general,0,0,0
962,2547093 Ontario Ltd,,,2023-10-13 11:15:03,'2023-10-30 12:43:01'),Major Bank,general,0,0,0
963,2391393 Ontario Inc,,,2023-10-13 11:15:03,'2023-10-30 12:43:01'),Other,general,0,0,0
964,Royal Bak of Canada,,,2023-10-13 11:15:03,'2023-10-30 12:43:01'),Other,general,0,0,0
965,Kennedy Gateway Inc,,,2023-10-13 11:15:03,'2023-10-30 12:43:01'),Other,general,0,0,0
966,11076019 Canada Ltd,,,2023-10-13 11:15:03,'2023-10-30 12:43:01'),Major Bank,general,0,0,0
967,2276118 Ontario Inc,,,2023-10-13 11:15:04,'2023-10-30 12:43:01'),Other,general,0,0,0
968,808999 Ontario Inc,,,2023-10-13 11:15:04,'2023-10-30 12:43:01'),Other,general,0,0,0
969,Yit Holdings Inc,,,2023-10-13 11:15:04,'2023-10-30 12:43:01'),Private Lender,general,0,0,0
970,Olympia Trust Co,olympiatrust.com,,2023-12-02 13:34:30,'2023-10-30 12:43:01'),Trust Company,general,0,0,0
971,Kingstown Investments Inc,,,2023-10-13 11:15:04,'2023-10-30 12:43:01'),Other,general,0,0,0
972,West Barrack Kingston Holdings Inc,,,2023-10-13 11:15:04,'2023-10-30 12:43:01'),Private Lender,general,0,0,0
973,1241460 Ontario Inc,,,2023-10-13 11:15:04,'2023-10-30 12:43:01'),Other,general,0,0,0
974,1882802 Ontario Inc,,,2023-10-13 11:15:05,'2023-10-30 12:43:01'),Other,general,0,0,0
975,Ardex Capital Mangement Inc,,,2023-10-13 11:15:05,'2023-10-30 12:43:01'),Private Lender,general,0,0,0
976,Fitness Forum Inc,fitnessforum.biz,,2023-12-02 13:34:30,'2023-10-30 12:43:01'),Other,general,0,0,0
977,1000008326 Ontario Inc,,,2023-10-13 11:15:15,'2023-10-30 12:43:01'),Other,general,0,0,0
978,2662435 Ontario Inc,,,2023-10-13 11:15:15,'2023-10-30 12:43:01'),Other,general,0,0,0
979,1901208 Ontario Inc,,,2023-10-13 11:15:15,'2023-10-30 12:43:01'),Other,general,0,0,0
980,Xquisite Capital Cor,,,2023-10-13 11:15:15,'2023-10-30 12:43:01'),Private Lender,general,0,0,0
981,811702 Ontario Ltd,,,2023-10-13 11:15:15,'2023-10-30 12:43:01'),Major Bank,general,0,0,0
982,2469824 Ontario Inc,,,2023-10-13 11:15:15,'2023-10-30 12:43:01'),Other,general,0,0,0
983,Sandleaf Developments Inc,,,2023-10-13 11:15:15,'2023-10-30 12:43:01'),Development Company,general,0,0,0
984,Di Poce Real Estate Holdings Ltd,,,2023-10-13 11:15:16,'2023-10-30 12:43:01'),Major Bank,general,0,0,0
985,2076124 Ontario Inc,,,2023-10-13 11:15:16,'2023-10-30 12:43:01'),Other,general,0,0,0
986,Olympia Trust Company,olympiafinancial.com,,2023-12-02 13:34:30,'2023-10-30 12:43:01'),Trust Company,general,0,0,0
987,W Martens&#039; Greenhouses Inc,,,2023-10-13 11:15:16,'2023-10-30 12:43:01'),Other,general,0,0,0
988,2459258 Ontario Ltd,,,2023-10-13 11:15:16,'2023-10-30 12:43:01'),Major Bank,general,0,0,0
989,J2DM Management Inc,,,2023-10-13 11:15:17,'2023-10-30 12:43:01'),Other,general,0,0,0
990,1504952 Ontario Inc,,,2023-10-13 11:15:17,'2023-10-30 12:43:01'),Other,general,0,0,0
991,2690083 Ontario Inc,,,2023-10-13 11:15:17,'2023-10-30 12:43:01'),Other,general,0,0,0
992,Bridge St Lands Inc,,,2023-10-13 11:15:17,'2023-10-30 12:43:01'),Other,land,1,0,0
993,Miedema&#039;s Auto Body Ltd,,,2023-10-13 11:15:17,'2023-10-30 12:43:01'),Major Bank,general,0,0,0
994,Royalex Inc,,,2023-10-13 11:15:18,'2023-10-30 12:43:01'),Other,general,0,0,0
995,Markato GP Inc,,,2023-10-13 11:15:18,'2023-10-30 12:43:01'),Other,general,0,0,0
996,328 Bloor West GP Inc,,,2023-10-13 11:15:18,'2023-10-30 12:43:01'),Other,general,0,0,0
997,First Capital Holdings (Ontario),,,2023-10-13 11:15:18,'2023-10-30 12:43:01'),Private Lender,general,0,0,0
998,10972827 Canada Inc,,,2023-10-13 11:15:18,'2023-10-30 12:43:01'),Other,general,0,0,0
999,1725921 Ontario Inc,,,2023-10-13 11:15:18,'2023-10-30 12:43:01'),Other,general,0,0,0
1000,AA Universal Inc,,,2023-10-13 11:15:18,'2023-10-30 12:43:01'),Other,general,0,0,0
1001,Metropolitan Square Inc,,,2023-10-13 11:15:18,'2023-10-30 12:43:01'),Other,general,0,0,0
1002,Travelers Insurance Company of Canada,travelers.com,,2023-12-02 13:34:30,'2023-10-30 12:43:01'),Insurance Company,general,0,0,0
1003,The Trustees of Bloor Street United Church,bloorstreetunited.org,,2023-12-02 13:34:30,'2023-10-30 12:43:01'),Trust Company,general,0,0,0
1004,Gatcombe Medallion Properties Inc,,,2023-10-13 11:15:18,'2023-10-30 12:43:01'),Development Company,general,0,0,0
1005,2379338 Ontario Inc,,,2023-10-13 11:15:18,'2023-10-30 12:43:01'),Other,general,0,0,0
1006,Bruce Hatherley Holdings Inc,,,2023-10-13 11:15:19,'2023-10-30 12:43:01'),Private Lender,general,0,0,0
1007,3412-8 Line Investment Cor,,,2023-10-13 11:15:19,'2023-10-30 12:43:01'),Other,general,0,0,0
1008,Munshaw Farms Ltd,,,2023-10-13 11:15:27,'2023-10-30 12:43:01'),Major Bank,agricultural,0,0,0
1009,Extend Financial Ltd,,,2023-10-13 11:15:28,'2023-10-30 12:43:01'),Major Bank,general,0,0,0
1010,1156664 Ontario Inc,,,2023-10-13 11:15:31,'2023-10-30 12:43:01'),Other,general,0,0,0
1011,1509328 Ontario Ltd,,,2023-10-13 11:15:32,'2023-10-30 12:43:01'),Major Bank,general,0,0,0
1012,1000141947 Ontario Inc,,,2023-10-13 11:15:32,'2023-10-30 12:43:01'),Other,general,0,0,0
1013,2530173 Ontario Cor,,,2023-10-13 11:15:32,'2023-10-30 12:43:01'),Other,general,0,0,0
1014,1007282 Ontario Ltd,,,2023-10-13 11:15:32,'2023-10-30 12:43:01'),Major Bank,general,0,0,0
1015,Windcor Enterprises Ltd,,,2023-10-13 11:15:32,'2023-10-30 12:43:01'),Major Bank,general,0,0,0
1016,Queensville Properties Development Cor,,,2023-10-13 11:15:32,'2023-10-30 12:43:01'),Development Company,general,0,0,0
1017,2622301 Ontario Ltd,,,2023-10-13 11:15:32,'2023-10-30 12:43:01'),Major Bank,general,0,0,0
1018,301099 Ontario Ltd,,,2023-10-13 11:15:32,'2023-10-30 12:43:01'),Major Bank,general,0,0,0
1019,Chartwell Master Care Cor,,,2023-10-13 11:15:32,'2023-10-30 12:43:01'),Other,general,0,0,0
1020,Oak Ridge Seaton Inc,,,2023-10-13 11:15:32,'2023-10-30 12:43:01'),Other,general,0,0,0
1021,Federation des Caisse Desjardins de Quebec,,,2023-10-13 11:15:32,'2023-10-30 12:43:01'),Credit Union,general,0,0,0
1022,Federation des Caisses Desjardins du Quebec,desjardins.com,,2023-12-02 13:34:30,'2023-10-30 12:43:01'),Credit Union,general,0,0,0
1023,561650 Ontario Ltd,,,2023-10-13 11:15:32,'2023-10-30 12:43:01'),Major Bank,general,0,0,0
1024,Jerelin Ltd,,,2023-10-13 11:15:32,'2023-10-30 12:43:01'),Major Bank,general,0,0,0
1025,2230059 Ontario Inc,,,2023-10-13 11:15:32,'2023-10-30 12:43:01'),Other,general,0,0,0
1026,Sky Mortgage Cor,,,2023-10-13 11:15:32,'2023-10-30 12:43:01'),Other,residential,0,0,0
1027,2822262 Ontario Inc,,,2023-10-13 11:15:32,'2023-10-30 12:43:01'),Other,general,0,0,0
1028,Country Wide Homes Upper Thornhill Estates Inc,,,2023-10-13 11:15:32,'2023-10-30 12:43:01'),Other,general,0,0,0
1029,Kingsett Real Estate Growth GP No 8 Inc,,,2023-10-13 11:15:33,'2023-10-30 12:43:01'),Other,general,0,0,0
1030,OSC Constructors ULC,lcslab.com,,2023-12-02 13:34:42,'2023-10-30 12:43:01'),Other,general,0,0,0
1031,Hilltop Florists Ltd,,,2023-10-13 11:15:33,'2023-10-30 12:43:01'),Major Bank,general,0,0,0
1032,Dez Cor,,,2023-10-13 11:15:33,'2023-10-30 12:43:01'),Other,general,0,0,0
1033,Taffycroft Enterprises Inc,,,2023-10-13 11:15:33,'2023-10-30 12:43:01'),Other,general,0,0,0
1034,MHZ Capital Group Ltd,,,2023-10-13 11:15:33,'2023-10-30 12:43:01'),Major Bank,general,0,0,0
1035,Menzies Developers Inc,,,2023-10-13 11:15:33,'2023-10-30 12:43:01'),Other,general,0,0,0
1036,JRJ Frontier Holdings Inc,,,2023-10-13 11:15:33,'2023-10-30 12:43:01'),Private Lender,general,0,0,0
1037,Curtis Family Holding Inc,,,2023-10-13 11:15:33,'2023-10-30 12:43:01'),Other,general,0,0,0
1038,2488170 Ontario Inc,,,2023-10-13 11:15:33,'2023-10-30 12:43:01'),Other,general,0,0,0
1039,Silver Oak Developers Inc,,,2023-10-13 11:15:33,'2023-10-30 12:43:01'),Other,general,0,0,0
1040,Hallman Construction Ltd,,,2023-10-13 11:15:33,'2023-10-30 12:43:01'),Major Bank,construction,0,1,0
1041,Schramek Holdings Inc,,,2023-10-13 11:15:34,'2023-10-30 12:43:01'),Private Lender,general,0,0,0
1042,Minova Developments Inc,,,2023-10-13 11:15:34,'2023-10-30 12:43:01'),Development Company,general,0,0,0
1043,1138224 Ontario Ltd,,,2023-10-13 11:15:34,'2023-10-30 12:43:01'),Major Bank,general,0,0,0
1044,750985 Ontario Inc,,,2023-10-13 11:15:34,'2023-10-30 12:43:01'),Other,general,0,0,0
1045,1457413 Ontario Inc,,,2023-10-13 11:15:34,'2023-10-30 12:43:01'),Other,general,0,0,0
1046,Glendra Farms Ltd,,,2023-10-13 11:15:34,'2023-10-30 12:43:01'),Major Bank,agricultural,0,0,0
1047,Caisse Desjardins du Coeur-des-Vallee,,,2023-10-13 11:15:34,'2023-10-30 12:43:01'),Credit Union,general,0,0,0
1048,TJG Properties Inc,,,2023-10-13 11:15:35,'2023-10-30 12:43:01'),Development Company,general,0,0,0
1049,"Mwanza Investments Corporation Inc, in Trust",,,2023-10-13 11:15:35,'2023-10-30 12:43:01'),Trust Company,general,0,0,0
1050,Miedema&#039;s Motor Sales Ltd,,,2023-10-13 11:15:35,'2023-10-30 12:43:01'),Major Bank,general,0,0,0
1051,Elmira Pump Company Inc,,,2023-10-13 11:15:35,'2023-10-30 12:43:01'),Other,general,0,0,0
1052,Krez Holdings Inc,,,2023-10-13 11:15:35,'2023-10-30 12:43:01'),Private Lender,general,0,0,0
1053,100045284 Ontario Inc,,,2023-10-13 11:15:35,'2023-10-30 12:43:01'),Other,general,0,0,0
1054,2643303 Ontario Inc,,,2023-10-13 11:15:36,'2023-10-30 12:43:01'),Other,general,0,0,0
1055,982404 Ontario Inc,,,2023-10-13 11:15:36,'2023-10-30 12:43:01'),Other,general,0,0,0
1056,2233215 Ontario Inc,,,2023-10-13 11:15:36,'2023-10-30 12:43:01'),Other,general,0,0,0
1057,Canadian Western Trust Co and 7 other,,,2023-10-13 11:15:36,'2023-10-30 12:43:01'),Trust Company,general,0,0,0
1058,Doug Wright Real Estate Ltd,,,2023-10-13 11:15:36,'2023-10-30 12:43:01'),Major Bank,general,0,0,0
1059,Mod-Aire Homes Ltd,,,2023-10-13 11:15:36,'2023-10-30 12:43:01'),Major Bank,general,0,0,0
1060,Terden Construction Inc,,,2023-10-13 11:15:36,'2023-10-30 12:43:01'),Other,construction,0,1,0
1061,Spenerly Holding Cor,,,2023-10-13 11:15:36,'2023-10-30 12:43:01'),Other,general,0,0,0
1062,Kawartha Lakes Community Futures Development Cor,,,2023-10-13 11:15:36,'2023-10-30 12:43:01'),Development Company,general,0,0,0
1063,GSI Holdings Ltd,,,2023-10-13 11:15:41,'2023-10-30 12:43:01'),Major Bank,general,0,0,0
1064,Addison Wealth Management Inc,,,2023-10-13 11:15:41,'2023-10-30 12:43:01'),Other,general,0,0,0
1065,Lake Holdings Inc,,,2023-10-13 11:15:42,'2023-10-30 12:43:01'),Private Lender,general,0,0,0
1066,BDC Capital Inc,bdcnewengland.com,,2023-12-02 13:34:31,'2023-10-30 12:43:01'),Private Lender,general,0,0,0
1067,The Toronto-Ontario Bank,,,2023-10-13 11:15:42,'2023-10-30 12:43:01'),Major Bank,general,0,0,0
1068,1077342 Ontario Inc,,,2023-10-13 11:15:42,'2023-10-30 12:43:01'),Other,general,0,0,0
1069,1444967 Ontario Ltd,,,2023-10-13 11:15:42,'2023-10-30 12:43:01'),Major Bank,general,0,0,0
1070,5014152 Ontario Inc,,,2023-10-13 11:15:42,'2023-10-30 12:43:01'),Other,general,0,0,0
1071,2544554 Ontario Inc,,,2023-10-13 11:15:42,'2023-10-30 12:43:01'),Other,general,0,0,0
1072,Westcan Travel Ltd,,,2023-10-13 11:15:46,'2023-10-30 12:43:01'),Major Bank,general,0,0,0
1073,TSH-155NoikDr Inc,,,2023-10-13 11:15:46,'2023-10-30 12:43:01'),Other,general,0,0,0
1074,2131570 Ontario Inc,,,2023-10-13 11:15:46,'2023-10-30 12:43:01'),Other,general,0,0,0
1075,5019203 Ontario Inc and 5 other,,,2023-10-13 11:15:46,'2023-10-30 12:43:01'),Other,general,0,0,0
1076,2708797 Ontario Inc,,,2023-10-13 11:15:46,'2023-10-30 12:43:01'),Other,general,0,0,0
1077,Skyhigh Investments Inc,,,2023-10-13 11:15:46,'2023-10-30 12:43:01'),Other,general,0,0,0
1078,Tonick Holdings Inc,,,2023-10-13 11:15:47,'2023-10-30 12:43:01'),Private Lender,general,0,0,0
1079,ADJ Holdings Inc,,,2023-10-13 11:15:47,'2023-10-30 12:43:01'),Private Lender,general,0,0,0
1080,Davenport Management Ltd,,,2023-10-13 11:15:47,'2023-10-30 12:43:01'),Major Bank,general,0,0,0
1081,Bodean Properties Ltd,,,2023-10-13 11:15:47,'2023-10-30 12:43:01'),Major Bank,general,0,0,0
1082,Caisse Desjardins de Sault-au-Recollet-Montreal-Nord,,,2023-10-13 11:15:47,'2023-10-30 12:43:01'),Credit Union,general,0,0,0
1083,Hillmount Capital Mortgage Holdings Inc,,,2023-10-13 11:15:47,'2023-10-30 12:43:01'),Private Lender,residential,0,0,0
1084,2167661 Ontario Ltd,,,2023-10-13 11:15:47,'2023-10-30 12:43:01'),Major Bank,general,0,0,0
1085,Bravo Construction Ltd,,,2023-10-13 11:15:47,'2023-10-30 12:43:01'),Major Bank,construction,0,1,0
1086,196 Dunn Ave Inc,,,2023-10-13 11:15:47,'2023-10-30 12:43:01'),Other,general,0,0,0
1087,Caisse Desjardins Ontario Credit Unions Inc,,,2023-10-13 11:15:48,'2023-10-30 12:43:01'),Major Bank,commercial,0,0,1
1088,MJ Asset Management Ltd,,,2023-10-13 11:15:48,'2023-10-30 12:43:01'),Major Bank,general,0,0,0
1089,2160455 Ontario Ltd,,,2023-10-13 11:15:49,'2023-10-30 12:43:01'),Major Bank,general,0,0,0
1090,Ontario Infrastructure and Lands Corporatio,infrastructureontario.ca,,2023-12-02 13:34:31,'2023-10-30 12:43:01'),Other,land,1,0,0
1091,K-W Naval Associatio,,,2023-10-13 11:16:14,'2023-10-30 12:43:01'),Other,general,0,0,0
1092,The Roman Catholic Episcopal Corp of Ottawa,,,2023-10-13 11:16:15,'2023-10-30 12:43:01'),Other,general,0,0,0
1093,2342878 Ontario Inc,,,2023-10-13 11:16:15,'2023-10-30 12:43:01'),Other,general,0,0,0
1094,2577909 Ontario Inc,,,2023-10-13 11:16:15,'2023-10-30 12:43:01'),Other,general,0,0,0
1095,Dravidian Management Ltd,,,2023-10-13 11:16:15,'2023-10-30 12:43:01'),Major Bank,general,0,0,0
1096,Broadview Faith Temple,,,2023-10-13 11:16:15,'2023-10-30 12:43:01'),Other,general,0,0,0
1097,Broadview Place Ltd,,,2023-10-13 11:16:15,'2023-10-30 12:43:01'),Major Bank,general,0,0,0
1098,1000032988 Ontario Inc,,,2023-10-13 11:16:15,'2023-10-30 12:43:01'),Other,general,0,0,0
1099,Ault FH Ltd,,,2023-10-13 11:16:15,'2023-10-30 12:43:01'),Major Bank,general,0,0,0
1100,Spartin Inc,spartinplanning.com,,2023-12-02 13:34:42,'2023-10-30 12:43:01'),Other,general,0,0,0
1101,Spatin Inc,,,2023-10-13 11:16:15,'2023-10-30 12:43:01'),Other,general,0,0,0
1102,Regent Pomerleau Holdings Ltee,,,2023-10-13 11:16:16,'2023-10-30 12:43:01'),Private Lender,general,0,0,0
1103,The Roman Catholic Episcopal Corporatio,,,2023-10-13 11:16:16,'2023-10-30 12:43:01'),Other,general,0,0,0
1104,MarshalZehr Group Inc,,,2023-10-13 11:16:16,'2023-10-30 12:43:01'),Other,general,0,0,0
1105,1000456191 Ontario Ltd,,,2023-10-13 11:16:17,'2023-10-30 12:43:01'),Major Bank,general,0,0,0
1106,Cirrus Developments Ltd,,,2023-10-13 11:16:17,'2023-10-30 12:43:01'),Major Bank,general,0,0,0
1107,Jerland Realty Ltd,,,2023-10-13 11:16:17,'2023-10-30 12:43:01'),Major Bank,land,1,0,0
1108,1517925 Ontario Inc,,,2023-10-13 11:16:17,'2023-10-30 12:43:01'),Other,general,0,0,0
1109,2284622 Ontario Inc,,,2023-10-13 11:16:17,'2023-10-30 12:43:01'),Other,general,0,0,0
1110,BCP Developments 1 Inc,,,2023-10-13 11:16:17,'2023-10-30 12:43:01'),Development Company,general,0,0,0
1111,Westney Property Investments Inc,,,2023-10-13 11:16:17,'2023-10-30 12:43:01'),Development Company,general,0,0,0
1112,2486990 Ontario Inc,,,2023-10-13 11:16:22,'2023-10-30 12:43:01'),Other,general,0,0,0
1113,Spacebuilders Ottawa Ltd,,,2023-10-13 11:16:22,'2023-10-30 12:43:01'),Major Bank,general,0,0,0
1114,Silvestri Homes Inc,,,2023-10-13 11:16:22,'2023-10-30 12:43:01'),Other,general,0,0,0
1115,2690015 Ontario Inc,,,2023-10-13 11:16:22,'2023-10-30 12:43:01'),Other,general,0,0,0
1116,1608316 Ontario Inc,,,2023-10-13 11:16:23,'2023-10-30 12:43:01'),Other,general,0,0,0
1117,1602850 Ontario Ltd,,,2023-10-13 11:16:23,'2023-10-30 12:43:01'),Major Bank,general,0,0,0
1118,Chisholm LI GP Inc,,,2023-10-13 11:16:23,'2023-10-30 12:43:01'),Other,general,0,0,0
1119,Valiant Investments Ltd,,,2023-10-13 11:16:23,'2023-10-30 12:43:01'),Major Bank,general,0,0,0
1120,2166973 Ontario Inc and 12 other,,,2023-10-13 11:16:23,'2023-10-30 12:43:01'),Other,general,0,0,0
1121,2751757 Ontario Inc,,,2023-10-13 11:16:23,'2023-10-30 12:43:01'),Other,general,0,0,0
1122,Wobocorp Ltd,,,2023-10-13 11:16:23,'2023-10-30 12:43:01'),Major Bank,general,0,0,0
1123,Lucky Bear Services Ltd,,,2023-10-13 11:16:27,'2023-10-30 12:43:01'),Major Bank,general,0,0,0
1124,Lee-Mar Developments ULC,,,2023-10-13 11:16:27,'2023-10-30 12:43:01'),Development Company,general,0,0,0
1125,Tanem Properties Ltd,,,2023-10-13 11:16:28,'2023-10-30 12:43:01'),Major Bank,general,0,0,0
1126,1473714 Ontario Ltd,,,2023-10-13 11:16:28,'2023-10-30 12:43:01'),Major Bank,general,0,0,0
1127,2642235 Ontario Inc,,,2023-10-13 11:16:28,'2023-10-30 12:43:01'),Other,general,0,0,0
1128,2757431 Ontario Cor,,,2023-10-13 11:16:28,'2023-10-30 12:43:01'),Other,general,0,0,0
1129,Golden Bowl Restaurant Inc,,,2023-10-13 11:16:28,'2023-10-30 12:43:01'),Other,general,0,0,0
1130,228870 Developments Ltd,,,2023-10-13 11:16:28,'2023-10-30 12:43:01'),Major Bank,general,0,0,0
1131,Sunland Landscape Inc,,,2023-10-13 11:16:29,'2023-10-30 12:43:01'),Other,land,1,0,0
1132,JE Moore Holdings Ltd,,,2023-10-13 11:16:29,'2023-10-30 12:43:01'),Major Bank,general,0,0,0
1133,Nealeco Investments Inc,,,2023-10-13 11:16:34,'2023-10-30 12:43:01'),Other,general,0,0,0
1134,534609 Ontario Ltd,,,2023-10-13 11:16:35,'2023-10-30 12:43:01'),Major Bank,general,0,0,0
1135,Lift Capital Inc and 28 other,,,2023-10-13 11:16:35,'2023-10-30 12:43:01'),Private Lender,general,0,0,0
1136,Bank on Montreal,,,2023-10-13 11:16:37,'2023-10-30 12:43:01'),Major Bank,general,0,0,0
1137,Maple Corp Investment,,,2023-10-13 11:16:37,'2023-10-30 12:43:01'),Other,general,0,0,0
1138,Pieter &amp; Catherine Vo,,,2023-10-13 11:16:37,'2023-10-30 12:43:01'),Other,general,0,0,0
1139,Binbrook Holdings Ltd,,,2023-10-13 11:16:37,'2023-10-30 12:43:01'),Major Bank,general,0,0,0
1140,Aldenhill Developments Ltd,,,2023-10-13 11:16:37,'2023-10-30 12:43:01'),Major Bank,general,0,0,0
1141,Shazu Financial Services Inc,,,2023-10-13 11:16:38,'2023-10-30 12:43:01'),Credit Union,general,0,0,0
1142,Clarke Holdings (London) Inc,,,2023-10-13 11:16:38,'2023-10-30 12:43:01'),Private Lender,general,0,0,0
1143,2119630 Ontario Ltd,,,2023-10-13 11:16:40,'2023-10-30 12:43:01'),Major Bank,general,0,0,0
1144,2068893 Ontario Ltd,,,2023-10-13 11:16:41,'2023-10-30 12:43:01'),Major Bank,general,0,0,0
1145,Stargate Logistics Ltd,stargatelogistics-ng.com,,2023-12-02 13:34:31,'2023-10-30 12:43:01'),Major Bank,general,0,0,0
1146,Brassroots Capital Loan Cor,,,2023-10-13 11:16:42,'2023-10-30 12:43:01'),Private Lender,general,0,0,0
1147,1986485 Ontario Ltd,,,2023-10-13 11:16:43,'2023-10-30 12:43:01'),Major Bank,general,0,0,0
1148,3-K Leasing Ltd,,,2023-10-13 11:16:43,'2023-10-30 12:43:01'),Major Bank,general,0,0,0
1149,2090572 Ontario Inc,,,2023-10-13 11:16:43,'2023-10-30 12:43:01'),Other,general,0,0,0
1150,1000175179 Ontario Inc,,,2023-10-13 11:16:44,'2023-10-30 12:43:01'),Other,general,0,0,0
1151,2637897 Ontario Ltd,,,2023-10-13 11:16:44,'2023-10-30 12:43:01'),Major Bank,general,0,0,0
1152,1455135 Ontario Inc,,,2023-10-13 11:16:44,'2023-10-30 12:43:01'),Other,general,0,0,0
1153,786724 Ontario Ltd,,,2023-10-13 11:16:44,'2023-10-30 12:43:01'),Major Bank,general,0,0,0
1154,Rockport Merton Inc,,,2023-10-13 11:16:44,'2023-10-30 12:43:01'),Other,general,0,0,0
1155,InnVest Nominee VIII Ltd,,,2023-10-13 11:16:44,'2023-10-30 12:43:01'),Major Bank,hospitality,0,0,0
1156,Portgage Capital Nominee Cor,,,2023-10-13 11:16:44,'2023-10-30 12:43:01'),Private Lender,general,0,0,0
1157,KS 7521 Tranmere Inc,,,2023-10-13 11:16:44,'2023-10-30 12:43:01'),Other,general,0,0,0
1158,Greycan 10 Properties Inc,,,2023-10-13 11:16:44,'2023-10-30 12:43:01'),Development Company,general,0,0,0
1159,Ontari Holdings Ltd,,,2023-10-13 11:16:45,'2023-10-30 12:43:01'),Major Bank,general,0,0,0
1160,Dorsay Development Cor,,,2023-10-13 11:16:45,'2023-10-30 12:43:01'),Development Company,general,0,0,0
1161,5030282 Ontario Ltd,,,2023-10-13 11:16:45,'2023-10-30 12:43:01'),Major Bank,general,0,0,0
1162,2035455 Ontario Inc,,,2023-10-13 11:16:45,'2023-10-30 12:43:01'),Other,general,0,0,0
1163,West Rosehill Holdings Inc,,,2023-10-13 11:16:45,'2023-10-30 12:43:01'),Private Lender,general,0,0,0
1164,Akero Developments Inc,,,2023-10-13 11:16:45,'2023-10-30 12:43:01'),Development Company,general,0,0,0
1165,1761641 Ontario Ltd,,,2023-10-13 11:16:45,'2023-10-30 12:43:01'),Major Bank,general,0,0,0
1166,Millennium Holdings Inc,,,2023-10-13 11:16:45,'2023-10-30 12:43:01'),Private Lender,general,0,0,0
1167,S&amp;B Property Holdings Inc,,,2023-10-13 11:16:45,'2023-10-30 12:43:01'),Private Lender,general,0,0,0
1168,S&amp;B Property Holdins Inc,,,2023-10-13 11:16:45,'2023-10-30 12:43:01'),Development Company,general,0,0,0
1169,First Ardelt Holdings Ltd,,,2023-10-13 11:16:45,'2023-10-30 12:43:01'),Major Bank,general,0,0,0
1170,Goldy Metal Holdings Inc,,,2023-10-13 11:16:46,'2023-10-30 12:43:01'),Private Lender,general,0,0,0
1171,Algoma Central Properties Inc,,,2023-10-13 11:16:46,'2023-10-30 12:43:01'),Development Company,general,0,0,0
1172,Reserve Midtown 77 Corporatio,,,2023-10-13 11:16:47,'2023-10-30 12:43:01'),Other,general,0,0,0
1173,Walker Road GP,,,2023-10-13 11:16:47,'2023-10-30 12:43:01'),Other,general,0,0,0
1174,1590245 Ontario Inc,,,2023-10-13 11:16:47,'2023-10-30 12:43:01'),Other,general,0,0,0
1175,Wingfield Mortgage Cor,,,2023-10-13 11:16:47,'2023-10-30 12:43:01'),Other,residential,0,0,0
1176,Lorwood Holdings Inc,,,2023-10-13 11:16:47,'2023-10-30 12:43:01'),Private Lender,general,0,0,0
1177,1099708 Ontario Inc,,,2023-10-13 11:16:47,'2023-10-30 12:43:01'),Other,general,0,0,0
1178,Royal Bank of Montreal,,,2023-10-13 11:16:47,'2023-10-30 12:43:01'),Major Bank,general,0,0,0
1179,2476771 Ontario Ltd,,,2023-10-13 11:16:47,'2023-10-30 12:43:01'),Major Bank,general,0,0,0
1180,Adcit Holdings Ltd,,,2023-10-13 11:16:47,'2023-10-30 12:43:01'),Major Bank,general,0,0,0
1181,Belle Aire Investment Cor,,,2023-10-13 11:16:47,'2023-10-30 12:43:01'),Other,general,0,0,0
1182,Durham Capital Management Inc,,,2023-10-13 11:16:47,'2023-10-30 12:43:01'),Private Lender,general,0,0,0
1183,Halton Hadley Limited Partnershi,,,2023-10-13 11:16:48,'2023-10-30 12:43:01'),Other,general,0,0,0
1184,2440981 Ontario Inc,,,2023-10-13 11:16:48,'2023-10-30 12:43:01'),Other,general,0,0,0
1185,Longbrook Holdings Inc,,,2023-10-13 11:16:48,'2023-10-30 12:43:01'),Private Lender,general,0,0,0
1186,Trisura Gurantee Insurance Co,,,2023-10-13 11:16:48,'2023-10-30 12:43:01'),Insurance Company,general,0,0,0
1187,Lo Presti Holdings Ltd,,,2023-10-13 11:16:48,'2023-10-30 12:43:01'),Major Bank,general,0,0,0
1188,The Granite Curling Club of West Ottawa Inc,,,2023-10-13 11:16:48,'2023-10-30 12:43:01'),Other,general,0,0,0
1189,The Bun King Co (International) Inc,,,2023-10-13 11:16:48,'2023-10-30 12:43:01'),Other,general,0,0,0
1190,The Estate of Albert William Brewer,,,2023-10-13 11:16:50,'2023-10-30 12:43:01'),Other,general,0,0,0
1191,Thames Village Joint Venture Cor,,,2023-10-13 11:16:51,'2023-10-30 12:43:01'),Other,general,0,0,0
1192,Three Point Capital Cor,,,2023-10-13 11:16:51,'2023-10-30 12:43:01'),Private Lender,general,0,0,0
1193,1956707 Ontario Inc,,,2023-10-13 11:16:51,'2023-10-30 12:43:01'),Other,general,0,0,0
1194,Olympia Trust Co and 21 other,,,2023-10-13 11:16:51,'2023-10-30 12:43:01'),Trust Company,general,0,0,0
1195,2183198 Ontario Inc,,,2023-10-13 11:16:52,'2023-10-30 12:43:01'),Other,general,0,0,0
1196,J &amp; L Deelstra Acres Inc,,,2023-10-13 11:16:52,'2023-10-30 12:43:01'),Other,commercial,0,0,1
1197,Westboro Management Ltd,,,2023-10-13 11:16:52,'2023-10-30 12:43:01'),Major Bank,general,0,0,0
1198,1339407 Ontario Inc,,,2023-10-13 11:16:53,'2023-10-30 12:43:01'),Other,general,0,0,0
1199,JJ&#039;s International Trading Cor,,,2023-10-13 11:16:53,'2023-10-30 12:43:01'),Other,general,0,0,0
1200,Adalan Development Cor,,,2023-10-13 11:16:53,'2023-10-30 12:43:01'),Development Company,general,0,0,0
1201,A &amp; S Small Properties Ltd,,,2023-10-13 11:16:53,'2023-10-30 12:43:01'),Major Bank,general,0,0,0
1202,2745900 Ontario Inc,,,2023-10-13 11:16:53,'2023-10-30 12:43:01'),Other,general,0,0,0
1203,BMAN Holdings Inc,,,2023-10-13 11:16:53,'2023-10-30 12:43:01'),Private Lender,general,0,0,0
1204,1150627 Ontario Inc,,,2023-10-13 11:16:53,'2023-10-30 12:43:01'),Other,general,0,0,0
1205,2552426 Ontario Inc,,,2023-10-13 11:16:54,'2023-10-30 12:43:01'),Other,general,0,0,0
1206,FFV Capital Inc,,,2023-10-13 11:16:54,'2023-10-30 12:43:01'),Private Lender,general,0,0,0
1207,Spear CNC Holdings Inc,,,2023-10-13 11:16:54,'2023-10-30 12:43:01'),Private Lender,general,0,0,0
1208,TMP Holdings Inc,,,2023-10-13 11:16:55,'2023-10-30 12:43:01'),Private Lender,general,0,0,0
1209,SCR-Sibelco NV,sibelco.com,,2023-12-02 13:34:32,'2023-10-30 12:43:01'),Other,general,0,0,0
1210,Whitby Meadows Inc,,,2023-10-13 11:16:56,'2023-10-30 12:43:01'),Other,general,0,0,0
1211,Castandgrey 5 Cor,,,2023-10-13 11:16:56,'2023-10-30 12:43:01'),Other,general,0,0,0
1212,Magnum Opus Developments (Ajax) Cor,,,2023-10-13 11:16:56,'2023-10-30 12:43:01'),Development Company,general,0,0,0
1213,Janeve Cor,,,2023-10-13 11:16:56,'2023-10-30 12:43:01'),Other,general,0,0,0
1214,Brant-Par Holdings Inc,,,2023-10-13 11:16:56,'2023-10-30 12:43:01'),Private Lender,general,0,0,0
1215,1542543 Ontario Inc,,,2023-10-13 11:16:56,'2023-10-30 12:43:01'),Other,general,0,0,0
1216,Birdland Developments Ltd,,,2023-10-13 11:16:57,'2023-10-30 12:43:01'),Major Bank,land,1,0,0
1217,Alcona Acres Inc,,,2023-10-13 11:16:57,'2023-10-30 12:43:01'),Other,commercial,0,0,1
1218,2240578 Ontario Inc,,,2023-10-13 11:16:57,'2023-10-30 12:43:01'),Other,general,0,0,0
1219,Choice Acquisitions LP,,,2023-10-13 11:16:57,'2023-10-30 12:43:01'),Other,general,0,0,0
1220,Zeifman Partners Inc,zeifmans.ca,,2023-12-02 13:34:32,'2023-10-30 12:43:01'),Other,general,0,0,0
1221,Geranium Development (Bradford) Cor,,,2023-10-13 11:16:58,'2023-10-30 12:43:01'),Development Company,general,0,0,0
1222,Heino Land Holdings Ltd,,,2023-10-13 11:16:58,'2023-10-30 12:43:01'),Major Bank,land,1,0,0
1223,Fanoce Trinty Ltd,,,2023-10-13 11:16:58,'2023-10-30 12:43:01'),Major Bank,general,0,0,0
1224,1206446 Ontario Inc,,,2023-10-13 11:16:58,'2023-10-30 12:43:01'),Other,general,0,0,0
1225,Quadreal Estate Debt (Canada) Inc,,,2023-10-13 11:16:58,'2023-10-30 12:43:01'),Other,general,0,0,0
1226,Saverio Lucia Holdings Ltd,,,2023-10-13 11:16:58,'2023-10-30 12:43:01'),Major Bank,general,0,0,0
1227,2620891 Ontario Ltd,,,2023-10-13 11:17:24,'2023-10-30 12:43:01'),Major Bank,general,0,0,0
1228,Greycan 15 Properties Inc,,,2023-10-13 11:17:24,'2023-10-30 12:43:01'),Development Company,general,0,0,0
1229,13587258 Canada Inc,,,2023-10-13 11:17:24,'2023-10-30 12:43:01'),Other,general,0,0,0
1230,2602943 Ontario Inc,,,2023-10-13 11:17:25,'2023-10-30 12:43:01'),Other,general,0,0,0
1231,2852268 Ontario Inc,,,2023-10-13 11:17:25,'2023-10-30 12:43:01'),Other,general,0,0,0
1232,CM Servicing GP Inc,,,2023-10-13 11:17:25,'2023-10-30 12:43:01'),Other,general,0,0,0
1233,Raku Corporatio,,,2023-10-13 11:17:25,'2023-10-30 12:43:01'),Other,general,0,0,0
1234,The Canadian Life Assurance Co,,,2023-10-13 11:17:26,'2023-10-30 12:43:01'),Insurance Company,general,0,0,0
1235,Muriel &amp; Catherine Armstrong,,,2023-10-13 11:17:26,'2023-10-30 12:43:01'),Other,general,0,0,0
1236,Portage Capital Nominee Inc,,,2023-10-13 11:17:29,'2023-10-30 12:43:01'),Private Lender,general,0,0,0
1237,2101516 Ontario Inc,,,2023-10-13 11:17:29,'2023-10-30 12:43:01'),Other,general,0,0,0
1238,2541005 Ontario Ltd,,,2023-10-13 11:17:29,'2023-10-30 12:43:01'),Major Bank,general,0,0,0
1239,Estate of Aline Hotte,,,2023-10-13 11:17:30,'2023-10-30 12:43:01'),Other,general,0,0,0
1240,1000242728 Ontario Inc,,,2023-10-13 11:17:30,'2023-10-30 12:43:01'),Other,general,0,0,0
1241,Koala T Home Improvements Inc,,,2023-10-13 11:17:30,'2023-10-30 12:43:01'),Other,general,0,0,0
1242,Brookside Financial Cor,,,2023-10-13 11:17:30,'2023-10-30 12:43:01'),Credit Union,general,0,0,0
1243,6283535 Canada Inc,,,2023-10-13 11:17:31,'2023-10-30 12:43:01'),Other,general,0,0,0
1244,Reciprocal Opportunities Inc,,,2023-10-13 11:17:31,'2023-10-30 12:43:01'),Other,general,0,0,0
1245,Deerfield Developments Inc,,,2023-10-13 11:17:31,'2023-10-30 12:43:01'),Development Company,general,0,0,0
1246,Hour Holding Cor,,,2023-10-13 11:17:31,'2023-10-30 12:43:01'),Other,general,0,0,0
1247,2295702 Ontario Inc,,,2023-10-13 11:17:31,'2023-10-30 12:43:01'),Other,general,0,0,0
1248,2841018 Ontario Inc,,,2023-10-13 11:17:31,'2023-10-30 12:43:01'),Other,general,0,0,0
1249,2059151 Ontario Inc,,,2023-10-13 11:17:32,'2023-10-30 12:43:01'),Other,general,0,0,0
1250,2852411 Ontario Inc,,,2023-10-13 11:17:32,'2023-10-30 12:43:01'),Other,general,0,0,0
1251,Drewlo Grou,,,2023-10-13 11:17:32,'2023-10-30 12:43:01'),Other,general,0,0,0
1252,Matrix Group Assurance Cor,,,2023-10-13 11:17:32,'2023-10-30 12:43:01'),Insurance Company,general,0,0,0
1253,1737814 Ontario Inc,,,2023-10-13 11:17:32,'2023-10-30 12:43:01'),Other,general,0,0,0
1254,"Wells Fargo Bank, National Association, Canadian Branch",,,2023-10-13 11:17:33,'2023-10-30 12:43:01'),Major Bank,general,0,0,0
1255,FJVIS Holdings Inc,,,2023-10-13 11:17:34,'2023-10-30 12:43:01'),Private Lender,general,0,0,0
1256,DD 840 Water Ltd,,,2023-10-13 11:17:34,'2023-10-30 12:43:01'),Major Bank,general,0,0,0
1257,1945849 Ontario Inc,,,2023-10-13 11:17:35,'2023-10-30 12:43:01'),Other,general,0,0,0
1258,West Longwood Holdings Inc,,,2023-10-13 11:17:35,'2023-10-30 12:43:01'),Private Lender,general,0,0,0
1259,Caonundrum Capital Cor,,,2023-10-13 11:17:35,'2023-10-30 12:43:01'),Private Lender,general,0,0,0
1260,584572 Ontario Inc,,,2023-10-13 11:17:35,'2023-10-30 12:43:01'),Other,general,0,0,0
1261,66 Contracting Ltd,,,2023-10-13 11:17:36,'2023-10-30 12:43:01'),Major Bank,general,0,0,0
1262,91 Contracting Ltd,,,2023-10-13 11:17:36,'2023-10-30 12:43:01'),Major Bank,general,0,0,0
1263,RGA Life Reinsurance Company of Canada,rgare.ca,,2023-12-02 13:34:32,'2023-10-30 12:43:01'),Insurance Company,general,0,0,0
1264,1945245 Ontario Inc,,,2023-10-13 11:17:36,'2023-10-30 12:43:01'),Other,general,0,0,0
1265,AAJ Management Services Inc,,,2023-10-13 11:17:39,'2023-10-30 12:43:01'),Other,general,0,0,0
1266,Coulson Ridge Estates Ltd,,,2023-10-13 11:17:39,'2023-10-30 12:43:01'),Major Bank,general,0,0,0
1267,1359749 Ontario Ltd,,,2023-10-13 11:17:39,'2023-10-30 12:43:01'),Major Bank,general,0,0,0
1268,583167 Ontario Inc,,,2023-10-13 11:17:40,'2023-10-30 12:43:01'),Other,general,0,0,0
1269,Justice Management Cor,,,2023-10-13 11:17:40,'2023-10-30 12:43:01'),Other,general,0,0,0
1270,Erlhaven Farms Ltd,,,2023-10-13 11:17:40,'2023-10-30 12:43:01'),Major Bank,agricultural,0,0,0
1271,Bobby Hull,,,2023-10-13 11:17:41,'2023-10-30 12:43:01'),Other,general,0,0,0
1272,Anjay Ltd,,,2023-10-13 11:17:41,'2023-10-30 12:43:01'),Major Bank,general,0,0,0
1273,Kingdon Holdings Ltd,,,2023-10-13 11:17:41,'2023-10-30 12:43:01'),Major Bank,general,0,0,0
1274,Frank &amp; Doris Vreugdenhil,,,2023-10-13 11:17:41,'2023-10-30 12:43:01'),Other,general,0,0,0
1275,1353946 Ontario Ltd,,,2023-10-13 11:17:43,'2023-10-30 12:43:01'),Major Bank,general,0,0,0
1276,1273679 Ontario Inc,,,2023-10-13 11:17:43,'2023-10-30 12:43:01'),Other,general,0,0,0
1277,Hujade Investment Ltd,,,2023-10-13 11:17:44,'2023-10-30 12:43:01'),Major Bank,general,0,0,0
1278,849861 Ontario Ltd,,,2023-10-13 11:17:44,'2023-10-30 12:43:01'),Major Bank,general,0,0,0
1279,Mynik Investments Company Ltd,,,2023-10-13 11:17:44,'2023-10-30 12:43:01'),Major Bank,general,0,0,0
1280,PMP2011 GP Ltd,,,2023-10-13 11:17:44,'2023-10-30 12:43:01'),Major Bank,general,0,0,0
1281,Rix Holdings Ltd,,,2023-10-13 11:17:44,'2023-10-30 12:43:01'),Major Bank,general,0,0,0
1282,678114 Ontario Inc,,,2023-10-13 11:17:44,'2023-10-30 12:43:01'),Other,general,0,0,0
1283,Speca Investments Inc,,,2023-10-13 11:17:44,'2023-10-30 12:43:01'),Other,general,0,0,0
1284,34 West Avenue North (Hamilton) Inc,,,2023-10-13 11:17:44,'2023-10-30 12:43:01'),Other,general,0,0,0
1285,Garrard Coinvest Limited Partnership GP Inc,,,2023-10-13 11:18:19,'2023-10-30 12:43:01'),Other,general,0,0,0
1286,5185 Garrard Road Whitby Property Inc,,,2023-10-13 11:18:19,'2023-10-30 12:43:01'),Development Company,general,0,0,0
1287,GMI Servicing Inc,gmi-mr.com,,2023-12-02 13:34:42,'2023-10-30 12:43:01'),Other,general,0,0,0
1288,LIN Investments Ltd,,,2023-10-13 11:18:19,'2023-10-30 12:43:01'),Major Bank,general,0,0,0
1289,1073265 Ontario Inc,,,2023-10-13 11:18:19,'2023-10-30 12:43:01'),Other,general,0,0,0
1290,2022988 Ontario Inc,,,2023-10-13 11:18:19,'2023-10-30 12:43:01'),Other,general,0,0,0
1291,EMGO III Cor,,,2023-10-13 11:18:19,'2023-10-30 12:43:01'),Other,general,0,0,0
1292,Wellington Bay Estates Ltd,,,2023-10-13 11:18:19,'2023-10-30 12:43:01'),Major Bank,general,0,0,0
1293,PFM Investments Ltd,,,2023-10-13 11:18:19,'2023-10-30 12:43:01'),Major Bank,general,0,0,0
1294,Fiera FP Real Estate Financing Fund,,,2023-10-13 11:18:19,'2023-10-30 12:43:01'),Other,general,0,0,0
1295,Robintide Farms Ltd,,,2023-10-13 11:18:20,'2023-10-30 12:43:01'),Major Bank,agricultural,0,0,0
1296,Windsron Family Credit Union Ltd,,,2023-10-13 11:18:20,'2023-10-30 12:43:01'),Major Bank,commercial,0,0,1
1297,2584979 Ontario Ltd,,,2023-10-13 11:18:20,'2023-10-30 12:43:01'),Major Bank,general,0,0,0
1298,Sidh Shakti Sh. Baba Balak Nath Bibi Satya,,,2023-10-13 11:18:20,'2023-10-30 12:43:01'),Other,general,0,0,0
1299,2805015 Ontario Inc,,,2023-10-13 11:18:20,'2023-10-30 12:43:01'),Other,general,0,0,0
1300,Mississauga Road (III) Equities Inc,,,2023-10-13 11:18:20,'2023-10-30 12:43:01'),Other,general,0,0,0
1301,2370950 Ontario Inc,,,2023-10-13 11:18:22,'2023-10-30 12:43:01'),Other,general,0,0,0
1302,Skipwell Farms Inc,,,2023-10-13 11:18:22,'2023-10-30 12:43:01'),Other,agricultural,0,0,0
1303,De Sei Investments Ltd,,,2023-10-13 11:18:22,'2023-10-30 12:43:01'),Major Bank,general,0,0,0
1304,162511 Canada Inc,,,2023-10-13 11:18:22,'2023-10-30 12:43:01'),Other,general,0,0,0
1305,McCowan and Associates Ltd,,,2023-10-13 11:18:22,'2023-10-30 12:43:01'),Major Bank,general,0,0,0
1306,821015 Ontario Ltd,,,2023-10-13 11:18:23,'2023-10-30 12:43:01'),Major Bank,general,0,0,0
1307,2098450 Ontario Inc,,,2023-10-13 11:18:23,'2023-10-30 12:43:01'),Other,general,0,0,0
1308,245 Creditstone Rd Ltd,,,2023-10-13 11:18:23,'2023-10-30 12:43:01'),Major Bank,commercial,0,0,1
1309,Waterloo Region Community Foundatio,,,2023-10-13 11:18:23,'2023-10-30 12:43:01'),Other,general,0,0,0
1310,Canadian Co-Operative Investment Fund LP,,,2023-10-13 11:18:23,'2023-10-30 12:43:01'),Other,general,0,0,0
1311,2683340 Ontario Inc,,,2023-10-13 11:18:24,'2023-10-30 12:43:01'),Other,general,0,0,0
1312,Vinea Farm Ltd,,,2023-10-13 11:18:24,'2023-10-30 12:43:01'),Major Bank,agricultural,0,0,0
1313,Skytrans London Terminal Inc,,,2023-10-13 11:18:25,'2023-10-30 12:43:01'),Other,general,0,0,0
1314,CYD Investments Inc,,,2023-10-13 11:18:25,'2023-10-30 12:43:01'),Other,general,0,0,0
1315,Myriad Holding Corp Ltd,,,2023-10-13 11:18:25,'2023-10-30 12:43:01'),Major Bank,general,0,0,0
1316,Clarkone Developments Ltd,,,2023-10-13 11:18:25,'2023-10-30 12:43:01'),Major Bank,general,0,0,0
1317,Paro Inc,,,2023-10-13 11:18:25,'2023-10-30 12:43:01'),Other,general,0,0,0
1318,1215614 Ontario Ltd,,,2023-10-13 11:18:25,'2023-10-30 12:43:01'),Major Bank,general,0,0,0
1319,531778 Ontario Inc,,,2023-10-13 11:18:25,'2023-10-30 12:43:01'),Other,general,0,0,0
1320,OPTrust Industrial Portfolio Investments Inc,,,2023-10-13 11:18:26,'2023-10-30 12:43:01'),Trust Company,industrial,0,0,0
1321,Black Creek Sporthorses Inc,,,2023-10-13 11:18:28,'2023-10-30 12:43:01'),Other,commercial,0,0,1
1322,2011090 Ontario Inc,,,2023-10-13 11:18:29,'2023-10-30 12:43:01'),Other,general,0,0,0
1323,ZMD Holdings Ltd,,,2023-10-13 11:18:29,'2023-10-30 12:43:01'),Major Bank,general,0,0,0
1324,Tantalo Investments Inc,,,2023-10-13 11:18:29,'2023-10-30 12:43:01'),Other,general,0,0,0
1325,Algo Capital Holdings Inc,,,2023-10-13 11:18:29,'2023-10-30 12:43:01'),Private Lender,general,0,0,0
1326,2544220 Ontario Inc,,,2023-10-13 11:18:29,'2023-10-30 12:43:01'),Other,general,0,0,0
1327,Tafteh Developments Inc and 5 other,,,2023-10-13 11:18:29,'2023-10-30 12:43:01'),Development Company,general,0,0,0
1328,2158719 Ontario Inc,,,2023-10-13 11:18:29,'2023-10-30 12:43:01'),Other,general,0,0,0
1329,Philpott Memorial Church,,,2023-10-13 11:18:29,'2023-10-30 12:43:01'),Other,general,0,0,0
1330,Alcolm Ltd,,,2023-10-13 11:18:29,'2023-10-30 12:43:01'),Major Bank,general,0,0,0
1331,Duncan Hartwick Ltd,,,2023-10-13 11:18:30,'2023-10-30 12:43:01'),Major Bank,general,0,0,0
1332,768124 Ontario Inc,,,2023-10-13 11:18:30,'2023-10-30 12:43:01'),Other,general,0,0,0
1333,EMM Co Inc,,,2023-10-13 11:18:30,'2023-10-30 12:43:01'),Other,general,0,0,0
1334,Star Group International Inc,stargroup-intl.com,,2023-12-02 13:34:33,'2023-10-30 12:43:01'),Other,general,0,0,0
1335,Pratec Realty Inc,,,2023-10-13 11:18:32,'2023-10-30 12:43:01'),Other,general,0,0,0
1336,Stoker Investments (2020) Ltd,,,2023-10-13 11:18:32,'2023-10-30 12:43:01'),Major Bank,general,0,0,0
1337,763278 Ontario Inc,,,2023-10-13 11:18:32,'2023-10-30 12:43:01'),Other,general,0,0,0
1338,2524390 Ontario Inc,,,2023-10-13 11:18:32,'2023-10-30 12:43:01'),Other,general,0,0,0
1339,Guelph Rest Home Inc,,,2023-10-13 11:18:32,'2023-10-30 12:43:01'),Other,general,0,0,0
1340,Herongate Barn Dinner Theatre Ltd,,,2023-10-13 11:18:32,'2023-10-30 12:43:01'),Major Bank,hospitality,0,0,0
1341,Skyline Transfer Funds Inc,,,2023-10-13 11:18:32,'2023-10-30 12:43:01'),Other,general,0,0,0
1342,Bro-Ham Properties (Parcel 2) Inc,,,2023-10-13 11:18:32,'2023-10-30 12:43:01'),Development Company,land,1,0,0
1343,Romano-Franco Georgetown Inc,,,2023-10-13 11:18:33,'2023-10-30 12:43:01'),Other,general,0,0,0
1344,Fengate Commercial Income Fund GP Inc,,,2023-10-13 11:18:33,'2023-10-30 12:43:01'),Other,commercial,0,0,1
1345,2780263 Ontario Inc,,,2023-10-21 20:00:55,'2023-10-30 12:43:01'),Other,general,0,0,0
1346,2728569 Ontario Inc,,,2023-10-21 20:00:55,'2023-10-30 12:43:01'),Other,general,0,0,0
1347,The Forty Eight Corporatio,,,2023-10-21 20:00:55,'2023-10-30 12:43:01'),Other,general,0,0,0
1348,MDSB Properties Inc,,,2023-10-21 20:00:55,'2023-10-30 12:43:01'),Development Company,general,0,0,0
1349,401 Real Estate Trust Inc,,,2023-10-21 20:00:56,'2023-10-30 12:43:01'),Trust Company,general,0,0,0
1350,Wayne Bagnell,,,2023-10-21 20:00:56,'2023-10-30 12:43:01'),Other,general,0,0,0
1351,Hatherell Construction Ltd,,,2023-10-21 20:00:56,'2023-10-30 12:43:01'),Major Bank,construction,0,1,0
1352,672510 Ontario Ltd,,,2023-10-21 20:00:56,'2023-10-30 12:43:01'),Major Bank,general,0,0,0
1353,1258960 Ontario Inc,,,2023-10-21 20:00:56,'2023-10-30 12:43:01'),Other,general,0,0,0
1354,2212027 Ontario Inc,,,2023-10-21 20:00:56,'2023-10-30 12:43:01'),Other,general,0,0,0
1355,Malmac Enterprises Inc,,,2023-10-21 20:00:57,'2023-10-30 12:43:01'),Other,general,0,0,0
1356,1000582235 Ontario Inc,,,2023-10-21 20:00:57,'2023-10-30 12:43:01'),Other,general,0,0,0
1357,Royal Bank of Commerce,,,2023-10-21 20:00:57,'2023-10-30 12:43:01'),Major Bank,general,0,0,0
1358,Amea Holdings Ltd,,,2023-10-21 20:03:30,'2023-10-30 12:43:01'),Major Bank,general,0,0,0
1359,350634 Ontario Ltd,,,2023-10-21 20:03:30,'2023-10-30 12:43:01'),Major Bank,general,0,0,0
1360,998071 Ontario Inc,,,2023-10-21 20:03:30,'2023-10-30 12:43:01'),Other,general,0,0,0
1361,Re-Charge Corporatio,,,2023-10-21 20:03:30,'2023-10-30 12:43:01'),Other,general,0,0,0
1362,Daniko Management Ltd,,,2023-10-21 20:03:30,'2023-10-30 12:43:01'),Major Bank,general,0,0,0
1363,1238576 Ontario Ltd,,,2023-10-21 20:03:30,'2023-10-30 12:43:01'),Major Bank,general,0,0,0
1364,Parama Credit Union Ltd,,,2023-10-21 20:03:30,'2023-10-30 12:43:01'),Major Bank,commercial,0,0,1
1365,1725490 Ontario Inc,,,2023-10-21 20:03:30,'2023-10-30 12:43:01'),Other,general,0,0,0
1366,2217171 Ontario Inc,,,2023-10-21 20:03:31,'2023-10-30 12:43:01'),Other,general,0,0,0
1367,AMCO Storage Inc,,,2023-10-21 20:03:31,'2023-10-30 12:43:01'),Other,general,0,0,0
1368,459421 Ontario Inc,,,2023-10-21 20:03:31,'2023-10-30 12:43:01'),Other,general,0,0,0
1369,1706014 Ontario Ltd,,,2023-10-21 20:03:31,'2023-10-30 12:43:01'),Major Bank,general,0,0,0
1370,Hacienda Leasing Inc,dmautoleasing.com,,2023-12-02 13:42:03,'2023-10-30 12:43:01'),Other,general,0,0,0
1371,Twinlake Holdings Ltd,,,2023-10-21 20:03:31,'2023-10-30 12:43:01'),Major Bank,general,0,0,0
1372,Forest City Aggregates II Inc,,,2023-10-21 20:03:31,'2023-10-30 12:43:01'),Other,general,0,0,0
1373,Keith Samitt Ltd,,,2023-10-21 20:03:31,'2023-10-30 12:43:01'),Major Bank,general,0,0,0
1374,1650213 Ontario Inc,,,2023-10-21 20:03:31,'2023-10-30 12:43:01'),Other,general,0,0,0
1375,Meagapin Ltd,,,2023-10-21 20:03:32,'2023-10-30 12:43:01'),Major Bank,general,0,0,0
1376,618709 Ontario Inc,,,2023-10-21 20:03:32,'2023-10-30 12:43:01'),Other,general,0,0,0
1377,2647927 Ontario Inc,,,2023-10-21 20:03:32,'2023-10-30 12:43:01'),Other,general,0,0,0
1378,Huigen Acres Inc,,,2023-10-21 20:03:32,'2023-10-30 12:43:01'),Other,commercial,0,0,1
1379,247-249 Roehampton Inc,,,2023-10-21 20:06:34,'2023-10-30 12:43:01'),Other,general,0,0,0
1380,Chiapson Development (Canada) Inc,,,2023-10-21 22:05:18,'2023-10-30 12:43:01'),Development Company,general,0,0,0
1381,cIMC Construction Fund Cor,,,2023-10-21 22:05:18,'2023-10-30 12:43:01'),Other,construction,0,1,0
1382,Murray &amp; Company Holdings Ltd,,,2023-10-21 22:14:58,'2023-10-30 12:43:01'),Major Bank,general,0,0,0
1383,2559688 Ontario Inc,,,2023-10-23 20:25:54,'2023-10-30 12:43:01'),Other,general,0,0,0
1384,Forgestone CGF 2 GP Inc,,,2023-10-23 20:25:54,'2023-10-30 12:43:01'),Other,general,0,0,0
1385,344335 Ontario Ltd,,,2023-10-23 20:25:54,'2023-10-30 12:43:01'),Major Bank,general,0,0,0
1386,Canada ICI Capital Cor,,,2023-10-23 20:25:54,'2023-10-30 12:43:01'),Private Lender,general,0,0,0
1387,11035380 Canada Inc,,,2023-10-23 20:25:54,'2023-10-30 12:43:01'),Other,general,0,0,0
1388,Greycan 8 Properties Inc,,,2023-10-23 20:25:54,'2023-10-30 12:43:01'),Development Company,general,0,0,0
1389,Warehouse Properties Ltd,,,2023-10-23 20:25:54,'2023-10-30 12:43:01'),Major Bank,general,0,0,0
1390,Mile Hill Developments Inc,,,2023-10-23 20:25:54,'2023-10-30 12:43:01'),Development Company,general,0,0,0
1391,Zedcor Inc,,,2023-10-23 20:25:54,'2023-10-30 12:43:01'),Other,general,0,0,0
1392,HEXO Operations Inc,,,2023-10-23 20:25:54,'2023-10-30 12:43:01'),Other,general,0,0,0
1393,RGA Life Insurance Co of Canada,,,2023-10-23 20:25:54,'2023-10-30 12:43:01'),Insurance Company,general,0,0,0
1394,Zakher Pares Enterprises Ltd,,,2023-10-23 20:25:55,'2023-10-30 12:43:01'),Major Bank,general,0,0,0
1395,Caisse Desjardins de l&#039;Ouest de Laval,,,2023-10-23 20:25:55,'2023-10-30 12:43:01'),Credit Union,general,0,0,0
1396,"Fonds de Financement Immobiler Fiera FP, SEC",,,2023-10-23 20:25:55,'2023-10-30 12:43:01'),Other,general,0,0,0
1397,Summit Industrial Income Cor,,,2023-10-23 20:25:55,'2023-10-30 12:43:01'),Other,industrial,0,0,0
1398,BMO Life Assurance Co,,,2023-10-23 20:25:55,'2023-10-30 12:43:01'),Major Bank,general,0,0,0
1399,"Christine, Josef &amp; Klaus Doma",,,2023-10-23 20:25:55,'2023-10-30 12:43:01'),Other,general,0,0,0
1400,Homedale-Eagle Cor,,,2023-10-23 20:25:55,'2023-10-30 12:43:01'),Other,general,0,0,0
1401,Menkes Milton Industrial Inc,menkes.com,,2023-12-02 13:41:58,'2023-10-30 12:43:01'),Other,industrial,0,0,0
1402,The Erin Mills Development Cor,,,2023-10-23 20:25:55,'2023-10-30 12:43:01'),Development Company,general,0,0,0
1403,Canadian Property Holdings (Ontario) Inc,,,2023-10-23 20:25:55,'2023-10-30 12:43:01'),Private Lender,general,0,0,0
1404,CCD 543 Yonge GP Inc,,,2023-10-23 20:25:55,'2023-10-30 12:43:01'),Other,general,0,0,0
1405,SLS Specialized Lendiong Services Ltd,,,2023-10-23 20:25:56,'2023-10-30 12:43:01'),Major Bank,general,0,0,0
1406,RBC Investor Service Trust,,,2023-10-23 20:25:56,'2023-10-30 12:43:01'),Major Bank,general,0,0,0
1407,2567133 Ontario Ltd,,,2023-10-23 20:25:56,'2023-10-30 12:43:01'),Major Bank,general,0,0,0
1408,One Young Street Inc,,,2023-10-23 20:25:56,'2023-10-30 12:43:01'),Other,general,0,0,0
1409,HA Hornung Investments Ltd,,,2023-10-23 20:25:56,'2023-10-30 12:43:01'),Major Bank,general,0,0,0
1410,721312 Ontario Inc,,,2023-10-23 20:25:56,'2023-10-30 12:43:01'),Other,general,0,0,0
1411,Controlex Corporatio,,,2023-10-23 20:27:00,'2023-10-30 12:43:01'),Other,general,0,0,0
1412,Insurance Corporation of British Columbia,,,2023-10-23 20:27:00,'2023-10-30 12:43:01'),Insurance Company,general,0,0,0
1413,Torhill Developments Inc,,,2023-10-23 20:27:00,'2023-10-30 12:43:01'),Development Company,general,0,0,0
1414,Canstone Mortgage Fund LP,,,2023-10-23 20:27:00,'2023-10-30 12:43:01'),Other,residential,0,0,0
1415,WB Canada Partners IV (Int) MF Cor,,,2023-10-23 20:27:00,'2023-10-30 12:43:01'),Other,general,0,0,0
1416,"WB Canada Partners IV MF, LLC",,,2023-10-23 20:27:00,'2023-10-30 12:43:01'),Other,general,0,0,0
1417,Woodbourne Canada IV GP ULC,,,2023-10-23 20:27:00,'2023-10-30 12:43:01'),Other,general,0,0,0
1418,Tonlu Holdings Ltd,,,2023-10-23 20:27:00,'2023-10-30 12:43:01'),Major Bank,general,0,0,0
1419,Parkmount Building Cor,,,2023-10-23 20:27:00,'2023-10-30 12:43:01'),Other,general,0,0,0
1420,Silverstar Boulevard Properties Inc,,,2023-10-23 20:27:00,'2023-10-30 12:43:01'),Development Company,general,0,0,0
1421,1185277 Ontario Inc,,,2023-10-23 20:27:00,'2023-10-30 12:43:01'),Other,general,0,0,0
1422,Terranata Winston Churchill Inc,,,2023-10-23 20:27:01,'2023-10-30 12:43:01'),Other,general,0,0,0
1423,1806778 Ontario Inc,,,2023-10-23 20:27:01,'2023-10-30 12:43:01'),Other,general,0,0,0
1424,White Owl Properties Ltd,,,2023-10-23 20:27:01,'2023-10-30 12:43:01'),Major Bank,general,0,0,0
1425,2254762 Ontario Ltd,,,2023-10-23 20:27:01,'2023-10-30 12:43:01'),Major Bank,general,0,0,0
1426,Almore Capital Ltd,,,2023-10-23 20:27:01,'2023-10-30 12:43:01'),Major Bank,general,0,0,0
1427,Xuzi Canada Inc,,,2023-10-23 20:27:01,'2023-10-30 12:43:01'),Other,general,0,0,0
1428,Arno International SARL,,,2023-10-23 20:27:02,'2023-10-30 12:43:01'),Other,general,0,0,0
1429,Cosa-Nova Fashions Ltd,,,2023-10-23 20:27:02,'2023-10-30 12:43:01'),Major Bank,general,0,0,0
1430,1149948 Ontario Ltd,,,2023-10-23 20:27:02,'2023-10-30 12:43:01'),Major Bank,general,0,0,0
1431,Core Development Group Ltd,,,2023-10-23 20:27:02,'2023-10-30 12:43:01'),Major Bank,general,0,0,0
1432,Romspen Investment Cor,,,2023-10-23 20:27:02,'2023-10-30 12:43:01'),Other,general,0,0,0
1433,Storcap 2 Inc,,,2023-10-23 20:27:30,'2023-10-30 12:43:01'),Other,general,0,0,0
1434,AFFG Properties &amp; Investments Inc,,,2023-10-23 20:27:31,'2023-10-30 12:43:01'),Development Company,general,0,0,0
1435,P &amp; A Paletta Giving Inc,,,2023-10-23 20:27:31,'2023-10-30 12:43:01'),Other,general,0,0,0
1436,William Kutynec Excavating and Grading,,,2023-10-23 20:27:31,'2023-10-30 12:43:01'),Other,general,0,0,0
1437,Build Toronto Holdings (Victoria Park) Inc,,,2023-10-23 20:27:31,'2023-10-30 12:43:01'),Private Lender,general,0,0,0
1438,Invar (Mississauga) Ltd,invartechnologies.com,,2023-12-02 13:41:58,'2023-10-30 12:43:01'),Major Bank,general,0,0,0
1439,1449208 Ontario Inc,,,2023-10-23 20:27:31,'2023-10-30 12:43:01'),Other,general,0,0,0
1440,WJ Holdings Ltd,,,2023-10-23 20:27:32,'2023-10-30 12:43:01'),Major Bank,general,0,0,0
1441,609337 Ontario Inc,,,2023-10-23 20:27:32,'2023-10-30 12:43:01'),Other,general,0,0,0
1442,"Wilmington Trust, National Associatio",,,2023-10-23 20:27:32,'2023-10-30 12:43:01'),Trust Company,general,0,0,0
1443,12077043 Canada Inc,,,2023-10-23 20:27:32,'2023-10-30 12:43:01'),Other,general,0,0,0
1444,RCG Green Lane Northwest GP Inc,,,2023-10-23 20:27:32,'2023-10-30 12:43:01'),Other,general,0,0,0
1445,2217467 Ontario Inc,,,2023-10-23 20:27:32,'2023-10-30 12:43:01'),Other,general,0,0,0
1446,Hanseatic Holdings Ltd,,,2023-10-23 20:27:33,'2023-10-30 12:43:01'),Major Bank,general,0,0,0
1447,Stronach Consulting Cor,,,2023-10-23 20:27:33,'2023-10-30 12:43:01'),Other,general,0,0,0
1448,1373365 Ontario Ltd,,,2023-10-23 20:27:33,'2023-10-30 12:43:01'),Major Bank,general,0,0,0
1449,Prince Charles Medical Centre Ltd,,,2023-10-23 20:28:01,'2023-10-30 12:43:01'),Major Bank,general,0,0,0
1450,Vancity Community Investment Bark,,,2023-10-23 20:28:01,'2023-10-30 12:43:01'),Other,general,0,0,0
1451,Rego Developments &amp; Construction Ltd,,,2023-10-23 20:28:02,'2023-10-30 12:43:01'),Major Bank,construction,0,1,0
1452,Ayt Cor,,,2023-10-23 20:28:02,'2023-10-30 12:43:01'),Other,general,0,0,0
1453,The Equitable Life Insurance Company of Canada,,,2023-10-23 20:28:02,'2023-10-30 12:43:01'),Insurance Company,general,0,0,0
1454,YF Capital Inc,,,2023-10-23 20:28:02,'2023-10-30 12:43:01'),Private Lender,general,0,0,0
1455,JG Rivard Ltd,,,2023-10-23 20:28:02,'2023-10-30 12:43:01'),Major Bank,general,0,0,0
1456,2443109 Ontario Inc,,,2023-10-23 20:28:02,'2023-10-30 12:43:01'),Other,general,0,0,0
1457,9360-8024 Quebec Inc,,,2023-10-23 20:28:02,'2023-10-30 12:43:01'),Other,general,0,0,0
1458,Canam Self Storage Inc,self.com,,2023-12-02 13:42:03,'2023-10-30 12:43:01'),Other,general,0,0,0
1459,729171 Alberta Inc,,,2023-10-23 20:28:03,'2023-10-30 12:43:01'),Other,general,0,0,0
1460,2296206 Ontario Ltd,,,2023-10-23 20:28:03,'2023-10-30 12:43:01'),Major Bank,general,0,0,0
1461,Creemore Financial Ltd,,,2023-10-23 20:28:03,'2023-10-30 12:43:01'),Major Bank,commercial,0,0,1
1462,Crerar Silverside Cor,,,2023-10-23 20:28:03,'2023-10-30 12:43:01'),Other,commercial,0,0,1
1463,1597655 Ontario Inc,,,2023-10-23 20:28:04,'2023-10-30 12:43:01'),Other,general,0,0,0
1464,401 and Dixon Properties Inc,,,2023-10-23 20:28:04,'2023-10-30 12:43:01'),Development Company,general,0,0,0
1465,Owemanco Management Holding Cor,,,2023-10-23 20:29:49,'2023-10-30 12:43:01'),Other,general,0,0,0
1466,Fast Capital Inc,,,2023-10-23 20:29:49,'2023-10-30 12:43:01'),Private Lender,general,0,0,0
1467,Yongemill Group Inc,,,2023-10-23 20:29:50,'2023-10-30 12:43:01'),Other,general,0,0,0
1468,Greycan 14 Properties Inc,,,2023-10-23 20:29:50,'2023-10-30 12:43:01'),Development Company,general,0,0,0
1469,13411133 Canada Inc,,,2023-10-23 20:29:50,'2023-10-30 12:43:01'),Other,general,0,0,0
1470,WPC GP II Inc,,,2023-10-23 20:29:51,'2023-10-30 12:43:01'),Other,general,0,0,0
1471,Church Extension Investors Fund Ltd,,,2023-10-23 20:29:51,'2023-10-30 12:43:01'),Major Bank,general,0,0,0
1472,Celernus Investment Partners Inc,,,2023-10-23 20:29:52,'2023-10-30 12:43:01'),Other,general,0,0,0
1473,JSM Ltd,,,2023-10-23 20:29:52,'2023-10-30 12:43:01'),Major Bank,general,0,0,0
1474,The Canada Life Assurance Company,,,2023-10-23 20:29:52,'2023-10-30 12:43:01'),Insurance Company,general,0,0,0
1475,Doyle Investments Cor,,,2023-10-23 20:29:52,'2023-10-30 12:43:01'),Other,general,0,0,0
1476,Mallpaks Developments Ltd,,,2023-10-23 20:29:53,'2023-10-30 12:43:01'),Major Bank,general,0,0,0
1477,Forgetstone Mortgage Fund GP Inc,,,2023-10-23 20:29:53,'2023-10-30 12:43:01'),Other,residential,0,0,0
1478,Universal-Investment-Gesellschaft,,,2023-10-24 14:27:32,'2023-10-30 12:43:01'),Other,general,0,0,0
1479,Murray &amp; Co Holdings Ltd,,,2023-10-24 14:27:32,'2023-10-30 12:43:01'),Major Bank,general,0,0,0
1480,Walmart BC Holding 2 ULC,,,2023-10-24 14:27:32,'2023-10-30 12:43:01'),Other,general,0,0,0
1481,Toyota Credit Canada Inc,,,2023-10-24 14:27:32,'2023-10-30 12:43:01'),Other,commercial,0,0,1
1482,Shipp Corp Ltd,,,2023-10-24 14:27:32,'2023-10-30 12:43:01'),Major Bank,general,0,0,0
1483,2 Fraser Avenue Finance Inc,,,2023-10-24 14:27:32,'2023-10-30 12:43:01'),Other,general,0,0,0
1484,Canada Bread Co Ltd,grupobimbo.com,,2023-12-02 13:41:59,'2023-10-30 12:43:01'),Major Bank,general,0,0,0
1485,Stringbridge Investments Ltd,,,2023-10-24 14:27:32,'2023-10-30 12:43:01'),Major Bank,general,0,0,0
1486,Mady (Burlington) Development Cor,,,2023-10-24 14:27:32,'2023-10-30 12:43:01'),Development Company,general,0,0,0
1487,Bridgewater Lakeshore Developer Inc,,,2023-10-24 14:27:32,'2023-10-30 12:43:01'),Other,general,0,0,0
1488,Hamilton Health Sciences Foundatio,,,2023-10-24 14:27:33,'2023-10-30 12:43:01'),Other,general,0,0,0
1489,Citibank Canada,citibank.com,,2023-12-02 13:41:59,'2023-10-30 12:43:01'),Major Bank,general,0,0,0
1490,Mattamy (Credit River) Ltd,,,2023-10-24 14:27:33,'2023-10-30 12:43:01'),Major Bank,commercial,0,0,1
1491,R Di Battista Investments Inc,,,2023-10-24 14:27:33,'2023-10-30 12:43:01'),Other,general,0,0,0
1492,Giuseppe &amp; Rosetta Martino,,,2023-10-24 14:27:33,'2023-10-30 12:43:01'),Other,general,0,0,0
1493,Alberta Treasury Branche,,,2023-10-24 14:27:33,'2023-10-30 12:43:01'),Other,general,0,0,0
1494,CMP Investments Ltd,,,2023-10-24 14:27:33,'2023-10-30 12:43:01'),Major Bank,general,0,0,0
1495,CIBC Mortgage Inc,,,2023-10-24 14:27:34,'2023-10-30 12:43:01'),Major Bank,residential,0,0,0
1496,First Gulf Industrial Developments Inc,,,2023-10-24 14:27:34,'2023-10-30 12:43:01'),Development Company,industrial,0,0,0
1497,1264738 Ontario Ltd,,,2023-10-24 14:27:34,'2023-10-30 12:43:01'),Major Bank,general,0,0,0
1498,OTB Capital Inc,,,2023-10-24 14:27:34,'2023-10-30 12:43:01'),Private Lender,general,0,0,0
1499,1040 Islington Avenue Holdings Ltd,,,2023-10-24 14:27:34,'2023-10-30 12:43:01'),Major Bank,general,0,0,0
1500,Paul Livingsto,,,2023-10-24 14:27:34,'2023-10-30 12:43:01'),Other,general,0,0,0
1501,Jade Milliken Holdings Ltd,,,2023-10-24 14:27:34,'2023-10-30 12:43:01'),Major Bank,general,0,0,0
1502,Kenneth Gordo,,,2023-10-24 14:27:35,'2023-10-30 12:43:01'),Other,general,0,0,0
1503,Elhara Investments Ltd,,,2023-10-24 14:27:35,'2023-10-30 12:43:01'),Major Bank,general,0,0,0
1504,Mam Chestnut Park Hotel Lender LLC,,,2023-10-24 14:27:35,'2023-10-30 12:43:01'),Other,hospitality,0,0,0
1505,Liverton Hotels International Inc,,,2023-10-24 14:27:35,'2023-10-30 12:43:01'),Other,hospitality,0,0,0
1506,350 Hazelhurst Road GP Inc,,,2023-10-24 14:27:56,'2023-10-30 12:43:01'),Other,general,0,0,0
1507,John Henry Smith Land Inc,,,2023-10-24 14:27:57,'2023-10-30 12:43:01'),Other,land,1,0,0
1508,E-Lane Properties (Weber) Inc,,,2023-10-24 14:27:57,'2023-10-30 12:43:01'),Development Company,general,0,0,0
1509,Calloway GP Inc,,,2023-10-24 14:27:57,'2023-10-30 12:43:01'),Other,general,0,0,0
1510,PIRET (365 Passmore) Holdings Inc,,,2023-10-24 14:27:57,'2023-10-30 12:43:01'),Private Lender,general,0,0,0
1511,PIRET (120 Trillium Drive) Holdings Inc,,,2023-10-24 14:27:57,'2023-10-30 12:43:01'),Private Lender,general,0,0,0
1512,Armadale Co Ltd,,,2023-10-24 14:27:57,'2023-10-30 12:43:01'),Major Bank,general,0,0,0
1513,CF/OT Buttonville Properties Inc,,,2023-10-24 14:27:57,'2023-10-30 12:43:01'),Development Company,general,0,0,0
1514,Diversified Capital Inc,,,2023-10-24 14:27:57,'2023-10-30 12:43:01'),Private Lender,general,0,0,0
1515,Skyline Commercial Real Estate Holdings Inc,,,2023-10-24 14:27:57,'2023-10-30 12:43:01'),Private Lender,commercial,0,0,1
1516,Esplanade 75 Inc,,,2023-10-24 14:27:57,'2023-10-30 12:43:01'),Other,general,0,0,0
1517,551879 Ontario Ltd,,,2023-10-24 14:27:57,'2023-10-30 12:43:01'),Major Bank,general,0,0,0
1518,1570710 Ontario Ltd,,,2023-10-24 14:27:57,'2023-10-30 12:43:01'),Major Bank,general,0,0,0
1519,Mizrahi Development Group (The One) Inc,,,2023-10-24 14:27:57,'2023-10-30 12:43:01'),Development Company,general,0,0,0
1520,Fifth Third Bank,53.com,,2023-12-02 13:41:59,'2023-10-30 12:43:01'),Major Bank,general,0,0,0
1521,Les Oeuvres Oblates de l&#039;Ontario,,,2023-10-24 14:27:58,'2023-10-30 12:43:01'),Other,general,0,0,0
1522,Rosdin Holdings Ltd,,,2023-10-24 14:27:58,'2023-10-30 12:43:01'),Major Bank,general,0,0,0
1523,Sheridan Nurseries Ltd,sheridannurseries.com,,2023-12-02 13:41:59,'2023-10-30 12:43:01'),Major Bank,general,0,0,0
1524,State Bank India (Canada),,,2023-10-24 14:27:58,'2023-10-30 12:43:01'),Major Bank,general,0,0,0
1525,Alexander Christ,,,2023-10-24 14:27:58,'2023-10-30 12:43:01'),Other,general,0,0,0
1526,Nutristock Cor,,,2023-10-24 14:27:59,'2023-10-30 12:43:01'),Other,general,0,0,0
1527,KCAP Midland Inc,,,2023-10-24 14:27:59,'2023-10-30 12:43:01'),Other,land,1,0,0
1528,BRL Realty Ltd,,,2023-10-24 14:27:59,'2023-10-30 12:43:01'),Major Bank,general,0,0,0
1529,PNP Holdings Inc,,,2023-10-24 14:27:59,'2023-10-30 12:43:01'),Private Lender,general,0,0,0
1530,FSC Rideau GP Inc,,,2023-10-24 14:27:59,'2023-10-30 12:43:01'),Other,general,0,0,0
1531,Trinity Rideau GP Inc,,,2023-10-24 14:27:59,'2023-10-30 12:43:01'),Other,general,0,0,0
1532,Congregation Beth Shalom of Ottawa,,,2023-10-24 14:27:59,'2023-10-30 12:43:01'),Other,general,0,0,0
1533,Am-Stat Corporatio,,,2023-10-24 14:28:19,'2023-10-30 12:43:01'),Other,general,0,0,0
1534,Kingsberg Development Cor,,,2023-10-24 14:28:19,'2023-10-30 12:43:01'),Development Company,general,0,0,0
1535,Tap-Steeles Investments Ltd,,,2023-10-24 14:28:19,'2023-10-30 12:43:01'),Major Bank,general,0,0,0
1536,Phoenix Properties Inc,,,2023-10-24 14:28:20,'2023-10-30 12:43:01'),Development Company,general,0,0,0
1537,J2 Management Cor,,,2023-10-24 14:28:20,'2023-10-30 12:43:01'),Other,general,0,0,0
1538,5050 Innovation Inc,,,2023-10-24 14:28:20,'2023-10-30 12:43:01'),Other,hospitality,0,0,0
1539,PIRET (Brampton) Holdings Inc,,,2023-10-24 14:28:20,'2023-10-30 12:43:01'),Private Lender,general,0,0,0
1540,Temardy Holdings Ltd,,,2023-10-24 14:28:20,'2023-10-30 12:43:01'),Major Bank,general,0,0,0
1541,628627 Ontario Inc,,,2023-10-24 14:28:20,'2023-10-30 12:43:01'),Other,general,0,0,0
1542,Ontario Mortgages LLC,,,2023-10-24 14:28:21,'2023-10-30 12:43:01'),Other,residential,0,0,0
1543,Cityzen (Yonge &amp; Scollard) Inc,,,2023-10-24 14:28:21,'2023-10-30 12:43:01'),Other,general,0,0,0
1544,Greybrook Scollard GP Inc,greybrook.com,,2023-12-02 13:42:00,'2023-10-30 12:43:01'),Other,general,0,0,0
1545,916506 Ontario Ltd,,,2023-10-24 14:28:21,'2023-10-30 12:43:01'),Major Bank,general,0,0,0
1546,Enzomax Holdings Ltd,,,2023-10-24 14:28:21,'2023-10-30 12:43:01'),Major Bank,general,0,0,0
1547,Menkes GTA Industrial Holdings Inc,,,2023-10-24 14:28:21,'2023-10-30 12:43:01'),Private Lender,industrial,0,0,0
1548,Thundering Waters Development Cor,,,2023-10-24 14:28:21,'2023-10-30 12:43:01'),Development Company,general,0,0,0
1549,1548317 Ontario Ltd,,,2023-10-24 14:28:22,'2023-10-30 12:43:01'),Major Bank,general,0,0,0
1550,Cameron Stephens Financial Cor,,,2023-10-24 14:28:22,'2023-10-30 12:43:01'),Credit Union,general,0,0,0
1551,Cesaroni Holdings Ltd,,,2023-10-24 14:28:22,'2023-10-30 12:43:01'),Major Bank,general,0,0,0
1552,Canadian Automotive Specialty Holdings Inc,,,2023-10-24 14:28:22,'2023-10-30 12:43:01'),Private Lender,general,0,0,0
1553,CML/FPL Agent Inc,,,2023-10-24 14:28:22,'2023-10-30 12:43:01'),Other,general,0,0,0
1554,One Bloor West FPL (2) Inc,,,2023-10-24 14:28:22,'2023-10-30 12:43:01'),Other,general,0,0,0
1555,Romspen Invesmtment Cor,,,2023-10-24 14:28:22,'2023-10-30 12:43:01'),Other,general,0,0,0
1556,19 Duncan Mortgage Inc,,,2023-10-24 14:28:22,'2023-10-30 12:43:01'),Other,residential,0,0,0
1557,2024644 Ontario Inc,,,2023-10-24 14:28:22,'2023-10-30 12:43:01'),Other,general,0,0,0
1558,Trinity Albert Inc,,,2023-10-24 14:28:22,'2023-10-30 12:43:01'),Other,general,0,0,0
1559,Estate of Louis Slavko Mrak,,,2023-10-24 14:28:22,'2023-10-30 12:43:01'),Other,general,0,0,0
1560,1227506 Ontario Ltd,,,2023-10-24 14:28:22,'2023-10-30 12:43:01'),Major Bank,general,0,0,0
1561,Mattamy (Mayfield West) Ltd,,,2023-10-24 14:28:22,'2023-10-30 12:43:01'),Major Bank,general,0,0,0
1562,Red Robin Ltd,redrobin.com,,2023-12-02 13:42:03,'2023-10-30 12:43:01'),Major Bank,general,0,0,0
1563,Coco International Inc,,,2023-10-24 14:28:22,'2023-10-30 12:43:01'),Other,general,0,0,0
1564,1463069 Ontario Ltd,,,2023-10-24 14:28:40,'2023-10-30 12:43:01'),Major Bank,general,0,0,0
1565,Wayne Safety Ltd and 17 other,,,2023-10-24 14:28:40,'2023-10-30 12:43:01'),Major Bank,general,0,0,0
1566,Joseph Albanese Ltd,,,2023-10-24 14:28:40,'2023-10-30 12:43:01'),Major Bank,general,0,0,0
1567,1448414 Ontario Inc,,,2023-10-24 14:28:40,'2023-10-30 12:43:01'),Other,general,0,0,0
1568,HOCO Ltd,,,2023-10-24 14:28:40,'2023-10-30 12:43:01'),Major Bank,general,0,0,0
1569,Armstrong Equities Inc,,,2023-10-24 14:28:40,'2023-10-30 12:43:01'),Other,general,0,0,0
1570,Build Toronto Holdings (Richmond) Inc,,,2023-10-24 14:28:40,'2023-10-30 12:43:01'),Private Lender,general,0,0,0
1571,958355 Ontario Inc,,,2023-10-24 14:28:40,'2023-10-30 12:43:01'),Other,general,0,0,0
1572,Krashnik Investments Ltd,,,2023-10-24 14:28:41,'2023-10-30 12:43:01'),Major Bank,general,0,0,0
1573,Ken Fowler Enterprises Ltd,,,2023-10-24 14:28:41,'2023-10-30 12:43:01'),Major Bank,general,0,0,0
1574,The Manufacturers Life Assurance Co,,,2023-10-24 14:28:41,'2023-10-30 12:43:01'),Insurance Company,general,0,0,0
1575,Harwin Properties Inc,,,2023-10-24 14:28:41,'2023-10-30 12:43:01'),Development Company,general,0,0,0
1576,Brayford Land Holdings Inc,,,2023-10-24 14:28:42,'2023-10-30 12:43:01'),Private Lender,land,1,0,0
1577,Wield Holdings Inc,,,2023-10-24 14:28:42,'2023-10-30 12:43:01'),Private Lender,general,0,0,0
1578,Build Toronto Inc,,,2023-10-24 14:29:06,'2023-10-30 12:43:01'),Other,general,0,0,0
1579,Terranostra Holdings Inc,,,2023-10-24 14:29:06,'2023-10-30 12:43:01'),Private Lender,general,0,0,0
1580,Maple Foods Inc,,,2023-10-24 14:29:06,'2023-10-30 12:43:01'),Other,general,0,0,0
1581,Ron-Grand Land Ltd,,,2023-10-24 14:29:06,'2023-10-30 12:43:01'),Major Bank,land,1,0,0
1582,Bimani Developments Inc,,,2023-10-24 14:29:07,'2023-10-30 12:43:01'),Development Company,general,0,0,0
1583,Concert Real Estate Cor,,,2023-10-24 14:29:07,'2023-10-30 12:43:01'),Other,general,0,0,0
1584,RioCan Holdings (Sunnybrook) Inc,,,2023-10-24 14:29:07,'2023-10-30 12:43:01'),Private Lender,general,0,0,0
1585,BMW Group Financial Services Canada,,,2023-10-24 14:29:07,'2023-10-30 12:43:01'),Credit Union,general,0,0,0
1586,Halloway Developments Ltd,,,2023-10-24 14:29:07,'2023-10-30 12:43:01'),Major Bank,general,0,0,0
1587,Innovative Trailer Design Industries Inc,,,2023-10-24 14:29:08,'2023-10-30 12:43:01'),Other,hospitality,0,0,0
1588,Sunningdale Developments Inc,,,2023-10-24 14:29:08,'2023-10-30 12:43:01'),Development Company,general,0,0,0
1589,Kerava Grove Estates Inc,,,2023-10-24 14:29:08,'2023-10-30 12:43:01'),Other,general,0,0,0
1590,Central Carpentry Ltd and 5 other,,,2023-10-24 14:29:08,'2023-10-30 12:43:01'),Major Bank,general,0,0,0
1591,Southfork Holdings Ltd,,,2023-10-24 14:29:08,'2023-10-30 12:43:01'),Major Bank,general,0,0,0
1592,Baylom Investment Ltd,,,2023-10-24 14:29:08,'2023-10-30 12:43:01'),Major Bank,general,0,0,0
1593,West End Motors and Trailer Park Ltd,,,2023-10-24 14:29:08,'2023-10-30 12:43:01'),Major Bank,general,0,0,0
1594,Quincy Investments Ltd and 7 other,,,2023-10-24 14:29:08,'2023-10-30 12:43:01'),Major Bank,general,0,0,0
1595,1625 Shawson Inc,,,2023-10-24 14:29:08,'2023-10-30 12:43:01'),Other,general,0,0,0
1596,Haessler Properties Inc,,,2023-10-24 14:30:25,'2023-10-30 12:43:01'),Development Company,general,0,0,0
1597,General Motors of Canada Ltd,ge.com,,2023-12-02 13:42:03,'2023-10-30 12:43:01'),Major Bank,general,0,0,0
1598,Build Toronto Holdings (Ordnance) Inc,,,2023-10-24 14:30:26,'2023-10-30 12:43:01'),Private Lender,general,0,0,0
1599,1048815 Ontario Ltd,,,2023-10-24 14:30:26,'2023-10-30 12:43:01'),Major Bank,general,0,0,0
1600,901458 Ontario Ltd,,,2023-10-24 14:30:26,'2023-10-30 12:43:01'),Major Bank,general,0,0,0
1601,JP Graci &amp; Associate,,,2023-10-24 14:30:26,'2023-10-30 12:43:01'),Other,general,0,0,0
1602,Dom Investment Cor,,,2023-10-24 14:30:26,'2023-10-30 12:43:01'),Other,general,0,0,0
1603,Tuckernuck Mortgage Administration Inc,,,2023-10-24 14:30:26,'2023-10-30 12:43:01'),Other,residential,0,0,0
1604,DD Kanata Ltd,,,2023-10-24 14:30:27,'2023-10-30 12:43:01'),Major Bank,general,0,0,0
1605,Emparrado Cor,,,2023-10-24 14:30:27,'2023-10-30 12:43:01'),Other,general,0,0,0
1606,Joan Johnsto,,,2023-10-24 14:30:27,'2023-10-30 12:43:01'),Other,general,0,0,0
1607,Stouf Con Eight Developments Ltd,,,2023-10-24 14:30:27,'2023-10-30 12:43:01'),Major Bank,general,0,0,0
1608,Lionhead Enterprises Inc,,,2023-10-24 14:30:27,'2023-10-30 12:43:01'),Other,general,0,0,0
1609,583753 Ontario Ltd,,,2023-10-24 14:30:27,'2023-10-30 12:43:01'),Major Bank,general,0,0,0
1610,ING Bank of Canada,nbc.ca,,2023-12-02 13:42:03,'2023-10-30 12:43:01'),Major Bank,general,0,0,0
1611,Return on Innovation Capital Ltd,,,2023-10-24 14:30:27,'2023-10-30 12:43:01'),Major Bank,hospitality,0,0,0
1612,Samuel Sarick Ltd,,,2023-10-24 14:30:28,'2023-10-30 12:43:01'),Major Bank,general,0,0,0
1613,Estate of Arthur Capla,,,2023-10-24 14:30:28,'2023-10-30 12:43:01'),Other,general,0,0,0
1614,DB Mortgage Investment Corp #1,,,2023-10-24 14:30:28,'2023-10-30 12:43:01'),Private Lender,residential,0,0,0
1615,Unilever Canada Inc,,,2023-10-24 14:30:28,'2023-10-30 12:43:01'),Other,general,0,0,0
1616,Christ Embassy Christian Centre,,,2023-10-26 13:31:05,'2023-10-30 12:43:01'),Other,general,0,0,0
1617,2635346 Ontario Inc,,,2023-10-26 13:31:05,'2023-10-30 12:43:01'),Other,general,0,0,0
1618,Caisse Populaire Trillium Inc,,,2023-10-26 13:31:06,'2023-10-30 12:43:01'),Credit Union,general,0,0,0
1619,2176112 Ontario Inc,,,2023-10-26 13:31:06,'2023-10-30 12:43:01'),Other,general,0,0,0
1620,Bluewater Investments Ltd,,,2023-10-26 13:31:06,'2023-10-30 12:43:01'),Major Bank,general,0,0,0
1621,Valour Mortgage Services Inc,,,2023-10-26 13:31:06,'2023-10-30 12:43:01'),Other,residential,0,0,0
1622,"Mario, Giuseppe &amp; Angela Mancini",,,2023-10-26 13:31:06,'2023-10-30 12:43:01'),Other,general,0,0,0
1623,2422128 Ontario Inc,,,2023-10-26 13:31:06,'2023-10-30 12:43:01'),Other,general,0,0,0
1624,Wolfwood Enterprises ULC,,,2023-10-26 13:31:06,'2023-10-30 12:43:01'),Other,general,0,0,0
1625,KEB Hanna Bank Canada,,,2023-10-26 13:31:06,'2023-10-30 12:43:01'),Major Bank,general,0,0,0
1626,Mary Lake Estates Inc,,,2023-10-26 13:31:06,'2023-10-30 12:43:01'),Other,general,0,0,0
1627,Caisse Populaire Vermillon Inc,,,2023-10-26 13:31:06,'2023-10-30 12:43:01'),Credit Union,general,0,0,0
1628,Vault Capital Inc,,,2023-10-26 13:31:06,'2023-10-30 12:43:01'),Private Lender,general,0,0,0
1629,Equity Cor,,,2023-10-26 13:31:06,'2023-10-30 12:43:01'),Other,general,0,0,0
1630,"CIBC Mortgages Inc, trading as FirstLine Mortgage",,,2023-10-26 13:31:06,'2023-10-30 12:43:01'),Major Bank,residential,0,0,0
1631,Lucille Huro,,,2023-10-26 13:31:06,'2023-10-30 12:43:01'),Other,general,0,0,0
1632,George Macri,,,2023-10-26 13:31:07,'2023-10-30 12:43:01'),Other,general,0,0,0
1633,Mid-Town Taxi Co Ltd,,,2023-10-26 13:31:07,'2023-10-30 12:43:01'),Major Bank,general,0,0,0
1634,Toth Equity Ltd,,,2023-10-26 13:31:07,'2023-10-30 12:43:01'),Major Bank,general,0,0,0
1635,Michael &amp; Anna Montagano,,,2023-10-26 13:31:07,'2023-10-30 12:43:01'),Private Lender,general,0,0,0
1636,1048486 Ontario Inc,,,2023-10-26 13:31:07,'2023-10-30 12:43:01'),Other,general,0,0,0
1637,849945 Ontario Inc,,,2023-10-26 13:31:08,'2023-10-30 12:43:01'),Other,general,0,0,0
1638,Eva Szasz-Peterffy,,,2023-10-26 13:31:08,'2023-10-30 12:43:01'),Other,general,0,0,0
1639,CS Alterna Bank,,,2023-10-26 13:31:08,'2023-10-30 12:43:01'),Major Bank,general,0,0,0
1640,CSL Equity Investments Ltd,,,2023-10-26 13:31:09,'2023-10-30 12:43:01'),Major Bank,general,0,0,0
1641,SNSPF Interim Finance BV,,,2023-10-26 13:31:09,'2023-10-30 12:43:01'),Other,general,0,0,0
1642,Shelea Holdings Inc,,,2023-10-26 13:31:09,'2023-10-30 12:43:01'),Private Lender,general,0,0,0
1643,Tricon 1020 King Street West Inc,,,2023-10-26 13:31:09,'2023-10-30 12:43:01'),Other,general,0,0,0
1644,Sandringham Place Inc,,,2023-10-26 13:31:09,'2023-10-30 12:43:01'),Other,general,0,0,0
1645,Niazi Holdings Inc,,,2023-10-26 13:31:09,'2023-10-30 12:43:01'),Private Lender,general,0,0,0
1646,Re/Max Niagara Realty Ltd,remaxescarpment.com,,2023-12-02 13:42:03,'2023-10-30 12:43:01'),Major Bank,general,0,0,0
1647,Middlemarch Partners Ltd,,,2023-10-26 13:31:09,'2023-10-30 12:43:01'),Major Bank,general,0,0,0
1648,Highpark Development Inc,,,2023-10-26 13:31:09,'2023-10-30 12:43:01'),Development Company,general,0,0,0
1649,Stuart Reddingto,,,2023-10-26 13:31:09,'2023-10-30 12:43:01'),Other,general,0,0,0
1650,Willson Shell Centre Dufferi,,,2023-10-26 13:31:09,'2023-10-30 12:43:01'),Other,general,0,0,0
1651,Peter &amp; Nevenka Price,,,2023-10-26 13:31:09,'2023-10-30 12:43:01'),Other,general,0,0,0
1652,Lovats Equity Financing Inc,,,2023-10-26 13:31:09,'2023-10-30 12:43:01'),Other,general,0,0,0
1653,Vishal&#039;s Gas &amp; Fuel Ltd,,,2023-10-26 13:31:09,'2023-10-30 12:43:01'),Major Bank,general,0,0,0
1654,Community Trust Co,communitytrust.ca,,2023-12-02 13:42:01,'2023-10-30 12:43:01'),Trust Company,general,0,0,0
1655,Four Seasons Hotels Ltd,,,2023-10-26 13:31:10,'2023-10-30 12:43:01'),Major Bank,hospitality,0,0,0
1656,Foxwell Holdings Inc,,,2023-10-26 13:31:10,'2023-10-30 12:43:01'),Private Lender,general,0,0,0
1657,D &amp; L Investments Inc,,,2023-10-26 13:31:10,'2023-10-30 12:43:01'),Other,general,0,0,0
1658,2139961 Ontario Inc,,,2023-10-26 13:31:11,'2023-10-30 12:43:01'),Other,general,0,0,0
1659,Don Ierllo Investments Inc,,,2023-10-26 13:31:11,'2023-10-30 12:43:01'),Other,general,0,0,0
1660,2097994 Ontario Inc,,,2023-10-26 13:31:11,'2023-10-30 12:43:01'),Other,general,0,0,0
1661,Ray Cranley Auto Wreckers Ltd,,,2023-10-26 13:31:11,'2023-10-30 12:43:01'),Major Bank,general,0,0,0
1662,Terrier Properties Inc,,,2023-10-26 13:31:11,'2023-10-30 12:43:01'),Development Company,general,0,0,0
1663,General Partner Fiera FP Real Estate Financing Fund Inc,,,2023-10-26 13:31:36,'2023-10-30 12:43:01'),Other,general,0,0,0
1664,Strandorado Investments Ltd,,,2023-10-26 13:31:37,'2023-10-30 12:43:01'),Major Bank,general,0,0,0
1665,Calloway REIT (Niagara Falls) Inc,,,2023-10-26 13:31:37,'2023-10-30 12:43:01'),Other,general,0,0,0
1666,Kingsway Arms (At McCowan) Inc,,,2023-10-26 13:31:37,'2023-10-30 12:43:01'),Other,general,0,0,0
1667,Magenta Captial Cor,,,2023-10-26 13:31:37,'2023-10-30 12:43:01'),Other,general,0,0,0
1668,Manhattan West Cor,,,2023-10-26 13:31:38,'2023-10-30 12:43:01'),Other,general,0,0,0
1669,JPB Holdings Ltd,,,2023-10-26 13:31:38,'2023-10-30 12:43:01'),Major Bank,general,0,0,0
1670,Avion Motel Ltd,,,2023-10-26 13:31:38,'2023-10-30 12:43:01'),Major Bank,hospitality,0,0,0
1671,Rap Holdings Inc,,,2023-10-26 13:31:38,'2023-10-30 12:43:01'),Private Lender,general,0,0,0
1672,Concerta Trust,,,2023-10-26 13:31:38,'2023-10-30 12:43:01'),Trust Company,general,0,0,0
1673,JRJF Group Cor,,,2023-10-26 13:31:38,'2023-10-30 12:43:01'),Other,general,0,0,0
1674,Thermakon Enterprises Ltd,,,2023-10-26 13:31:38,'2023-10-30 12:43:01'),Major Bank,general,0,0,0
1675,Shinhan Bank of Canada,,,2023-10-26 13:31:38,'2023-10-30 12:43:01'),Major Bank,general,0,0,0
1676,180 University Residential Inc,,,2023-10-26 13:31:38,'2023-10-30 12:43:01'),Other,residential,0,0,0
1677,Reserve Investment Cor,,,2023-10-26 13:31:38,'2023-10-30 12:43:01'),Other,general,0,0,0
1678,1395788 Ontario Inc,,,2023-10-26 13:31:38,'2023-10-30 12:43:01'),Other,general,0,0,0
1679,Smar Holdings Ltd,,,2023-10-26 13:31:39,'2023-10-30 12:43:01'),Major Bank,general,0,0,0
1680,The Effort Trust Co,efforttrust.com,,2023-12-02 13:42:01,'2023-10-30 12:43:01'),Trust Company,general,0,0,0
1681,Forum Equity Partners Holdings Inc,,,2023-10-26 13:31:39,'2023-10-30 12:43:01'),Private Lender,general,0,0,0
1682,Segura Investments Ltd,,,2023-10-26 13:31:39,'2023-10-30 12:43:01'),Major Bank,general,0,0,0
1683,GTA Private Capital Income LP,,,2023-10-26 13:31:39,'2023-10-30 12:43:01'),Private Lender,general,0,0,0
1684,Olympia Trust Co &amp; 8 other,,,2023-10-26 13:31:39,'2023-10-30 12:43:01'),Trust Company,general,0,0,0
1685,Trojan Equity Group Inc,,,2023-10-26 13:31:39,'2023-10-30 12:43:01'),Other,general,0,0,0
1686,Remus Property Group Inc,,,2023-10-26 13:31:39,'2023-10-30 12:43:01'),Development Company,general,0,0,0
1687,GTA Private Capital Fund and 6 other,,,2023-10-26 13:31:39,'2023-10-30 12:43:01'),Private Lender,general,0,0,0
1688,One Equity Corporatio,,,2023-10-26 13:31:58,'2023-10-30 12:43:01'),Other,general,0,0,0
1689,1000406698 Ontario Inc,,,2023-10-26 13:31:58,'2023-10-30 12:43:01'),Other,general,0,0,0
1690,The Toronto Dominion Bank,dominionbanking.com,,2023-12-02 13:42:03,'2023-10-30 12:43:01'),Major Bank,general,0,0,0
1691,12563827 Canada Inc,,,2023-10-26 13:31:59,'2023-10-30 12:43:01'),Other,general,0,0,0
1692,"Stouffville Glass, Mirrors &amp; Aluminum (2012) Ltd",,,2023-10-26 19:27:23,'2023-10-30 12:43:01'),Major Bank,general,0,0,0
1693,Edgehill Properties Ltd,,,2023-10-26 19:27:23,'2023-10-30 12:43:01'),Major Bank,general,0,0,0
1694,2607087 Ontario Ltd,,,2023-10-26 19:27:23,'2023-10-30 12:43:01'),Major Bank,general,0,0,0
1695,2670787 Ontario Ltd,,,2023-10-26 19:27:23,'2023-10-30 12:43:01'),Major Bank,general,0,0,0
1696,Guswhenta Holdings Ltd,,,2023-10-26 19:27:23,'2023-10-30 12:43:01'),Major Bank,general,0,0,0
1697,Westmount Guarentee Services Inc,,,2023-10-26 19:27:23,'2023-10-30 12:43:01'),Other,general,0,0,0
1698,Man Hole Ten Development Inc,,,2023-10-26 19:27:23,'2023-10-30 12:43:01'),Development Company,general,0,0,0
1699,Highland Communities Ltd,,,2023-10-26 19:27:23,'2023-10-30 12:43:01'),Major Bank,land,1,0,0
1700,Capello Investments Ltd,,,2023-10-26 19:27:23,'2023-10-30 12:43:01'),Major Bank,general,0,0,0
1701,Armel Cor,,,2023-10-26 19:27:24,'2023-10-30 12:43:01'),Other,general,0,0,0
1702,1536229 Ontario Inc,,,2023-10-26 19:27:24,'2023-10-30 12:43:01'),Other,general,0,0,0
1703,1592758 Ontario Inc,,,2023-10-26 19:27:24,'2023-10-30 12:43:01'),Other,general,0,0,0
1704,2174217 Ontario Inc,,,2023-10-26 19:27:24,'2023-10-30 12:43:01'),Other,general,0,0,0
1705,First Cource Financial Management Inc,,,2023-10-26 19:27:24,'2023-10-30 12:43:01'),Credit Union,general,0,0,0
1706,Archigraph Development OInc,,,2023-10-26 19:27:24,'2023-10-30 12:43:01'),Development Company,general,0,0,0
1707,45 Connaught Holdings Inc,,,2023-10-26 19:27:24,'2023-10-30 12:43:01'),Private Lender,general,0,0,0
1708,Ivest Properties Ltd,,,2023-10-26 19:27:25,'2023-10-30 12:43:01'),Major Bank,general,0,0,0
1709,Minag Company Ltd,,,2023-10-26 19:27:25,'2023-10-30 12:43:01'),Major Bank,general,0,0,0
1710,Ed Perl Holdings Ltd,,,2023-10-26 19:27:25,'2023-10-30 12:43:01'),Major Bank,general,0,0,0
1711,1966999 Ontario Ltd,,,2023-10-26 19:27:49,'2023-10-30 12:43:01'),Major Bank,general,0,0,0
1712,TDC Medical Properties Inc,,,2023-10-26 19:27:49,'2023-10-30 12:43:01'),Major Bank,general,0,0,0
1713,Linelle Development Ltd,,,2023-10-26 19:27:49,'2023-10-30 12:43:01'),Major Bank,general,0,0,0
1714,Stuart Real Estate Services Inc,,,2023-10-26 19:27:49,'2023-10-30 12:43:01'),Other,general,0,0,0
1715,Brock University,,,2023-10-26 19:27:49,'2023-10-30 12:43:01'),Other,general,0,0,0
1716,2019 Di Carlo Holdco 1 Inc,,,2023-10-26 19:27:49,'2023-10-30 12:43:01'),Other,general,0,0,0
1717,Topana Investments Ltd,,,2023-10-26 19:27:49,'2023-10-30 12:43:01'),Major Bank,general,0,0,0
1718,711371 Ontario Cor,,,2023-10-26 19:27:49,'2023-10-30 12:43:01'),Other,general,0,0,0
1719,Valery Homes Paris Ltd,,,2023-10-26 19:27:49,'2023-10-30 12:43:01'),Major Bank,general,0,0,0
1720,Finger Lakes Estates Inc,,,2023-10-26 19:27:49,'2023-10-30 12:43:01'),Other,general,0,0,0
1721,1051023 Ontario Ltd,,,2023-10-26 19:27:50,'2023-10-30 12:43:01'),Major Bank,general,0,0,0
1722,Mingsett Mortgage Cor,,,2023-10-26 19:27:50,'2023-10-30 12:43:01'),Other,residential,0,0,0
1723,2399862 Ontario Inc,,,2023-10-26 19:27:50,'2023-10-30 12:43:01'),Other,general,0,0,0
1724,Timbercreek VA (Canada) GP Inc,,,2023-10-26 19:27:50,'2023-10-30 12:43:01'),Other,commercial,0,0,1
1725,Timbercreek VA (Europe) GP Inc,,,2023-10-26 19:27:50,'2023-10-30 12:43:01'),Other,commercial,0,0,1
1726,11550004 Canada Inc,,,2023-10-26 19:27:50,'2023-10-30 12:43:01'),Other,general,0,0,0
1727,2060597 Ontario Inc,,,2023-10-26 19:27:50,'2023-10-30 12:43:01'),Other,general,0,0,0
1728,C &amp; K Mortgage Service,,,2023-10-26 19:27:50,'2023-10-30 12:43:01'),Other,residential,0,0,0
1729,Milton Village Park Inc,,,2023-10-26 19:27:50,'2023-10-30 12:43:01'),Other,general,0,0,0
1730,Avondale Capital Inc,,,2023-10-26 19:27:50,'2023-10-30 12:43:01'),Private Lender,general,0,0,0
1731,Northwest Brampton Developments Inc,,,2023-10-26 19:27:50,'2023-10-30 12:43:01'),Development Company,general,0,0,0
1732,Hillmount Capital Inc,,,2023-10-26 19:27:50,'2023-10-30 12:43:01'),Private Lender,general,0,0,0
1733,Castle Lane Design Group Inc,,,2023-10-26 19:27:51,'2023-10-30 12:43:01'),Other,general,0,0,0
1734,Brian Domm Farms Ltd,,,2023-10-26 19:27:51,'2023-10-30 12:43:01'),Major Bank,agricultural,0,0,0
1735,Central 1 Credit Unio,central1.com,,2023-12-02 13:42:03,'2023-10-30 12:43:01'),Other,commercial,0,0,1
1736,C &amp; K Mortgages Services Inc,,,2023-10-26 19:27:51,'2023-10-30 12:43:01'),Other,residential,0,0,0
1737,Castor Creek Inc,,,2023-10-26 19:27:52,'2023-10-30 12:43:01'),Other,commercial,0,0,1
1738,Canada IC Capital Cor,,,2023-10-26 19:28:10,'2023-10-30 12:43:01'),Private Lender,general,0,0,0
1739,805232 Ontario Inc,,,2023-10-26 19:28:10,'2023-10-30 12:43:01'),Other,general,0,0,0
1740,Simdapa Ltd,,,2023-10-26 19:28:10,'2023-10-30 12:43:01'),Major Bank,general,0,0,0
1741,Jed Landco Inc,,,2023-10-26 19:28:10,'2023-10-30 12:43:01'),Other,land,1,0,0
1742,Spillsbury Residences Inc,,,2023-10-26 19:28:10,'2023-10-30 12:43:01'),Other,general,0,0,0
1743,5054951 Ontario Inc,,,2023-10-26 19:28:10,'2023-10-30 12:43:01'),Other,general,0,0,0
1744,Kingwood River Walk Homes Ltd,,,2023-10-26 19:28:10,'2023-10-30 12:43:01'),Major Bank,general,0,0,0
1745,Kingwood Paris Meadows Ltd,,,2023-10-26 19:28:10,'2023-10-30 12:43:01'),Major Bank,general,0,0,0
1746,Casse Desjardins Ontario Credit Union Inc,,,2023-10-26 19:28:10,'2023-10-30 12:43:01'),Major Bank,commercial,0,0,1
1747,Rockway Holdings Ltd,,,2023-10-26 19:28:10,'2023-10-30 12:43:01'),Major Bank,general,0,0,0
1748,1007323 Ontario Inc,,,2023-10-26 19:28:11,'2023-10-30 12:43:01'),Other,general,0,0,0
1749,849671 Ontario Inc,,,2023-10-26 19:28:11,'2023-10-30 12:43:01'),Other,general,0,0,0
1750,Matam Holdings Inc,,,2023-10-26 19:28:11,'2023-10-30 12:43:01'),Private Lender,general,0,0,0
1751,Peel Regional Police Associatio,,,2023-10-26 19:28:11,'2023-10-30 12:43:01'),Other,general,0,0,0
1752,Cameo Parent Cor,,,2023-10-26 19:28:11,'2023-10-30 12:43:01'),Other,general,0,0,0
1753,Sherman and Cappell Investments Ltd,,,2023-10-26 19:28:11,'2023-10-30 12:43:01'),Major Bank,general,0,0,0
1754,Drewco Development Cor,,,2023-10-26 19:28:12,'2023-10-30 12:43:01'),Development Company,general,0,0,0
1755,648317 Ontario Ltd and 9 other,,,2023-10-26 19:28:12,'2023-10-30 12:43:01'),Major Bank,general,0,0,0
1756,2201023 Ontario Inc,,,2023-10-26 19:28:12,'2023-10-30 12:43:01'),Other,general,0,0,0
1757,2037061 Ontario Inc,,,2023-10-26 19:28:12,'2023-10-30 12:43:01'),Other,general,0,0,0
1758,Solcorp Developments (Peak Ridge) II Inc,,,2023-10-26 19:28:12,'2023-10-30 12:43:01'),Development Company,general,0,0,0
1759,Lift Capital Inc,,,2023-10-26 19:28:12,'2023-10-30 12:43:01'),Private Lender,general,0,0,0
1760,Scarecrow Capital Inc,,,2023-10-26 19:28:12,'2023-10-30 12:43:01'),Private Lender,general,0,0,0
1761,2442459 Ontario Inc,,,2023-10-26 19:28:12,'2023-10-30 12:43:01'),Other,general,0,0,0
1762,Wyndham Street Investments Inc,,,2023-10-26 19:28:13,'2023-10-30 12:43:01'),Other,general,0,0,0
1763,1571648 Ontario Ltd,,,2023-10-26 19:28:13,'2023-10-30 12:43:01'),Major Bank,general,0,0,0
1764,679711 Ontario Ltd,,,2023-10-26 19:28:13,'2023-10-30 12:43:01'),Major Bank,general,0,0,0
1765,2536630 Ontario Inc,,,2023-10-26 19:28:13,'2023-10-30 12:43:01'),Other,general,0,0,0
1766,Stirling Cook Wasaga Beach Inc,,,2023-10-26 19:28:13,'2023-10-30 12:43:01'),Other,general,0,0,0
1767,Rentx Mortgage Cor,,,2023-10-26 19:28:13,'2023-10-30 12:43:01'),Other,residential,0,0,0
1768,Rollings Investments Inc,,,2023-10-26 19:28:13,'2023-10-30 12:43:01'),Other,general,0,0,0
1769,1921753 Ontario Ltd,,,2023-10-26 19:28:13,'2023-10-30 12:43:01'),Major Bank,general,0,0,0
1770,City of Ottawa,ottawa.ca,,2023-12-02 13:42:03,'2023-10-30 12:43:01'),Other,general,0,0,0
1771,863996 Ontario Ltd,,,2023-10-26 19:28:14,'2023-10-30 12:43:01'),Major Bank,general,0,0,0
1772,Tyfoon International Inc,omniainternational.com,,2023-12-02 13:42:03,'2023-10-30 12:43:01'),Other,general,0,0,0
1773,954741 Ontario Ltd,,,2023-10-26 19:28:14,'2023-10-30 12:43:01'),Major Bank,general,0,0,0
1774,Triple-I Capital Partners Ltd,,,2023-10-26 19:28:14,'2023-10-30 12:43:01'),Major Bank,general,0,0,0
1775,2256129 Ontario Inc,,,2023-10-26 19:28:14,'2023-10-30 12:43:01'),Other,general,0,0,0
1776,Riverview Estates JV Inc,,,2023-10-26 19:28:14,'2023-10-30 12:43:01'),Other,general,0,0,0
1777,2021872 Ontario Inc,,,2023-10-26 19:28:40,'2023-10-30 12:43:01'),Other,general,0,0,0
1778,Foremost Second Mortgage Holding Cor,,,2023-10-26 19:28:42,'2023-10-30 12:43:01'),Other,residential,0,0,0
1779,PD Reitsma Surveying Ltd,,,2023-10-27 15:28:53,'2023-10-30 12:43:01'),Major Bank,general,0,0,0
1780,2464649 Ontario Inc,,,2023-10-27 15:28:54,'2023-10-30 12:43:01'),Other,general,0,0,0
1781,Dream Office (GP) Inc,,,2023-10-27 15:28:54,'2023-10-30 12:43:01'),Other,general,0,0,0
1782,Delmark Financial Inc,,,2023-10-27 15:28:54,'2023-10-30 12:43:01'),Credit Union,general,0,0,0
1783,GRI Acquisition Cor,,,2023-10-27 15:28:54,'2023-10-30 12:43:01'),Other,general,0,0,0
1784,1566164 Ontario Inc,,,2023-10-27 15:28:55,'2023-10-30 12:43:01'),Other,general,0,0,0
1785,Reiter International Ltd,,,2023-10-27 15:28:55,'2023-10-30 12:43:01'),Major Bank,general,0,0,0
1786,The Toronto-Dominon Bank,,,2023-10-27 15:28:55,'2023-10-30 12:43:01'),Major Bank,general,0,0,0
1787,Caisse Populaire Rideau-Vision d&#039;Ottawa Inc,,,2023-10-27 15:29:46,'2023-10-30 12:43:01'),Credit Union,general,0,0,0
1788,Torandum Ltd,,,2023-10-27 15:29:46,'2023-10-30 12:43:01'),Major Bank,general,0,0,0
1789,Torandim Ltd,,,2023-10-27 15:29:46,'2023-10-30 12:43:01'),Major Bank,general,0,0,0
1790,RBC Life Insurance Company,,,2023-10-27 15:29:47,'2023-10-30 12:43:01'),Major Bank,general,0,0,0
1791,Caisse Desjardine du Complexe Desjardi,,,2023-10-27 15:30:06,'2023-10-30 12:43:01'),Credit Union,general,0,0,0
1792,TNC 197-199 Dundas Ltd,,,2023-10-27 15:30:06,'2023-10-30 12:43:01'),Major Bank,general,0,0,0
1793,TNC 534 Queens Ltd,,,2023-10-27 15:30:07,'2023-10-30 12:43:01'),Major Bank,general,0,0,0
1794,Calloway Financial Inc,callawayfinancial.com,,2023-12-02 13:42:02,'2023-10-30 12:43:01'),Credit Union,general,0,0,0
1795,Poetic License Capital Inc,,,2023-10-27 15:30:08,'2023-10-30 12:43:01'),Private Lender,general,0,0,0
1796,6965083 Canada Inc,,,2023-10-27 15:30:28,'2023-10-30 12:43:01'),Other,general,0,0,0
1797,35 Greenfield Inc,,,2023-10-27 15:30:28,'2023-10-30 12:43:01'),Other,general,0,0,0
1798,RioTrin Properties (Oakville) Inc,,,2023-10-27 15:30:28,'2023-10-30 12:43:01'),Development Company,general,0,0,0
1799,RioCan Holdings (GTA Marketplace) Inc,,,2023-10-27 15:30:28,'2023-10-30 12:43:01'),Private Lender,general,0,0,0
1800,Calloway REIT (Innisfil) Inc,,,2023-10-27 15:32:03,'2023-10-30 12:43:01'),Other,hospitality,0,0,0
1801,BFT Mortgage Investment Cor,,,2023-10-27 15:32:04,'2023-10-30 12:43:01'),Private Lender,residential,0,0,0
1802,1812838 Alberta Ltd,,,2023-10-27 15:32:04,'2023-10-30 12:43:01'),Major Bank,general,0,0,0
1803,RioCan Real Estate Investment Trust,,,2023-10-27 15:32:04,'2023-10-30 12:43:01'),Trust Company,general,0,0,0
1804,RioCan Property Services Inc,,,2023-10-27 15:32:04,'2023-10-30 12:43:01'),Development Company,general,0,0,0
1805,Caisse Populaire Desjardins de Gatineau,,,2023-10-27 15:32:05,'2023-10-30 12:43:01'),Credit Union,general,0,0,0
1806,Marcantonio Holdings Inc,,,2023-10-27 15:32:33,'2023-10-30 12:43:01'),Private Lender,general,0,0,0
1807,Bank of Motreal,,,2023-10-27 15:33:34,'2023-10-30 12:43:01'),Major Bank,general,0,0,0
1808,Industrial Alliance Insurance and Financial Service,,,2023-10-27 15:33:35,'2023-10-30 12:43:01'),Credit Union,industrial,0,0,0
1809,1361787 Ontario Inc,,,2023-10-27 15:33:36,'2023-10-30 12:43:01'),Other,general,0,0,0
1810,Calloway REIT (Dundix) Inc,,,2023-10-29 16:27:48,'2023-10-30 12:43:01'),Other,general,0,0,0
1811,Centurion Apartment Properties GP Inc,,,2023-10-29 16:27:49,'2023-10-30 12:43:01'),Development Company,general,0,0,0
1812,Ann &amp; Salvatore Reitano,,,2023-10-29 16:27:49,'2023-10-30 12:43:01'),Other,general,0,0,0
1813,Delmark Financial Ltd,,,2023-10-29 16:27:50,'2023-10-30 12:43:01'),Major Bank,general,0,0,0
1814,Juhu Beach Investments Ltd,,,2023-10-29 16:27:50,'2023-10-30 12:43:01'),Major Bank,general,0,0,0
1815,RBC Dexia Investor Services Trust,,,2023-10-29 16:27:50,'2023-10-30 12:43:01'),Major Bank,general,0,0,0
1816,Drimmer Holdings Ltd,,,2023-10-29 16:27:50,'2023-10-30 12:43:01'),Major Bank,general,0,0,0
1817,Calloway Real Estate Investment Trust Inc,,,2023-10-29 16:29:05,'2023-10-30 12:43:01'),Trust Company,general,0,0,0
1818,Robert Bisho,,,2023-10-29 16:29:06,'2023-10-30 12:43:01'),Other,general,0,0,0
1819,BFT Capital Inc,,,2023-10-29 16:29:06,'2023-10-30 12:43:01'),Private Lender,general,0,0,0
1820,1325330 Ontario Ltd,,,2023-10-29 16:29:06,'2023-10-30 12:43:01'),Major Bank,general,0,0,0
1821,E Mason Investments Ltd and 7 other,,,2023-10-29 16:29:06,'2023-10-30 12:43:01'),Major Bank,general,0,0,0
1822,Royal Bank Canada,,,2023-10-29 16:29:06,'2023-10-30 12:43:01'),Major Bank,general,0,0,0
1823,Korea Exchange Bank of Canada,,,2023-10-29 16:29:07,'2023-10-30 12:43:01'),Major Bank,general,0,0,0
1824,Reitano Concrete Ltd,,,2023-10-29 16:29:07,'2023-10-30 12:43:01'),Major Bank,commercial,0,0,1
1825,Ontario Wealth Management Cor,,,2023-10-29 16:29:25,'2023-10-30 12:43:01'),Other,general,0,0,0
1826,AMT Walker Development Cor,,,2023-10-29 16:29:25,'2023-10-30 12:43:01'),Development Company,general,0,0,0
1827,Institutional Mortgage Capital Canada,,,2023-10-29 16:29:25,'2023-10-30 12:43:01'),Private Lender,residential,0,0,0
1828,4010671 Canada Inc,,,2023-10-29 16:29:26,'2023-10-30 12:43:01'),Other,general,0,0,0
1829,Hall Q Galleries Cor,,,2023-10-29 16:29:26,'2023-10-30 12:43:01'),Other,general,0,0,0
1830,Computershare Trust  Company of Canada,,,2023-10-29 16:29:49,'2023-10-30 12:43:01'),Trust Company,general,0,0,0
1831,Pulez Family Holdings Inc,,,2023-10-29 16:55:02,'2023-10-30 12:43:01'),Private Lender,general,0,0,0
1832,Saul Farms Ltd,,,2023-10-29 16:55:02,'2023-10-30 12:43:01'),Major Bank,agricultural,0,0,0
1833,Tek Holdings Ltd,,,2023-10-29 16:55:02,'2023-10-30 12:43:01'),Major Bank,general,0,0,0
1834,166994 Ontario Inc,,,2023-10-29 16:55:02,'2023-10-30 12:43:01'),Other,general,0,0,0
1835,Winged Foot Development Inc,,,2023-10-29 16:55:02,'2023-10-30 12:43:01'),Development Company,general,0,0,0
1836,B&amp;M Handelman Investments Ltd and 6 other,,,2023-10-29 16:55:02,'2023-10-30 12:43:01'),Major Bank,general,0,0,0
1837,B &amp; M Handelman Investments Ltd and 6 other,,,2023-10-29 16:55:02,'2023-10-30 12:43:01'),Major Bank,general,0,0,0
1838,Novell Procurement Services Inc,,,2023-10-29 16:55:02,'2023-10-30 12:43:01'),Other,general,0,0,0
1839,Shepherd Estate Limited Partnership and 6 other,,,2023-10-29 16:55:02,'2023-10-30 12:43:01'),Other,general,0,0,0
1840,Podiumcorp Ltd,,,2023-10-29 16:55:02,'2023-10-30 12:43:01'),Major Bank,general,0,0,0
1841,A Cipolla Family Holdings Inc,,,2023-10-29 16:55:02,'2023-10-30 12:43:01'),Private Lender,general,0,0,0
1842,2192422 Ontario Inc,,,2023-10-29 16:55:02,'2023-10-30 12:43:01'),Other,general,0,0,0
1843,Dr Daniel Worsley Inc,,,2023-10-29 16:55:02,'2023-10-30 12:43:01'),Other,general,0,0,0
1844,Schueter Holdings Inc,,,2023-10-29 16:55:02,'2023-10-30 12:43:01'),Private Lender,general,0,0,0
1845,056464 New Brunswick Inc,,,2023-10-29 16:55:26,'2023-10-30 12:43:01'),Other,general,0,0,0
1846,Riotrin Properties (Kirkham) Inc,,,2023-10-29 16:55:27,'2023-10-30 12:43:01'),Development Company,general,0,0,0
1847,CTC Bank of Canada,,,2023-10-29 16:55:27,'2023-10-30 12:43:01'),Major Bank,general,0,0,0
1848,Pensionfund Realty Ltd,,,2023-10-29 16:55:56,'2023-10-30 12:43:01'),Major Bank,general,0,0,0
1849,4345142 Canada Inc,,,2023-10-29 16:55:57,'2023-10-30 12:43:01'),Other,general,0,0,0
1850,Reitclas General Partner Ltd,,,2023-10-29 16:55:57,'2023-10-30 12:43:01'),Major Bank,general,0,0,0
1851,Ivan Reitma,,,2023-10-29 16:55:57,'2023-10-30 12:43:01'),Other,general,0,0,0
1852,Conres Property Income Fund Managing GP Inc,,,2023-10-29 16:56:12,'2023-10-30 12:43:01'),Development Company,general,0,0,0
1853,Canadian Mortgage Loan Services Ltd,,,2023-10-29 16:56:12,'2023-10-30 12:43:01'),Major Bank,residential,0,0,0
1854,General Electric Capital Canada Holdings Co,,,2023-10-29 16:56:12,'2023-10-30 12:43:01'),Private Lender,general,0,0,0
1855,B2B Trust,,,2023-10-29 16:56:30,'2023-10-30 12:43:01'),Trust Company,general,0,0,0
1856,1032759 Ontario Ltd,,,2023-10-29 16:56:30,'2023-10-30 12:43:01'),Major Bank,general,0,0,0
1857,Calloway REIT (Welland) Inc,,,2023-10-29 16:56:30,'2023-10-30 12:43:01'),Other,land,1,0,0
1858,KingSett Real Estate Mortgage GP No 3 Inc,,,2023-10-29 16:56:45,'2023-10-30 12:43:01'),Other,residential,0,0,0
1859,Thornley Holdings Ltd,,,2023-10-29 16:56:45,'2023-10-30 12:43:01'),Major Bank,general,0,0,0
1860,Interrent London No 2 Inc,,,2023-10-29 16:56:58,'2023-10-30 12:43:01'),Other,general,0,0,0
1861,Timbercreek Trossacks Inc,,,2023-10-29 16:57:17,'2023-10-30 12:43:01'),Other,commercial,0,0,1
1862,Sheldon Barri,,,2023-10-29 16:57:18,'2023-10-30 12:43:01'),Other,general,0,0,0
1863,Lake Aquitaine Investments Ltd,,,2023-10-29 16:57:18,'2023-10-30 12:43:01'),Major Bank,general,0,0,0
1864,Industrial and Commercial Bank of China (Canada),,,2023-10-29 16:57:18,'2023-10-30 12:43:01'),Major Bank,commercial|industrial,0,0,1
1865,International Brotherhood of Electrical Worker,,,2023-10-29 16:57:18,'2023-10-30 12:43:01'),Other,general,0,0,0
1866,Caisse Populaire Nouvel-Horizon Inc,,,2023-10-29 16:57:18,'2023-10-30 12:43:01'),Credit Union,general,0,0,0
1867,LREIT Holdings 18 Cor,,,2023-10-29 16:57:18,'2023-10-30 12:43:01'),Private Lender,general,0,0,0
1868,Delmark Investments Co Ltd,,,2023-10-29 16:57:18,'2023-10-30 12:43:01'),Major Bank,general,0,0,0
1869,2119441 Ontario Inc,,,2023-10-29 16:57:19,'2023-10-30 12:43:01'),Other,general,0,0,0
1870,Interrent Wallaceburg Inc,,,2023-10-29 16:57:19,'2023-10-30 12:43:01'),Other,general,0,0,0
1871,Interrent Western Inc,,,2023-10-29 16:57:19,'2023-10-30 12:43:01'),Other,general,0,0,0
1872,1859601 Ontario Cor,,,2023-10-29 16:57:19,'2023-10-30 12:43:01'),Other,general,0,0,0
1873,2056668 Ontario Inc,,,2023-10-31 21:04:12,'2023-10-31 21:04:12'),Other,general,0,0,0
1874,Lori &amp; Neil Monkma,,,2023-10-31 21:04:12,'2023-10-31 21:04:12'),Other,general,0,0,0
1875,Kimco North Loan Trust IV,,,2023-10-31 21:04:12,'2023-10-31 21:04:12'),Trust Company,general,0,0,0
1876,385 MKE Ltd,,,2023-11-01 16:28:54,'2023-11-01 16:28:54'),Major Bank,general,0,0,0
1877,Fiera Real Estate Core Fund GP Inc,,,2023-11-01 16:28:54,'2023-11-01 16:28:54'),Other,general,0,0,0
1878,Sivon Investments Inc,,,2023-11-01 16:28:54,'2023-11-01 16:28:54'),Other,general,0,0,0
1879,1556373 Ontario Ltd,,,2023-11-01 16:28:54,'2023-11-01 16:28:54'),Major Bank,general,0,0,0
1880,Huron Towers Ltd,,,2023-11-01 16:28:55,'2023-11-01 16:28:55'),Major Bank,general,0,0,0
1881,Timbercreek 4Q MR V GP Inc,,,2023-11-01 16:28:55,'2023-11-01 16:28:55'),Other,commercial,0,0,1
1882,Moravac Holdings Inc,,,2023-11-01 16:28:56,'2023-11-01 16:28:56'),Private Lender,general,0,0,0
1883,Udvari Investments &amp; Construction and 11 other,,,2023-11-01 16:28:56,'2023-11-01 16:28:56'),Other,construction,0,1,0
1884,FC One Retail Portfolio GP Inc,,,2023-11-01 16:28:56,'2023-11-01 16:28:56'),Other,retail,0,0,0
1885,1827572 Ontario Ltd,,,2023-11-01 16:28:56,'2023-11-01 16:28:56'),Major Bank,general,0,0,0
1886,938804 Ontario Inc,,,2023-11-01 16:28:56,'2023-11-01 16:28:56'),Other,general,0,0,0
1887,1515280 Ontario Ltd,,,2023-11-01 16:28:57,'2023-11-01 16:28:57'),Major Bank,general,0,0,0
1888,201 Matcalfe Street Inc,,,2023-11-01 16:28:57,'2023-11-01 16:28:57'),Other,general,0,0,0
1889,Stealth Financial Ltd,,,2023-11-01 16:28:57,'2023-11-01 16:28:57'),Major Bank,general,0,0,0
1890,2611642 Ontario Ltd,,,2023-11-01 16:28:58,'2023-11-01 16:28:58'),Major Bank,general,0,0,0
1891,2424454 Ontario Inc,,,2023-11-01 16:28:58,'2023-11-01 16:28:58'),Other,general,0,0,0
1892,Hersh Developments Ltd,,,2023-11-01 16:28:58,'2023-11-01 16:28:58'),Major Bank,general,0,0,0
1893,Thames Developments (XI) Inc,,,2023-11-01 16:28:58,'2023-11-01 16:28:58'),Development Company,general,0,0,0
1894,Ferris Eyamie Enterprises Inc,,,2023-11-01 16:28:58,'2023-11-01 16:28:58'),Other,general,0,0,0
1895,Megenta Calital Cor,,,2023-11-01 16:30:13,'2023-11-01 16:30:13'),Other,general,0,0,0
1896,1504947 Ontario Inc,,,2023-11-01 16:30:13,'2023-11-01 16:30:13'),Other,general,0,0,0
1897,Broadview Apartments Ltd,,,2023-11-01 16:30:17,'2023-11-01 16:30:17'),Major Bank,general,0,0,0
1898,2371143 Ontario Inc,,,2023-11-01 16:30:43,'2023-11-01 16:30:43'),Other,general,0,0,0
1899,PH Financial Ltd,,,2023-11-01 16:30:43,'2023-11-01 16:30:43'),Major Bank,general,0,0,0
1900,AST Trust Company (Canada),,,2023-11-01 16:30:43,'2023-11-01 16:30:43'),Trust Company,general,0,0,0
1901,Vibrant Health Medical Centre Inc,,,2023-11-01 16:30:44,'2023-11-01 16:30:44'),Other,general,0,0,0
1902,Murray Maltz Professional Cor,,,2023-11-01 16:30:45,'2023-11-01 16:30:45'),Other,general,0,0,0
1903,2144105 Ontario Ltd,,,2023-11-01 16:30:45,'2023-11-01 16:30:45'),Major Bank,general,0,0,0
1904,2829495 Ontario Inc,,,2023-11-01 16:30:45,'2023-11-01 16:30:45'),Other,general,0,0,0
1905,Limestone Capital Inc,,,2023-11-01 16:30:47,'2023-11-01 16:30:47'),Private Lender,general,0,0,0
1906,5046921 Ontario Inc,,,2023-11-01 16:30:47,'2023-11-01 16:30:47'),Other,general,0,0,0
1907,Laurentian Bank of of Canada,,,2023-11-01 16:30:48,'2023-11-01 16:30:48'),Major Bank,general,0,0,0
1908,2555552 Ontario Ltd,,,2023-11-01 16:31:34,'2023-11-01 16:31:34'),Major Bank,general,0,0,0
1909,Wawa Devco Inc,,,2023-11-01 16:31:34,'2023-11-01 16:31:34'),Other,general,0,0,0
1910,CMLS Financial,,,2023-11-01 19:36:44,'2023-11-01 19:36:44'),Credit Union,general,0,0,0
1911,1179718 Ontario Ltd,,,2023-11-01 19:36:44,'2023-11-01 19:36:44'),Major Bank,general,0,0,0
1912,People&#039;s Trust Co,,,2023-11-01 19:36:45,'2023-11-01 19:36:45'),Trust Company,general,0,0,0
1913,Boulder View Holdings Inc,,,2023-11-01 19:36:45,'2023-11-01 19:36:45'),Private Lender,general,0,0,0
1914,1775170 Ontario Ltd,,,2023-11-01 19:36:46,'2023-11-01 19:36:46'),Major Bank,general,0,0,0
1915,Montalto Ltd,,,2023-11-01 19:36:46,'2023-11-01 19:36:46'),Major Bank,general,0,0,0
1916,398859 Ontario Ltd,,,2023-11-01 19:36:46,'2023-11-01 19:36:46'),Major Bank,general,0,0,0
1917,2308837 Ontario Inc,,,2023-11-02 17:54:46,'2023-11-02 17:54:46'),Other,general,0,0,0
1918,WJSC Data Services Inc,,,2023-11-02 17:54:46,'2023-11-02 17:54:46'),Other,general,0,0,0
1919,"Kay Family Investments, Inc",,,2023-11-02 17:54:46,'2023-11-02 17:54:46'),Other,general,0,0,0
1920,Lewvest Cor,,,2023-11-02 17:54:47,'2023-11-02 17:54:47'),Other,general,0,0,0
1921,BNV Trust Company of Canada,,,2023-11-02 17:54:47,'2023-11-02 17:54:47'),Trust Company,general,0,0,0
1922,Caisse Populaire Acadienne Ltee,,,2023-11-02 17:54:47,'2023-11-02 17:54:47'),Credit Union,general,0,0,0
1923,1276154 Ontario Ltd,,,2023-11-02 17:54:47,'2023-11-02 17:54:47'),Major Bank,general,0,0,0
1924,Broadway Manor Inc,,,2023-11-02 17:54:48,'2023-11-02 17:54:48'),Other,general,0,0,0
1925,760-800 Laurier Boulevard (Brockville) Inc,,,2023-11-02 17:54:48,'2023-11-02 17:54:48'),Other,general,0,0,0
1926,Community Trust Company,self-helpfcu.org,,2023-12-02 13:44:36,'2023-11-02 17:54:49'),Trust Company,general,0,0,0
1927,715691 Ontario Ltd,,,2023-11-02 17:54:49,'2023-11-02 17:54:49'),Major Bank,general,0,0,0
1928,Keb Hana Bank Canada,,,2023-11-02 17:54:49,'2023-11-02 17:54:49'),Major Bank,general,0,0,0
1929,2490917 Ontario Inc,,,2023-11-02 17:54:49,'2023-11-02 17:54:49'),Other,general,0,0,0
1930,Steve and Debbi Holdings Inc,,,2023-11-02 17:54:49,'2023-11-02 17:54:49'),Private Lender,general,0,0,0
1931,954487 Ontario Inc,,,2023-11-02 17:54:50,'2023-11-02 17:54:50'),Other,general,0,0,0
1932,2194072 Ontario Ltd,,,2023-11-02 17:54:50,'2023-11-02 17:54:50'),Major Bank,general,0,0,0
1933,2672593 Ontario Ltd,,,2023-11-02 17:54:50,'2023-11-02 17:54:50'),Major Bank,general,0,0,0
1934,3223701 Canada Inc,,,2023-11-02 17:54:51,'2023-11-02 17:54:51'),Other,general,0,0,0
1935,Tottenham Medical Bldg Inc,,,2023-11-02 17:54:51,'2023-11-02 17:54:51'),Other,general,0,0,0
1936,2355731 Ontario Inc,,,2023-11-02 17:54:51,'2023-11-02 17:54:51'),Other,general,0,0,0
1937,1356635 Ontario Inc,,,2023-11-02 17:54:52,'2023-11-02 17:54:52'),Other,general,0,0,0
1938,2056938 Ontario Ltd,,,2023-11-02 18:11:51,'2023-11-02 18:11:51'),Major Bank,general,0,0,0
1939,Romspen Investment Grou,,,2023-11-02 18:11:52,'2023-11-02 18:11:52'),Other,general,0,0,0
1940,B &amp; M Holdings Inc,,,2023-11-02 18:11:52,'2023-11-02 18:11:52'),Private Lender,general,0,0,0
1941,1150107 Ontario Inc,,,2023-11-02 18:11:52,'2023-11-02 18:11:52'),Other,general,0,0,0
1942,VI Realty Financing Cor,,,2023-11-02 18:11:52,'2023-11-02 18:11:52'),Other,general,0,0,0
1943,1727926 Ontario Inc,,,2023-11-02 18:11:52,'2023-11-02 18:11:52'),Other,general,0,0,0
1944,First National Financial GP Corporatio,,,2023-11-02 18:11:52,'2023-11-02 18:11:52'),Credit Union,general,0,0,0
1945,Hullmark (230-240 Richmond) GP Ltd,,,2023-11-02 18:11:52,'2023-11-02 18:11:52'),Major Bank,general,0,0,0
1946,Ontario College of Art &amp; Design University,,,2023-11-02 18:11:52,'2023-11-02 18:11:52'),Other,general,0,0,0
1947,Grampa Holdings Inc,,,2023-11-02 18:11:53,'2023-11-02 18:11:53'),Private Lender,general,0,0,0
1948,Royal Court Medical Centre Inc,appeltproperties.com,,2023-12-02 13:44:35,'2023-11-02 18:11:53'),Other,general,0,0,0
1949,1203840 Ontario Ltd,,,2023-11-02 18:11:53,'2023-11-02 18:11:53'),Major Bank,general,0,0,0
1950,GF 800 Castell Road Ltd,,,2023-11-02 18:11:53,'2023-11-02 18:11:53'),Major Bank,general,0,0,0
1951,Wavecom Captial Inc,,,2023-11-02 18:11:54,'2023-11-02 18:11:54'),Other,general,0,0,0
1952,Harmony Homes Oshawa Ltd,,,2023-11-02 18:11:54,'2023-11-02 18:11:54'),Major Bank,general,0,0,0
1953,Wavecom Capital Inc,,,2023-11-02 18:11:54,'2023-11-02 18:11:54'),Private Lender,general,0,0,0
1954,Topeco Capital Holdings Inc,,,2023-11-02 18:11:55,'2023-11-02 18:11:55'),Private Lender,general,0,0,0
1955,800630 Ontario Ltd,,,2023-11-02 18:11:55,'2023-11-02 18:11:55'),Major Bank,general,0,0,0
1956,Canahahns Company Ltd,,,2023-11-02 18:11:55,'2023-11-02 18:11:55'),Major Bank,general,0,0,0
1957,Raylawn Rentals Ltd,,,2023-11-02 18:11:55,'2023-11-02 18:11:55'),Major Bank,general,0,0,0
1958,Red Rock Holdings Inc,,,2023-11-02 18:11:55,'2023-11-02 18:11:55'),Private Lender,general,0,0,0
1959,London Community Foundatio,lcf.on.ca,,2023-12-02 13:44:35,'2023-11-02 18:11:55'),Other,general,0,0,0
1960,The Corporation of the City of Londo,,,2023-11-02 18:11:55,'2023-11-02 18:11:55'),Other,general,0,0,0
1961,WCB Realty Ltd,,,2023-11-02 18:11:56,'2023-11-02 18:11:56'),Major Bank,general,0,0,0
1962,2069201 Ontario Inc,,,2023-11-02 18:11:56,'2023-11-02 18:11:56'),Other,general,0,0,0
1963,Reeves Realty Cor,,,2023-11-02 18:11:56,'2023-11-02 18:11:56'),Other,general,0,0,0
1964,860634 Ontario Ltd,,,2023-11-02 18:11:57,'2023-11-02 18:11:57'),Major Bank,general,0,0,0
1965,ML Eastview Realty Investments Inc,,,2023-11-02 18:11:57,'2023-11-02 18:11:57'),Other,general,0,0,0
1966,Selkirk &amp; Main Holdings Inc,,,2023-11-02 18:11:57,'2023-11-02 18:11:57'),Private Lender,general,0,0,0
1967,Caisse Populaire Voyageurs Inc,,,2023-11-02 18:11:57,'2023-11-02 18:11:57'),Credit Union,general,0,0,0
1968,138425 Canada Inc,,,2023-11-02 18:15:27,'2023-11-02 18:15:27'),Other,general,0,0,0
1969,2334252 Ontario Inc,,,2023-11-02 18:15:28,'2023-11-02 18:15:28'),Other,general,0,0,0
1970,W &amp; K McGinn Holdings Inc,,,2023-11-02 18:15:28,'2023-11-02 18:15:28'),Private Lender,hospitality,0,0,0
1971,NAK Holdings Inc,,,2023-11-02 18:15:29,'2023-11-02 18:15:29'),Private Lender,general,0,0,0
1972,1504219 Ontario Ltd,,,2023-11-02 18:15:30,'2023-11-02 18:15:30'),Major Bank,general,0,0,0
1973,R Schlessinger Professional Cor,,,2023-11-02 18:15:30,'2023-11-02 18:15:30'),Other,general,0,0,0
1974,JM Marketing Ltd,,,2023-11-02 18:15:30,'2023-11-02 18:15:30'),Major Bank,general,0,0,0
1975,Canadian Western Trust Company,,,2023-11-02 18:15:31,'2023-11-02 18:15:31'),Trust Company,general,0,0,0
1976,1018774 Ontario Ltd,,,2023-11-02 18:15:31,'2023-11-02 18:15:31'),Major Bank,general,0,0,0
1977,The Arkell Family Trust,,,2023-11-02 18:15:32,'2023-11-02 18:15:32'),Trust Company,general,0,0,0
1978,851653 Ontario Inc,,,2023-11-02 18:15:32,'2023-11-02 18:15:32'),Other,general,0,0,0
1979,Ber-Glatt Investments Ltd,,,2023-11-02 18:15:32,'2023-11-02 18:15:32'),Major Bank,general,0,0,0
1980,1979119 Ontario Inc,,,2023-11-02 18:15:33,'2023-11-02 18:15:33'),Other,general,0,0,0
1981,Manulife Bank of Canada,manulifebank.ca,,2023-12-02 13:44:36,'2023-11-02 18:15:33'),Major Bank,general,0,0,0
1982,Peakhill EQ Inc,,,2023-11-02 18:15:33,'2023-11-02 18:15:33'),Other,general,0,0,0
1983,2112767 Ontario Ltd,,,2023-11-02 18:15:34,'2023-11-02 18:15:34'),Major Bank,general,0,0,0
1984,Newholme Apartments Ltd,,,2023-11-02 18:15:34,'2023-11-02 18:15:34'),Major Bank,general,0,0,0
1985,West Rose Construction Ltd,,,2023-11-02 18:15:35,'2023-11-02 18:15:35'),Major Bank,construction,0,1,0
1986,Dapaul Management Ltd,,,2023-11-02 18:15:36,'2023-11-02 18:15:36'),Major Bank,general,0,0,0
1987,Windale Properties Inc,,,2023-11-02 18:15:36,'2023-11-02 18:15:36'),Development Company,general,0,0,0
1988,Dauntless ULC,,,2023-11-02 18:15:36,'2023-11-02 18:15:36'),Other,general,0,0,0
1989,Palomar Properties Ltd,,,2023-11-02 18:15:36,'2023-11-02 18:15:36'),Major Bank,general,0,0,0
1990,Goetz Properties (Guelph) Ltd,,,2023-11-02 18:15:36,'2023-11-02 18:15:36'),Major Bank,general,0,0,0
1991,TD Canada Trust,,,2023-11-02 18:15:37,'2023-11-02 18:15:37'),Major Bank,general,0,0,0
1992,Cornerstone Capital Inc,,,2023-11-02 18:15:38,'2023-11-02 18:15:38'),Private Lender,general,0,0,0
1993,Norman Apartments Ltd,,,2023-11-02 18:15:38,'2023-11-02 18:15:38'),Major Bank,general,0,0,0
1994,Start Auto Electric Ltd,,,2023-11-02 18:15:38,'2023-11-02 18:15:38'),Major Bank,general,0,0,0
1995,Estate Trustees for Stanley Sheldon Neinstei,,,2023-11-02 18:15:39,'2023-11-02 18:15:39'),Trust Company,general,0,0,0
1996,Michael R Clancy Legal Professional Cor,,,2023-11-02 18:15:39,'2023-11-02 18:15:39'),Private Lender,general,0,0,0
1997,The Toronto-Dominion Bank SBB,,,2023-11-02 18:15:40,'2023-11-02 18:15:40'),Major Bank,general,0,0,0
1998,Myzu Properties Inc,,,2023-11-02 18:15:40,'2023-11-02 18:15:40'),Development Company,general,0,0,0
1999,Computertshare Trust Company of Canada,,,2023-11-02 18:15:42,'2023-11-02 18:15:42'),Trust Company,general,0,0,0
2000,Pogos Investments Ltd,,,2023-11-02 18:15:42,'2023-11-02 18:15:42'),Major Bank,general,0,0,0
2001,Veltri and Son Ltd,,,2023-11-02 18:15:42,'2023-11-02 18:15:42'),Major Bank,general,0,0,0
2002,Brisebois Investments Ltd,,,2023-11-02 18:15:42,'2023-11-02 18:15:42'),Major Bank,general,0,0,0
2003,Equitylink Capital Cor,,,2023-11-02 18:15:42,'2023-11-02 18:15:42'),Private Lender,general,0,0,0
2004,11417878 Canada Inc,,,2023-11-02 18:15:42,'2023-11-02 18:15:42'),Other,general,0,0,0
2005,Medical Arts Building (Welland) Ltd,,,2023-11-02 18:15:43,'2023-11-02 18:15:43'),Major Bank,land,1,0,0
2006,1543790 Ontario Inc,,,2023-11-02 18:15:43,'2023-11-02 18:15:43'),Other,general,0,0,0
2007,San Martino Investments Ltd,,,2023-11-02 18:15:44,'2023-11-02 18:15:44'),Major Bank,general,0,0,0
2008,Morfam Inc,,,2023-11-02 18:15:44,'2023-11-02 18:15:44'),Other,general,0,0,0
2009,First Capital (Gloucester) Cor,,,2023-11-02 18:15:44,'2023-11-02 18:15:44'),Private Lender,general,0,0,0
2010,FCPT Gloucester City Centre Inc,,,2023-11-02 18:15:44,'2023-11-02 18:15:44'),Other,general,0,0,0
2011,1942281 Ontario Inc,,,2023-11-02 18:15:44,'2023-11-02 18:15:44'),Other,general,0,0,0
2012,Don Lyn Apartments Inc,,,2023-11-02 18:15:45,'2023-11-02 18:15:45'),Other,general,0,0,0
2013,Bartley Residences Inc,,,2023-11-02 18:15:45,'2023-11-02 18:15:45'),Other,general,0,0,0
2014,Westhampton Group Inc,,,2023-11-02 18:15:45,'2023-11-02 18:15:45'),Other,general,0,0,0
2015,1801581 Ontario Inc,,,2023-11-02 18:15:45,'2023-11-02 18:15:45'),Other,general,0,0,0
2016,Queen &amp; Boulton Inc,,,2023-11-02 18:15:46,'2023-11-02 18:15:46'),Other,general,0,0,0
2017,Febau (Canada) Ltd,,,2023-11-02 18:15:46,'2023-11-02 18:15:46'),Major Bank,general,0,0,0
2018,KR2625 Holdings Inc,,,2023-11-02 18:15:46,'2023-11-02 18:15:46'),Private Lender,general,0,0,0
2019,Italian Canadian Savings &amp; Credit Union Ltd,,,2023-11-02 18:15:46,'2023-11-02 18:15:46'),Major Bank,commercial,0,0,1
2020,77 Princess Street Inc,,,2023-11-02 18:15:46,'2023-11-02 18:15:46'),Other,general,0,0,0
2021,1203094 Ontario Inc,,,2023-11-02 18:15:47,'2023-11-02 18:15:47'),Other,general,0,0,0
2022,Itt Inc,itt.com,,2023-12-02 13:44:36,'2023-11-02 18:15:47'),Other,general,0,0,0
2023,Marioca Properties Inc,,,2023-11-02 18:15:47,'2023-11-02 18:15:47'),Development Company,general,0,0,0
2024,Saichel Developments Inc,,,2023-11-02 18:15:47,'2023-11-02 18:15:47'),Development Company,general,0,0,0
2025,Cochrane District Social Services Administration Board,,,2023-11-02 18:15:49,'2023-11-02 18:15:49'),Other,general,0,0,0
2026,Kirkenczuk Inc,,,2023-11-02 18:15:50,'2023-11-02 18:15:50'),Other,general,0,0,0
2027,"Bank of Montreal, as Administrative Agent",,,2023-11-02 18:15:50,'2023-11-02 18:15:50'),Major Bank,general,0,0,0
2028,Bank of Montreal DBA BMO Capital Partner,,,2023-11-02 18:15:50,'2023-11-02 18:15:50'),Major Bank,general,0,0,0
2029,Riedstra Rentals Ltd,partyrentalltd.com,,2024-04-16 14:52:13,'2023-11-04 16:35:42'),Major Bank,general,0,0,0
2030,1939552 Ontario Inc,ontario.ca,,2024-04-16 14:52:13,'2023-11-04 16:35:42'),Other,general,0,0,0
2031,1701098 Ontario Ltd,ontario.ca,,2024-04-16 14:52:13,'2023-11-04 16:35:42'),Major Bank,general,0,0,0
2032,Caisse Populaire Rideau d&#039;Ottawa Inc,,,2023-11-04 16:35:42,'2023-11-04 16:35:42'),Credit Union,general,0,0,0
2033,2382466 Ontario Inc,ontario.ca,,2024-04-16 14:52:13,'2023-11-04 16:35:42'),Other,general,0,0,0
2034,RBC Investors Services Trust,rbc.com,,2024-04-16 14:52:13,'2023-11-04 16:35:42'),Major Bank,general,0,0,0
2035,Varsovia Properties Ltd,cesc.co.in,,2024-04-16 14:52:13,'2023-11-04 16:35:42'),Major Bank,general,0,0,0
2036,Fothergill Holdings Inc,,,2023-11-04 16:35:42,'2023-11-04 16:35:42'),Private Lender,general,0,0,0
2037,Caisse Populaire Sud-Ouest Ontario Inc,banquepopulaire.fr,,2024-04-16 14:52:13,'2023-11-04 16:35:42'),Credit Union,general,0,0,0
2038,1734775 Ontario Ltd,ontario.ca,,2024-04-16 14:52:13,'2023-11-04 16:35:43'),Major Bank,general,0,0,0
2039,1384296 Ontario Inc,,,2023-11-04 16:35:43,'2023-11-04 16:35:43'),Other,general,0,0,0
2040,Copp Ltd,,,2023-11-04 16:35:44,'2023-11-04 16:35:44'),Major Bank,general,0,0,0
2041,Tricap Capital Inc,,,2023-11-04 16:35:44,'2023-11-04 16:35:44'),Private Lender,general,0,0,0
2042,Trinity (Treewood) Ltd,,,2023-11-04 16:35:45,'2023-11-04 16:35:45'),Major Bank,general,0,0,0
2043,River Oaks Convenience Plaza Inc,,,2023-11-04 16:35:45,'2023-11-04 16:35:45'),Other,general,0,0,0
2044,Kanco - 558 Durham Ltd,kanco.uk.com,,2023-12-02 13:52:15,'2023-11-04 16:35:46'),Major Bank,general,0,0,0
2045,Valour Mortgages Services Inc,,,2023-11-04 16:35:46,'2023-11-04 16:35:46'),Other,residential,0,0,0
2046,2520106 Ontario Inc,,,2023-11-04 16:35:46,'2023-11-04 16:35:46'),Other,general,0,0,0
2047,1921357 Ontario Inc,,,2023-11-04 16:35:46,'2023-11-04 16:35:46'),Other,general,0,0,0
2048,CPS Properties Inc,,,2023-11-04 16:35:47,'2023-11-04 16:35:47'),Development Company,general,0,0,0
2049,1515465 Ontario Ltd,,,2023-11-04 16:35:47,'2023-11-04 16:35:47'),Major Bank,general,0,0,0
2050,El-Glen Holdings Ltd,,,2023-11-04 16:35:48,'2023-11-04 16:35:48'),Major Bank,general,0,0,0
2051,2264572 Ontario Inc,,,2023-11-04 16:35:48,'2023-11-04 16:35:48'),Other,general,0,0,0
2052,2295154 Ontario Ltd,,,2023-11-04 16:35:48,'2023-11-04 16:35:48'),Major Bank,general,0,0,0
2053,6401821 Canada Inc,,,2023-11-04 16:35:48,'2023-11-04 16:35:48'),Other,general,0,0,0
2054,Lockser Properties Inc,,,2023-11-04 16:35:49,'2023-11-04 16:35:49'),Development Company,general,0,0,0
2055,1884061 Ontario Inc,,,2023-11-04 16:35:50,'2023-11-04 16:35:50'),Other,general,0,0,0
2056,High Street Manor Inc,,,2023-11-04 16:35:51,'2023-11-04 16:35:51'),Other,general,0,0,0
2057,Vaut Capital Inc,,,2023-11-04 16:35:51,'2023-11-04 16:35:51'),Private Lender,general,0,0,0
2058,JP Investment Holdings Inc,,,2023-11-04 16:35:52,'2023-11-04 16:35:52'),Private Lender,general,0,0,0
2059,Kamex Properties Inc,,,2023-11-04 16:35:52,'2023-11-04 16:35:52'),Development Company,general,0,0,0
2060,Anchornet Holding Ltd,,,2023-11-04 16:35:53,'2023-11-04 16:35:53'),Major Bank,general,0,0,0
2061,8523266 Canada Inc,,,2023-11-04 16:35:53,'2023-11-04 16:35:53'),Other,general,0,0,0
2062,8466700 Canada Inc,,,2023-11-04 16:35:53,'2023-11-04 16:35:53'),Other,general,0,0,0
2063,568911 Ontario Ltd,,,2023-11-04 16:35:53,'2023-11-04 16:35:53'),Major Bank,general,0,0,0
2064,Wildwood Holdings Ltd,,,2023-11-04 16:35:54,'2023-11-04 16:35:54'),Major Bank,general,0,0,0
2065,Moweece Holdings Ltd,,,2023-11-04 16:35:55,'2023-11-04 16:35:55'),Major Bank,general,0,0,0
2066,Pace Savings &amp; Credit Union Ltd,,,2023-11-04 16:35:55,'2023-11-04 16:35:55'),Major Bank,commercial,0,0,1
2067,5911757 Ontario Inc,,,2023-11-04 16:35:56,'2023-11-04 16:35:56'),Other,general,0,0,0
2068,Scotia Mortgage Corporatio,,,2023-11-04 16:35:56,'2023-11-04 16:35:56'),Other,residential,0,0,0
2069,Stan Davies &amp; Son Construction Ltd,,,2023-11-04 16:35:56,'2023-11-04 16:35:56'),Major Bank,construction,0,1,0
2070,The Empire Life Insurance Company,,,2023-11-04 16:35:56,'2023-11-04 16:35:56'),Insurance Company,general,0,0,0
2071,Highwater Investments II Inc,,,2023-11-04 16:35:56,'2023-11-04 16:35:56'),Other,general,0,0,0
2072,Seavale Inc,,,2023-11-04 16:35:57,'2023-11-04 16:35:57'),Other,general,0,0,0
2073,Neco Community Futures Development Cor,,,2023-11-04 16:35:57,'2023-11-04 16:35:57'),Development Company,general,0,0,0
2074,Otis Financial Cor,,,2023-11-04 16:35:57,'2023-11-04 16:35:57'),Credit Union,general,0,0,0
2075,Lawrence Glen Holdings Ltd,,,2023-11-04 16:35:57,'2023-11-04 16:35:57'),Major Bank,general,0,0,0
2076,1524288 Ontario Ltd,,,2023-11-04 16:35:57,'2023-11-04 16:35:57'),Major Bank,general,0,0,0
2077,1486051 Ontario Inc,,,2023-11-04 16:35:58,'2023-11-04 16:35:58'),Other,general,0,0,0
2078,1891614 Ontario Inc,,,2023-11-04 16:35:58,'2023-11-04 16:35:58'),Other,general,0,0,0
2079,2323849 Ontario Inc,,,2023-11-04 16:35:58,'2023-11-04 16:35:58'),Other,general,0,0,0
2080,Investors Group Trust Co Ltd,,,2023-11-04 16:35:59,'2023-11-04 16:35:59'),Major Bank,general,0,0,0
2081,2331061 Ontario Inc,,,2023-11-04 16:35:59,'2023-11-04 16:35:59'),Other,general,0,0,0
2082,Raphael Developments Inc,,,2023-11-04 16:35:59,'2023-11-04 16:35:59'),Development Company,general,0,0,0
2083,Moskowitz Capital Mortgage Fund II Inc,,,2023-11-04 16:35:59,'2023-11-04 16:35:59'),Private Lender,residential,0,0,0
2084,Snowview Bancorp Inc,,,2023-11-04 16:35:59,'2023-11-04 16:35:59'),Other,general,0,0,0
2085,San Padre Island Resorts Inc in Trust,,,2023-11-04 16:35:59,'2023-11-04 16:35:59'),Trust Company,land,1,0,0
2086,Caisse Populaire des Voyageurs Inc,,,2023-11-04 16:35:59,'2023-11-04 16:35:59'),Credit Union,general,0,0,0
2087,Kareg Leasing Inc,,,2023-11-04 16:36:00,'2023-11-04 16:36:00'),Other,general,0,0,0
2088,OPG 132 Holdings Inc,,,2023-11-04 16:36:00,'2023-11-04 16:36:00'),Private Lender,general,0,0,0
2089,Gennaro Investments Ltd,,,2023-11-04 16:36:00,'2023-11-04 16:36:00'),Major Bank,general,0,0,0
2090,1887790 Ontario Ltd,,,2023-11-04 16:36:01,'2023-11-04 16:36:01'),Major Bank,general,0,0,0
2091,739531 Ontario Ltd,,,2023-11-04 16:36:01,'2023-11-04 16:36:01'),Major Bank,general,0,0,0
2092,ARCA Group Inc,arca.it,,2024-04-16 14:52:13,'2023-11-04 16:36:02'),Other,general,0,0,0
2093,First Capital (216) Inc,,,2023-11-04 16:36:02,'2023-11-04 16:36:02'),Private Lender,general,0,0,0
2094,DD Investment Company Ltd,,,2023-11-04 16:36:02,'2023-11-04 16:36:02'),Major Bank,general,0,0,0
2095,CHC Student Housing Holdings Inc,,,2023-11-04 16:36:03,'2023-11-04 16:36:03'),Private Lender,general,0,0,0
2096,7559704 Canada Inc,,,2023-11-04 16:36:03,'2023-11-04 16:36:03'),Other,general,0,0,0
2097,Panjee Enterprises Ltd,,,2023-11-04 16:36:03,'2023-11-04 16:36:03'),Major Bank,general,0,0,0
2098,Peter Ucci and Sons Ltd,,,2023-11-04 16:36:04,'2023-11-04 16:36:04'),Major Bank,general,0,0,0
2099,2045501 Ontario Inc,,,2023-11-04 16:36:04,'2023-11-04 16:36:04'),Other,general,0,0,0
2100,2547109 Ontario Inc,,,2023-11-04 16:36:04,'2023-11-04 16:36:04'),Other,general,0,0,0
2101,2330813 Ontario Inc,,,2023-11-04 16:36:05,'2023-11-04 16:36:05'),Other,general,0,0,0
2102,Ibans Investments Ltd,,,2023-11-04 16:36:05,'2023-11-04 16:36:05'),Major Bank,general,0,0,0
2103,Trisanone Assets Management Cor,,,2023-11-04 16:36:06,'2023-11-04 16:36:06'),Other,general,0,0,0
2104,Man Made Sales Inc,,,2023-11-04 16:36:06,'2023-11-04 16:36:06'),Other,general,0,0,0
2105,Derilin Investments Ltd,,,2023-11-04 16:36:06,'2023-11-04 16:36:06'),Major Bank,general,0,0,0
2106,Moon Masonry Ltd,,,2023-11-04 16:36:06,'2023-11-04 16:36:06'),Major Bank,general,0,0,0
2107,Penndale Equities Ltd,,,2023-11-04 16:36:07,'2023-11-04 16:36:07'),Major Bank,general,0,0,0
2108,1687362 Ontario Inc,,,2023-11-04 16:36:07,'2023-11-04 16:36:07'),Other,general,0,0,0
2109,1855625 Ontario Inc,,,2023-11-04 16:36:07,'2023-11-04 16:36:07'),Other,general,0,0,0
2110,1739674 Ontario Inc,,,2023-11-04 16:36:07,'2023-11-04 16:36:07'),Other,general,0,0,0
2111,2155200 Ontario Inc,,,2023-11-04 16:36:08,'2023-11-04 16:36:08'),Other,general,0,0,0
2112,Firm Capital Mortgage Fund,,,2023-11-04 16:36:08,'2023-11-04 16:36:08'),Private Lender,residential,0,0,0
2113,7705271 Canada Inc,,,2023-11-04 16:36:09,'2023-11-04 16:36:09'),Other,general,0,0,0
2114,1537717 Ontario Inc,,,2023-11-04 16:36:09,'2023-11-04 16:36:09'),Other,general,0,0,0
2115,The Morgan Investments Group Inc,,,2023-11-04 16:36:09,'2023-11-04 16:36:09'),Other,general,0,0,0
2116,Caisse Populaire de Cornwall Inc,,,2023-11-04 16:36:10,'2023-11-04 16:36:10'),Credit Union,general,0,0,0
2117,Pro REIT GP Inc,,,2023-11-04 16:36:10,'2023-11-04 16:36:10'),Other,general,0,0,0
2118,Con-Al Investments Ltd,,,2023-11-04 16:36:10,'2023-11-04 16:36:10'),Major Bank,general,0,0,0
2119,595580 Ontario Ltd,,,2023-11-04 16:36:10,'2023-11-04 16:36:10'),Major Bank,general,0,0,0
2120,2408494 Ontario Inc,,,2023-11-04 16:36:10,'2023-11-04 16:36:10'),Other,general,0,0,0
2121,Cobart Investments Ltd,,,2023-11-04 16:36:11,'2023-11-04 16:36:11'),Major Bank,general,0,0,0
2122,Hardsoft Systems Ltd,bserv.com,,2023-12-02 13:52:16,'2023-11-04 16:36:11'),Major Bank,general,0,0,0
2123,Woolenscote Holdings Inc,,,2023-11-04 16:36:11,'2023-11-04 16:36:11'),Private Lender,general,0,0,0
2124,Epireon Capital Ltd,,,2023-11-04 16:36:11,'2023-11-04 16:36:11'),Major Bank,general,0,0,0
2125,Forwarders Properties Ltd,,,2023-11-04 16:36:11,'2023-11-04 16:36:11'),Major Bank,general,0,0,0
2126,BJS Properties Inc,,,2023-11-04 16:36:11,'2023-11-04 16:36:11'),Development Company,general,0,0,0
2127,Buc Properties &amp; Investment Ltd,,,2023-11-04 16:36:12,'2023-11-04 16:36:12'),Major Bank,general,0,0,0
2128,455 Phillip Street GP Ltd,,,2023-11-04 16:36:12,'2023-11-04 16:36:12'),Major Bank,general,0,0,0
2129,Trifield Associates Ltd,,,2023-11-04 16:36:12,'2023-11-04 16:36:12'),Major Bank,general,0,0,0
2130,Phiden Ltd,,,2023-11-04 16:36:13,'2023-11-04 16:36:13'),Major Bank,general,0,0,0
2131,Worsley Rusholme Ltd,,,2023-11-04 16:36:13,'2023-11-04 16:36:13'),Major Bank,general,0,0,0
2132,South Point Property Inc,,,2023-11-04 16:36:13,'2023-11-04 16:36:13'),Development Company,general,0,0,0
2133,Eastwood &amp; Simcoe (2011) Inc,,,2023-11-04 16:36:14,'2023-11-04 16:36:14'),Other,general,0,0,0
2134,2071887 Ontario Inc,,,2023-11-04 16:36:14,'2023-11-04 16:36:14'),Other,general,0,0,0
2135,Crillion Investment Cor,,,2023-11-04 16:36:14,'2023-11-04 16:36:14'),Other,general,0,0,0
2136,Roynat Capital Inc,,,2023-11-04 16:36:15,'2023-11-04 16:36:15'),Private Lender,general,0,0,0
2137,4472136 Canada Inc,,,2023-11-04 16:36:15,'2023-11-04 16:36:15'),Other,general,0,0,0
2138,Kleinburg One Ltd,,,2023-11-04 16:36:15,'2023-11-04 16:36:15'),Major Bank,general,0,0,0
2139,Feldstein Holdings Inc,,,2023-11-04 16:36:15,'2023-11-04 16:36:15'),Private Lender,general,0,0,0
2140,BJJ Management and Consultants Services Ltd,,,2023-11-04 16:36:15,'2023-11-04 16:36:15'),Major Bank,general,0,0,0
2141,BJJ Management and Consultants Ltd,,,2023-11-04 16:36:15,'2023-11-04 16:36:15'),Major Bank,general,0,0,0
2142,Caledon Commonwealth Ltd,,,2023-11-04 16:36:16,'2023-11-04 16:36:16'),Major Bank,general,0,0,0
2143,2640370 Ontario Ltd,,,2023-11-04 16:36:16,'2023-11-04 16:36:16'),Major Bank,general,0,0,0
2144,One St Thomas Holdings Inc,,,2023-11-04 16:36:16,'2023-11-04 16:36:16'),Private Lender,general,0,0,0
2145,696665 Ontario Ltd,,,2023-11-04 16:36:16,'2023-11-04 16:36:16'),Major Bank,general,0,0,0
2146,RioCan Holdings Inc,,,2023-11-04 16:36:16,'2023-11-04 16:36:16'),Private Lender,general,0,0,0
2147,1385175 Ontario Ltd,,,2023-11-04 16:36:17,'2023-11-04 16:36:17'),Major Bank,general,0,0,0
2148,Cypress Point Mortgage Investment Cor,,,2023-11-04 16:36:17,'2023-11-04 16:36:17'),Private Lender,residential,0,0,0
2149,Rocco &amp; Figlie Investments Inc,,,2023-11-04 16:36:18,'2023-11-04 16:36:18'),Other,general,0,0,0
2150,One Superior Avenue Inc,,,2023-11-04 16:36:18,'2023-11-04 16:36:18'),Other,general,0,0,0
2151,Natdalex Investments Inc,,,2023-11-04 16:36:18,'2023-11-04 16:36:18'),Major Bank,general,0,0,0
2152,Art&#039;s Recreation Centre Ltd,,,2023-11-04 16:36:18,'2023-11-04 16:36:18'),Major Bank,commercial,0,0,1
2153,Private Mortgage Capital Holdings Ltd,,,2023-11-04 16:36:19,'2023-11-04 16:36:19'),Major Bank,residential,0,0,0
2154,RJM56 Holdings Inc,,,2023-11-04 16:36:19,'2023-11-04 16:36:19'),Private Lender,general,0,0,0
2155,1487830 Ontario Inc,,,2023-11-04 16:36:19,'2023-11-04 16:36:19'),Other,general,0,0,0
2156,2492222 Ontario Inc,,,2023-11-04 16:36:19,'2023-11-04 16:36:19'),Other,general,0,0,0
2157,1145280 Ontario Ltd,,,2023-11-04 16:36:20,'2023-11-04 16:36:20'),Major Bank,general,0,0,0
2158,Brian Pye Investments Ltd,,,2023-11-04 16:36:20,'2023-11-04 16:36:20'),Major Bank,general,0,0,0
2159,Toronto Locksmiths Ltd,,,2023-11-06 12:06:58,'2023-11-06 12:06:58'),Major Bank,general,0,0,0
2160,1738907 Ontario Inc,,,2023-11-06 12:06:58,'2023-11-06 12:06:58'),Other,general,0,0,0
2161,C &amp; C Motor Sales Ltd,,,2023-11-06 12:06:58,'2023-11-06 12:06:58'),Major Bank,general,0,0,0
2162,Hunt Management Inc,huntmanagement.com,,2023-12-02 14:02:17,'2023-11-06 12:06:59'),Other,general,0,0,0
2163,1384033 Ontario Inc,,,2023-11-06 12:06:59,'2023-11-06 12:06:59'),Other,general,0,0,0
2164,Melridge Properties Inc,,,2023-11-06 12:06:59,'2023-11-06 12:06:59'),Development Company,general,0,0,0
2165,Lower Baseline Properties Cor,,,2023-11-06 12:06:59,'2023-11-06 12:06:59'),Development Company,general,0,0,0
2166,LSM Mfg Ltd,,,2023-11-06 12:07:00,'2023-11-06 12:07:00'),Major Bank,general,0,0,0
2167,2458150 Ontario Inc,,,2023-11-06 12:07:00,'2023-11-06 12:07:00'),Other,general,0,0,0
2168,Northern Vista Development Cor,,,2023-11-06 12:07:00,'2023-11-06 12:07:00'),Development Company,general,0,0,0
2169,Crew Properties Ltd,,,2023-11-06 12:07:01,'2023-11-06 12:07:01'),Major Bank,commercial,0,0,1
2170,Desante Financial Services Inc,,,2023-11-06 12:07:01,'2023-11-06 12:07:01'),Credit Union,general,0,0,0
2171,Trinity Investments Inc,,,2023-11-06 12:07:01,'2023-11-06 12:07:01'),Other,general,0,0,0
2172,Celernus Investments Partners Inc et al &amp; 11 other,,,2023-11-06 12:07:01,'2023-11-06 12:07:01'),Other,general,0,0,0
2173,Arca Real Estate Investments Inc,,,2023-11-06 12:07:01,'2023-11-06 12:07:01'),Other,general,0,0,0
2174,FirstOntario Union Ltd,,,2023-11-06 12:07:01,'2023-11-06 12:07:01'),Major Bank,general,0,0,0
2175,Hero&#039;s Fountain International Ltd,,,2023-11-06 12:07:02,'2023-11-06 12:07:02'),Major Bank,general,0,0,0
2176,Giampaolo Investments Ltd,,,2023-11-06 12:07:03,'2023-11-06 12:07:03'),Major Bank,general,0,0,0
2177,2198099 Ontario Inc,,,2023-11-06 12:07:03,'2023-11-06 12:07:03'),Other,general,0,0,0
2178,Cedarwood Plazas Ltd,,,2023-11-06 12:07:03,'2023-11-06 12:07:03'),Major Bank,general,0,0,0
2179,OKON Holdings Ltd,,,2023-11-06 12:07:03,'2023-11-06 12:07:03'),Major Bank,general,0,0,0
2180,2301665 Ontario Inc,,,2023-11-06 12:07:04,'2023-11-06 12:07:04'),Other,general,0,0,0
2181,RBC Investment Services Trust,,,2023-11-06 12:07:04,'2023-11-06 12:07:04'),Major Bank,general,0,0,0
2182,Alterna Savings and Credit Unio,,,2023-11-06 12:07:04,'2023-11-06 12:07:04'),Other,commercial,0,0,1
2183,Communication Technologies Credit Unio,,,2023-11-06 12:07:04,'2023-11-06 12:07:04'),Other,commercial,0,0,1
2184,Pacific &amp; Western Bank of Canada,,,2023-11-06 12:07:05,'2023-11-06 12:07:05'),Major Bank,general,0,0,0
2185,VW Credit Canada Inc,vwcredit.com,,2023-12-02 14:02:23,'2023-11-06 12:07:05'),Other,commercial,0,0,1
2186,Hargrieve Road General Partner Ltd,,,2023-11-06 12:07:05,'2023-11-06 12:07:05'),Major Bank,general,0,0,0
2187,2367333 Ontario Inc,,,2023-11-06 12:07:06,'2023-11-06 12:07:06'),Other,general,0,0,0
2188,2275196 Ontario Inc,,,2023-11-06 12:07:06,'2023-11-06 12:07:06'),Other,general,0,0,0
2189,1705981 Ontario Ltd,,,2023-11-06 12:07:06,'2023-11-06 12:07:06'),Major Bank,general,0,0,0
2190,Caran Construction Ltd,,,2023-11-06 12:07:06,'2023-11-06 12:07:06'),Major Bank,construction,0,1,0
2191,Kaylan Properties Ltd,,,2023-11-06 12:07:06,'2023-11-06 12:07:06'),Major Bank,general,0,0,0
2192,York Capital Funding Inc,,,2023-11-06 12:07:06,'2023-11-06 12:07:06'),Private Lender,general,0,0,0
2193,8821232 Canada,,,2023-11-06 12:07:06,'2023-11-06 12:07:06'),Other,general,0,0,0
2194,2414660 Ontario Ltd,,,2023-11-06 12:07:07,'2023-11-06 12:07:07'),Major Bank,general,0,0,0
2195,832426 Ontario Ltd,,,2023-11-06 12:07:08,'2023-11-06 12:07:08'),Major Bank,general,0,0,0
2196,Communication Technologies Credit Union Ltd,,,2023-11-06 12:07:08,'2023-11-06 12:07:08'),Major Bank,commercial,0,0,1
2197,Lek Family Holdings Inc,,,2023-11-06 12:07:09,'2023-11-06 12:07:09'),Private Lender,general,0,0,0
2198,Terra Firma Capital Cor,,,2023-11-06 12:07:09,'2023-11-06 12:07:09'),Private Lender,general,0,0,0
2199,Maxrelco (Immeubles) Inc,,,2023-11-06 12:07:10,'2023-11-06 12:07:10'),Other,general,0,0,0
2200,2383654 Ontario Inc,,,2023-11-06 12:07:10,'2023-11-06 12:07:10'),Other,general,0,0,0
2201,The Historia Group Canada Inc,,,2023-11-06 12:07:10,'2023-11-06 12:07:10'),Other,general,0,0,0
2202,Michendi Investments Ltd,,,2023-11-06 12:07:10,'2023-11-06 12:07:10'),Major Bank,general,0,0,0
2203,729722 Ontario Ltd,,,2023-11-06 12:07:10,'2023-11-06 12:07:10'),Major Bank,general,0,0,0
2204,AML Investments Inc,,,2023-11-06 12:07:11,'2023-11-06 12:07:11'),Other,general,0,0,0
2205,9613714 Canada Inc,,,2023-11-06 12:07:11,'2023-11-06 12:07:11'),Other,general,0,0,0
2206,North American (Park Place) Cor,,,2023-11-06 12:07:11,'2023-11-06 12:07:11'),Other,general,0,0,0
2207,Kingsett Real Estate Growth GP No 3 Inc,,,2023-11-06 12:07:11,'2023-11-06 12:07:11'),Other,general,0,0,0
2208,Park Place Acquisition Cor,,,2023-11-06 12:07:11,'2023-11-06 12:07:11'),Other,general,0,0,0
2209,Gumiero Holdings Inc,,,2023-11-06 12:07:11,'2023-11-06 12:07:11'),Private Lender,general,0,0,0
2210,Michael M Tom Family Services Inc,,,2023-11-06 12:07:11,'2023-11-06 12:07:11'),Private Lender,general,0,0,0
2211,1662632 Ontario Inc,,,2023-11-06 12:07:12,'2023-11-06 12:07:12'),Other,general,0,0,0
2212,2501443 Ontario Inc,,,2023-11-06 12:07:12,'2023-11-06 12:07:12'),Other,general,0,0,0
2213,Econo-Malls Holdings #19 Inc,econo-malls.com,,2023-12-02 14:02:18,'2023-11-06 12:07:12'),Private Lender,general,0,0,0
2214,York Richmond Properties Cor,,,2023-11-06 12:07:12,'2023-11-06 12:07:12'),Development Company,general,0,0,0
2215,Caisse Populaire Cochrane-Temiskaming Ltd,,,2023-11-06 12:07:13,'2023-11-06 12:07:13'),Major Bank,general,0,0,0
2216,Acapulco Investments Ltd,,,2023-11-06 12:07:13,'2023-11-06 12:07:13'),Major Bank,general,0,0,0
2217,MCF Mortgage Investment Cor,,,2023-11-06 12:07:13,'2023-11-06 12:07:13'),Private Lender,residential,0,0,0
2218,Obsidian Group Inc,,,2023-11-06 12:07:13,'2023-11-06 12:07:13'),Other,general,0,0,0
2219,Bernant Holdings Ltd,,,2023-11-06 12:07:13,'2023-11-06 12:07:13'),Major Bank,general,0,0,0
2220,JRJ Dev Ltd,,,2023-11-06 12:07:13,'2023-11-06 12:07:13'),Major Bank,general,0,0,0
2221,1279058 Ontario Inc,,,2023-11-06 12:07:14,'2023-11-06 12:07:14'),Other,general,0,0,0
2222,Nitram Investments Ltd,,,2023-11-06 12:07:14,'2023-11-06 12:07:14'),Major Bank,general,0,0,0
2223,Dunraven Holdings Inc,dunravenwindows.com,,2023-12-02 14:02:18,'2023-11-06 12:07:14'),Private Lender,general,0,0,0
2224,1377031 Ontario Ltd,,,2023-11-06 12:07:15,'2023-11-06 12:07:15'),Major Bank,general,0,0,0
2225,Shinhan Bank Canada,shinhan.com,,2024-04-16 14:52:15,'2023-11-06 12:07:15'),Major Bank,general,0,0,0
2226,368230 Ontario Ltd,,,2023-11-06 12:07:15,'2023-11-06 12:07:15'),Major Bank,general,0,0,0
2227,Di Poce Management Ltd,,,2023-11-06 12:07:16,'2023-11-06 12:07:16'),Major Bank,general,0,0,0
2228,4103271 Canada Inc,kddi.com,,2024-04-16 14:52:15,'2023-11-06 12:07:16'),Other,general,0,0,0
2229,1437142 Ontario Inc,ontario.ca,,2024-04-16 14:52:15,'2023-11-06 12:07:16'),Other,general,0,0,0
2230,Simbra 2012 Inc,,,2023-11-06 12:07:16,'2023-11-06 12:07:16'),Other,general,0,0,0
2231,Sandeep Sajjan Enterprises Ltd,,,2023-11-06 12:07:16,'2023-11-06 12:07:16'),Major Bank,general,0,0,0
2232,Kerwin Property Management Ltd,,,2023-11-06 12:07:17,'2023-11-06 12:07:17'),Major Bank,general,0,0,0
2233,Sundial Orillia Properties Inc,fscadvisor.com,,2024-04-16 14:52:15,'2023-11-06 12:07:17'),Development Company,general,0,0,0
2234,1351327 Ontario Inc,,,2023-11-06 12:07:18,'2023-11-06 12:07:18'),Other,general,0,0,0
2235,Netin Cor,,,2023-11-06 12:07:18,'2023-11-06 12:07:18'),Other,general,0,0,0
2236,Addison Estates Inc,,,2023-11-06 12:07:18,'2023-11-06 12:07:18'),Other,general,0,0,0
2237,Olympia Trust Company in trust,,,2023-11-06 12:07:19,'2023-11-06 12:07:19'),Trust Company,general,0,0,0
2238,Bramfield Restaurants Ltd,,,2023-11-06 12:07:19,'2023-11-06 12:07:19'),Major Bank,general,0,0,0
2239,Velar Investments Ltd,,,2023-11-06 12:07:19,'2023-11-06 12:07:19'),Major Bank,general,0,0,0
2240,Cail Inc,,,2023-11-06 12:07:19,'2023-11-06 12:07:19'),Other,general,0,0,0
2241,275249 Ontario Ltd,,,2023-11-06 12:07:19,'2023-11-06 12:07:19'),Major Bank,general,0,0,0
2242,1242596 Ontario Inc,,,2023-11-06 12:07:19,'2023-11-06 12:07:19'),Other,general,0,0,0
2243,Jade Investments (London) Inc,,,2023-11-06 12:07:19,'2023-11-06 12:07:19'),Other,general,0,0,0
2244,Compuretshare Trust Company of Canada,,,2023-11-06 12:07:20,'2023-11-06 12:07:20'),Trust Company,general,0,0,0
2245,Hald-Nor Community Credit Union Ltd,,,2023-11-06 12:07:21,'2023-11-06 12:07:21'),Major Bank,commercial,0,0,1
2246,Wm J Klees and Son Ltd,,,2023-11-06 12:07:21,'2023-11-06 12:07:21'),Major Bank,general,0,0,0
2247,Wilkeele Apartments Inc,,,2023-11-06 12:07:21,'2023-11-06 12:07:21'),Other,general,0,0,0
2248,G &amp; G Global Holdings Ltd,,,2023-11-06 12:07:21,'2023-11-06 12:07:21'),Major Bank,general,0,0,0
2249,JTK Holding Inc,,,2023-11-06 12:07:22,'2023-11-06 12:07:22'),Other,general,0,0,0
2250,VSP Investments Inc,,,2023-11-06 12:07:22,'2023-11-06 12:07:22'),Other,general,0,0,0
2251,519679 Ontario Ltd,,,2023-11-06 12:07:22,'2023-11-06 12:07:22'),Major Bank,general,0,0,0
2252,Jaws Professional Building Inc,,,2023-11-06 12:07:23,'2023-11-06 12:07:23'),Other,general,0,0,0
2253,Paddle River Investments Inc,,,2023-11-06 12:07:23,'2023-11-06 12:07:23'),Other,general,0,0,0
2254,2042690 Ontario Inc,,,2023-11-06 12:07:23,'2023-11-06 12:07:23'),Other,general,0,0,0
2255,1850502 Ontario Ltd,,,2023-11-06 12:07:23,'2023-11-06 12:07:23'),Major Bank,general,0,0,0
2256,The Empire Life Assurance Co,,,2023-11-06 12:07:23,'2023-11-06 12:07:23'),Insurance Company,general,0,0,0
2257,734770 Ontario Inc,,,2023-11-06 12:07:24,'2023-11-06 12:07:24'),Other,general,0,0,0
2258,Thursday&#039;s Ltd,,,2023-11-06 12:07:24,'2023-11-06 12:07:24'),Major Bank,general,0,0,0
2259,2036035 Ontario Inc,,,2023-11-06 12:07:24,'2023-11-06 12:07:24'),Other,general,0,0,0
2260,CIBC Mellon Global Securities Service,,,2023-11-06 12:07:25,'2023-11-06 12:07:25'),Major Bank,general,0,0,0
2261,1316128 Ontario Inc,,,2023-11-06 12:07:25,'2023-11-06 12:07:25'),Other,general,0,0,0
2262,Caisse Populaire Pointe-Aux-Roches-Tecumseh Inc,,,2023-11-06 12:07:26,'2023-11-06 12:07:26'),Credit Union,general,0,0,0
2263,1517234 Ontario Ltd,,,2023-11-06 12:07:26,'2023-11-06 12:07:26'),Major Bank,general,0,0,0
2264,CIBC Mellon Global Securities Services Co,,,2023-11-06 12:07:27,'2023-11-06 12:07:27'),Major Bank,general,0,0,0
2265,Unicum Management Cor,,,2023-11-06 12:07:27,'2023-11-06 12:07:27'),Other,general,0,0,0
2266,2409487 Ontario Inc,,,2023-11-06 12:07:27,'2023-11-06 12:07:27'),Other,general,0,0,0
2267,Old Norwood Farm Ltd,,,2023-11-06 12:07:28,'2023-11-06 12:07:28'),Major Bank,agricultural,0,0,0
2268,1059447 Ontario Ltd,,,2023-11-06 12:07:28,'2023-11-06 12:07:28'),Major Bank,general,0,0,0
2269,Grecan Investments Ltd,,,2023-11-06 12:07:29,'2023-11-06 12:07:29'),Major Bank,general,0,0,0
2270,Textbook Student Suite,,,2023-11-06 12:07:29,'2023-11-06 12:07:29'),Other,general,0,0,0
2271,2078607 Ontario Ltd,,,2023-11-06 12:07:29,'2023-11-06 12:07:29'),Major Bank,general,0,0,0
2272,1393389 Ontario Ltd,,,2023-11-06 12:07:29,'2023-11-06 12:07:29'),Major Bank,general,0,0,0
2273,2517861 Ontario Inc,,,2023-11-06 12:07:30,'2023-11-06 12:07:30'),Other,general,0,0,0
2274,King John Property Holdings Inc,,,2023-11-06 12:07:30,'2023-11-06 12:07:30'),Private Lender,general,0,0,0
2275,2116421 Ontario Ltd,,,2023-11-06 12:07:30,'2023-11-06 12:07:30'),Major Bank,general,0,0,0
2276,1615 Dundas St E Commercial Centre Inc,,,2023-11-06 12:07:31,'2023-11-06 12:07:31'),Other,commercial,0,0,1
2277,Skyline Apartment Real Estate Investment Trust,,,2023-11-06 12:07:31,'2023-11-06 12:07:31'),Trust Company,general,0,0,0
2278,North Liberty Properties Inc,,,2023-11-06 12:07:32,'2023-11-06 12:07:32'),Development Company,general,0,0,0
2279,Queen Auto Group Inc,,,2023-11-06 12:07:32,'2023-11-06 12:07:32'),Other,general,0,0,0
2280,Waterloo Commons Shopping Centre Inc,,,2023-11-06 12:07:32,'2023-11-06 12:07:32'),Other,general,0,0,0
2281,CIBC Mortages Inc,,,2023-11-06 12:07:32,'2023-11-06 12:07:32'),Major Bank,general,0,0,0
2282,Quex Property Cor,,,2023-11-06 12:07:32,'2023-11-06 12:07:32'),Development Company,general,0,0,0
2283,2465136 Ontario Inc,,,2023-11-06 12:07:32,'2023-11-06 12:07:32'),Other,general,0,0,0
2284,Lexus Finance Ltd,,,2023-11-06 12:07:32,'2023-11-06 12:07:32'),Major Bank,general,0,0,0
2285,2084443 Ontario Ltd,,,2023-11-06 12:07:32,'2023-11-06 12:07:32'),Major Bank,general,0,0,0
2286,1693621 Ontario Ltd,,,2023-11-06 12:07:32,'2023-11-06 12:07:32'),Major Bank,general,0,0,0
2287,LPF Realty Office Inc,,,2023-11-06 12:07:33,'2023-11-06 12:07:33'),Other,general,0,0,0
2288,2053228 Ontario Inc,,,2023-11-06 12:07:33,'2023-11-06 12:07:33'),Other,general,0,0,0
2289,Kiu Sang Investments Co Ltd,,,2023-11-06 12:07:33,'2023-11-06 12:07:33'),Major Bank,general,0,0,0
2290,Festivus Holdings Inc,,,2023-11-06 12:07:34,'2023-11-06 12:07:34'),Private Lender,general,0,0,0
2291,H Properties Ltd,,,2023-11-06 12:07:34,'2023-11-06 12:07:34'),Major Bank,general,0,0,0
2292,State Bank of India (Canada),,,2023-11-06 12:07:34,'2023-11-06 12:07:34'),Major Bank,general,0,0,0
2293,1825369 Ontario Inc,,,2023-11-06 12:07:35,'2023-11-06 12:07:35'),Other,general,0,0,0
2294,JK Dental Hygiene Inc,,,2023-11-06 12:07:35,'2023-11-06 12:07:35'),Other,general,0,0,0
2295,1526806 Ontario Inc,,,2023-11-06 12:07:35,'2023-11-06 12:07:35'),Other,general,0,0,0
2296,Hasson Collision Ltd,,,2023-11-06 12:07:35,'2023-11-06 12:07:35'),Major Bank,general,0,0,0
2297,20 Craig Street Ltd,,,2023-11-06 12:07:36,'2023-11-06 12:07:36'),Major Bank,general,0,0,0
2298,Matar Holdings Ltd,,,2023-11-06 12:07:36,'2023-11-06 12:07:36'),Major Bank,general,0,0,0
2299,1573930 Ontario Ltd,,,2023-11-06 12:07:36,'2023-11-06 12:07:36'),Major Bank,general,0,0,0
2300,Libro Credit Unio,,,2023-11-06 12:07:37,'2023-11-06 12:07:37'),Other,commercial,0,0,1
2301,WA Holdings Ltd,,,2023-11-06 12:07:37,'2023-11-06 12:07:37'),Major Bank,general,0,0,0
2302,469723 Ontario Inc,,,2023-11-06 12:07:38,'2023-11-06 12:07:38'),Other,general,0,0,0
2303,370200 Ontario Ltd,,,2023-11-06 12:07:38,'2023-11-06 12:07:38'),Major Bank,general,0,0,0
2304,Ardex Capital Management Inc,,,2023-11-06 12:07:39,'2023-11-06 12:07:39'),Private Lender,general,0,0,0
2305,2066078 Ontario Inc,,,2023-11-06 12:07:39,'2023-11-06 12:07:39'),Other,general,0,0,0
2306,4000 Innovation Inc,,,2023-11-06 12:07:39,'2023-11-06 12:07:39'),Other,hospitality,0,0,0
2307,Great Lakes Agra Cor,,,2023-11-06 12:07:40,'2023-11-06 12:07:40'),Other,general,0,0,0
2308,Finchley Financial Cor,,,2023-11-06 12:07:40,'2023-11-06 12:07:40'),Credit Union,general,0,0,0
2309,Pemstone Holdings Inc,,,2023-11-06 12:07:40,'2023-11-06 12:07:40'),Private Lender,general,0,0,0
2310,Morningside Residency Inc,,,2023-11-06 12:07:40,'2023-11-06 12:07:40'),Other,general,0,0,0
2311,Landlink Inc,,,2023-11-06 12:07:40,'2023-11-06 12:07:40'),Other,land,1,0,0
2312,BMO Bank of Montreal,bmo.com,,2023-12-02 14:02:19,'2023-11-06 12:07:40'),Major Bank,general,0,0,0
2313,Araz Developments Inc,enzodevelopments.com,,2023-12-02 14:02:23,'2023-11-06 12:07:41'),Development Company,general,0,0,0
2314,Jarmal Holdings Ltd,,,2023-11-06 12:07:41,'2023-11-06 12:07:41'),Major Bank,general,0,0,0
2315,MSJM Holdings Ltd,,,2023-11-06 12:07:41,'2023-11-06 12:07:41'),Major Bank,general,0,0,0
2316,Nova Scotia Health Employees&#039; Pension Pla,,,2023-11-06 12:07:42,'2023-11-06 12:07:42'),Other,general,0,0,0
2317,YLC LP001,,,2023-11-06 12:07:42,'2023-11-06 12:07:42'),Other,general,0,0,0
2318,1897917 Ontario Inc,,,2023-11-06 12:07:42,'2023-11-06 12:07:42'),Other,general,0,0,0
2319,Waltcroft Enterprises Inc,,,2023-11-06 12:07:42,'2023-11-06 12:07:42'),Other,general,0,0,0
2320,2157875 Ontario Ltd,,,2023-11-06 12:07:43,'2023-11-06 12:07:43'),Major Bank,general,0,0,0
2321,Meteric Investments Ltd,,,2023-11-06 12:07:43,'2023-11-06 12:07:43'),Major Bank,general,0,0,0
2322,2075790 Ontario Inc,,,2023-11-06 12:07:43,'2023-11-06 12:07:43'),Other,general,0,0,0
2323,Silaschi &amp; Deutschmann Ltd,,,2023-11-06 12:07:44,'2023-11-06 12:07:44'),Major Bank,general,0,0,0
2324,9394222 Canada Ltd,,,2023-11-06 12:07:44,'2023-11-06 12:07:44'),Major Bank,general,0,0,0
2325,Jofian Properties Inc,,,2023-11-06 12:07:45,'2023-11-06 12:07:45'),Development Company,general,0,0,0
2326,Lookout 1991 Inc,,,2023-11-06 12:07:45,'2023-11-06 12:07:45'),Other,general,0,0,0
2327,United Republic of Properties Ltd,,,2023-11-06 12:07:46,'2023-11-06 12:07:46'),Major Bank,general,0,0,0
2328,American Life Insurance Co,,,2023-11-06 12:07:46,'2023-11-06 12:07:46'),Insurance Company,general,0,0,0
2329,1070253 Ontario Inc,,,2023-11-06 12:07:47,'2023-11-06 12:07:47'),Other,general,0,0,0
2330,1802484 Ontario Ltd,,,2023-11-06 12:07:47,'2023-11-06 12:07:47'),Major Bank,general,0,0,0
2331,Hess Village Real Estate Cor,,,2023-11-06 12:07:47,'2023-11-06 12:07:47'),Other,general,0,0,0
2332,Runnymede Development Corp Ltd,,,2023-11-07 11:35:42,'2023-11-07 11:35:42'),Major Bank,general,0,0,0
2333,Fitz Cor,,,2023-11-07 11:35:42,'2023-11-07 11:35:42'),Other,general,0,0,0
2334,Wilba Management Inc,,,2023-11-07 11:35:42,'2023-11-07 11:35:42'),Other,general,0,0,0
2335,Mega International Commercial Bank (Canada),megabank.com.tw,,2024-04-16 14:52:13,'2023-11-07 11:35:42'),Major Bank,commercial,0,0,1
2336,Barbara &amp; James Ford,,,2023-11-07 11:35:42,'2023-11-07 11:35:42'),Other,general,0,0,0
2337,Marfrank Delta Holdings Inc,,,2023-11-07 11:35:42,'2023-11-07 11:35:42'),Private Lender,general,0,0,0
2338,Thomas Felti,,,2023-11-07 11:35:42,'2023-11-07 11:35:42'),Other,general,0,0,0
2339,Arnold Crawford,,,2023-11-07 11:35:42,'2023-11-07 11:35:42'),Other,general,0,0,0
2340,Etsuko Matsuura,,,2023-11-07 11:35:42,'2023-11-07 11:35:42'),Other,general,0,0,0
2341,JSK Holdings Inc,,,2023-11-07 11:35:43,'2023-11-07 11:35:43'),Private Lender,general,0,0,0
2342,Daniel &amp; Colin Baker,,,2023-11-07 11:35:43,'2023-11-07 11:35:43'),Other,general,0,0,0
2343,2066924 Ontario Inc,,,2023-11-07 11:35:43,'2023-11-07 11:35:43'),Other,general,0,0,0
2344,2212021 Ontario Inc,,,2023-11-07 11:35:43,'2023-11-07 11:35:43'),Other,general,0,0,0
2345,443291 Ontario Ltd,,,2023-11-07 11:35:43,'2023-11-07 11:35:43'),Major Bank,general,0,0,0
2346,Triune Investment Enterprises Ltd,,,2023-11-07 11:35:43,'2023-11-07 11:35:43'),Major Bank,general,0,0,0
2347,Goal Ventures Inc,,,2023-11-07 11:35:43,'2023-11-07 11:35:43'),Other,general,0,0,0
2348,Di Blasio Cor,,,2023-11-07 11:35:43,'2023-11-07 11:35:43'),Other,general,0,0,0
2349,Cecilia Scarfe,,,2023-11-07 11:35:43,'2023-11-07 11:35:43'),Other,general,0,0,0
2350,1374859 Ontario Inc,,,2023-11-07 11:35:43,'2023-11-07 11:35:43'),Other,general,0,0,0
2351,77-I Unitholders Inc,,,2023-11-07 11:35:45,'2023-11-07 11:35:45'),Other,general,0,0,0
2352,Alexa Investments Ltd,,,2023-11-07 11:35:46,'2023-11-07 11:35:46'),Major Bank,general,0,0,0
2353,Sanofi Pasteur Ltd,,,2023-11-07 11:35:46,'2023-11-07 11:35:46'),Major Bank,general,0,0,0
2354,1825689 Ontario Ltd,,,2023-11-07 11:35:46,'2023-11-07 11:35:46'),Major Bank,general,0,0,0
2355,VMP Properties Inc,,,2023-11-07 11:35:46,'2023-11-07 11:35:46'),Development Company,general,0,0,0
2356,5531 Main Street Ltd,,,2023-11-07 11:35:47,'2023-11-07 11:35:47'),Major Bank,general,0,0,0
2357,1414841 Ontario Inc,,,2023-11-07 11:35:47,'2023-11-07 11:35:47'),Other,general,0,0,0
2358,1201197 Ontario Inc,,,2023-11-07 11:35:47,'2023-11-07 11:35:47'),Other,general,0,0,0
2359,Pacific Court Properties Ltd,,,2023-11-07 11:35:47,'2023-11-07 11:35:47'),Major Bank,general,0,0,0
2360,Fackoury Family Holding Cor,,,2023-11-07 11:35:47,'2023-11-07 11:35:47'),Other,general,0,0,0
2361,Don and Joe Investments Ltd,,,2023-11-07 11:35:48,'2023-11-07 11:35:48'),Major Bank,general,0,0,0
2362,2389610 Ontario Ltd,,,2023-11-07 11:35:48,'2023-11-07 11:35:48'),Major Bank,general,0,0,0
2363,William Powell Investments Inc,,,2023-11-07 11:35:49,'2023-11-07 11:35:49'),Other,general,0,0,0
2364,Global Financial Corp Ltd,,,2023-11-07 11:35:49,'2023-11-07 11:35:49'),Major Bank,general,0,0,0
2365,Big A Brand Fruit Farms Ltd,,,2023-11-07 11:35:49,'2023-11-07 11:35:49'),Major Bank,agricultural,0,0,0
2366,Oswald Construction Inc &amp; 7 other,,,2023-11-07 11:35:49,'2023-11-07 11:35:49'),Other,construction,0,1,0
2367,1676484 Ontario Ltd,,,2023-11-07 11:35:49,'2023-11-07 11:35:49'),Major Bank,general,0,0,0
2368,Bear Park Investments Inc,,,2023-11-07 11:35:49,'2023-11-07 11:35:49'),Other,general,0,0,0
2369,K &amp; H Creek Investments Ltd,,,2023-11-07 11:35:49,'2023-11-07 11:35:49'),Major Bank,commercial,0,0,1
2370,Michendi Holdings Ltd,,,2023-11-07 11:35:49,'2023-11-07 11:35:49'),Major Bank,general,0,0,0
2371,Key Anlouis Investments Ltd,,,2023-11-07 11:35:49,'2023-11-07 11:35:49'),Major Bank,general,0,0,0
2372,Tigger Cor,,,2023-11-07 11:35:50,'2023-11-07 11:35:50'),Other,general,0,0,0
2373,Louis Weisfield Ltd,,,2023-11-07 11:35:50,'2023-11-07 11:35:50'),Major Bank,general,0,0,0
2374,Antonio Catizzone,rescompropertymanagement.com,,2023-12-02 14:02:19,'2023-11-07 11:35:51'),Other,general,0,0,0
2375,First National Financial GP Gor,,,2023-11-07 11:35:52,'2023-11-07 11:35:52'),Credit Union,general,0,0,0
2376,Dan Bleichma,,,2023-11-07 11:35:52,'2023-11-07 11:35:52'),Other,general,0,0,0
2377,Italian Savings &amp; Credit Union Ltd,,,2023-11-07 11:35:52,'2023-11-07 11:35:52'),Major Bank,commercial,0,0,1
2378,Old Stone Properties Ltd,,,2023-11-07 11:35:52,'2023-11-07 11:35:52'),Major Bank,general,0,0,0
2379,National Bank,nbc.ca,,2024-04-16 14:52:13,'2023-11-07 11:35:52'),Major Bank,general,0,0,0
2380,Roy Swanson Investments Ltd,,,2023-11-07 11:35:52,'2023-11-07 11:35:52'),Major Bank,general,0,0,0
2381,N Turk Investments Ltd,,,2023-11-07 11:35:52,'2023-11-07 11:35:52'),Major Bank,general,0,0,0
2382,1352267 Ontario Ltd,,,2023-11-07 11:35:53,'2023-11-07 11:35:53'),Major Bank,general,0,0,0
2383,1634087 Ontario Inc,,,2023-11-07 11:35:53,'2023-11-07 11:35:53'),Other,general,0,0,0
2384,Monterey Park (Junction) Inc,montereypark.ca,,2023-12-02 14:02:19,'2023-11-07 11:35:53'),Other,general,0,0,0
2385,Paradise Homes Junction Inc,,,2023-11-07 11:35:53,'2023-11-07 11:35:53'),Other,general,0,0,0
2386,Romy Ornamental Steel Ltd,,,2023-11-07 11:35:53,'2023-11-07 11:35:53'),Major Bank,general,0,0,0
2387,Kemco Engineering &amp; Construction Ltd,,,2023-11-07 11:35:53,'2023-11-07 11:35:53'),Major Bank,construction,0,1,0
2388,2151048 Ontario Inc,,,2023-11-07 11:35:54,'2023-11-07 11:35:54'),Other,general,0,0,0
2389,450 Phillip GP Ltd,,,2023-11-07 11:35:54,'2023-11-07 11:35:54'),Major Bank,general,0,0,0
2390,2228730 Ontario Inc,,,2023-11-07 11:35:54,'2023-11-07 11:35:54'),Other,general,0,0,0
2391,Cookhaven Acres Ltd,,,2023-11-07 11:35:54,'2023-11-07 11:35:54'),Major Bank,commercial,0,0,1
2392,Farhi Holdings Cor,,,2023-11-07 11:35:54,'2023-11-07 11:35:54'),Private Lender,general,0,0,0
2393,Litera Investments Inc,,,2023-11-07 11:35:55,'2023-11-07 11:35:55'),Other,general,0,0,0
2394,2255767 Ontario Ltd,,,2023-11-07 11:35:56,'2023-11-07 11:35:56'),Major Bank,general,0,0,0
2395,Greengable Holdings Ltd,,,2023-11-07 11:35:56,'2023-11-07 11:35:56'),Major Bank,general,0,0,0
2396,The Mandarin Golf and County Club Inc,,,2023-11-07 11:35:57,'2023-11-07 11:35:57'),Other,general,0,0,0
2397,Niagara Regional Housing,,,2023-11-07 11:35:57,'2023-11-07 11:35:57'),Other,general,0,0,0
2398,990496 Ontario Inc,,,2023-11-07 11:35:57,'2023-11-07 11:35:57'),Other,general,0,0,0
2399,Bonello Holdings Ltd,,,2023-11-07 11:35:57,'2023-11-07 11:35:57'),Major Bank,general,0,0,0
2400,Hurben Properties Ltd,,,2023-11-07 11:35:58,'2023-11-07 11:35:58'),Major Bank,general,0,0,0
2401,Ducharme Investments Inc,,,2023-11-07 11:35:58,'2023-11-07 11:35:58'),Other,general,0,0,0
2402,Kingswhite Properties Inc,,,2023-11-07 11:35:58,'2023-11-07 11:35:58'),Development Company,general,0,0,0
2403,Homartyn Holdings Inc,,,2023-11-07 11:35:59,'2023-11-07 11:35:59'),Private Lender,general,0,0,0
2404,2389069 Ontario Ltd,,,2023-11-07 11:36:00,'2023-11-07 11:36:00'),Major Bank,general,0,0,0
2405,Concord Realty Investments Inc,,,2023-11-07 11:36:00,'2023-11-07 11:36:00'),Other,general,0,0,0
2406,875 Kennedy Road Ltd,,,2023-11-07 11:36:00,'2023-11-07 11:36:00'),Major Bank,general,0,0,0
2407,718255 Ontario Ltd,,,2023-11-07 11:36:01,'2023-11-07 11:36:01'),Major Bank,general,0,0,0
2408,1727915 Ontario Inc,,,2023-11-07 11:36:01,'2023-11-07 11:36:01'),Other,general,0,0,0
2409,"Bank of America, N. A.",,,2023-11-07 11:36:01,'2023-11-07 11:36:01'),Major Bank,general,0,0,0
2410,Trethgreen Apartments Inc,,,2023-11-07 11:36:02,'2023-11-07 11:36:02'),Other,general,0,0,0
2411,Stearbrook Holdings Ltd and 10 other,,,2023-11-07 11:36:02,'2023-11-07 11:36:02'),Major Bank,general,0,0,0
2412,Janodee Investments Ltd and 4 other,,,2023-11-07 11:36:02,'2023-11-07 11:36:02'),Major Bank,general,0,0,0
2413,Dez Capital Cor,,,2023-11-07 11:36:02,'2023-11-07 11:36:02'),Private Lender,general,0,0,0
2414,2037543 Ontario Inc,,,2023-11-07 11:36:02,'2023-11-07 11:36:02'),Other,general,0,0,0
2415,Mar-Cot Developments Inc,,,2023-11-07 11:36:03,'2023-11-07 11:36:03'),Development Company,general,0,0,0
2416,N &amp; T Scholten Holdings Inc,,,2023-11-07 11:36:03,'2023-11-07 11:36:03'),Private Lender,general,0,0,0
2417,535379 Ontario Inc,,,2023-11-07 11:36:03,'2023-11-07 11:36:03'),Other,general,0,0,0
2418,International Language Academy of Canada Inc,,,2023-11-07 11:36:03,'2023-11-07 11:36:03'),Other,general,0,0,0
2419,Sieben Holdings Ltd,,,2023-11-07 11:36:04,'2023-11-07 11:36:04'),Major Bank,general,0,0,0
2420,Gaimpaolo Investments Ltd,,,2023-11-07 11:36:04,'2023-11-07 11:36:04'),Major Bank,general,0,0,0
2421,1207911 Ontario Inc,,,2023-11-07 11:36:04,'2023-11-07 11:36:04'),Other,general,0,0,0
2422,Hirmar Holdings Inc,,,2023-11-07 11:36:04,'2023-11-07 11:36:04'),Private Lender,general,0,0,0
2423,Chetwynd House Holdings Ltd,,,2023-11-07 11:36:04,'2023-11-07 11:36:04'),Major Bank,general,0,0,0
2424,The Bank of Nova Scotia Trust Co,,,2023-11-07 11:36:04,'2023-11-07 11:36:04'),Major Bank,general,0,0,0
2425,Princeton Hospitality &amp; Leisure (Ontario) Ltd,,,2023-11-07 11:36:04,'2023-11-07 11:36:04'),Major Bank,hospitality,0,0,0
2426,Stathakis Holdings Ltd,,,2023-11-07 11:36:05,'2023-11-07 11:36:05'),Major Bank,general,0,0,0
2427,1084424 Ontario Inc,,,2023-11-07 11:36:05,'2023-11-07 11:36:05'),Other,general,0,0,0
2428,Black Gold Operating Group Inc,,,2023-11-07 11:36:05,'2023-11-07 11:36:05'),Other,general,0,0,0
2429,Westboro Mortgage Investment Cor,,,2023-11-07 11:36:05,'2023-11-07 11:36:05'),Private Lender,residential,0,0,0
2430,Valley Janco Inc,,,2023-11-07 11:36:05,'2023-11-07 11:36:05'),Other,general,0,0,0
2431,Global Investment Holdings Inc,,,2023-11-07 11:36:06,'2023-11-07 11:36:06'),Private Lender,general,0,0,0
2432,2010860 Ontario Ltd,,,2023-11-07 11:36:06,'2023-11-07 11:36:06'),Major Bank,general,0,0,0
2433,TT &amp; H Montgomery Construction (Niagara) Ltd,,,2023-11-07 15:13:03,'2023-11-07 15:13:03'),Major Bank,construction,0,1,0
2434,Rathcliffe Capital Cor,,,2023-11-07 15:13:04,'2023-11-07 15:13:04'),Private Lender,general,0,0,0
2435,1221058 Ontario Inc,,,2023-11-07 15:13:04,'2023-11-07 15:13:04'),Other,general,0,0,0
2436,DiPaolo Investments Inc,,,2023-11-07 15:13:04,'2023-11-07 15:13:04'),Other,general,0,0,0
2437,2383514 Ontario Inc,,,2023-11-07 15:13:04,'2023-11-07 15:13:04'),Other,general,0,0,0
2438,Pontiac Holdings Ltd,,,2023-11-07 15:13:05,'2023-11-07 15:13:05'),Major Bank,general,0,0,0
2439,Joe Butera Holdings (Niagara) Inc,,,2023-11-07 15:13:06,'2023-11-07 15:13:06'),Private Lender,general,0,0,0
2440,Leonard Walto,,,2023-11-07 15:13:06,'2023-11-07 15:13:06'),Other,general,0,0,0
2441,Alfa Properties Inc,,,2023-11-07 15:13:06,'2023-11-07 15:13:06'),Development Company,general,0,0,0
2442,Interbay Funding Cor,,,2023-11-07 15:13:06,'2023-11-07 15:13:06'),Other,general,0,0,0
2443,393075 Ontario Ltd,,,2023-11-07 15:13:06,'2023-11-07 15:13:06'),Major Bank,general,0,0,0
2444,4230 Meadowvale Realty Ltd,,,2023-11-07 15:13:07,'2023-11-07 15:13:07'),Major Bank,general,0,0,0
2445,Developing for Change Inc,,,2023-11-10 12:57:17,'2023-11-10 12:57:17'),Other,general,0,0,0
2446,Funchal Enterprises Inc,,,2023-11-10 12:57:18,'2023-11-10 12:57:18'),Other,general,0,0,0
2447,Centerfield Properties Inc,,,2023-11-10 12:57:18,'2023-11-10 12:57:18'),Development Company,general,0,0,0
2448,Syvan Developments Ltd,,,2023-11-10 12:57:18,'2023-11-10 12:57:18'),Major Bank,general,0,0,0
2449,Paralovas Foods Ltd,,,2023-11-10 12:57:18,'2023-11-10 12:57:18'),Major Bank,general,0,0,0
2450,Snave Holdings Ltd,,,2023-11-10 12:57:18,'2023-11-10 12:57:18'),Major Bank,general,0,0,0
2451,R Williamson Consultants Ltd,,,2023-11-10 12:57:18,'2023-11-10 12:57:18'),Major Bank,general,0,0,0
2452,SHB Holdings Inc,,,2023-11-10 12:57:18,'2023-11-10 12:57:18'),Private Lender,general,0,0,0
2453,HYOT GP Inc,,,2023-11-10 12:57:18,'2023-11-10 12:57:18'),Other,general,0,0,0
2454,Gencap Enterprises Inc,,,2023-11-10 12:57:18,'2023-11-10 12:57:18'),Other,general,0,0,0
2455,Pomerleau Sand &amp; Gravel Inc,,,2023-11-10 12:57:19,'2023-11-10 12:57:19'),Other,general,0,0,0
2456,2339043 Alberta Ltd,,,2023-11-10 12:57:19,'2023-11-10 12:57:19'),Major Bank,general,0,0,0
2457,Tavana Finance &amp; Wealth Management Inc,,,2023-11-10 12:57:19,'2023-11-10 12:57:19'),Other,general,0,0,0
2458,2264994 Ontario Inc,,,2023-11-10 12:57:20,'2023-11-10 12:57:20'),Other,general,0,0,0
2459,1000676330 Ontario Inc,,,2023-11-10 12:57:20,'2023-11-10 12:57:20'),Other,general,0,0,0
2460,Redick Farms Inc,,,2023-11-10 12:57:20,'2023-11-10 12:57:20'),Other,agricultural,0,0,0
2461,MCC Mortgage Holdings Inc,,,2023-11-10 12:57:21,'2023-11-10 12:57:21'),Private Lender,residential,0,0,0
2462,Republic Mortgage Investment Cor,,,2023-11-10 12:57:23,'2023-11-10 12:57:23'),Private Lender,residential,0,0,0
2463,GDFE Hall Holdco,,,2023-11-10 12:57:23,'2023-11-10 12:57:23'),Other,general,0,0,0
2464,Invest Equity Mortgage Investment Cor,,,2023-11-10 12:57:23,'2023-11-10 12:57:23'),Private Lender,residential,0,0,0
2465,Frontline Financial Credit Union Ltd,,,2023-11-10 12:57:24,'2023-11-10 12:57:24'),Major Bank,commercial,0,0,1
2466,Tube-Way Inc,,,2023-11-10 12:57:25,'2023-11-10 12:57:25'),Other,general,0,0,0
2467,Olympia Trust Co and 8 other,,,2023-11-10 12:57:26,'2023-11-10 12:57:26'),Trust Company,general,0,0,0
2468,Braydon Properties Ltd,,,2023-11-10 12:57:29,'2023-11-10 12:57:29'),Major Bank,general,0,0,0
2469,5 Paces Inc,,,2023-11-10 12:57:29,'2023-11-10 12:57:29'),Other,general,0,0,0
2470,2820009 Ontario Inc,,,2023-11-10 12:57:29,'2023-11-10 12:57:29'),Other,general,0,0,0
2471,Comuptershare Trust Company of Canada,,,2023-11-10 12:57:29,'2023-11-10 12:57:29'),Trust Company,general,0,0,0
2472,NJS Capital Thelma Ave GP Inc,,,2023-11-10 12:57:29,'2023-11-10 12:57:29'),Private Lender,general,0,0,0
2473,2602242 Ontario Ltd,,,2023-11-10 12:57:29,'2023-11-10 12:57:29'),Major Bank,general,0,0,0
2474,Bank of Nova Scotia,scotiabank.com,,2023-12-02 14:02:23,'2023-11-10 12:57:30'),Major Bank,general,0,0,0
2475,Amtoca Investment Ltd,,,2023-11-10 12:57:30,'2023-11-10 12:57:30'),Major Bank,general,0,0,0
2476,Zoran Realty Partners Ltd,,,2023-11-10 12:57:30,'2023-11-10 12:57:30'),Major Bank,general,0,0,0
2477,Ashley Park Developments (Sharon) Inc,,,2023-11-10 12:57:30,'2023-11-10 12:57:30'),Development Company,general,0,0,0
2478,Claude E Dubrick Investments Ltd,,,2023-11-10 12:57:30,'2023-11-10 12:57:30'),Major Bank,general,0,0,0
2479,Durham Building Cor,,,2023-11-10 12:57:30,'2023-11-10 12:57:30'),Other,general,0,0,0
2480,Baytech Plastics Inc,baytechplastics.com,,2023-12-02 14:02:19,'2023-11-10 12:57:30'),Other,general,0,0,0
2481,Scenic Place Inc,,,2023-11-10 12:57:30,'2023-11-10 12:57:30'),Other,general,0,0,0
2482,Pillar Capital Cor,pillarcapitalcorp.com,,2023-12-02 14:02:19,'2023-11-10 12:57:30'),Private Lender,general,0,0,0
2483,1951458 Ontario Ltd,,,2023-11-10 12:57:30,'2023-11-10 12:57:30'),Major Bank,general,0,0,0
2484,Kierland 675 Veterans Dr Ltd,,,2023-11-10 12:57:31,'2023-11-10 12:57:31'),Major Bank,land,1,0,0
2485,1061 Queens Boulevard Ltd,qbecf.com,,2023-12-02 14:02:19,'2023-11-10 12:57:31'),Major Bank,general,0,0,0
2486,420 Parkdale Towers Ltd,,,2023-11-10 12:57:31,'2023-11-10 12:57:31'),Major Bank,general,0,0,0
2487,861905 Ontario Ltd,,,2023-11-10 12:57:33,'2023-11-10 12:57:33'),Major Bank,general,0,0,0
2488,2477646 Ontario Inc,,,2023-11-10 12:57:33,'2023-11-10 12:57:33'),Other,general,0,0,0
2489,2745810 Ontario Ltd,,,2023-11-10 12:57:33,'2023-11-10 12:57:33'),Major Bank,general,0,0,0
2490,Helias Enterprise Ltd,,,2023-11-10 12:57:34,'2023-11-10 12:57:34'),Major Bank,general,0,0,0
2491,Parkway Coin Carwash Inc,,,2023-11-10 12:57:34,'2023-11-10 12:57:34'),Other,general,0,0,0
2492,1221758 Ontario Ltd,,,2023-11-10 12:57:34,'2023-11-10 12:57:34'),Major Bank,general,0,0,0
2493,Bannockburn School,,,2023-11-10 12:57:34,'2023-11-10 12:57:34'),Other,general,0,0,0
2494,Silver Fund Mortgage Investment Corp and 7 other,,,2023-11-10 12:57:34,'2023-11-10 12:57:34'),Private Lender,residential,0,0,0
2495,Enrich Holdings Inc,,,2023-11-10 12:57:34,'2023-11-10 12:57:34'),Private Lender,general,0,0,0
2496,Basia Finance Inc,,,2023-11-10 12:57:34,'2023-11-10 12:57:34'),Other,general,0,0,0
2497,RPR Kramer Development Ltd,,,2023-11-10 12:57:34,'2023-11-10 12:57:34'),Major Bank,general,0,0,0
2498,Mclaughlin-Wheeler Holding Cor,,,2023-11-10 12:57:34,'2023-11-10 12:57:34'),Other,general,0,0,0
2499,Crillion Investments Cor,,,2023-11-10 12:57:34,'2023-11-10 12:57:34'),Other,general,0,0,0
2500,MRL Developments Inc,,,2023-11-10 12:57:35,'2023-11-10 12:57:35'),Development Company,general,0,0,0
2501,Nat Holdings Ltd,,,2023-11-10 12:57:35,'2023-11-10 12:57:35'),Major Bank,general,0,0,0
2502,1263961 Ontario Ltd,,,2023-11-10 12:57:35,'2023-11-10 12:57:35'),Major Bank,general,0,0,0
2503,Fortune Real Estate Development Inc,,,2023-11-10 12:57:35,'2023-11-10 12:57:35'),Development Company,general,0,0,0
2504,Convenience Storage Ltd,,,2023-11-10 12:57:37,'2023-11-10 12:57:37'),Major Bank,general,0,0,0
2505,Leslec Investments Inc,,,2023-11-10 12:57:37,'2023-11-10 12:57:37'),Other,general,0,0,0
2506,MLC Capital Corp and 14 other,,,2023-11-10 12:57:37,'2023-11-10 12:57:37'),Private Lender,general,0,0,0
2507,Covens Property Investments Inc,,,2023-11-12 19:41:08,'2023-11-12 19:41:08'),Development Company,general,0,0,0
2508,2031818 Ontario Ltd,,,2023-11-12 19:41:10,'2023-11-12 19:41:10'),Major Bank,general,0,0,0
2509,1 Price Self Storage Inc,,,2023-11-12 19:41:10,'2023-11-12 19:41:10'),Other,general,0,0,0
2510,2131222 Ontario Inc,,,2023-11-12 19:41:10,'2023-11-12 19:41:10'),Other,general,0,0,0
2511,Manx Developments Ltd,,,2023-11-12 19:41:10,'2023-11-12 19:41:10'),Major Bank,general,0,0,0
2512,Woodbourne Canada V GP ULC,,,2023-11-12 19:41:10,'2023-11-12 19:41:10'),Other,general,0,0,0
2513,WB Canada Partners V (INT) MF Cor,,,2023-11-12 19:41:10,'2023-11-12 19:41:10'),Other,general,0,0,0
2514,"WB Canada Partners V MF, LLC",,,2023-11-12 19:41:10,'2023-11-12 19:41:10'),Other,general,0,0,0
2515,Settlers Ridge Developments Inc,,,2023-11-12 19:41:11,'2023-11-12 19:41:11'),Development Company,general,0,0,0
2516,3251586 Canada Inc,,,2023-11-12 19:41:11,'2023-11-12 19:41:11'),Other,general,0,0,0
2517,1504063 Ontario Inc,,,2023-11-12 19:41:11,'2023-11-12 19:41:11'),Other,general,0,0,0
2518,Jeff Stewart Holdings Inc,,,2023-11-12 19:41:11,'2023-11-12 19:41:11'),Private Lender,general,0,0,0
2519,The Centreville Group Inc,,,2023-11-12 19:41:11,'2023-11-12 19:41:11'),Other,general,0,0,0
2520,Vachi Investments Inc,,,2023-11-12 19:41:12,'2023-11-12 19:41:12'),Other,general,0,0,0
2521,Hopcan Ltd,,,2023-11-12 19:41:12,'2023-11-12 19:41:12'),Major Bank,general,0,0,0
2522,1596451 Ontario Ltd,,,2023-11-12 19:41:12,'2023-11-12 19:41:12'),Major Bank,general,0,0,0
2523,1130397 Ontario Ltd,,,2023-11-12 19:41:13,'2023-11-12 19:41:13'),Major Bank,general,0,0,0
2524,S&amp;R Bawa Holdco Ltd,,,2023-11-12 19:41:13,'2023-11-12 19:41:13'),Major Bank,general,0,0,0
2525,2599745 Ontario Inc,,,2023-11-12 19:41:13,'2023-11-12 19:41:13'),Other,general,0,0,0
2526,RM Harrison Developments Ltd,,,2023-11-12 19:41:13,'2023-11-12 19:41:13'),Major Bank,general,0,0,0
2527,Keeleone Developments (PH2) Ltd,,,2023-11-12 19:41:13,'2023-11-12 19:41:13'),Major Bank,general,0,0,0
2528,ERKA Holdings Inc,,,2023-11-12 19:41:14,'2023-11-12 19:41:14'),Private Lender,general,0,0,0
2529,2555111 Ontario Inc,,,2023-11-12 19:41:14,'2023-11-12 19:41:14'),Other,general,0,0,0
2530,LRG Tottenham Inc,,,2023-11-12 19:41:15,'2023-11-12 19:41:15'),Other,general,0,0,0
2531,2655570 Ontario Inc,,,2023-11-12 19:41:15,'2023-11-12 19:41:15'),Other,general,0,0,0
2532,286872 Ontario Inc,,,2023-11-12 19:41:16,'2023-11-12 19:41:16'),Other,general,0,0,0
2533,15321 A Holdings Ltd,,,2023-11-12 19:41:16,'2023-11-12 19:41:16'),Major Bank,general,0,0,0
2534,Brookfield Residential (Ontario) Milton Ltd,,,2023-11-12 19:41:17,'2023-11-12 19:41:17'),Major Bank,residential,0,0,0
2535,Chiappino &amp; Associates Ltd,,,2023-11-12 19:41:18,'2023-11-12 19:41:18'),Major Bank,general,0,0,0
2536,1250916 Ontario Ltd,,,2023-11-12 19:41:18,'2023-11-12 19:41:18'),Major Bank,general,0,0,0
2537,2445680 Ontario Ltd,,,2023-11-12 19:41:18,'2023-11-12 19:41:18'),Major Bank,general,0,0,0
2538,1000120066 Ontario Inc,,,2023-11-12 19:41:18,'2023-11-12 19:41:18'),Other,general,0,0,0
2539,852 Broad Inc,,,2023-11-12 19:41:20,'2023-11-12 19:41:20'),Other,general,0,0,0
2540,P &amp; A Giving Inc,,,2023-11-12 19:41:20,'2023-11-12 19:41:20'),Other,general,0,0,0
2541,Trio Capital Group Inc,,,2023-11-12 19:41:20,'2023-11-12 19:41:20'),Private Lender,general,0,0,0
2542,Claybar Properties Inc,,,2023-11-12 19:41:20,'2023-11-12 19:41:20'),Development Company,general,0,0,0
2543,1220356 Ontario Ltd and 12 other,,,2023-11-12 19:41:20,'2023-11-12 19:41:20'),Major Bank,general,0,0,0
2544,Strategic Investments and Holdings Inc,,,2023-11-12 19:41:20,'2023-11-12 19:41:20'),Private Lender,general,0,0,0
2545,Allen Quality Inc &amp; 34 other,,,2023-11-12 19:41:21,'2023-11-12 19:41:21'),Other,general,0,0,0
2546,Falcon Investment Group Inc,,,2023-11-12 19:41:21,'2023-11-12 19:41:21'),Other,general,0,0,0
2547,Maple Valley Development Corp Inc,,,2023-11-12 19:41:22,'2023-11-12 19:41:22'),Development Company,general,0,0,0
2548,1000080373 Ontario Inc,,,2023-11-12 19:41:22,'2023-11-12 19:41:22'),Other,general,0,0,0
2549,1705343 Ontario Ltd,,,2023-11-12 19:41:22,'2023-11-12 19:41:22'),Major Bank,general,0,0,0
2550,Jeff Belisowski Real Estate Cor,,,2023-11-12 19:41:22,'2023-11-12 19:41:22'),Other,general,0,0,0
2551,Huntsville Highlands (Muskoka) Inc,,,2023-11-12 19:41:22,'2023-11-12 19:41:22'),Other,land,1,0,0
2552,Prisma Design-Build Cor,,,2023-11-12 19:41:22,'2023-11-12 19:41:22'),Other,general,0,0,0
2553,Renaissance Realty Cor,,,2023-11-12 19:41:23,'2023-11-12 19:41:23'),Other,general,0,0,0
2554,Petrogold Inc,,,2023-11-12 19:41:23,'2023-11-12 19:41:23'),Other,general,0,0,0
2555,Klamp Investments Ltd,,,2023-11-12 19:41:23,'2023-11-12 19:41:23'),Major Bank,general,0,0,0
2556,Dreamhouse Properties and Investments Inc,,,2023-11-12 19:41:25,'2023-11-12 19:41:25'),Development Company,general,0,0,0
2557,Marcor Farms Ltd,,,2023-11-12 19:41:25,'2023-11-12 19:41:25'),Major Bank,agricultural,0,0,0
2558,91 OFH Ltd,opticsforhire.com,,2023-12-02 14:02:20,'2023-11-12 19:41:26'),Major Bank,general,0,0,0
2559,Knip Farms Inc,,,2023-11-12 19:41:26,'2023-11-12 19:41:26'),Other,agricultural,0,0,0
2560,701 Brock Ltd,,,2023-11-12 19:41:26,'2023-11-12 19:41:26'),Major Bank,general,0,0,0
2561,Coreplan Construction Inc and 7 other,,,2023-11-12 19:41:26,'2023-11-12 19:41:26'),Other,construction,0,1,0
2562,Elieff Consumer Products Ltd,,,2023-11-12 19:41:27,'2023-11-12 19:41:27'),Major Bank,general,0,0,0
2563,2846987 Ontario Inc,,,2023-11-12 19:41:27,'2023-11-12 19:41:27'),Other,general,0,0,0
2564,1024853 Ontario Ltd,,,2023-11-12 19:41:27,'2023-11-12 19:41:27'),Major Bank,general,0,0,0
2565,2038148 Ontario Inc,,,2023-11-12 19:41:27,'2023-11-12 19:41:27'),Other,general,0,0,0
2566,Rowbry Holdings Ltd,,,2023-11-12 19:41:28,'2023-11-12 19:41:28'),Major Bank,general,0,0,0
2567,2029769 Ontario Inc,,,2023-11-12 19:41:28,'2023-11-12 19:41:28'),Other,general,0,0,0
2568,2286261 Ontario Ltd,,,2023-11-12 19:41:28,'2023-11-12 19:41:28'),Major Bank,general,0,0,0
2569,RACM Capital Inc,,,2023-11-12 19:41:28,'2023-11-12 19:41:28'),Private Lender,general,0,0,0
2570,Smith Lauren Holdings Inc,,,2023-11-12 19:41:28,'2023-11-12 19:41:28'),Private Lender,general,0,0,0
2571,PMP 2011 Nominee Ltd,,,2023-11-12 19:41:29,'2023-11-12 19:41:29'),Major Bank,general,0,0,0
2572,Mattwood Construction Ltd,,,2023-11-12 19:41:30,'2023-11-12 19:41:30'),Major Bank,construction,0,1,0
2573,DS Real Estate Holdings Inc,,,2023-11-12 19:41:30,'2023-11-12 19:41:30'),Private Lender,general,0,0,0
2574,The Financial Services Regulatory Authority of Ontario,,,2023-11-12 19:41:30,'2023-11-12 19:41:30'),Credit Union,general,0,0,0
2575,"Robert, David &amp; Frances Kama",,,2023-11-12 19:41:30,'2023-11-12 19:41:30'),Other,general,0,0,0
2576,1317424 Ontario Inc,,,2023-11-12 19:41:31,'2023-11-12 19:41:31'),Other,general,0,0,0
2577,824060 Ontario Ltd,,,2023-11-12 19:41:31,'2023-11-12 19:41:31'),Major Bank,general,0,0,0
2578,KHL Investments USA Inc,,,2023-11-12 19:41:31,'2023-11-12 19:41:31'),Other,general,0,0,0
2579,1223513 Ontario Inc,,,2023-11-12 19:41:31,'2023-11-12 19:41:31'),Other,general,0,0,0
2580,Millennium Restaurants (London) Ltd,,,2023-11-12 19:41:32,'2023-11-12 19:41:32'),Major Bank,general,0,0,0
2581,Nelms Group Ltd,,,2023-11-12 19:41:32,'2023-11-12 19:41:32'),Major Bank,general,0,0,0
2582,Ahluwalia Investments Inc,,,2023-11-12 19:41:32,'2023-11-12 19:41:32'),Other,general,0,0,0
2583,First Beaverton Inc,,,2023-11-12 19:41:33,'2023-11-12 19:41:33'),Other,general,0,0,0
2584,Aligroup Properties Inc,,,2023-11-12 19:41:33,'2023-11-12 19:41:33'),Development Company,general,0,0,0
2585,800460 Ontario Ltd,,,2023-11-12 19:41:33,'2023-11-12 19:41:33'),Major Bank,general,0,0,0
2586,Northernsky Brighton Partners Ltd,,,2023-11-12 19:41:33,'2023-11-12 19:41:33'),Major Bank,general,0,0,0
2587,Simtrek Ltd,,,2023-11-12 19:41:33,'2023-11-12 19:41:33'),Major Bank,general,0,0,0
2588,1231045 Ontario Inc,,,2023-11-12 19:41:34,'2023-11-12 19:41:34'),Other,general,0,0,0
2589,2438231 Ontario Inc,,,2023-11-12 19:41:34,'2023-11-12 19:41:34'),Other,general,0,0,0
2590,Jazvac Property Management Inc,,,2023-11-12 19:41:35,'2023-11-12 19:41:35'),Development Company,general,0,0,0
2591,2750 Hwy 7 Inc,,,2023-11-12 19:41:35,'2023-11-12 19:41:35'),Other,general,0,0,0
2592,Neworld Properties Inc,,,2023-11-12 19:41:35,'2023-11-12 19:41:35'),Development Company,general,0,0,0
2593,Canadian Fur Shop Saitoh Ltd,,,2023-11-12 19:41:35,'2023-11-12 19:41:35'),Major Bank,general,0,0,0
2594,2777742 Ontario Inc,,,2023-11-12 19:41:36,'2023-11-12 19:41:36'),Other,general,0,0,0
2595,Sunhar Inc,,,2023-11-12 19:41:36,'2023-11-12 19:41:36'),Other,general,0,0,0
2596,TTA Investments Inc,,,2023-11-12 19:41:36,'2023-11-12 19:41:36'),Other,general,0,0,0
2597,1035687 Ontario Ltd,,,2023-11-12 19:41:36,'2023-11-12 19:41:36'),Major Bank,general,0,0,0
2598,JSVB Holdings Ltd,,,2023-11-12 19:41:36,'2023-11-12 19:41:36'),Major Bank,general,0,0,0
2599,122 Kinghigh Development Cor,,,2023-11-12 19:41:37,'2023-11-12 19:41:37'),Development Company,general,0,0,0
2600,1150735 Ontario Ltd,,,2023-11-12 19:41:37,'2023-11-12 19:41:37'),Major Bank,general,0,0,0
2601,Bruell Contracting Ltd,,,2023-11-12 19:41:37,'2023-11-12 19:41:37'),Major Bank,general,0,0,0
2602,Meridian Capital Union Ltd,,,2023-11-12 19:41:38,'2023-11-12 19:41:38'),Major Bank,general,0,0,0
2603,Greyfair Holdings Inc,,,2023-11-12 19:41:38,'2023-11-12 19:41:38'),Private Lender,general,0,0,0
2604,Just Joan Holdings Inc,,,2023-11-12 19:41:38,'2023-11-12 19:41:38'),Private Lender,general,0,0,0
2605,Caisse Desjardins de Vaudreuil-Soulange,,,2023-11-12 19:41:38,'2023-11-12 19:41:38'),Credit Union,general,0,0,0
2606,509 Parliament Street Inc,,,2023-11-12 19:41:39,'2023-11-12 19:41:39'),Other,general,0,0,0
2607,Sonoma Development Group Inc,,,2023-11-12 19:41:39,'2023-11-12 19:41:39'),Development Company,general,0,0,0
2608,Rafa Corporatio,,,2023-11-12 19:41:39,'2023-11-12 19:41:39'),Other,general,0,0,0
2609,2701010 Ontario Ltd,,,2023-11-12 19:41:39,'2023-11-12 19:41:39'),Major Bank,general,0,0,0
2610,Dave Wood Holdings Ltd,,,2023-11-12 19:41:39,'2023-11-12 19:41:39'),Major Bank,general,0,0,0
2611,Goldshine Financial Group Inc and 6 other,,,2023-11-12 19:41:39,'2023-11-12 19:41:39'),Credit Union,general,0,0,0
2612,Doel Development Corportation Ltd,,,2023-11-12 19:41:40,'2023-11-12 19:41:40'),Major Bank,general,0,0,0
2613,430635 Ontario Inc,,,2023-11-12 19:41:40,'2023-11-12 19:41:40'),Other,general,0,0,0
2614,Highglen Homes Ltd,,,2023-11-12 19:41:41,'2023-11-12 19:41:41'),Major Bank,general,0,0,0
2615,2230826 Ontario Ltd,,,2023-11-12 19:41:42,'2023-11-12 19:41:42'),Major Bank,general,0,0,0
2616,Atrium Mortgage Investments Cor,,,2023-11-12 19:41:42,'2023-11-12 19:41:42'),Private Lender,residential,0,0,0
2617,Barrett Kudlow Capital Management Inc,,,2023-11-12 19:41:43,'2023-11-12 19:41:43'),Private Lender,general,0,0,0
2618,SS Welland Inc,,,2023-11-12 19:41:44,'2023-11-12 19:41:44'),Other,land,1,0,0
2619,TCR 2008 Equities Inc,,,2023-11-12 19:41:44,'2023-11-12 19:41:44'),Other,general,0,0,0
2620,1288601 Ontario Ltd and 9 other,,,2023-11-12 19:41:44,'2023-11-12 19:41:44'),Major Bank,general,0,0,0
2621,1220356 Ontario Ltd and 38 other,,,2023-11-12 19:41:44,'2023-11-12 19:41:44'),Major Bank,general,0,0,0
2622,QZ4 Holdings Inc,,,2023-11-12 19:41:45,'2023-11-12 19:41:45'),Private Lender,general,0,0,0
2623,Tornat Newcastle Ltd,,,2023-11-12 19:41:45,'2023-11-12 19:41:45'),Major Bank,general,0,0,0
2624,819189 Ontario Ltd,,,2023-11-12 19:41:45,'2023-11-12 19:41:45'),Major Bank,general,0,0,0
2625,Port Severn Heights Inc,,,2023-11-12 19:41:45,'2023-11-12 19:41:45'),Other,general,0,0,0
2626,Wu Family Holdings Inc,,,2023-11-12 19:41:46,'2023-11-12 19:41:46'),Private Lender,general,0,0,0
2627,1000168164 Ontario Ltd,,,2023-11-12 19:41:46,'2023-11-12 19:41:46'),Major Bank,general,0,0,0
2628,Zimmerman&#039;s Nursery Ltd,,,2023-11-12 19:41:46,'2023-11-12 19:41:46'),Major Bank,general,0,0,0
2629,Barone Consulting Inc,,,2023-11-12 19:41:47,'2023-11-12 19:41:47'),Other,general,0,0,0
2630,1918384 Ontario Ltd,,,2023-11-12 19:41:47,'2023-11-12 19:41:47'),Major Bank,general,0,0,0
2631,Matan Foundatio,,,2023-11-12 19:41:48,'2023-11-12 19:41:48'),Other,general,0,0,0
2632,H &amp; J Donegan Holdings Inc,,,2023-11-12 19:41:49,'2023-11-12 19:41:49'),Private Lender,general,0,0,0
2633,2353662 Ontario Ltd,,,2023-11-12 19:41:50,'2023-11-12 19:41:50'),Major Bank,general,0,0,0
2634,2425924 Alberta ULC,,,2023-11-12 19:41:52,'2023-11-12 19:41:52'),Other,general,0,0,0
2635,Bell City Foundry (Brantford) Ltd,,,2023-11-12 19:41:52,'2023-11-12 19:41:52'),Major Bank,general,0,0,0
2636,R Kapital Ltd,,,2023-11-12 19:41:52,'2023-11-12 19:41:52'),Major Bank,general,0,0,0
2637,2849360 Ontario Cor,,,2023-11-12 19:41:52,'2023-11-12 19:41:52'),Other,general,0,0,0
2638,Speck Consulting Inc,,,2023-11-12 19:41:53,'2023-11-12 19:41:53'),Other,general,0,0,0
2639,2356976 Ontario Inc,,,2023-11-12 19:41:54,'2023-11-12 19:41:54'),Other,general,0,0,0
2640,2869081 Ontario Inc,,,2023-11-12 19:41:55,'2023-11-12 19:41:55'),Other,general,0,0,0
2641,2143519 Ontario Inc,,,2023-11-12 19:41:55,'2023-11-12 19:41:55'),Other,general,0,0,0
2642,Mic Mac Realty (Ottawa) Ltd,,,2023-11-12 19:41:55,'2023-11-12 19:41:55'),Major Bank,general,0,0,0
2643,Exchequer Capital Inc,,,2023-11-14 19:34:54,'2023-11-14 19:34:54'),Private Lender,general,0,0,0
2644,Richmond Oshawa Inc,,,2023-11-14 19:34:54,'2023-11-14 19:34:54'),Other,general,0,0,0
2645,2842664 Ontario Inc,,,2023-11-14 19:34:54,'2023-11-14 19:34:54'),Other,general,0,0,0
2646,Simple Investment,,,2023-11-14 19:34:55,'2023-11-14 19:34:55'),Other,general,0,0,0
2647,5001978 Ontario Inc,,,2023-11-14 19:34:55,'2023-11-14 19:34:55'),Other,general,0,0,0
2648,William Searle,,,2023-11-14 19:34:56,'2023-11-14 19:34:56'),Other,general,0,0,0
2649,Axe Lake Eco Development Ltd,,,2023-11-14 19:34:56,'2023-11-14 19:34:56'),Major Bank,general,0,0,0
2650,Lora Bay Cor,,,2023-11-14 19:34:56,'2023-11-14 19:34:56'),Other,general,0,0,0
2651,Jenland Properties Ltd,,,2023-11-14 19:34:57,'2023-11-14 19:34:57'),Major Bank,land,1,0,0
2652,2826746 Ontario Ltd,,,2023-11-14 19:34:58,'2023-11-14 19:34:58'),Major Bank,general,0,0,0
2653,14401294 Ontario Inc and 9 other,,,2023-11-14 19:34:59,'2023-11-14 19:34:59'),Other,general,0,0,0
2654,Moodies Motel Ltd,,,2023-11-14 19:34:59,'2023-11-14 19:34:59'),Major Bank,hospitality,0,0,0
2655,696346 Ontario Ltd,,,2023-11-14 19:35:00,'2023-11-14 19:35:00'),Major Bank,general,0,0,0
2656,Majesty Commercial Properties Inc,,,2023-11-14 19:35:01,'2023-11-14 19:35:01'),Development Company,commercial,0,0,1
2657,Petra Gellert,,,2023-11-14 19:35:01,'2023-11-14 19:35:01'),Other,general,0,0,0
2658,Anderson&#039;s Bay Breezes Resort Inc,,,2023-11-14 19:35:01,'2023-11-14 19:35:01'),Other,general,0,0,0
2659,2746385 Ontario Inc,,,2023-11-14 19:35:01,'2023-11-14 19:35:01'),Other,general,0,0,0
2660,Redrock Corporatio,,,2023-11-14 19:35:01,'2023-11-14 19:35:01'),Other,general,0,0,0
2661,1576677 Ontario Inc,,,2023-11-14 19:35:02,'2023-11-14 19:35:02'),Other,general,0,0,0
2662,Howie Fleisher Holdings Inc,,,2023-11-14 19:35:02,'2023-11-14 19:35:02'),Private Lender,general,0,0,0
2663,2647857 Ontario Inc,,,2023-11-14 19:35:03,'2023-11-14 19:35:03'),Other,general,0,0,0
2664,Donroc Management Inc,,,2023-11-14 19:35:03,'2023-11-14 19:35:03'),Other,general,0,0,0
2665,Van Der Burg Farms Inc,,,2023-11-14 19:35:03,'2023-11-14 19:35:03'),Other,agricultural,0,0,0
2666,Comer Classics Inc,,,2023-11-14 19:35:03,'2023-11-14 19:35:03'),Other,general,0,0,0
2667,Resurrection Credit Union Ltd,,,2023-11-14 19:35:04,'2023-11-14 19:35:04'),Major Bank,commercial,0,0,1
2668,7 Duke Ltd,,,2023-11-14 19:35:05,'2023-11-14 19:35:05'),Major Bank,general,0,0,0
2669,1027414 Ontario Inc,,,2023-11-14 19:35:07,'2023-11-14 19:35:07'),Other,general,0,0,0
2670,Jomatta Inc,,,2023-11-14 19:35:08,'2023-11-14 19:35:08'),Other,general,0,0,0
2671,1527967 Ontario Inc,,,2023-11-14 19:35:08,'2023-11-14 19:35:08'),Other,general,0,0,0
2672,Brookside Castle Corporatio,,,2023-11-14 19:35:09,'2023-11-14 19:35:09'),Other,general,0,0,0
2673,Craig Street Holdings Inc,,,2023-11-14 19:35:09,'2023-11-14 19:35:09'),Private Lender,general,0,0,0
2674,2795006 Ontario Inc,,,2023-11-14 19:35:10,'2023-11-14 19:35:10'),Other,general,0,0,0
2675,1803299 Ontario Inc,,,2023-11-14 19:35:10,'2023-11-14 19:35:10'),Other,general,0,0,0
2676,13164454 Canada Inc,,,2023-11-14 19:35:10,'2023-11-14 19:35:10'),Other,general,0,0,0
2677,2567310 Ontario Ltd,,,2023-11-14 19:35:11,'2023-11-14 19:35:11'),Major Bank,general,0,0,0
2678,Rehana Inc,,,2023-11-14 19:35:11,'2023-11-14 19:35:11'),Other,general,0,0,0
2679,Twenty-Five Management Inc,,,2023-11-14 19:35:11,'2023-11-14 19:35:11'),Other,general,0,0,0
2680,1076875 Ontario Inc,,,2023-11-14 19:35:11,'2023-11-14 19:35:11'),Other,general,0,0,0
2681,2153274 Ontario Inc,,,2023-11-14 19:35:11,'2023-11-14 19:35:11'),Other,general,0,0,0
2682,Empire Capital Inc,,,2023-11-14 19:35:11,'2023-11-14 19:35:11'),Private Lender,general,0,0,0
2683,Silva Homes Inc,,,2023-11-14 19:35:11,'2023-11-14 19:35:11'),Other,general,0,0,0
2684,1833051 Ontario Ltd,,,2023-11-14 19:35:11,'2023-11-14 19:35:11'),Major Bank,general,0,0,0
2685,The Baby Point Inc,,,2023-11-14 19:35:11,'2023-11-14 19:35:11'),Other,general,0,0,0
2686,Dream Asset Management Cor,,,2023-11-14 19:35:12,'2023-11-14 19:35:12'),Other,general,0,0,0
2687,First Richmond Centre Inc,,,2023-11-14 19:35:12,'2023-11-14 19:35:12'),Other,general,0,0,0
2688,Paris Properties Ltd,,,2023-11-14 19:35:12,'2023-11-14 19:35:12'),Major Bank,general,0,0,0
2689,1250994 Ontario Ltd,,,2023-11-14 19:35:12,'2023-11-14 19:35:12'),Major Bank,general,0,0,0
2690,Stopcap 2 Inc,,,2023-11-14 19:35:12,'2023-11-14 19:35:12'),Other,general,0,0,0
2691,VMR Capital Cor,,,2023-11-14 19:35:13,'2023-11-14 19:35:13'),Private Lender,general,0,0,0
2692,1449400 Ontario Inc,,,2023-11-14 19:35:13,'2023-11-14 19:35:13'),Other,general,0,0,0
2693,91 Bedford Development Inc,,,2023-11-14 19:35:13,'2023-11-14 19:35:13'),Development Company,general,0,0,0
2694,2568268 Ontario Inc,,,2023-11-14 19:35:14,'2023-11-14 19:35:14'),Other,general,0,0,0
2695,Ark Capital Ltd,,,2023-11-14 19:35:14,'2023-11-14 19:35:14'),Major Bank,general,0,0,0
2696,Pham Pro Investment Inc,,,2023-11-14 19:35:15,'2023-11-14 19:35:15'),Other,general,0,0,0
2697,Breiter International Properties Inc,,,2023-11-14 19:35:15,'2023-11-14 19:35:15'),Development Company,general,0,0,0
2698,David W Morrison Enterprises Ltd,,,2023-11-14 19:35:16,'2023-11-14 19:35:16'),Major Bank,general,0,0,0
2699,Relic Realty Inc,,,2023-11-14 19:35:16,'2023-11-14 19:35:16'),Other,general,0,0,0
2700,NGPI Canada Inc,,,2023-11-14 19:35:16,'2023-11-14 19:35:16'),Other,general,0,0,0
2701,Industrial Heat Treating Ltd,indht.com,,2023-12-02 14:02:20,'2023-11-14 19:35:16'),Major Bank,industrial,0,0,0
2702,Intellect Capital Cor,,,2023-11-14 19:35:16,'2023-11-14 19:35:16'),Private Lender,general,0,0,0
2703,2427664 Ontario Inc,,,2023-11-14 19:35:17,'2023-11-14 19:35:17'),Other,general,0,0,0
2704,Ready Capital Mortgage Holdings Ltd,,,2023-11-14 19:35:17,'2023-11-14 19:35:17'),Major Bank,residential,0,0,0
2705,Mess Management Inc,,,2023-11-14 19:35:17,'2023-11-14 19:35:17'),Other,general,0,0,0
2706,Corwin Mortgage Capital Inc,,,2023-11-14 19:35:17,'2023-11-14 19:35:17'),Private Lender,residential,0,0,0
2707,1609502 Ontario Inc,,,2023-11-14 19:35:17,'2023-11-14 19:35:17'),Other,general,0,0,0
2708,Nedmar Enterprises Inc,,,2023-11-14 19:35:17,'2023-11-14 19:35:17'),Other,general,0,0,0
2709,Talka Credit Union Ltd,,,2023-11-14 19:35:18,'2023-11-14 19:35:18'),Major Bank,commercial,0,0,1
2710,1891038 Ontario Inc,,,2023-11-14 19:35:19,'2023-11-14 19:35:19'),Other,general,0,0,0
2711,SGH Investments Inc,,,2023-11-14 19:35:20,'2023-11-14 19:35:20'),Other,general,0,0,0
2712,Albert Gale Agencies Ltd,,,2023-11-14 19:35:21,'2023-11-14 19:35:21'),Major Bank,general,0,0,0
2713,2319297 Ontario Inc,,,2023-11-14 19:35:21,'2023-11-14 19:35:21'),Other,general,0,0,0
2714,1231674 Ontario Inc,,,2023-11-14 19:35:21,'2023-11-14 19:35:21'),Other,general,0,0,0
2715,Durham Seamless Ltd,,,2023-11-14 19:35:21,'2023-11-14 19:35:21'),Major Bank,general,0,0,0
2716,1220356 Ontario Ltd and 18 other,,,2023-11-14 19:35:21,'2023-11-14 19:35:21'),Major Bank,general,0,0,0
2717,Watkins Properties Inc,,,2023-11-14 19:35:21,'2023-11-14 19:35:21'),Development Company,general,0,0,0
2718,Kalar Ltd,,,2023-11-14 19:35:22,'2023-11-14 19:35:22'),Major Bank,general,0,0,0
2719,1934046 Ontario Inc,,,2023-11-14 19:35:23,'2023-11-14 19:35:23'),Other,general,0,0,0
2720,S&amp;A Gauvreau Properties Inc,,,2023-11-14 19:35:23,'2023-11-14 19:35:23'),Development Company,general,0,0,0
2721,Inter-River Corporation Ltd,,,2023-11-14 19:35:23,'2023-11-14 19:35:23'),Major Bank,general,0,0,0
2722,Golden Goose Investment Holdings Inc,,,2023-11-14 19:35:23,'2023-11-14 19:35:23'),Private Lender,general,0,0,0
2723,Regions Bank,,,2023-11-14 19:35:23,'2023-11-14 19:35:23'),Major Bank,general,0,0,0
2724,MCP Holdings Inc,,,2023-11-14 19:35:24,'2023-11-14 19:35:24'),Private Lender,general,0,0,0
2725,Allanic Holdings Ltd,,,2023-11-14 19:35:24,'2023-11-14 19:35:24'),Major Bank,general,0,0,0
2726,2013654 Ontario Inc,,,2023-11-14 19:35:24,'2023-11-14 19:35:24'),Other,general,0,0,0
2727,Stephen &amp; Leslie Ault,,,2023-11-14 19:35:25,'2023-11-14 19:35:25'),Other,general,0,0,0
2728,Simcoe Estates Ltd,,,2023-11-14 19:35:25,'2023-11-14 19:35:25'),Major Bank,general,0,0,0
2729,Embree Properties Ltd,,,2023-11-14 19:35:25,'2023-11-14 19:35:25'),Major Bank,general,0,0,0
2730,Alldann Inc,,,2023-11-14 19:35:26,'2023-11-14 19:35:26'),Other,general,0,0,0
2731,La Seta Import-Export Ltd,,,2023-11-14 19:35:27,'2023-11-14 19:35:27'),Major Bank,general,0,0,0
2732,452207 Ontario Ltd,,,2023-11-14 19:35:27,'2023-11-14 19:35:27'),Major Bank,general,0,0,0
2733,1346775 Ontario Inc,,,2023-11-14 19:35:28,'2023-11-14 19:35:28'),Other,general,0,0,0
2734,1238455 Ontario Ltd,,,2023-11-14 19:35:28,'2023-11-14 19:35:28'),Major Bank,general,0,0,0
2735,2812379 Ontario Inc,,,2023-11-14 19:35:29,'2023-11-14 19:35:29'),Other,general,0,0,0
2736,802175 Ontario Ltd,,,2023-11-14 19:35:29,'2023-11-14 19:35:29'),Major Bank,general,0,0,0
2737,MJM Bloemberg Investments Inc,,,2023-11-14 19:35:29,'2023-11-14 19:35:29'),Other,general,0,0,0
2738,Nira Real Estate Holding Inc,,,2023-11-14 19:35:29,'2023-11-14 19:35:29'),Other,general,0,0,0
2739,LTP P306 Inc,,,2023-11-14 19:35:31,'2023-11-14 19:35:31'),Other,general,0,0,0
2740,Forrest Estates Home Sales Inc,,,2023-11-14 19:35:31,'2023-11-14 19:35:31'),Other,general,0,0,0
2741,E Manson Investments Ltd,,,2023-11-14 19:35:31,'2023-11-14 19:35:31'),Major Bank,general,0,0,0
2742,Davis Developers Inc,,,2023-11-14 19:35:31,'2023-11-14 19:35:31'),Other,general,0,0,0
2743,Vanderlaan&#039;s CS Ltd,,,2023-11-14 19:35:32,'2023-11-14 19:35:32'),Major Bank,general,0,0,0
2744,Parminder Badwal,,,2023-11-14 19:35:32,'2023-11-14 19:35:32'),Other,general,0,0,0
2745,1162820 Ontario Ltd,,,2023-11-14 19:35:32,'2023-11-14 19:35:32'),Major Bank,general,0,0,0
2746,Bettermade Security Living Inc,,,2023-11-14 19:35:32,'2023-11-14 19:35:32'),Other,general,0,0,0
2747,Quest-Tech Precision Inc,,,2023-11-14 19:35:32,'2023-11-14 19:35:32'),Other,general,0,0,0
2748,SKB Capital Inc,,,2023-11-14 19:35:32,'2023-11-14 19:35:32'),Private Lender,general,0,0,0
2749,Shreya Developments Inc,,,2023-11-14 19:35:33,'2023-11-14 19:35:33'),Development Company,general,0,0,0
2750,H3 Holdings Inc,,,2023-11-14 19:35:33,'2023-11-14 19:35:33'),Private Lender,general,0,0,0
2751,AJF Financial Cor,ajffinancial.com,,2023-12-02 14:02:20,'2023-11-14 19:35:33'),Credit Union,general,0,0,0
2752,Newcastle Golf Course Ltd,,,2023-11-14 19:35:33,'2023-11-14 19:35:33'),Major Bank,general,0,0,0
2753,"Church Extension Investors Fund, Ltd",,,2023-11-14 19:35:33,'2023-11-14 19:35:33'),Major Bank,general,0,0,0
2754,9398562 Canada Inc,,,2023-11-14 19:35:33,'2023-11-14 19:35:33'),Other,general,0,0,0
2755,2249952 Ontario Inc,,,2023-11-14 19:35:34,'2023-11-14 19:35:34'),Other,general,0,0,0
2756,368574 Ontario Ltd,,,2023-11-14 19:35:34,'2023-11-14 19:35:34'),Major Bank,general,0,0,0
2757,Hui Investors Corporation and 20 other,,,2023-11-14 19:35:35,'2023-11-14 19:35:35'),Other,general,0,0,0
2758,Dwight Powell,,,2023-11-14 19:35:35,'2023-11-14 19:35:35'),Other,general,0,0,0
2759,2258544 Ontario Inc,,,2023-11-14 19:35:35,'2023-11-14 19:35:35'),Other,general,0,0,0
2760,Sam McDadi Investments Inc,,,2023-11-14 19:35:35,'2023-11-14 19:35:35'),Other,general,0,0,0
2761,Eastcote Construction Co Ltd,,,2023-11-14 19:35:35,'2023-11-14 19:35:35'),Major Bank,construction,0,1,0
2762,1724324 Ontario Inc,,,2023-11-14 19:35:35,'2023-11-14 19:35:35'),Other,general,0,0,0
2763,Helene Suedi and 13 other,,,2023-11-14 19:35:37,'2023-11-14 19:35:37'),Other,general,0,0,0
2764,2811132 Ontario Cor,,,2023-11-14 19:35:37,'2023-11-14 19:35:37'),Other,general,0,0,0
2765,Bluebridge Mortgage Investment Cor,,,2023-11-14 19:35:38,'2023-11-14 19:35:38'),Private Lender,residential,0,0,0
2766,1049400 Ontario Inc,,,2023-11-14 19:35:38,'2023-11-14 19:35:38'),Other,general,0,0,0
2767,Escape North Properties Inc,,,2023-11-14 19:35:38,'2023-11-14 19:35:38'),Development Company,general,0,0,0
2768,Peakhill CW Inc,,,2023-11-14 19:35:38,'2023-11-14 19:35:38'),Other,general,0,0,0
2769,1630608 Ontario Inc,,,2023-11-14 19:35:38,'2023-11-14 19:35:38'),Other,general,0,0,0
2770,Landmark Management Inc,,,2023-11-14 19:35:38,'2023-11-14 19:35:38'),Other,land,1,0,0
2771,877534 Ontario Ltd,,,2023-11-14 19:35:39,'2023-11-14 19:35:39'),Major Bank,general,0,0,0
2772,1357202 Ontario Ltd,,,2023-11-14 19:35:40,'2023-11-14 19:35:40'),Major Bank,general,0,0,0
2773,B Butera Land Holdings Ltd,,,2023-11-14 19:35:40,'2023-11-14 19:35:40'),Major Bank,land,1,0,0
2774,P. Rotundo Enterprises Inc,,,2023-11-14 19:35:41,'2023-11-14 19:35:41'),Other,general,0,0,0
2775,Emedel Holding and 9 other,,,2023-11-14 19:35:41,'2023-11-14 19:35:41'),Other,general,0,0,0
2776,2665361 Ontario Inc,,,2023-11-14 19:35:41,'2023-11-14 19:35:41'),Other,general,0,0,0
2777,1009628 Ontario Ltd,,,2023-11-14 19:35:41,'2023-11-14 19:35:41'),Major Bank,general,0,0,0
2778,Pearl Level Investments Inc,,,2023-11-14 19:35:41,'2023-11-14 19:35:41'),Other,general,0,0,0
2779,Foxhollow North Kent Developments Inc,,,2023-11-14 19:35:41,'2023-11-14 19:35:41'),Development Company,general,0,0,0
2780,5039703 Ontario Inc,,,2023-11-14 19:35:41,'2023-11-14 19:35:41'),Other,general,0,0,0
2781,Merit Hill Group Inc,,,2023-11-14 19:35:43,'2023-11-14 19:35:43'),Other,general,0,0,0
2782,JYR Real Capital Mortgage Investment Cor,,,2023-11-14 19:35:44,'2023-11-14 19:35:44'),Private Lender,residential,0,0,0
2783,Cannect International Mortgage Cor,,,2023-11-14 19:35:44,'2023-11-14 19:35:44'),Other,residential,0,0,0
2784,2832275 Ontario Inc,,,2023-11-14 19:35:44,'2023-11-14 19:35:44'),Other,general,0,0,0
2785,Tedlen Holdings Inc,,,2023-11-14 19:35:45,'2023-11-14 19:35:45'),Private Lender,general,0,0,0
2786,832605 Ontario Inc,,,2023-11-14 19:35:45,'2023-11-14 19:35:45'),Other,general,0,0,0
2787,2558090 Ontario Ltd,,,2023-11-14 19:35:45,'2023-11-14 19:35:45'),Major Bank,general,0,0,0
2788,Laurentel Cor,,,2023-11-14 19:35:49,'2023-11-14 19:35:49'),Other,general,0,0,0
2789,L Richmond Cor,,,2023-11-14 19:35:49,'2023-11-14 19:35:49'),Other,general,0,0,0
2790,Green Leaf Financial (V) Limited,,,2023-11-14 19:35:50,'2023-11-14 19:35:50'),Credit Union,general,0,0,0
2791,Green Leaf Special Loans Ltd,,,2023-11-14 19:35:50,'2023-11-14 19:35:50'),Major Bank,general,0,0,0
2792,Green Leaf Financial Innovation Ltd,,,2023-11-14 19:35:50,'2023-11-14 19:35:50'),Major Bank,hospitality,0,0,0
2793,1000130886 Ontario Inc,,,2023-11-14 19:35:51,'2023-11-14 19:35:51'),Other,general,0,0,0
2794,Schott Furniture Ltd,,,2023-11-14 19:35:51,'2023-11-14 19:35:51'),Major Bank,general,0,0,0
2795,2227169 Ontario Ltd,,,2023-11-14 19:35:52,'2023-11-14 19:35:52'),Major Bank,general,0,0,0
2796,5025265 Ontario Inc,,,2023-11-14 19:35:54,'2023-11-14 19:35:54'),Other,general,0,0,0
2797,1000152898 Ontario Inc,,,2023-11-14 19:35:54,'2023-11-14 19:35:54'),Other,general,0,0,0
2798,Hui Investors Corp and 11 other,,,2023-11-14 19:35:54,'2023-11-14 19:35:54'),Other,general,0,0,0
2799,L Regina Construction Ltd,,,2023-11-14 19:35:55,'2023-11-14 19:35:55'),Major Bank,construction,0,1,0
2800,VTAA Holdings Ltd,,,2023-11-14 19:35:57,'2023-11-14 19:35:57'),Major Bank,general,0,0,0
2801,Kopas &amp; Burritt Financial Agents Ltd,,,2023-11-14 19:35:57,'2023-11-14 19:35:57'),Major Bank,general,0,0,0
2802,1998410 Ontario Inc,,,2023-11-17 16:40:29,'2023-11-17 16:40:29'),Other,general,0,0,0
2803,Advanced Mortgage Investment Cor,,,2023-11-17 16:40:29,'2023-11-17 16:40:29'),Private Lender,residential,0,0,0
2804,1407659 Ontario Inc and 6 other,,,2023-11-17 16:40:30,'2023-11-17 16:40:30'),Other,general,0,0,0
2805,100179473 Ontario Inc,,,2023-11-17 16:40:30,'2023-11-17 16:40:30'),Other,general,0,0,0
2806,Arlington Manor St Catharines Inc,,,2023-11-17 16:40:30,'2023-11-17 16:40:30'),Other,general,0,0,0
2807,Albanese &amp; Associates Inc,,,2023-11-17 16:40:30,'2023-11-17 16:40:30'),Other,general,0,0,0
2808,TITE Ltd,,,2023-11-17 16:40:30,'2023-11-17 16:40:30'),Major Bank,general,0,0,0
2809,Arora Consultancy Ltd,,,2023-11-17 16:40:30,'2023-11-17 16:40:30'),Major Bank,general,0,0,0
2810,Mainstreete Credit Union Ltd,,,2023-11-17 16:40:31,'2023-11-17 16:40:31'),Major Bank,commercial,0,0,1
2811,Lucida Consulting Inc,,,2023-11-17 16:40:31,'2023-11-17 16:40:31'),Other,general,0,0,0
2812,2659563 Ontario Inc,,,2023-11-17 16:40:31,'2023-11-17 16:40:31'),Other,general,0,0,0
2813,Brightpath Capital Cor,,,2023-11-17 16:40:31,'2023-11-17 16:40:31'),Private Lender,general,0,0,0
2814,Marcin Bowling Lanes Ltd,,,2023-11-17 16:40:31,'2023-11-17 16:40:31'),Major Bank,general,0,0,0
2815,Dom-Nancy Ltd,,,2023-11-17 16:40:32,'2023-11-17 16:40:32'),Major Bank,general,0,0,0
2816,Lionheart Capital Cor,,,2023-11-17 16:40:32,'2023-11-17 16:40:32'),Private Lender,general,0,0,0
2817,Bankright Financial Ltd,,,2023-11-17 16:40:33,'2023-11-17 16:40:33'),Major Bank,general,0,0,0
2818,2511633 Ontario Ltd,,,2023-11-17 16:40:33,'2023-11-17 16:40:33'),Major Bank,general,0,0,0
2819,Kind Holdings Inc,,,2023-11-17 16:40:34,'2023-11-17 16:40:34'),Private Lender,general,0,0,0
2820,5019203 Ontario Inc,,,2023-11-17 16:40:34,'2023-11-17 16:40:34'),Other,general,0,0,0
2821,Bonaire Golf and country Club Inc,,,2023-11-17 16:40:36,'2023-11-17 16:40:36'),Other,general,0,0,0
2822,W &amp; B Temple Family Enterprises Ltd,,,2023-11-17 16:40:37,'2023-11-17 16:40:37'),Major Bank,general,0,0,0
2823,1113333 Ontario Inc,,,2023-11-17 16:40:37,'2023-11-17 16:40:37'),Other,general,0,0,0
2824,Romi Holdings Inc,,,2023-11-17 16:40:37,'2023-11-17 16:40:37'),Private Lender,general,0,0,0
2825,Mas Capital Investments Inc,,,2023-11-17 16:40:37,'2023-11-17 16:40:37'),Private Lender,general,0,0,0
2826,4 Seasons Trailer and Tent Park Ltd,,,2023-11-17 16:40:38,'2023-11-17 16:40:38'),Major Bank,general,0,0,0
2827,1068911 Ontario Inc,,,2023-11-17 16:40:38,'2023-11-17 16:40:38'),Other,general,0,0,0
2828,M Smilsky Ltd,,,2023-11-17 16:40:38,'2023-11-17 16:40:38'),Major Bank,general,0,0,0
2829,762573 Ontario Inc,,,2023-11-17 16:40:38,'2023-11-17 16:40:38'),Other,general,0,0,0
2830,San Padre Island Resorts Inc,,,2023-11-17 16:40:39,'2023-11-17 16:40:39'),Other,land,1,0,0
2831,1993711 Ontario Inc,,,2023-11-17 16:40:39,'2023-11-17 16:40:39'),Other,general,0,0,0
2832,Highway 77 Truck Service Inc,,,2023-11-17 16:40:39,'2023-11-17 16:40:39'),Other,general,0,0,0
2833,John Custance,,,2023-11-17 16:40:39,'2023-11-17 16:40:39'),Other,general,0,0,0
2834,13723011 Canada Inc,,,2023-11-17 16:40:40,'2023-11-17 16:40:40'),Other,general,0,0,0
2835,811739 Ontario Ltd,,,2023-11-17 16:40:40,'2023-11-17 16:40:40'),Major Bank,general,0,0,0
2836,KGK Patio Flowers Inc,,,2023-11-17 16:40:40,'2023-11-17 16:40:40'),Other,general,0,0,0
2837,1000057571 Ontario Inc,,,2023-11-17 16:40:40,'2023-11-17 16:40:40'),Other,general,0,0,0
2838,All Approved Financial Cor,,,2023-11-17 16:40:40,'2023-11-17 16:40:40'),Credit Union,general,0,0,0
2839,Braebury Homes Cor,braeburyhomes.com,,2023-12-02 14:02:21,'2023-11-17 16:40:41'),Other,general,0,0,0
2840,Napev Construction Ltd,,,2023-11-17 16:40:41,'2023-11-17 16:40:41'),Major Bank,construction,0,1,0
2841,2833346 Ontario Inc,,,2023-11-17 16:40:43,'2023-11-17 16:40:43'),Other,general,0,0,0
2842,Shahnawaz Ali Professional Real Estate Cor,,,2023-11-17 16:40:43,'2023-11-17 16:40:43'),Other,general,0,0,0
2843,Kilcolman Inc,,,2023-11-17 16:40:43,'2023-11-17 16:40:43'),Other,general,0,0,0
2844,440865 Ontario Ltd,,,2023-11-17 16:40:44,'2023-11-17 16:40:44'),Major Bank,general,0,0,0
2845,Aramco Financial Solutions Inc,,,2023-11-17 16:40:44,'2023-11-17 16:40:44'),Credit Union,general,0,0,0
2846,Karla Trading Inc,,,2023-11-17 16:40:45,'2023-11-17 16:40:45'),Other,general,0,0,0
2847,1966705 Ontario Ltd and 6 other,,,2023-11-17 16:40:45,'2023-11-17 16:40:45'),Major Bank,general,0,0,0
2848,FS Newco Ltd,,,2023-11-17 16:40:46,'2023-11-17 16:40:46'),Major Bank,general,0,0,0
2849,Serenia Property Investments Inc,,,2023-11-17 16:40:46,'2023-11-17 16:40:46'),Development Company,general,0,0,0
2850,Credit Valley Steel Products Inc,,,2023-11-17 16:40:47,'2023-11-17 16:40:47'),Other,commercial,0,0,1
2851,George Drost Ltd,,,2023-11-17 16:40:47,'2023-11-17 16:40:47'),Major Bank,general,0,0,0
2852,799316 Ontario Inc,,,2023-11-17 16:40:48,'2023-11-17 16:40:48'),Other,general,0,0,0
2853,Z Stern Holdings Ltd,,,2023-11-17 16:40:48,'2023-11-17 16:40:48'),Major Bank,general,0,0,0
2854,Vincent Kyle Investment &amp; Holding Inc,,,2023-11-17 16:40:49,'2023-11-17 16:40:49'),Other,general,0,0,0
2855,The Corporation of the City of Windsor,,,2023-11-17 16:40:51,'2023-11-17 16:40:51'),Other,general,0,0,0
2856,Puccini Mortgage Cor,,,2023-11-17 16:40:51,'2023-11-17 16:40:51'),Other,residential,0,0,0
2857,Nadine Holding Cor,,,2023-11-17 16:40:51,'2023-11-17 16:40:51'),Other,general,0,0,0
2858,Conputershare Trust Company of Canada,,,2023-11-17 16:40:51,'2023-11-17 16:40:51'),Trust Company,general,0,0,0
2859,BFT Mortgage Investments Cor,,,2023-11-17 16:40:52,'2023-11-17 16:40:52'),Private Lender,residential,0,0,0
2860,1011736 Ontario Inc,,,2023-11-17 16:40:52,'2023-11-17 16:40:52'),Other,general,0,0,0
2861,Northern Birch Credit Union Ltd,,,2023-11-17 16:40:52,'2023-11-17 16:40:52'),Major Bank,commercial,0,0,1
2862,BIP Management Cor,,,2023-11-17 16:40:53,'2023-11-17 16:40:53'),Other,general,0,0,0
2863,Dilvar Construction Ltd,,,2023-11-17 16:40:53,'2023-11-17 16:40:53'),Major Bank,construction,0,1,0
2864,2500113 Ontario Inc,,,2023-11-17 16:40:53,'2023-11-17 16:40:53'),Other,general,0,0,0
2865,Bellanza International Group Inc,,,2023-11-17 16:40:54,'2023-11-17 16:40:54'),Other,general,0,0,0
2866,Briva Finance (Equite) SEC,,,2023-11-17 16:40:54,'2023-11-17 16:40:54'),Other,general,0,0,0
2867,1962890 Ontario Ltd,,,2023-11-17 16:40:54,'2023-11-17 16:40:54'),Major Bank,general,0,0,0
2868,1424079 Ontario Inc,,,2023-11-17 16:40:55,'2023-11-17 16:40:55'),Other,general,0,0,0
2869,2586107 Ontario Inc,,,2023-11-17 16:40:55,'2023-11-17 16:40:55'),Other,general,0,0,0
2870,2848012 Ontario Inc,,,2023-11-17 16:40:55,'2023-11-17 16:40:55'),Other,general,0,0,0
2871,The District of Thunder Bay Social,,,2023-11-17 16:40:55,'2023-11-17 16:40:55'),Other,general,0,0,0
2872,Stonebrook Developments Inc,,,2023-11-17 16:40:55,'2023-11-17 16:40:55'),Development Company,general,0,0,0
2873,Home Hardware Stores Ltd,homehardware.ca,,2023-12-02 14:02:23,'2023-11-17 16:40:56'),Major Bank,general,0,0,0
2874,U-Ok Investments Ltd,,,2023-11-17 16:40:57,'2023-11-17 16:40:57'),Major Bank,general,0,0,0
2875,Wallace &amp; Valerie Watki,,,2023-11-17 16:40:57,'2023-11-17 16:40:57'),Other,general,0,0,0
2876,2244919 Ontario Ltd,,,2023-11-17 16:40:57,'2023-11-17 16:40:57'),Major Bank,general,0,0,0
2877,Lebovic Enterprises Ltd,,,2023-11-17 16:40:58,'2023-11-17 16:40:58'),Major Bank,general,0,0,0
2878,2804647 Ontario Inc,,,2023-11-17 16:40:58,'2023-11-17 16:40:58'),Other,general,0,0,0
2879,2606912 Ontario Ltd,,,2023-11-17 16:40:59,'2023-11-17 16:40:59'),Major Bank,general,0,0,0
2880,Neighbourhood Holding Co Ltd,,,2023-11-17 16:40:59,'2023-11-17 16:40:59'),Major Bank,general,0,0,0
2881,2410085 Ontario Ltd,,,2023-11-17 16:41:00,'2023-11-17 16:41:00'),Major Bank,general,0,0,0
2882,Owemanco Mortgage Holdings Cor,,,2023-11-17 16:41:00,'2023-11-17 16:41:00'),Private Lender,residential,0,0,0
2883,Dofima Investments Inc,,,2023-11-17 16:41:01,'2023-11-17 16:41:01'),Other,general,0,0,0
2884,McNalley Holdings Inc,,,2023-11-17 16:41:02,'2023-11-17 16:41:02'),Private Lender,general,0,0,0
2885,Spap Investments Inc,,,2023-11-17 16:41:02,'2023-11-17 16:41:02'),Other,general,0,0,0
2886,1467768 Ontario Inc,,,2023-11-17 16:41:02,'2023-11-17 16:41:02'),Other,general,0,0,0
2887,2472025 Ontario Inc,,,2023-11-17 16:41:03,'2023-11-17 16:41:03'),Other,general,0,0,0
2888,2830106 Ontario Ltd,,,2023-11-17 16:41:03,'2023-11-17 16:41:03'),Major Bank,general,0,0,0
2889,Ancaster Crown Jewel Inc,,,2023-11-17 16:41:03,'2023-11-17 16:41:03'),Other,general,0,0,0
2890,Vivat Holdings Ltd,,,2023-11-17 16:41:04,'2023-11-17 16:41:04'),Major Bank,general,0,0,0
2891,2324784 Ontario Ltd,,,2023-11-17 16:41:04,'2023-11-17 16:41:04'),Major Bank,general,0,0,0
2892,ECN Inc,ecn.co.za,,2023-12-02 14:02:23,'2023-11-17 16:41:04'),Other,general,0,0,0
2893,Jul-Vin Realty Holdings Ltd,,,2023-11-17 16:41:04,'2023-11-17 16:41:04'),Major Bank,general,0,0,0
2894,2826017 Ontario Inc,,,2023-11-17 16:41:05,'2023-11-17 16:41:05'),Other,general,0,0,0
2895,1648821 Ontario Inc,,,2023-11-17 16:41:06,'2023-11-17 16:41:06'),Other,general,0,0,0
2896,Albamar Holding Company Inc,,,2023-11-17 16:41:06,'2023-11-17 16:41:06'),Other,general,0,0,0
2897,945246 Ontario Inc,,,2023-11-17 16:41:06,'2023-11-17 16:41:06'),Other,general,0,0,0
2898,1967496 Ontario Inc,,,2023-11-17 16:41:07,'2023-11-17 16:41:07'),Other,general,0,0,0
2899,Maj Financial Cor,,,2023-11-17 16:41:07,'2023-11-17 16:41:07'),Credit Union,general,0,0,0
2900,Guardiaregia Developments Inc,,,2023-11-17 16:41:08,'2023-11-17 16:41:08'),Development Company,general,0,0,0
2901,Gui Li Wang,,,2023-11-17 16:41:08,'2023-11-17 16:41:08'),Other,general,0,0,0
2902,New Lodge Manor Cobourg,,,2023-11-17 16:41:08,'2023-11-17 16:41:08'),Other,general,0,0,0
2903,88 Financial Investments Inc,,,2023-11-17 16:41:09,'2023-11-17 16:41:09'),Credit Union,general,0,0,0
2904,2726177 Ontario Inc,,,2023-11-17 16:41:09,'2023-11-17 16:41:09'),Other,general,0,0,0
2905,YDDA Investments Ltd,,,2023-11-17 16:41:10,'2023-11-17 16:41:10'),Major Bank,general,0,0,0
2906,2180491 Ontario Ltd,,,2023-11-17 16:41:10,'2023-11-17 16:41:10'),Major Bank,general,0,0,0
2907,Emmanuel Bible College,,,2023-11-17 16:41:10,'2023-11-17 16:41:10'),Other,general,0,0,0
2908,1000229671 Ontario Inc,,,2023-11-17 16:41:11,'2023-11-17 16:41:11'),Other,general,0,0,0
2909,1410108 Ontario Ltd,,,2023-11-17 16:41:12,'2023-11-17 16:41:12'),Major Bank,general,0,0,0
2910,2824081 Ontario Inc,,,2023-11-17 16:41:12,'2023-11-17 16:41:12'),Other,general,0,0,0
2911,Andre Moncion Holdings Inc,,,2023-11-17 16:41:12,'2023-11-17 16:41:12'),Private Lender,general,0,0,0
2912,SBS Developments Inc,,,2023-11-17 16:41:12,'2023-11-17 16:41:12'),Development Company,general,0,0,0
2913,Titan Mortgage Capital Partners Inc,,,2023-11-17 16:41:13,'2023-11-17 16:41:13'),Private Lender,residential,0,0,0
2914,VWR Captial Cor,,,2023-11-17 16:41:13,'2023-11-17 16:41:13'),Other,general,0,0,0
2915,TDOT Capital Inc,,,2023-11-17 16:41:13,'2023-11-17 16:41:13'),Major Bank,general,0,0,0
2916,1791364 Ontario Inc,,,2023-11-17 16:41:14,'2023-11-17 16:41:14'),Other,general,0,0,0
2917,RR Mortgage &amp; Financial Grou,,,2023-11-17 16:41:16,'2023-11-17 16:41:16'),Credit Union,residential,0,0,0
2918,Singh Petroleum Inc,,,2023-11-17 16:41:16,'2023-11-17 16:41:16'),Other,general,0,0,0
2919,Riverbend Brownstones Inc,,,2023-11-17 16:41:17,'2023-11-17 16:41:17'),Other,general,0,0,0
2920,Hansan Petrol Inc,,,2023-11-17 16:41:18,'2023-11-17 16:41:18'),Other,general,0,0,0
2921,1002063 Ontario Ltd,,,2023-11-17 16:41:19,'2023-11-17 16:41:19'),Major Bank,general,0,0,0
2922,Anasec Holdings Ltd,,,2023-11-17 16:41:19,'2023-11-17 16:41:19'),Major Bank,general,0,0,0
2923,1000158715 Ontario Inc,,,2023-11-17 16:41:19,'2023-11-17 16:41:19'),Other,general,0,0,0
2924,V-Jemms Holdings Inc,,,2023-11-17 16:41:19,'2023-11-17 16:41:19'),Private Lender,general,0,0,0
2925,General Motors Financial of Canada Ltd,,,2023-11-17 16:41:20,'2023-11-17 16:41:20'),Major Bank,general,0,0,0
2926,Kuber Mortgage Investment Cor,,,2023-11-17 16:41:20,'2023-11-17 16:41:20'),Private Lender,residential,0,0,0
2927,WGIG Restructured Bond Cor,,,2023-11-17 16:41:21,'2023-11-17 16:41:21'),Other,general,0,0,0
2928,Belgro Inc,,,2023-11-17 16:41:21,'2023-11-17 16:41:21'),Other,general,0,0,0
2929,IK Enterprises Ltd,,,2023-11-17 16:41:21,'2023-11-17 16:41:21'),Major Bank,general,0,0,0
2930,J &amp; L Picard Holdings Ltd,,,2023-11-17 16:41:22,'2023-11-17 16:41:22'),Major Bank,general,0,0,0
2931,Meteor Mortgage Cor,,,2023-11-17 16:41:23,'2023-11-17 16:41:23'),Other,residential,0,0,0
2932,2161292 Ontario Ltd,,,2023-11-17 16:41:23,'2023-11-17 16:41:23'),Major Bank,general,0,0,0
2933,Cedar Global Capital Inc,,,2023-11-17 16:41:23,'2023-11-17 16:41:23'),Private Lender,general,0,0,0
2934,Neighbourhood Holding Company Ltd,,,2023-11-17 16:41:24,'2023-11-17 16:41:24'),Major Bank,general,0,0,0
2935,2283018 Ontario Inc,,,2023-11-17 16:41:24,'2023-11-17 16:41:24'),Other,general,0,0,0
2936,Grimsby Place Inc,,,2023-11-17 16:41:25,'2023-11-17 16:41:25'),Other,general,0,0,0
2937,Diamond Bridgelend Inc,,,2023-11-17 16:41:25,'2023-11-17 16:41:25'),Other,general,0,0,0
2938,1489752 Ontario Inc,,,2023-11-17 16:41:25,'2023-11-17 16:41:25'),Other,general,0,0,0
2939,Secure Capital Mic Inc,,,2023-11-17 16:41:26,'2023-11-17 16:41:26'),Private Lender,general,0,0,0
2940,1000014641 Ontario Inc,,,2023-11-17 16:41:26,'2023-11-17 16:41:26'),Other,general,0,0,0
2941,Kukan Cor,,,2023-11-17 16:41:27,'2023-11-17 16:41:27'),Other,general,0,0,0
2942,Pocrnic Realty Advisors Inc,,,2023-11-17 16:41:27,'2023-11-17 16:41:27'),Other,general,0,0,0
2943,Maxima Laboratories (Canada) Inc,,,2023-11-17 16:41:28,'2023-11-17 16:41:28'),Other,general,0,0,0
2944,Cameron Stephen Mortgage Capital Ltd,,,2023-11-17 16:41:28,'2023-11-17 16:41:28'),Major Bank,residential,0,0,0
2945,1000125438 Ontario Inc,,,2023-11-17 16:41:28,'2023-11-17 16:41:28'),Other,general,0,0,0
2946,Nottawasaga Community Futures Development Cor,,,2023-11-17 16:41:28,'2023-11-17 16:41:28'),Development Company,general,0,0,0
2947,PACIFIC Inc,,,2023-11-17 16:41:28,'2023-11-17 16:41:28'),Other,general,0,0,0
2948,Lardan Investments Inc,,,2023-11-17 16:41:28,'2023-11-17 16:41:28'),Other,general,0,0,0
2949,Priya Siya Inc,,,2023-11-17 16:41:29,'2023-11-17 16:41:29'),Other,general,0,0,0
2950,1784534 Ontario Ltd,,,2023-11-17 16:41:30,'2023-11-17 16:41:30'),Major Bank,general,0,0,0
2951,J Blackburn Construction Ltd,,,2023-11-17 16:41:31,'2023-11-17 16:41:31'),Major Bank,construction,0,1,0
2952,Fifty Bay Street South Development Ltd,,,2023-11-17 16:41:31,'2023-11-17 16:41:31'),Major Bank,general,0,0,0
2953,Aleksandra &amp; Svetoslav Kuzova,,,2023-11-17 16:41:31,'2023-11-17 16:41:31'),Other,general,0,0,0
2954,Bristlecone Lodge 2016 Inc,,,2023-11-17 16:41:31,'2023-11-17 16:41:31'),Other,general,0,0,0
2955,1639138 Ontario Inc,,,2023-11-17 16:41:31,'2023-11-17 16:41:31'),Other,general,0,0,0
2956,2522223 Ontario Inc,,,2023-11-17 16:41:32,'2023-11-17 16:41:32'),Other,general,0,0,0
2957,Lift Capital Inc and 11 other,,,2023-11-17 16:41:32,'2023-11-17 16:41:32'),Private Lender,general,0,0,0
2958,Sub-Prime Mortgage Corporatio,,,2023-11-17 16:41:32,'2023-11-17 16:41:32'),Other,residential,0,0,0
2959,1732965 Ontario Ltd,,,2023-11-17 16:41:32,'2023-11-17 16:41:32'),Major Bank,general,0,0,0
2960,2356046 Ontario Inc,,,2023-11-17 16:41:32,'2023-11-17 16:41:32'),Other,general,0,0,0
2961,Vintage Properties Ltd,,,2023-11-17 16:41:32,'2023-11-17 16:41:32'),Major Bank,general,0,0,0
2962,2462686 Ontario Inc,,,2023-11-17 16:41:33,'2023-11-17 16:41:33'),Other,general,0,0,0
2963,2041811 Ontario Inc,,,2023-11-17 16:41:33,'2023-11-17 16:41:33'),Other,general,0,0,0
2964,Connect First Credit Union Ltd,,,2023-11-17 16:41:34,'2023-11-17 16:41:34'),Major Bank,commercial,0,0,1
2965,Udvari Investments Inc and 14 other,,,2023-11-17 16:41:35,'2023-11-17 16:41:35'),Other,general,0,0,0
2966,448974 Ontario Ltd,,,2023-11-17 16:41:35,'2023-11-17 16:41:35'),Major Bank,general,0,0,0
2967,Rainy River First Natio,manitourapids.ca,,2023-12-02 14:02:22,'2023-11-17 16:41:35'),Other,general,0,0,0
2968,JM Lahman Mfg Inc,,,2023-11-17 16:41:35,'2023-11-17 16:41:35'),Other,general,0,0,0
2969,1033301 Ontario Inc,,,2023-11-17 16:41:35,'2023-11-17 16:41:35'),Other,general,0,0,0
2970,VC Capital Management (Global) Inc,,,2023-11-17 16:41:36,'2023-11-17 16:41:36'),Private Lender,general,0,0,0
2971,Providence Bay Trailer Park Cor,,,2023-11-17 16:41:36,'2023-11-17 16:41:36'),Other,general,0,0,0
2972,Bagnara Management Cor,bagnara.net,,2023-12-02 14:02:22,'2023-11-17 16:41:37'),Other,general,0,0,0
2973,Totera Meats Ltd,,,2023-11-17 16:41:38,'2023-11-17 16:41:38'),Major Bank,general,0,0,0
2974,296720 Ontario Ltd,,,2023-11-17 16:41:38,'2023-11-17 16:41:38'),Major Bank,general,0,0,0
2975,Taryn Properties Inc,,,2023-11-17 16:41:38,'2023-11-17 16:41:38'),Development Company,general,0,0,0
2976,Angra Investments Ltd,,,2023-11-17 16:41:38,'2023-11-17 16:41:38'),Major Bank,general,0,0,0
2977,2667343 Ontario Inc,,,2023-11-17 16:41:39,'2023-11-17 16:41:39'),Other,general,0,0,0
2978,Pro-M Capital Partners Inc,,,2023-11-17 16:41:39,'2023-11-17 16:41:39'),Private Lender,general,0,0,0
2979,1615831 Ontario Inc,,,2023-11-17 16:41:39,'2023-11-17 16:41:39'),Other,general,0,0,0
2980,Rivercrew Properties Inc,,,2023-11-17 16:41:39,'2023-11-17 16:41:39'),Development Company,commercial,0,0,1
2981,Ernest Martel Enterprises Inc,,,2023-11-17 16:41:40,'2023-11-17 16:41:40'),Other,general,0,0,0
2982,1886352 Ontario Inc,,,2023-11-17 16:41:41,'2023-11-17 16:41:41'),Other,general,0,0,0
2983,Antrim Truck Centre Ltd,,,2023-11-17 16:41:42,'2023-11-17 16:41:42'),Major Bank,general,0,0,0
2984,Oshawa Auto Parts Ltd,,,2023-11-17 16:41:43,'2023-11-17 16:41:43'),Major Bank,general,0,0,0
2985,2104671 Ontario Inc,,,2023-11-17 16:41:44,'2023-11-17 16:41:44'),Other,general,0,0,0
2986,875011 Ontario Ltd,,,2023-11-17 16:41:45,'2023-11-17 16:41:45'),Major Bank,general,0,0,0
2987,875011 Ontario Inc,,,2023-11-17 16:41:45,'2023-11-17 16:41:45'),Other,general,0,0,0
2988,The German Canadian Association of Brantford,,,2023-11-17 16:41:45,'2023-11-17 16:41:45'),Other,general,0,0,0
2989,Gait Holdings Inc,,,2023-11-17 16:41:45,'2023-11-17 16:41:45'),Private Lender,general,0,0,0
2990,2143502 Ontario Inc,,,2023-11-17 16:41:45,'2023-11-17 16:41:45'),Other,general,0,0,0
2991,2198287 Ontario Inc,,,2023-11-17 16:41:46,'2023-11-17 16:41:46'),Other,general,0,0,0
2992,Fonthill Fuel And Builders Supplies Ltd,,,2023-11-17 16:41:48,'2023-11-17 16:41:48'),Major Bank,general,0,0,0
2993,The Perzia Group Ltd,,,2023-11-17 16:41:49,'2023-11-17 16:41:49'),Major Bank,general,0,0,0
2994,2347450 Ontario Inc,,,2023-11-17 16:41:51,'2023-11-17 16:41:51'),Other,general,0,0,0
2995,621516 Ontario Ltd,,,2023-11-17 16:41:51,'2023-11-17 16:41:51'),Major Bank,general,0,0,0
2996,2012442 Ontario Ltd,,,2023-11-17 16:41:51,'2023-11-17 16:41:51'),Major Bank,general,0,0,0
2997,The Tornto-Dominion Bank,,,2023-11-17 16:41:55,'2023-11-17 16:41:55'),Major Bank,general,0,0,0
2998,AG Properties Inc,,,2023-11-17 16:41:55,'2023-11-17 16:41:55'),Development Company,general,0,0,0
2999,946489 Ontario Ltd,,,2023-11-17 16:41:55,'2023-11-17 16:41:55'),Major Bank,general,0,0,0
3000,2155258 Ontario Inc,,,2023-11-17 16:41:56,'2023-11-17 16:41:56'),Other,general,0,0,0
3001,1271826 Ontario Inc,,,2023-11-17 16:41:58,'2023-11-17 16:41:58'),Other,general,0,0,0
3002,2663625 Ontario Ltd,,,2023-11-17 16:41:59,'2023-11-17 16:41:59'),Major Bank,general,0,0,0
3003,Country Paws Boarding Inc,,,2023-11-21 20:55:53,'2023-11-21 20:55:53'),Other,general,0,0,0
3004,1000153044 Ontario Inc,,,2023-11-21 20:55:53,'2023-11-21 20:55:53'),Other,general,0,0,0
3005,517737 Ontario Ltd,,,2023-11-21 20:55:54,'2023-11-21 20:55:54'),Major Bank,general,0,0,0
3006,2623088 Ontario Inc,,,2023-11-21 20:56:22,'2023-11-21 20:56:22'),Other,general,0,0,0
3007,Beystone Properties Ltd,,,2023-11-21 20:56:22,'2023-11-21 20:56:22'),Major Bank,general,0,0,0
3008,2226406 Alberta Inc,,,2023-11-22 13:11:18,'2023-11-22 13:11:18'),Other,general,0,0,0
3009,Jaipur McQueen Plaza Inc and 9 other,,,2023-11-24 21:40:18,'2023-11-24 21:40:18'),Other,general,0,0,0
3010,1621296 Ontario Inc,,,2023-11-24 21:40:18,'2023-11-24 21:40:18'),Other,general,0,0,0
3011,Di Poce (Innisfil) Inc,,,2023-11-24 21:40:19,'2023-11-24 21:40:19'),Other,hospitality,0,0,0
3012,United Club Holidays Inc,,,2023-11-24 21:40:20,'2023-11-24 21:40:20'),Other,general,0,0,0
3013,CH Squared Inc,,,2023-11-24 21:40:20,'2023-11-24 21:40:20'),Other,general,0,0,0
3014,1638826 Ontario Inc,,,2023-11-24 21:40:20,'2023-11-24 21:40:20'),Other,general,0,0,0
3015,KS 1377 The Queensway Inc,,,2023-11-24 21:40:20,'2023-11-24 21:40:20'),Other,general,0,0,0
3016,Alexander Tools Ltd,,,2023-11-24 21:40:21,'2023-11-24 21:40:21'),Major Bank,general,0,0,0
3017,1489338 Ontario Inc,,,2023-11-24 21:40:21,'2023-11-24 21:40:21'),Other,general,0,0,0
3018,MSSC Canada Inc,,,2023-11-24 21:40:22,'2023-11-24 21:40:22'),Other,general,0,0,0
3019,PVP Realty Ltd,,,2023-11-24 21:40:23,'2023-11-24 21:40:23'),Major Bank,general,0,0,0
3020,CAPREIT Apartments Inc,,,2023-11-24 21:40:23,'2023-11-24 21:40:23'),Other,general,0,0,0
3021,Lacivita Investments Ltd,,,2023-11-24 21:40:23,'2023-11-24 21:40:23'),Major Bank,general,0,0,0
3022,PVP Realty Inc,,,2023-11-24 21:40:24,'2023-11-24 21:40:24'),Other,general,0,0,0
3023,Industrial Cast Stone Ltd,,,2023-11-24 21:40:25,'2023-11-24 21:40:25'),Major Bank,industrial,0,0,0
3024,2489571 Ontario Inc,,,2023-11-24 21:40:25,'2023-11-24 21:40:25'),Other,general,0,0,0
3025,1727362 Ontario Inc,,,2023-11-24 21:40:26,'2023-11-24 21:40:26'),Other,general,0,0,0
3026,Corsetti Packers &amp; Realties Ltd,,,2023-11-24 21:40:26,'2023-11-24 21:40:26'),Major Bank,general,0,0,0
3027,KARE Ltd,,,2023-11-24 21:40:26,'2023-11-24 21:40:26'),Major Bank,general,0,0,0
3028,NCAP York Mills(GP) Inc,,,2023-11-24 21:40:26,'2023-11-24 21:40:26'),Other,general,0,0,0
3029,Briarwood Developments Ltd,,,2023-11-24 21:40:27,'2023-11-24 21:40:27'),Major Bank,general,0,0,0
3030,The Sarjeant Company Ltd,,,2023-11-24 21:40:27,'2023-11-24 21:40:27'),Major Bank,general,0,0,0
3031,Falvo Holdings Ltd,,,2023-11-24 21:40:27,'2023-11-24 21:40:27'),Major Bank,general,0,0,0
3032,Dantiv Management Inc,,,2023-11-24 21:40:27,'2023-11-24 21:40:27'),Other,general,0,0,0
3033,19478822 Canada Inc,,,2023-11-24 21:40:27,'2023-11-24 21:40:27'),Other,general,0,0,0
3034,Ibans Developments Ltd,,,2023-11-24 21:40:28,'2023-11-24 21:40:28'),Major Bank,general,0,0,0
3035,2205633 Ontario Ltd and 6 other,,,2023-11-24 21:40:29,'2023-11-24 21:40:29'),Major Bank,general,0,0,0
3036,Reset Financial Inc,,,2023-11-24 21:40:29,'2023-11-24 21:40:29'),Credit Union,general,0,0,0
3037,GLK (Brantford) Holdings Inc,,,2023-11-24 21:40:30,'2023-11-24 21:40:30'),Private Lender,general,0,0,0
3038,Eglinton GP Ltd,,,2023-11-24 21:40:31,'2023-11-24 21:40:31'),Major Bank,general,0,0,0
3039,2004085 Ontario Inc,,,2023-11-24 21:40:31,'2023-11-24 21:40:31'),Other,general,0,0,0
3040,Camark Investments Inc,,,2023-11-24 21:40:31,'2023-11-24 21:40:31'),Other,general,0,0,0
3041,Huijie Inc,,,2023-11-24 21:40:31,'2023-11-24 21:40:31'),Other,general,0,0,0
3042,Serland Holdings Inc,,,2023-11-24 21:40:31,'2023-11-24 21:40:31'),Private Lender,land,1,0,0
3043,NGE Land Inc,,,2023-11-24 21:40:31,'2023-11-24 21:40:31'),Other,land,1,0,0
3044,Loch-Sloy Holdings Ltd,,,2023-11-24 21:40:32,'2023-11-24 21:40:32'),Major Bank,general,0,0,0
3045,2698279 Ontario Inc,,,2023-11-24 21:40:34,'2023-11-24 21:40:34'),Other,general,0,0,0
3046,YH Capital Cor,,,2023-11-24 21:40:34,'2023-11-24 21:40:34'),Private Lender,general,0,0,0
3047,Barclays Bank PLC,,,2023-11-24 21:40:34,'2023-11-24 21:40:34'),Major Bank,general,0,0,0
3048,Alter Domus Products Cor,,,2023-11-24 21:40:36,'2023-11-24 21:40:36'),Other,general,0,0,0
3049,Skyline Investments Inc,,,2023-11-24 21:40:36,'2023-11-24 21:40:36'),Other,general,0,0,0
3050,1088508 Ontario Inc,,,2023-11-24 21:40:36,'2023-11-24 21:40:36'),Other,general,0,0,0
3051,BV Courtice Partners GP Inc,,,2023-11-24 21:40:36,'2023-11-24 21:40:36'),Other,general,0,0,0
3052,Consolidated Bottle Company Ltd,,,2023-11-24 21:40:36,'2023-11-24 21:40:36'),Major Bank,general,0,0,0
3053,1000026757 Ontario Inc,,,2023-11-24 21:40:36,'2023-11-24 21:40:36'),Other,general,0,0,0
3054,Chiavatti Developments Ltd,,,2023-11-24 21:40:37,'2023-11-24 21:40:37'),Major Bank,general,0,0,0
3055,Computershare Company of Canada,,,2023-11-24 21:40:37,'2023-11-24 21:40:37'),Other,general,0,0,0
3056,Briarwood Angus-Milton Limited Partnershi,,,2023-11-24 21:40:38,'2023-11-24 21:40:38'),Other,general,0,0,0
3057,R &amp; R Bellotti Holdings Inc,,,2023-11-24 21:40:38,'2023-11-24 21:40:38'),Private Lender,general,0,0,0
3058,Pine View Motors Ltd,,,2023-11-24 21:40:38,'2023-11-24 21:40:38'),Major Bank,general,0,0,0
3059,West Cathedral Management Inc,,,2023-11-24 21:40:38,'2023-11-24 21:40:38'),Other,general,0,0,0
3060,Grand York Properties Ltd,,,2023-11-24 21:40:39,'2023-11-24 21:40:39'),Major Bank,general,0,0,0
3061,Gateway North Inc,unomaha.edu,,2023-12-02 14:02:23,'2023-11-24 21:40:39'),Other,general,0,0,0
3062,Windsor Commons Inc,,,2023-11-24 21:40:39,'2023-11-24 21:40:39'),Other,general,0,0,0
3063,2055555 Ontario Inc,,,2023-11-24 21:40:40,'2023-11-24 21:40:40'),Other,general,0,0,0
3064,London Life Insurance Company,,,2023-11-24 21:40:41,'2023-11-24 21:40:41'),Insurance Company,general,0,0,0
3065,London Life Assurance Co,,,2023-11-24 21:40:41,'2023-11-24 21:40:41'),Insurance Company,general,0,0,0
3066,NW Brampton Regional Centre Inc,,,2023-11-24 21:40:41,'2023-11-24 21:40:41'),Other,general,0,0,0
3067,Lilypad Capital Partners Inc,,,2023-11-24 21:40:42,'2023-11-24 21:40:42'),Private Lender,general,0,0,0
3068,2518643 Ontario Inc,,,2023-11-24 21:40:42,'2023-11-24 21:40:42'),Other,general,0,0,0
3069,Heathwood Homes (Brampton) Ltd,,,2023-11-24 21:40:42,'2023-11-24 21:40:42'),Major Bank,general,0,0,0
3070,King Hill Inc,,,2023-11-24 21:40:42,'2023-11-24 21:40:42'),Other,general,0,0,0
3071,WDW Holdings Inc,,,2023-11-24 21:40:42,'2023-11-24 21:40:42'),Private Lender,general,0,0,0
3072,Desjardins Financial Secutiry Life Assurance Co,,,2023-11-24 21:40:43,'2023-11-24 21:40:43'),Credit Union,general,0,0,0
3073,Wingarden Development Cor,,,2023-11-24 21:40:43,'2023-11-24 21:40:43'),Development Company,general,0,0,0
3074,Bronte Greem Cor,,,2023-11-24 21:40:43,'2023-11-24 21:40:43'),Other,general,0,0,0
3075,Schuyler Hill Orchards Inc,,,2023-11-24 21:40:43,'2023-11-24 21:40:43'),Other,general,0,0,0
3076,Gunter Freight Inc,,,2023-11-24 21:40:43,'2023-11-24 21:40:43'),Other,general,0,0,0
3077,458728 Ontario Ltd,,,2023-11-24 21:40:44,'2023-11-24 21:40:44'),Major Bank,general,0,0,0
3078,2608953 Ontario Inc,,,2023-11-24 21:40:44,'2023-11-24 21:40:44'),Other,general,0,0,0
3079,Kingston Group Holdings Inc,,,2023-11-24 21:40:44,'2023-11-24 21:40:44'),Private Lender,general,0,0,0
3080,ComputershareTrust Company of Canada,,,2023-11-24 21:40:44,'2023-11-24 21:40:44'),Trust Company,general,0,0,0
3081,Sunlife Assurance Company of Canada,,,2023-11-24 21:40:44,'2023-11-24 21:40:44'),Insurance Company,general,0,0,0
3082,Maefield Inc,,,2023-11-24 21:40:44,'2023-11-24 21:40:44'),Other,general,0,0,0
3083,Edward Village Inc,,,2023-11-24 21:40:45,'2023-11-24 21:40:45'),Other,general,0,0,0
3084,Atlas Tube Canada ULC,atlastube.com,,2023-12-02 14:02:22,'2023-11-24 21:40:45'),Other,general,0,0,0
3085,Aarti Real Estate Inc,,,2023-11-24 21:40:45,'2023-11-24 21:40:45'),Other,general,0,0,0
3086,One-Ten Yorkville Ltd,,,2023-11-24 21:40:46,'2023-11-24 21:40:46'),Major Bank,general,0,0,0
3087,Mercedes-Benz Canada Inc,,,2023-11-24 21:40:46,'2023-11-24 21:40:46'),Other,general,0,0,0
3088,1252707 BC Ltd,,,2023-11-24 21:40:46,'2023-11-24 21:40:46'),Major Bank,general,0,0,0
3089,South Simcoe Deveopments Inc,,,2023-11-24 21:40:46,'2023-11-24 21:40:46'),Other,general,0,0,0
3090,South Simcoe Developments Inc,,,2023-11-24 21:40:47,'2023-11-24 21:40:47'),Development Company,general,0,0,0
3091,Pickering Square Inc,,,2023-11-24 21:40:47,'2023-11-24 21:40:47'),Other,general,0,0,0
3092,1599285 Ontario Ltd and 21 other,,,2023-11-24 21:40:47,'2023-11-24 21:40:47'),Major Bank,general,0,0,0
3093,Millford Development Ltd,,,2023-11-24 21:40:48,'2023-11-24 21:40:48'),Major Bank,general,0,0,0
3094,Kingsett Mortgage Corporatio,,,2023-11-24 21:40:49,'2023-11-24 21:40:49'),Other,residential,0,0,0
3095,Foragestone Mortgage Fund GP Inc,,,2023-11-24 21:40:49,'2023-11-24 21:40:49'),Other,residential,0,0,0
3096,801420 Ontario Ltd,,,2023-11-24 21:40:50,'2023-11-24 21:40:50'),Major Bank,general,0,0,0
3097,Tawse Realco Inc,,,2023-11-24 21:40:50,'2023-11-24 21:40:50'),Other,general,0,0,0
3098,2823874 Ontario Inc,,,2023-11-24 21:40:50,'2023-11-24 21:40:50'),Other,general,0,0,0
3099,Clearview Park Inc,,,2023-11-24 21:40:51,'2023-11-24 21:40:51'),Other,general,0,0,0
3100,2289511 Ontario Ltd,,,2023-11-24 21:40:53,'2023-11-24 21:40:53'),Major Bank,general,0,0,0
3101,Leland Land Unlimited Liability Co,,,2023-11-24 21:40:54,'2023-11-24 21:40:54'),Other,land,1,0,0
3102,1830506 Ontario Inc,,,2023-11-24 21:40:54,'2023-11-24 21:40:54'),Other,general,0,0,0
3103,1675101 Ontario Inc,,,2023-11-24 21:40:54,'2023-11-24 21:40:54'),Other,general,0,0,0
3104,The Joseph Lebovic Charitable Foundatio,,,2023-11-24 21:40:55,'2023-11-24 21:40:55'),Other,general,0,0,0
3105,Far Sight Investments Ltd,,,2023-11-24 21:40:56,'2023-11-24 21:40:56'),Major Bank,general,0,0,0
3106,125 Wellington Street Inc,,,2023-11-24 21:40:57,'2023-11-24 21:40:57'),Other,general,0,0,0
3107,RioCan Holdings (Rhythm) Inc,,,2023-11-24 21:40:59,'2023-11-24 21:40:59'),Private Lender,general,0,0,0
3108,WCPT Rhythm Inc,,,2023-11-24 21:40:59,'2023-11-24 21:40:59'),Other,general,0,0,0
3109,I-On-X Acre,,,2023-11-24 21:40:59,'2023-11-24 21:40:59'),Other,commercial,0,0,1
3110,41 Dovercourt Inc,,,2023-11-24 21:41:00,'2023-11-24 21:41:00'),Other,general,0,0,0
3111,Wantage Developments Inc,,,2023-11-24 21:41:00,'2023-11-24 21:41:00'),Development Company,general,0,0,0
3112,Sagewise Capital Cor,,,2023-11-24 21:41:01,'2023-11-24 21:41:01'),Private Lender,general,0,0,0
3113,Zag Properties (Milton) Inc,,,2023-11-24 21:41:01,'2023-11-24 21:41:01'),Development Company,general,0,0,0
3114,405 St David Street Investments Inc,,,2023-11-24 21:41:02,'2023-11-24 21:41:02'),Other,general,0,0,0
3115,The Ontario Mission of the Deaf,,,2023-11-24 21:41:02,'2023-11-24 21:41:02'),Other,general,0,0,0
3116,Six Nations of Grand River,,,2023-11-24 21:41:02,'2023-11-24 21:41:02'),Other,general,0,0,0
3117,Supertrain Properties Inc,,,2023-11-24 21:41:03,'2023-11-24 21:41:03'),Development Company,general,0,0,0
3118,BK Prime Ontario I GP Inc,,,2023-11-24 21:41:04,'2023-11-24 21:41:04'),Other,general,0,0,0
3119,Rainbow Finance Cor,,,2023-11-24 21:41:04,'2023-11-24 21:41:04'),Other,general,0,0,0
3120,Aarti Financing Inc,,,2023-11-24 21:41:04,'2023-11-24 21:41:04'),Other,general,0,0,0
3121,Moudgill Financial Inc and 5 other,,,2023-11-24 21:41:04,'2023-11-24 21:41:04'),Credit Union,general,0,0,0
3122,SBDRE (Canada) GP LLC,,,2023-11-24 21:41:05,'2023-11-24 21:41:05'),Other,general,0,0,0
3123,888979 Ontario Ltd,,,2023-11-24 21:41:06,'2023-11-24 21:41:06'),Major Bank,general,0,0,0
3124,2391795 Ontario Inc,,,2023-11-24 21:41:07,'2023-11-24 21:41:07'),Other,general,0,0,0
3125,Hunet Cor,,,2023-11-24 21:41:08,'2023-11-24 21:41:08'),Other,general,0,0,0
3126,Dundas St Stor-It Inc,,,2023-11-24 21:41:08,'2023-11-24 21:41:08'),Other,general,0,0,0
3127,"Bank of Motreal, DBA BMO Capital Partner",,,2023-11-24 21:41:08,'2023-11-24 21:41:08'),Major Bank,general,0,0,0
3128,Armel Corporatio,armelcorp.com,,2024-04-16 14:52:13,'2023-11-24 21:41:08'),Other,general,0,0,0
3129,Rambura Investments Ltd,,,2023-11-24 21:41:08,'2023-11-24 21:41:08'),Major Bank,general,0,0,0
3130,H&amp;H Capital Group Ltd,,,2023-11-24 21:41:08,'2023-11-24 21:41:08'),Major Bank,general,0,0,0
3131,Gore &amp; Healey Roads Investments Inc,,,2023-11-24 21:41:09,'2023-11-24 21:41:09'),Other,general,0,0,0
3132,2221508 Ontario Inc,,,2023-11-24 21:41:09,'2023-11-24 21:41:09'),Other,general,0,0,0
3133,2076868 Ontario Ltd,,,2023-11-24 21:41:10,'2023-11-24 21:41:10'),Major Bank,general,0,0,0
3134,DMW Developments Inc,,,2023-11-24 21:41:10,'2023-11-24 21:41:10'),Development Company,general,0,0,0
3135,Porta Holdings Ltd,,,2023-11-24 21:41:10,'2023-11-24 21:41:10'),Major Bank,general,0,0,0
3136,Fort Erie Hills Inc,,,2023-11-24 21:41:10,'2023-11-24 21:41:10'),Other,general,0,0,0
3137,2703738 Ontario Ltd,,,2023-11-24 21:41:10,'2023-11-24 21:41:10'),Major Bank,general,0,0,0
3138,National Holdings Ltd,,,2023-11-24 21:41:10,'2023-11-24 21:41:10'),Major Bank,general,0,0,0
3139,Amber Mark Properties Ltd,,,2023-11-24 21:41:10,'2023-11-24 21:41:10'),Major Bank,general,0,0,0
3140,BCA Financial Cor,,,2023-11-24 21:41:10,'2023-11-24 21:41:10'),Credit Union,general,0,0,0
3141,Novi Corporatio,,,2023-11-24 21:41:10,'2023-11-24 21:41:10'),Other,general,0,0,0
3142,Windsor Private Capital Limited Partnershi,,,2023-11-24 21:41:10,'2023-11-24 21:41:10'),Private Lender,general,0,0,0
3143,City of Hamilto,hamilton.ca,,2023-12-02 14:02:23,'2023-11-24 21:41:11'),Other,general,0,0,0
3144,Newmarket Facility Inc,,,2023-11-24 21:41:12,'2023-11-24 21:41:12'),Other,general,0,0,0
3145,Ben-Ted Securities (Richmond Park) Inc,,,2023-11-24 21:41:13,'2023-11-24 21:41:13'),Other,general,0,0,0
3146,Clearview Garden Estates Inc,,,2023-11-25 11:20:28,'2023-11-25 11:20:28'),Other,general,0,0,0
3147,1180554 Ontario Ltd,,,2023-11-25 11:20:28,'2023-11-25 11:20:28'),Major Bank,general,0,0,0
3148,BMCC Phase III Realty Cor,,,2023-11-25 11:20:28,'2023-11-25 11:20:28'),Other,general,0,0,0
3149,3251586 Canada Onc,,,2023-11-25 11:20:29,'2023-11-25 11:20:29'),Other,general,0,0,0
3150,Pino Norte Holdings Cor,,,2023-11-25 11:20:29,'2023-11-25 11:20:29'),Private Lender,general,0,0,0
3151,5021820 Ontario Inc,,,2023-11-25 11:20:30,'2023-11-25 11:20:30'),Other,general,0,0,0
3152,722451 Ontario Inc,,,2023-11-25 11:20:30,'2023-11-25 11:20:30'),Other,general,0,0,0
3153,TKG Financial Cor,,,2023-11-25 11:20:30,'2023-11-25 11:20:30'),Credit Union,general,0,0,0
3154,Cesaroni Management Ltd,,,2023-11-25 11:20:30,'2023-11-25 11:20:30'),Major Bank,general,0,0,0
3155,Centurian Homes Ltd,,,2023-11-25 11:20:31,'2023-11-25 11:20:31'),Major Bank,general,0,0,0
3156,BW Wilson Construction Ltd,,,2023-11-25 11:20:31,'2023-11-25 11:20:31'),Major Bank,construction,0,1,0
3157,3414493 Canada Inc,,,2023-11-25 11:20:31,'2023-11-25 11:20:31'),Other,general,0,0,0
3158,Bridle Park Inc,,,2023-11-25 11:20:31,'2023-11-25 11:20:31'),Other,general,0,0,0
3159,Coast Capital Savings Credit Unio,coastcapitalsavings.com,,2024-04-16 14:52:13,'2023-11-25 11:20:32'),Private Lender,commercial,0,0,1
3160,Bridle Park II Inc,,,2023-11-25 11:20:32,'2023-11-25 11:20:32'),Other,general,0,0,0
3161,Lakefront Developments Ltd,,,2023-11-25 11:20:32,'2023-11-25 11:20:32'),Major Bank,general,0,0,0
3162,Millwin Investments Ltd,,,2023-11-25 11:20:32,'2023-11-25 11:20:32'),Major Bank,general,0,0,0
3163,1093823 Ontario Ltd and 7 other,,,2023-11-25 11:20:33,'2023-11-25 11:20:33'),Major Bank,general,0,0,0
3164,19786771 Ontario Inc,,,2023-11-25 11:20:33,'2023-11-25 11:20:33'),Other,general,0,0,0
3165,9038-9958 Quebec Inc,,,2023-11-25 11:20:34,'2023-11-25 11:20:34'),Other,general,0,0,0
3166,STC Investments GP Inc,,,2023-11-25 11:20:34,'2023-11-25 11:20:34'),Other,general,0,0,0
3167,Katasa Ontario Investment Inc,,,2023-11-25 11:20:35,'2023-11-25 11:20:35'),Other,general,0,0,0
3168,Beech Street Property ULC,,,2023-11-25 11:20:35,'2023-11-25 11:20:35'),Development Company,general,0,0,0
3169,CPH Master Limited Partnershi,,,2023-11-25 11:20:35,'2023-11-25 11:20:35'),Other,general,0,0,0
3170,Aurora Parkview Apartments Ltd,,,2023-11-25 11:20:35,'2023-11-25 11:20:35'),Major Bank,general,0,0,0
3171,Goldy Metals Holdings Inc,,,2023-11-25 11:20:35,'2023-11-25 11:20:35'),Private Lender,general,0,0,0
3172,2552235 Ontario Ltd,,,2023-11-25 11:20:35,'2023-11-25 11:20:35'),Major Bank,general,0,0,0
3173,2552236 Ontario Ltd,,,2023-11-25 11:20:35,'2023-11-25 11:20:35'),Major Bank,general,0,0,0
3174,Line Financial Services Inc,,,2023-11-25 11:20:36,'2023-11-25 11:20:36'),Credit Union,general,0,0,0
3175,10 Fernhill Alcorn Inc,,,2023-11-25 11:20:36,'2023-11-25 11:20:36'),Other,general,0,0,0
3176,Alcorn Buildco Ltd,,,2023-11-25 11:20:36,'2023-11-25 11:20:36'),Major Bank,general,0,0,0
3177,The Rollick Beverage Company Inc,,,2023-11-27 10:48:34,'2023-11-27 10:48:34'),Other,general,0,0,0
3178,Van Geest Bros Ltd,,,2023-11-27 10:48:34,'2023-11-27 10:48:34'),Major Bank,general,0,0,0
3179,William Tanchuk Furniture Inc,,,2023-11-27 10:48:34,'2023-11-27 10:48:34'),Other,general,0,0,0
3180,464030 Ontario Ltd,,,2023-11-27 10:48:35,'2023-11-27 10:48:35'),Major Bank,general,0,0,0
3181,Richmond Village Development Cor,,,2023-11-27 10:48:35,'2023-11-27 10:48:35'),Development Company,general,0,0,0
3182,1541189 Ontario Inc,,,2023-11-27 10:48:35,'2023-11-27 10:48:35'),Other,general,0,0,0
3183,Arbor Developments Inc,,,2023-11-27 10:48:35,'2023-11-27 10:48:35'),Development Company,general,0,0,0
3184,Etobicoke Masonic Centre,,,2023-11-27 10:48:36,'2023-11-27 10:48:36'),Other,general,0,0,0
3185,HarbourEdge Realty Administration Cor,,,2023-11-27 10:48:36,'2023-11-27 10:48:36'),Other,general,0,0,0
3186,Cable Bridge Enterprises Ltd,,,2023-11-27 10:48:36,'2023-11-27 10:48:36'),Major Bank,general,0,0,0
3187,Banman Developments Inc,,,2023-11-27 10:48:37,'2023-11-27 10:48:37'),Development Company,general,0,0,0
3188,Comtech Fire Credit Union Ltd,,,2023-11-27 10:48:37,'2023-11-27 10:48:37'),Major Bank,commercial,0,0,1
3189,Malden Square Inc,,,2023-11-27 10:48:38,'2023-11-27 10:48:38'),Other,general,0,0,0
3190,471791 Ontario Inc,,,2023-11-27 10:48:38,'2023-11-27 10:48:38'),Other,general,0,0,0
3191,Framajo Enterprises Ltd,,,2023-11-27 10:48:38,'2023-11-27 10:48:38'),Major Bank,general,0,0,0
3192,Tavana Financial &amp; Wealth Management Inc,,,2023-11-27 10:48:38,'2023-11-27 10:48:38'),Credit Union,general,0,0,0
3193,2406238 Ontario Inc,,,2023-11-27 10:48:38,'2023-11-27 10:48:38'),Other,general,0,0,0
3194,1800641 Ontario Inc,,,2023-11-27 10:48:39,'2023-11-27 10:48:39'),Other,general,0,0,0
3195,Canba Investments Ltd,,,2023-11-27 10:48:40,'2023-11-27 10:48:40'),Major Bank,general,0,0,0
3196,2232394 Ontario Inc,,,2023-11-27 10:48:41,'2023-11-27 10:48:41'),Other,general,0,0,0
3197,Kilmanagh Developments Ltd,,,2023-11-27 10:48:41,'2023-11-27 10:48:41'),Major Bank,general,0,0,0
3198,WAM Fischer Hallman GP Inc,,,2023-11-27 10:48:41,'2023-11-27 10:48:41'),Other,general,0,0,0
3199,Brampton Bramalea Christian Fellowshi,,,2023-11-27 10:48:42,'2023-11-27 10:48:42'),Other,general,0,0,0
3200,Multi Ad Media Inc,,,2023-11-27 10:48:42,'2023-11-27 10:48:42'),Other,general,0,0,0
3201,2735682 Ontario Inc,,,2023-11-27 10:48:43,'2023-11-27 10:48:43'),Other,general,0,0,0
3202,Navroz Hospitality Services Inc,,,2023-11-27 10:48:43,'2023-11-27 10:48:43'),Other,hospitality,0,0,0
3203,Mayflower Holding Company Ltd,,,2023-11-27 10:48:43,'2023-11-27 10:48:43'),Major Bank,general,0,0,0
3204,Luseland Credit Union Ltd,,,2023-11-27 10:48:43,'2023-11-27 10:48:43'),Major Bank,land|commercial,1,0,1
3205,Downing Street (Artisan Ridge) Inc,,,2023-11-27 10:48:43,'2023-11-27 10:48:43'),Other,general,0,0,0
3206,Global Financial Cor,,,2023-11-27 10:48:43,'2023-11-27 10:48:43'),Credit Union,general,0,0,0
3207,Ford Credit Canada Co,,,2023-11-27 10:48:44,'2023-11-27 10:48:44'),Other,commercial,0,0,1
3208,1671229 Ontario Inc,,,2023-11-27 10:48:44,'2023-11-27 10:48:44'),Other,general,0,0,0
3209,1058307 Ontario Inc,,,2023-11-27 10:48:45,'2023-11-27 10:48:45'),Other,general,0,0,0
3210,Jos-Ros Investments Ltd,,,2023-11-27 10:48:45,'2023-11-27 10:48:45'),Major Bank,general,0,0,0
3211,Cleanwear Uniform Service Inc,,,2023-11-27 10:48:45,'2023-11-27 10:48:45'),Other,general,0,0,0
3212,2438400 Ontario Inc,,,2023-11-27 10:48:45,'2023-11-27 10:48:45'),Other,general,0,0,0
3213,Quaker-Rice Holdings Ltd,,,2023-11-27 10:48:46,'2023-11-27 10:48:46'),Major Bank,general,0,0,0
3214,Green Leaf Financial Ltd,,,2023-11-27 10:48:46,'2023-11-27 10:48:46'),Major Bank,general,0,0,0
3215,1760708 Ontario Inc,,,2023-11-27 10:48:47,'2023-11-27 10:48:47'),Other,general,0,0,0
3216,2303757 Ontario Inc,,,2023-11-27 10:48:47,'2023-11-27 10:48:47'),Other,general,0,0,0
3217,Kaitlin Captial Ltd,,,2023-11-27 10:48:47,'2023-11-27 10:48:47'),Major Bank,general,0,0,0
3218,Gorski Land Holdings Inc,,,2023-11-27 10:48:47,'2023-11-27 10:48:47'),Private Lender,land,1,0,0
3219,Bowman Sand &amp; Gravel Cor,,,2023-11-27 10:48:48,'2023-11-27 10:48:48'),Other,general,0,0,0
3220,1000032025 Ontario Inc,,,2023-11-27 10:48:48,'2023-11-27 10:48:48'),Other,general,0,0,0
3221,2587736 Ontario Inc,,,2023-11-27 10:48:49,'2023-11-27 10:48:49'),Other,general,0,0,0
3222,2247388 Ontario Inc,,,2023-11-27 10:48:49,'2023-11-27 10:48:49'),Other,general,0,0,0
3223,Sukhwant Brar,,,2023-11-27 10:48:49,'2023-11-27 10:48:49'),Other,general,0,0,0
3224,1969435 Ontario Inc,,,2023-11-27 10:48:49,'2023-11-27 10:48:49'),Other,general,0,0,0
3225,Atlas Springbank Developments Ltd,,,2023-11-27 10:48:49,'2023-11-27 10:48:49'),Major Bank,general,0,0,0
3226,735757 Ontario Inc,,,2023-11-27 10:48:50,'2023-11-27 10:48:50'),Other,general,0,0,0
3227,1070149 Ontario Inc,,,2023-11-27 10:48:50,'2023-11-27 10:48:50'),Other,general,0,0,0
3228,3484 Dundas Street West Ltd,,,2023-11-27 10:48:50,'2023-11-27 10:48:50'),Major Bank,general,0,0,0
3229,Barrie Owen Bare Inc,,,2023-11-27 10:48:51,'2023-11-27 10:48:51'),Other,general,0,0,0
3230,Salhotra Investments Inc,,,2023-11-27 10:48:51,'2023-11-27 10:48:51'),Other,general,0,0,0
3231,5028625 Ontario Inc,,,2023-11-27 10:48:51,'2023-11-27 10:48:51'),Other,general,0,0,0
3232,C-1 Holdings Inc,,,2023-11-27 10:48:51,'2023-11-27 10:48:51'),Private Lender,general,0,0,0
3233,2112443 Ontario Ltd,,,2023-11-27 10:48:51,'2023-11-27 10:48:51'),Major Bank,general,0,0,0
3234,CVD Exeter Inc,,,2023-11-27 10:48:52,'2023-11-27 10:48:52'),Other,general,0,0,0
3235,1579669 Ontario Inc,,,2023-11-27 10:48:52,'2023-11-27 10:48:52'),Other,general,0,0,0
3236,2262230 Ontario Ltd,,,2023-11-27 10:48:53,'2023-11-27 10:48:53'),Major Bank,general,0,0,0
3237,Glen Echo Nurseries Inc,,,2023-11-27 10:48:53,'2023-11-27 10:48:53'),Other,general,0,0,0
3238,6035558 Canada Inc,,,2023-11-27 10:48:54,'2023-11-27 10:48:54'),Other,general,0,0,0
3239,Monarc Holdings Inc,,,2023-11-27 10:48:54,'2023-11-27 10:48:54'),Private Lender,general,0,0,0
3240,Medallion Developments (Pickering-Finch) Ltd,,,2023-11-27 10:48:54,'2023-11-27 10:48:54'),Major Bank,general,0,0,0
3241,1044927 Ontario Ltd,,,2023-11-27 10:48:54,'2023-11-27 10:48:54'),Major Bank,general,0,0,0
3242,2468816 Ontario Ltd,,,2023-11-27 10:48:55,'2023-11-27 10:48:55'),Major Bank,general,0,0,0
3243,RJM Farms Inc,,,2023-11-27 10:48:55,'2023-11-27 10:48:55'),Other,agricultural,0,0,0
3244,P Campagna Investments Ltd,,,2023-11-27 10:48:56,'2023-11-27 10:48:56'),Major Bank,general,0,0,0
3245,Gesasa Investments Inc,,,2023-11-27 10:48:56,'2023-11-27 10:48:56'),Other,general,0,0,0
3246,"WB Canada Partners IV SH, LLC",,,2023-11-27 10:48:56,'2023-11-27 10:48:56'),Other,general,0,0,0
3247,Woodbourne Canada IC GP ULC,,,2023-11-27 10:48:56,'2023-11-27 10:48:56'),Other,general,0,0,0
3248,WB Canada Partners IC (Int) GP Ltd,,,2023-11-27 10:48:56,'2023-11-27 10:48:56'),Major Bank,general,0,0,0
3249,Lakeshore Trails Inc,,,2023-11-27 10:48:57,'2023-11-27 10:48:57'),Other,general,0,0,0
3250,IW&amp;S Holdings Ltd,,,2023-11-27 10:48:57,'2023-11-27 10:48:57'),Major Bank,general,0,0,0
3251,1243661 Ontario Inc,,,2023-11-27 10:48:58,'2023-11-27 10:48:58'),Other,general,0,0,0
3252,JP Strong Enterprises Ltd,,,2023-11-27 10:48:58,'2023-11-27 10:48:58'),Major Bank,general,0,0,0
3253,2472789 Ontario Ltd,,,2023-11-27 10:48:58,'2023-11-27 10:48:58'),Major Bank,general,0,0,0
3254,1880724 Ontario Inc,,,2023-11-27 10:48:58,'2023-11-27 10:48:58'),Other,general,0,0,0
3255,1793904 Ontario Inc,,,2023-11-27 10:48:59,'2023-11-27 10:48:59'),Other,general,0,0,0
3256,1186468 Ontario Inc,,,2023-11-27 10:48:59,'2023-11-27 10:48:59'),Other,general,0,0,0
3257,Gadiwood Canada Inc,,,2023-11-27 10:49:00,'2023-11-27 10:49:00'),Other,general,0,0,0
3258,Kingsway Persian Rugs Inc,,,2023-11-27 10:49:00,'2023-11-27 10:49:00'),Other,general,0,0,0
3259,Church&#039;s Farm Supplies Ltd,,,2023-11-27 10:49:00,'2023-11-27 10:49:00'),Major Bank,agricultural,0,0,0
3260,Sentrix Financial Cor,,,2023-11-27 10:49:00,'2023-11-27 10:49:00'),Credit Union,general,0,0,0
3261,Purple Squeeze Inc,,,2023-11-27 10:49:00,'2023-11-27 10:49:00'),Other,general,0,0,0
3262,1435667 Ontario Inc and 5 other,,,2023-11-27 10:49:01,'2023-11-27 10:49:01'),Other,general,0,0,0
3263,Novacore (83 Elmsdale Drive) Inc,,,2023-11-27 10:49:01,'2023-11-27 10:49:01'),Other,general,0,0,0
3264,Business Development Bank of Company,,,2023-11-27 10:49:01,'2023-11-27 10:49:01'),Major Bank,general,0,0,0
3265,1984245 Ontario Inc,,,2023-11-27 10:49:01,'2023-11-27 10:49:01'),Other,general,0,0,0
3266,Kellwatt Ltd,,,2023-11-27 10:49:01,'2023-11-27 10:49:01'),Major Bank,general,0,0,0
3267,CMMR Holdings Inc,,,2023-11-27 10:49:01,'2023-11-27 10:49:01'),Private Lender,general,0,0,0
3268,Kersten&#039;s Grain Ltd,,,2023-11-27 10:49:02,'2023-11-27 10:49:02'),Major Bank,general,0,0,0
3269,Pineridge Developments Inc,,,2023-11-27 10:49:03,'2023-11-27 10:49:03'),Development Company,general,0,0,0
3270,873255 Ontario Ltd,,,2023-11-27 10:49:03,'2023-11-27 10:49:03'),Major Bank,general,0,0,0
3271,HarbourEdge Mortgage Investment Trustee Inc,,,2023-11-27 10:49:03,'2023-11-27 10:49:03'),Private Lender,residential,0,0,0
3272,1539339 Ontario Inc,,,2023-11-27 10:49:04,'2023-11-27 10:49:04'),Other,general,0,0,0
3273,Spencer Ellis Ltd,,,2023-11-27 10:49:04,'2023-11-27 10:49:04'),Major Bank,general,0,0,0
3274,Brovi Investments Ltd,,,2023-11-27 10:49:04,'2023-11-27 10:49:04'),Major Bank,general,0,0,0
3275,Fist Nations Bank of Canada,,,2023-11-27 10:49:06,'2023-11-27 10:49:06'),Major Bank,general,0,0,0
3276,1252020 Ontario Inc,,,2023-11-27 10:49:06,'2023-11-27 10:49:06'),Other,general,0,0,0
3277,2396459 Ontario Inc,,,2023-11-27 10:49:07,'2023-11-27 10:49:07'),Other,general,0,0,0
3278,2718700 Ontario Inc,,,2023-11-27 10:49:07,'2023-11-27 10:49:07'),Other,general,0,0,0
3279,US Financial Venture Group LLC,,,2023-11-27 10:49:07,'2023-11-27 10:49:07'),Credit Union,general,0,0,0
3280,Park Street Capital Ltd,,,2023-11-27 10:49:07,'2023-11-27 10:49:07'),Major Bank,general,0,0,0
3281,GAIA Development Ltd,,,2023-11-27 10:49:07,'2023-11-27 10:49:07'),Major Bank,general,0,0,0
3282,2630439 Ontario Inc,,,2023-11-27 10:49:07,'2023-11-27 10:49:07'),Other,general,0,0,0
3283,Power Development Cor,,,2023-11-27 10:49:08,'2023-11-27 10:49:08'),Development Company,general,0,0,0
3284,North American (Park Place North) Cor,,,2023-11-27 10:49:09,'2023-11-27 10:49:09'),Other,general,0,0,0
3285,65 Densley Holdings Inc,,,2023-11-27 10:49:09,'2023-11-27 10:49:09'),Private Lender,general,0,0,0
3286,Fernbrook Homes (Springwater) Ltd,,,2023-11-27 10:49:09,'2023-11-27 10:49:09'),Major Bank,general,0,0,0
3287,Vandyk-West Park Village Ltd,,,2023-11-27 10:49:09,'2023-11-27 10:49:09'),Major Bank,general,0,0,0
3288,WPC GP I Inc,,,2023-11-27 10:49:10,'2023-11-27 10:49:10'),Other,general,0,0,0
3289,1065253 Ontario Inc,,,2023-11-27 10:49:10,'2023-11-27 10:49:10'),Other,general,0,0,0
3290,12275601 Canada Inc and 5 other,,,2023-11-27 10:49:11,'2023-11-27 10:49:11'),Other,general,0,0,0
3291,GGFG Federal Cor,,,2023-11-27 10:49:11,'2023-11-27 10:49:11'),Other,general,0,0,0
3292,2811132 Ontario Inc,,,2023-11-27 10:49:11,'2023-11-27 10:49:11'),Other,general,0,0,0
3293,Maple Terrazo Marble &amp; Tile and 6 other,,,2023-11-27 10:49:12,'2023-11-27 10:49:12'),Other,general,0,0,0
3294,2181893 Ontario Inc,,,2023-11-27 10:49:12,'2023-11-27 10:49:12'),Other,general,0,0,0
3295,The Guarantee Company of North America,,,2023-11-27 10:49:13,'2023-11-27 10:49:13'),Other,general,0,0,0
3296,AVL Manufacturing Inc,,,2023-11-27 10:49:13,'2023-11-27 10:49:13'),Other,industrial,0,0,0
3297,2639786 Ontario Inc,,,2023-11-27 10:49:13,'2023-11-27 10:49:13'),Other,general,0,0,0
3298,2819152 Ontario Cor,,,2023-11-27 10:49:13,'2023-11-27 10:49:13'),Other,general,0,0,0
3299,Winona Park Developments Ltd,,,2023-11-27 10:49:13,'2023-11-27 10:49:13'),Major Bank,general,0,0,0
3300,Shacca Caledon Holdings Inc,,,2023-11-27 10:49:13,'2023-11-27 10:49:13'),Private Lender,general,0,0,0
3301,Tok Management Inc,,,2023-11-27 10:49:14,'2023-11-27 10:49:14'),Other,general,0,0,0
3302,2044632 Ontario Ltd,,,2023-11-27 10:49:14,'2023-11-27 10:49:14'),Major Bank,general,0,0,0
3303,Edmar Land Ltd,,,2023-11-27 10:49:14,'2023-11-27 10:49:14'),Major Bank,land,1,0,0
3304,2252230 Ontario Inc,,,2023-11-27 10:49:14,'2023-11-27 10:49:14'),Other,general,0,0,0
3305,5008545 Ontario Inc,,,2023-11-27 10:49:14,'2023-11-27 10:49:14'),Other,general,0,0,0
3306,2440035 Ontario Inc,,,2023-11-27 10:49:14,'2023-11-27 10:49:14'),Other,general,0,0,0
3307,1894377 Ontario Inc,,,2023-11-27 10:49:15,'2023-11-27 10:49:15'),Other,general,0,0,0
3308,1044690 Ontario Ltd,,,2023-11-27 10:49:15,'2023-11-27 10:49:15'),Major Bank,general,0,0,0
3309,1044960 Ontario Ltd,,,2023-11-27 10:49:15,'2023-11-27 10:49:15'),Major Bank,general,0,0,0
3310,2534726 Ontario Inc,,,2023-11-27 10:49:16,'2023-11-27 10:49:16'),Other,general,0,0,0
3311,Wm A Chesney &amp; Sons Ltd,,,2023-11-27 10:49:16,'2023-11-27 10:49:16'),Major Bank,general,0,0,0
3312,994333 Ontario Inc,,,2023-11-27 10:49:17,'2023-11-27 10:49:17'),Other,general,0,0,0
3313,West Country Milton Properties Ltd,,,2023-11-27 10:49:17,'2023-11-27 10:49:17'),Major Bank,general,0,0,0
3314,1666 Bloor Street East (Clarington) Inc,,,2023-11-27 10:49:18,'2023-11-27 10:49:18'),Other,general,0,0,0
3315,Rick Rickey Ricardo Hospitality Ltd,,,2023-11-27 10:49:20,'2023-11-27 10:49:20'),Major Bank,hospitality,0,0,0
3316,Smasha Inc,,,2023-11-27 10:49:21,'2023-11-27 10:49:21'),Other,general,0,0,0
3317,Sylvan Land &amp; Building Cor,,,2023-11-27 10:49:21,'2023-11-27 10:49:21'),Other,land,1,0,0
3318,Asphodel Enterprises Ltd,,,2023-11-27 10:49:21,'2023-11-27 10:49:21'),Major Bank,general,0,0,0
3319,Roman Catholic Episcopal Corporation for,,,2023-11-27 10:49:22,'2023-11-27 10:49:22'),Other,general,0,0,0
3320,Gaston Enterprises Inc,,,2023-11-27 10:49:22,'2023-11-27 10:49:22'),Other,general,0,0,0
3321,Romulan Enterprises Inc,,,2023-11-27 10:49:23,'2023-11-27 10:49:23'),Other,general,0,0,0
3322,Likfair Enterprises Ltd,,,2023-11-27 10:49:23,'2023-11-27 10:49:23'),Major Bank,general,0,0,0
3323,2515487 Ontario Ltd,,,2023-11-27 10:49:23,'2023-11-27 10:49:23'),Major Bank,general,0,0,0
3324,Rathcliffe Capital Grou,,,2023-11-27 10:49:23,'2023-11-27 10:49:23'),Private Lender,general,0,0,0
3325,Lighthouse Waterfronts Inc,,,2023-11-27 10:49:23,'2023-11-27 10:49:23'),Other,general,0,0,0
3326,Angel Uniform Ltd,,,2023-11-27 10:49:24,'2023-11-27 10:49:24'),Major Bank,general,0,0,0
3327,2169462 Ontario Ltd,,,2023-11-27 10:49:24,'2023-11-27 10:49:24'),Major Bank,general,0,0,0
3328,2487586 Ontario Inc,,,2023-11-27 10:49:24,'2023-11-27 10:49:24'),Other,general,0,0,0
3329,1079283 Ontario Inc,,,2023-11-27 10:49:24,'2023-11-27 10:49:24'),Other,general,0,0,0
3330,Hillmount Capital Mortgage Holding,,,2023-11-27 10:49:25,'2023-11-27 10:49:25'),Private Lender,residential,0,0,0
3331,Puslinch Property Investment Inc,,,2023-11-27 10:49:25,'2023-11-27 10:49:25'),Development Company,general,0,0,0
3332,1904862 Ontario Inc,,,2023-11-27 10:49:25,'2023-11-27 10:49:25'),Other,general,0,0,0
3333,South Bouffard Land Development Inc,,,2023-11-27 10:49:26,'2023-11-27 10:49:26'),Development Company,land,1,0,0
3334,Marianos Holdings Inc,,,2023-11-27 10:49:26,'2023-11-27 10:49:26'),Private Lender,general,0,0,0
3335,K-Team Holdings Inc,,,2023-11-27 10:49:26,'2023-11-27 10:49:26'),Private Lender,general,0,0,0
3336,Stoney Creek Centre Inc,,,2023-11-27 10:49:27,'2023-11-27 10:49:27'),Other,commercial,0,0,1
3337,Peel Exterior Maintenance Inc,,,2023-11-27 10:49:27,'2023-11-27 10:49:27'),Other,general,0,0,0
3338,13009009 Canada Inc,,,2023-11-27 10:49:27,'2023-11-27 10:49:27'),Other,general,0,0,0
3339,2784011 Ontario Inc,,,2023-11-27 10:49:27,'2023-11-27 10:49:27'),Other,general,0,0,0
3340,Toronto Measuring Equipment Inc,,,2023-11-27 10:49:28,'2023-11-27 10:49:28'),Other,general,0,0,0
3341,Mar-Car Management Ltd,,,2023-11-27 10:49:28,'2023-11-27 10:49:28'),Major Bank,general,0,0,0
3342,Caisse Desjardins de Riviere-des-Prairie,,,2023-11-27 10:49:28,'2023-11-27 10:49:28'),Credit Union,general,0,0,0
3343,Business Development Bank Canada,,,2023-11-27 10:49:28,'2023-11-27 10:49:28'),Major Bank,general,0,0,0
3344,1891211 Ontario Ltd,,,2023-11-27 10:49:29,'2023-11-27 10:49:29'),Major Bank,general,0,0,0
3345,8341443 Canada Inc,,,2023-11-27 10:49:30,'2023-11-27 10:49:30'),Other,general,0,0,0
3346,2463396 Ontario Inc,,,2023-11-27 10:49:31,'2023-11-27 10:49:31'),Other,general,0,0,0
3347,Sonoma Homes Inc,,,2023-11-27 10:49:31,'2023-11-27 10:49:31'),Other,general,0,0,0
3348,1687444 Ontario Ltd,,,2023-11-27 10:49:32,'2023-11-27 10:49:32'),Major Bank,general,0,0,0
3349,HF Toronto (Weston Road) LP,,,2023-11-27 10:49:32,'2023-11-27 10:49:32'),Other,general,0,0,0
3350,Grace Restoration International Ministrie,,,2023-11-27 10:49:32,'2023-11-27 10:49:32'),Other,general,0,0,0
3351,1134767 Ontario Inc,,,2023-11-28 14:57:36,'2023-11-28 14:57:36'),Other,general,0,0,0
3352,1384341 Ontario Ltd,,,2023-11-28 14:57:37,'2023-11-28 14:57:37'),Major Bank,general,0,0,0
3353,The University of St Michael&#039;s College,,,2023-11-28 14:57:37,'2023-11-28 14:57:37'),Private Lender,general,0,0,0
3354,1641911 Ontario Ltd,,,2023-11-28 14:57:37,'2023-11-28 14:57:37'),Major Bank,general,0,0,0
3355,787290 Ontario Inc,,,2023-11-28 14:57:37,'2023-11-28 14:57:37'),Other,general,0,0,0
3356,Georgian Villas Inc,,,2023-11-28 14:57:37,'2023-11-28 14:57:37'),Other,general,0,0,0
3357,Norman Russell,,,2023-11-28 14:57:37,'2023-11-28 14:57:37'),Other,general,0,0,0
3358,James Mackey,,,2023-11-28 14:57:38,'2023-11-28 14:57:38'),Other,general,0,0,0
3359,John Alexandri,,,2023-11-28 14:57:38,'2023-11-28 14:57:38'),Other,general,0,0,0
3360,Carevest Capital Inc,,,2023-11-28 14:57:38,'2023-11-28 14:57:38'),Private Lender,general,0,0,0
3361,Terrence Reiber,,,2023-11-28 14:57:38,'2023-11-28 14:57:38'),Other,general,0,0,0
3362,Westbrook Greenhouses Ltd,,,2023-11-28 14:57:38,'2023-11-28 14:57:38'),Major Bank,general,0,0,0
3363,Caisse Populaire Lasalle Inc,,,2023-11-28 14:57:38,'2023-11-28 14:57:38'),Credit Union,general,0,0,0
3364,Huntingwood Homes Ltd,,,2023-11-28 14:57:38,'2023-11-28 14:57:38'),Major Bank,general,0,0,0
3365,603794 Ontario Ltd,,,2023-11-28 14:57:38,'2023-11-28 14:57:38'),Major Bank,general,0,0,0
3366,Seymour Mender,,,2023-11-28 14:57:38,'2023-11-28 14:57:38'),Other,general,0,0,0
3367,1633806 Ontario Inc,,,2023-11-28 14:57:38,'2023-11-28 14:57:38'),Other,general,0,0,0
3368,2BRNOT2B Holdings Inc,,,2023-11-28 14:57:38,'2023-11-28 14:57:38'),Private Lender,general,0,0,0
3369,Janet Hilso,,,2023-11-28 14:57:38,'2023-11-28 14:57:38'),Other,general,0,0,0
3370,Breck Capital Inc,,,2023-11-28 14:57:38,'2023-11-28 14:57:38'),Private Lender,general,0,0,0
3371,No 161 Corporate Ventures Ltd,,,2023-11-28 14:57:38,'2023-11-28 14:57:38'),Major Bank,general,0,0,0
3372,Molinaro Group Inc,,,2023-11-28 14:57:39,'2023-11-28 14:57:39'),Other,general,0,0,0
3373,Amica (Thornhill) Inc,,,2023-11-28 14:57:39,'2023-11-28 14:57:39'),Private Lender,general,0,0,0
3374,Dompol Enterprises Inc,,,2023-11-28 14:57:39,'2023-11-28 14:57:39'),Other,general,0,0,0
3375,477473 BC Ltd,,,2023-11-28 14:57:39,'2023-11-28 14:57:39'),Major Bank,general,0,0,0
3376,Traditional Neighbourhood Developments Inc,,,2023-11-28 14:57:39,'2023-11-28 14:57:39'),Development Company,general,0,0,0
3377,Netin Telecommunications Ltd,,,2023-11-28 14:57:39,'2023-11-28 14:57:39'),Major Bank,general,0,0,0
3378,2111561 Ontario Inc,,,2023-11-28 14:57:39,'2023-11-28 14:57:39'),Other,general,0,0,0
3379,6212484 Canada Inc,,,2023-11-28 14:57:39,'2023-11-28 14:57:39'),Other,general,0,0,0
3380,Queen&#039;s Court Developments Ltd,,,2023-11-28 14:57:40,'2023-11-28 14:57:40'),Major Bank,general,0,0,0
3381,752401 Ontario Inc,,,2023-11-28 14:57:40,'2023-11-28 14:57:40'),Other,general,0,0,0
3382,Mandarino Holdings Inc,,,2023-11-28 14:57:43,'2023-11-28 14:57:43'),Private Lender,general,0,0,0
3383,2288865 Ontario Inc,,,2023-11-28 14:57:43,'2023-11-28 14:57:43'),Other,general,0,0,0
3384,TTK Services Inc,,,2023-11-28 14:57:43,'2023-11-28 14:57:43'),Other,general,0,0,0
3385,BWDK Holdings Inc,,,2023-11-28 14:57:43,'2023-11-28 14:57:43'),Private Lender,general,0,0,0
3386,1857308 Ontario Inc,,,2023-11-28 14:57:43,'2023-11-28 14:57:43'),Other,general,0,0,0
3387,HBNG Realty Inc,,,2023-11-28 14:57:43,'2023-11-28 14:57:43'),Other,general,0,0,0
3388,Andrich Developments Ltd,,,2023-11-28 14:57:43,'2023-11-28 14:57:43'),Major Bank,general,0,0,0
3389,1404580 Ontario Inc,,,2023-11-28 14:57:43,'2023-11-28 14:57:43'),Other,general,0,0,0
3390,1691126 Ontario Inc,,,2023-11-28 14:57:43,'2023-11-28 14:57:43'),Other,general,0,0,0
3391,HarbourEdge Mortgage Investment Cor,,,2023-11-28 14:57:43,'2023-11-28 14:57:43'),Private Lender,residential,0,0,0
3392,Caisse Desjardins du Temiscamingue,,,2023-11-28 14:57:43,'2023-11-28 14:57:43'),Credit Union,general,0,0,0
3393,Max and Greta Holdings Inc,,,2023-11-28 14:57:43,'2023-11-28 14:57:43'),Private Lender,general,0,0,0
3394,Bilnia Investments Ltd,,,2023-11-28 14:57:44,'2023-11-28 14:57:44'),Major Bank,general,0,0,0
3395,Patricia Stephenso,,,2023-11-28 14:57:44,'2023-11-28 14:57:44'),Other,general,0,0,0
3396,Niot Investment Holdings Ltd,,,2023-11-28 14:57:44,'2023-11-28 14:57:44'),Major Bank,general,0,0,0
3397,Fonthill Properties ULC,,,2023-11-28 14:57:44,'2023-11-28 14:57:44'),Development Company,general,0,0,0
3398,Digram Developments Inc,,,2023-11-28 14:57:44,'2023-11-28 14:57:44'),Development Company,general,0,0,0
3399,379003 Ontario Ltd,,,2023-11-28 14:57:44,'2023-11-28 14:57:44'),Major Bank,general,0,0,0
3400,Aspen Acquisiton Inc,,,2023-11-28 14:57:44,'2023-11-28 14:57:44'),Other,general,0,0,0
3401,Katherine Mitchell-Mabilia,,,2023-11-28 14:57:44,'2023-11-28 14:57:44'),Other,general,0,0,0
3402,601 Investments Inc,,,2023-11-28 14:57:44,'2023-11-28 14:57:44'),Other,general,0,0,0
3403,Loa-De-Mere Farms Ltd,,,2023-11-28 14:57:45,'2023-11-28 14:57:45'),Major Bank,agricultural,0,0,0
3404,2210240 Ontario Inc,,,2023-11-28 14:57:45,'2023-11-28 14:57:45'),Other,general,0,0,0
3405,Derek Sorrenti,,,2023-11-28 14:57:45,'2023-11-28 14:57:45'),Other,general,0,0,0
3406,Ballantry (Markham Gardens) Inc,,,2023-11-28 14:57:45,'2023-11-28 14:57:45'),Other,general,0,0,0
3407,1867470 Ontario Inc,,,2023-11-28 14:57:45,'2023-11-28 14:57:45'),Other,general,0,0,0
3408,2118676 Ontario Ltd,,,2023-11-28 14:57:45,'2023-11-28 14:57:45'),Major Bank,general,0,0,0
3409,The Parliament Apartment Cor,,,2023-11-28 14:57:45,'2023-11-28 14:57:45'),Other,general,0,0,0
3410,Otto Dobisek,,,2023-11-28 14:57:46,'2023-11-28 14:57:46'),Other,general,0,0,0
3411,Ken Gold,,,2023-11-28 14:57:46,'2023-11-28 14:57:46'),Other,general,0,0,0
3412,Bayview Mortgage Servicer Inc,,,2023-11-28 14:57:46,'2023-11-28 14:57:46'),Other,residential,0,0,0
3413,Equity Finance One Cor,,,2023-11-28 14:57:46,'2023-11-28 14:57:46'),Other,general,0,0,0
3414,1299253 Ontario Ltd,,,2023-11-28 14:57:46,'2023-11-28 14:57:46'),Major Bank,general,0,0,0
3415,Robert &amp; David Cha,,,2023-11-28 14:57:46,'2023-11-28 14:57:46'),Other,general,0,0,0
3416,Dovcom Realty Inc,,,2023-11-28 14:57:46,'2023-11-28 14:57:46'),Other,general,0,0,0
3417,MMS Investment Inc,,,2023-11-28 14:57:47,'2023-11-28 14:57:47'),Other,general,0,0,0
3418,1603 Eglinton Avenue West Inc,,,2023-11-28 14:57:47,'2023-11-28 14:57:47'),Other,general,0,0,0
3419,2317601 Ontario Ltd,,,2023-11-28 14:57:47,'2023-11-28 14:57:47'),Major Bank,general,0,0,0
3420,Gucciardi Holdings Inc,,,2023-11-28 14:57:47,'2023-11-28 14:57:47'),Private Lender,general,0,0,0
3421,Mackenzie Builders &amp; Developers Ltd,,,2023-11-28 14:57:47,'2023-11-28 14:57:47'),Major Bank,general,0,0,0
3422,Sandro Formica,,,2023-11-28 14:57:48,'2023-11-28 14:57:48'),Private Lender,general,0,0,0
3423,1231025 Ontario Ltd,,,2023-11-28 14:57:48,'2023-11-28 14:57:48'),Major Bank,general,0,0,0
3424,T3 Investments Ltd,,,2023-11-28 14:57:48,'2023-11-28 14:57:48'),Major Bank,general,0,0,0
3425,Ronald &amp; Carol Prior,,,2023-11-28 14:57:48,'2023-11-28 14:57:48'),Other,general,0,0,0
3426,Moloney Project Development Cor,,,2023-11-28 14:57:48,'2023-11-28 14:57:48'),Development Company,general,0,0,0
3427,Houchaimi Holdings Inc,,,2023-11-28 14:57:48,'2023-11-28 14:57:48'),Private Lender,general,0,0,0
3428,Maria &amp; Salvatore Ranieri,,,2023-11-28 14:57:48,'2023-11-28 14:57:48'),Other,general,0,0,0
3429,King David Inc,,,2023-11-28 14:57:48,'2023-11-28 14:57:48'),Other,general,0,0,0
3430,2265450 Ontario Inc,,,2023-11-28 14:57:48,'2023-11-28 14:57:48'),Other,general,0,0,0
3431,A Mantella &amp; Sons Ltd,,,2023-11-28 14:57:49,'2023-11-28 14:57:49'),Major Bank,general,0,0,0
3432,Ginadom Investments Inc,,,2023-11-28 14:57:49,'2023-11-28 14:57:49'),Other,general,0,0,0
3433,Victoriaview North Developments Inc,,,2023-11-28 14:57:49,'2023-11-28 14:57:49'),Development Company,general,0,0,0
3434,1647994 Ontario Inc,,,2023-11-28 14:57:49,'2023-11-28 14:57:49'),Other,general,0,0,0
3435,McMud Holdings Inc,,,2023-11-28 14:57:49,'2023-11-28 14:57:49'),Private Lender,general,0,0,0
3436,JR Wagner Realty Ltd,,,2023-11-28 14:57:49,'2023-11-28 14:57:49'),Major Bank,general,0,0,0
3437,Earth Park Developments Inc,,,2023-11-28 14:57:49,'2023-11-28 14:57:49'),Development Company,general,0,0,0
3438,Terra Gold Properties (Pickering) Inc,,,2023-11-28 14:57:50,'2023-11-28 14:57:50'),Development Company,general,0,0,0
3439,Monarch Cor,,,2023-11-28 14:57:50,'2023-11-28 14:57:50'),Other,general,0,0,0
3440,Karl-Josef Maier,,,2023-11-28 14:57:50,'2023-11-28 14:57:50'),Other,general,0,0,0
3441,Richson Properties Ltd,,,2023-11-28 14:57:50,'2023-11-28 14:57:50'),Major Bank,general,0,0,0
3442,Neighbourhoods of Windfields Ltd,,,2023-11-28 14:57:51,'2023-11-28 14:57:51'),Major Bank,general,0,0,0
3443,On The Lakes Estates Inc,,,2023-11-28 14:57:51,'2023-11-28 14:57:51'),Other,general,0,0,0
3444,P Culotta and Co Ltd,,,2023-11-28 14:57:51,'2023-11-28 14:57:51'),Major Bank,general,0,0,0
3445,Countryside Living Investments Co,,,2023-11-28 14:57:51,'2023-11-28 14:57:51'),Other,general,0,0,0
3446,Bridal Path Lane Ltd,,,2023-11-28 14:57:51,'2023-11-28 14:57:51'),Major Bank,general,0,0,0
3447,Terwol Developments Ltd,,,2023-11-28 14:57:51,'2023-11-28 14:57:51'),Major Bank,general,0,0,0
3448,Putica Holdings Inc,,,2023-11-28 14:57:52,'2023-11-28 14:57:52'),Private Lender,general,0,0,0
3449,174496 Ontario Ltd,,,2023-11-28 14:57:52,'2023-11-28 14:57:52'),Major Bank,general,0,0,0
3450,HJoseph Triumbari Investments Ltd,,,2023-11-28 14:57:52,'2023-11-28 14:57:52'),Major Bank,general,0,0,0
3451,Stanley Korosec Jr,,,2023-11-28 14:57:52,'2023-11-28 14:57:52'),Other,general,0,0,0
3452,609871 Ontario Inc,,,2023-11-28 14:57:52,'2023-11-28 14:57:52'),Other,general,0,0,0
3453,Yogesh &amp; Rita Shah,,,2023-11-28 14:57:52,'2023-11-28 14:57:52'),Other,general,0,0,0
3454,1369574 Ontario Ltd,,,2023-11-28 14:57:53,'2023-11-28 14:57:53'),Major Bank,general,0,0,0
3455,Incus Holdings Ltd,,,2023-11-28 14:57:53,'2023-11-28 14:57:53'),Major Bank,general,0,0,0
3456,2117988 Ontario Inc,,,2023-11-28 14:57:53,'2023-11-28 14:57:53'),Other,general,0,0,0
3457,589915 Ontario Ltd,,,2023-11-28 14:57:53,'2023-11-28 14:57:53'),Major Bank,general,0,0,0
3458,Brookfield Homes (Ontario) Ltd,,,2023-11-28 14:57:53,'2023-11-28 14:57:53'),Major Bank,general,0,0,0
3459,Loring Developments Ltd,,,2023-11-28 14:57:53,'2023-11-28 14:57:53'),Major Bank,general,0,0,0
3460,Urbancorp (Lawrence) Inc,,,2023-11-28 14:57:54,'2023-11-28 14:57:54'),Other,general,0,0,0
3461,EMK Construction Ltd,,,2023-11-28 14:57:54,'2023-11-28 14:57:54'),Major Bank,construction,0,1,0
3462,Manaman Centre Inc,,,2023-11-28 14:57:54,'2023-11-28 14:57:54'),Other,general,0,0,0
3463,Build Toronto Holdings (Bicknell) Inc,,,2023-11-28 14:57:55,'2023-11-28 14:57:55'),Private Lender,general,0,0,0
3464,BLZ Developments Inc,,,2023-11-28 14:57:55,'2023-11-28 14:57:55'),Development Company,general,0,0,0
3465,Alfin Financial Cor,,,2023-11-28 14:57:55,'2023-11-28 14:57:55'),Credit Union,general,0,0,0
3466,Joseph Sipocz Construction Ltd,,,2023-11-28 14:57:55,'2023-11-28 14:57:55'),Major Bank,construction,0,1,0
3467,Ivan Biuk Construction Ltd,,,2023-11-28 14:57:56,'2023-11-28 14:57:56'),Major Bank,construction,0,1,0
3468,Collegeway International Investments Inc,,,2023-11-28 14:57:56,'2023-11-28 14:57:56'),Other,general,0,0,0
3469,Applecore Investments Inc,,,2023-11-28 14:57:56,'2023-11-28 14:57:56'),Other,general,0,0,0
3470,Sifton Properties Ltd,,,2023-11-28 14:57:56,'2023-11-28 14:57:56'),Major Bank,general,0,0,0
3471,Bill &amp; Vito Service Ltd,,,2023-11-28 14:57:56,'2023-11-28 14:57:56'),Major Bank,general,0,0,0
3472,3773001 Canada Inc,,,2023-11-28 14:57:56,'2023-11-28 14:57:56'),Other,general,0,0,0
3473,First Mortgage Administration Cor,,,2023-11-28 14:57:56,'2023-11-28 14:57:56'),Other,residential,0,0,0
3474,Downing Street Realty Fund No V Ltd,,,2023-11-28 14:57:56,'2023-11-28 14:57:56'),Major Bank,general,0,0,0
3475,Home Towns Four Inc,,,2023-11-28 14:57:56,'2023-11-28 14:57:56'),Other,general,0,0,0
3476,Foremost Mortgage Holdings Cor,,,2023-11-28 14:57:57,'2023-11-28 14:57:57'),Private Lender,residential,0,0,0
3477,First Mortgage Adminstration Cor,,,2023-11-28 14:57:57,'2023-11-28 14:57:57'),Other,residential,0,0,0
3478,Patterson Properties Cor,,,2023-11-28 14:57:57,'2023-11-28 14:57:57'),Development Company,general,0,0,0
3479,Activa Holdings Inc,,,2023-11-28 14:57:58,'2023-11-28 14:57:58'),Private Lender,general,0,0,0
3480,7801718 Canada Inc,,,2023-11-28 14:57:58,'2023-11-28 14:57:58'),Other,general,0,0,0
3481,Sedona Lifestyles (VIPR) Inc,,,2023-11-28 14:57:59,'2023-11-28 14:57:59'),Insurance Company,general,0,0,0
3482,Jordon Enterprises Inc,,,2023-11-28 14:57:59,'2023-11-28 14:57:59'),Other,general,0,0,0
3483,2428397 Ontario Ltd,,,2023-11-28 14:57:59,'2023-11-28 14:57:59'),Major Bank,general,0,0,0
3484,Dongxin Investment Inc,,,2023-11-28 14:57:59,'2023-11-28 14:57:59'),Other,general,0,0,0
3485,Cal-Keele Developments Inc,,,2023-11-28 14:57:59,'2023-11-28 14:57:59'),Development Company,general,0,0,0
3486,Daylan Holdings Inc,,,2023-11-28 14:57:59,'2023-11-28 14:57:59'),Private Lender,general,0,0,0
3487,1602258 Ontario Ltd,,,2023-11-28 14:57:59,'2023-11-28 14:57:59'),Major Bank,general,0,0,0
3488,Victoria Wood (Arkell) Ltd,,,2023-11-28 14:57:59,'2023-11-28 14:57:59'),Major Bank,general,0,0,0
3489,Tesch Development Inc,,,2023-11-28 14:58:00,'2023-11-28 14:58:00'),Development Company,general,0,0,0
3490,Travelers Insurance Co of Canada,,,2023-11-28 14:58:00,'2023-11-28 14:58:00'),Insurance Company,general,0,0,0
3491,Millwick Acquisition Cor,,,2023-11-28 14:58:00,'2023-11-28 14:58:00'),Other,general,0,0,0
3492,2292394 Ontario Inc,,,2023-11-28 14:58:01,'2023-11-28 14:58:01'),Other,general,0,0,0
3493,Montblanc Clearview Townhomes Inc,,,2023-11-28 14:58:01,'2023-11-28 14:58:01'),Other,general,0,0,0
3494,Head Construction and Supply Co Ltd,,,2023-11-28 14:58:01,'2023-11-28 14:58:01'),Major Bank,construction,0,1,0
3495,John Hamilto,,,2023-11-28 14:58:01,'2023-11-28 14:58:01'),Other,general,0,0,0
3496,Silwell Developments Ltd,,,2023-11-28 14:58:01,'2023-11-28 14:58:01'),Major Bank,general,0,0,0
3497,1830334 Ontario Ltd,,,2023-11-28 14:58:02,'2023-11-28 14:58:02'),Major Bank,general,0,0,0
3498,Northwest Brampton Development Inc,,,2023-11-28 14:58:02,'2023-11-28 14:58:02'),Development Company,general,0,0,0
3499,The Carfa Group Inc,,,2023-11-28 14:58:02,'2023-11-28 14:58:02'),Other,general,0,0,0
3500,Foxport Holdings Inc,,,2023-11-28 14:58:02,'2023-11-28 14:58:02'),Private Lender,general,0,0,0
3501,Sorrenti Law Professional Cor,,,2023-11-28 14:58:02,'2023-11-28 14:58:02'),Other,general,0,0,0
3502,Draycott Investments Ltd,,,2023-11-28 14:58:02,'2023-11-28 14:58:02'),Major Bank,general,0,0,0
3503,Zephyr Investments Inc,,,2023-11-28 14:58:02,'2023-11-28 14:58:02'),Other,general,0,0,0
3504,Foxhollow Developments Inc,,,2023-11-28 14:58:02,'2023-11-28 14:58:02'),Development Company,general,0,0,0
3505,1536708 Ontario Inc,,,2023-11-28 14:58:03,'2023-11-28 14:58:03'),Other,general,0,0,0
3506,COB GP Inc,,,2023-11-28 14:58:03,'2023-11-28 14:58:03'),Other,general,0,0,0
3507,Ogden-Lake Developments Inc,,,2023-11-28 14:58:03,'2023-11-28 14:58:03'),Development Company,general,0,0,0
3508,Hooneycut Land Inc,,,2023-11-28 14:58:03,'2023-11-28 14:58:03'),Other,land,1,0,0
3509,Forest Bay Homes Ltd,,,2023-11-28 14:58:03,'2023-11-28 14:58:03'),Major Bank,general,0,0,0
3510,Windsor Private Capital Inc,,,2023-11-28 14:58:03,'2023-11-28 14:58:03'),Private Lender,general,0,0,0
3511,Gilles Nadeau &amp; 10 other,,,2023-11-28 14:58:03,'2023-11-28 14:58:03'),Other,general,0,0,0
3512,CAPREIT GP Inc,,,2023-11-28 14:58:03,'2023-11-28 14:58:03'),Other,general,0,0,0
3513,Camlane Holdings Inc,,,2023-11-28 14:58:03,'2023-11-28 14:58:03'),Private Lender,general,0,0,0
3514,Chedoke Health Cor,,,2023-11-28 14:58:04,'2023-11-28 14:58:04'),Other,general,0,0,0
3515,1855921 Ontario Ltd,,,2023-11-28 14:58:04,'2023-11-28 14:58:04'),Major Bank,general,0,0,0
3516,Donald &amp; Marilyn Humberstone,,,2023-11-28 14:58:04,'2023-11-28 14:58:04'),Other,general,0,0,0
3517,Philip Delic,,,2023-11-28 14:58:04,'2023-11-28 14:58:04'),Other,general,0,0,0
3518,Zepure Belushi,,,2023-11-28 14:58:04,'2023-11-28 14:58:04'),Other,general,0,0,0
3519,Olimpia Del Zotto,,,2023-11-28 14:58:04,'2023-11-28 14:58:04'),Other,general,0,0,0
3520,Crial Holdings Ltd,,,2023-11-28 14:58:04,'2023-11-28 14:58:04'),Major Bank,general,0,0,0
3521,Calogera &amp; Filippo Cimino,,,2023-11-28 14:58:05,'2023-11-28 14:58:05'),Other,general,0,0,0
3522,Robert &amp; Lucie Pillot,,,2023-11-28 14:58:05,'2023-11-28 14:58:05'),Other,general,0,0,0
3523,Remsis Ltd,,,2023-11-28 14:58:05,'2023-11-28 14:58:05'),Major Bank,general,0,0,0
3524,Murray Township Farms Ltd,,,2023-11-28 14:58:08,'2023-11-28 14:58:08'),Major Bank,agricultural,0,0,0
3525,Bonarrow Developments Inc,,,2023-11-28 14:58:09,'2023-11-28 14:58:09'),Development Company,general,0,0,0
3526,Hunt Club Valley Inc,,,2023-11-28 14:58:10,'2023-11-28 14:58:10'),Other,general,0,0,0
3527,Hert Inc,,,2023-11-28 14:58:10,'2023-11-28 14:58:10'),Other,general,0,0,0
3528,Hallman Construction Ld,,,2023-11-28 14:58:10,'2023-11-28 14:58:10'),Other,construction,0,1,0
3529,2519314 Ontario Ltd,,,2023-11-28 14:58:11,'2023-11-28 14:58:11'),Major Bank,general,0,0,0
3530,Archigraph Development Inc,,,2023-11-28 14:58:11,'2023-11-28 14:58:11'),Development Company,general,0,0,0
3531,Am-Stat Cor,,,2023-11-28 14:58:11,'2023-11-28 14:58:11'),Other,general,0,0,0
3532,Core Mortgage Cor,,,2023-11-28 14:58:11,'2023-11-28 14:58:11'),Other,residential,0,0,0
3533,Platinum Investment Group Inc,,,2023-11-28 14:58:11,'2023-11-28 14:58:11'),Other,general,0,0,0
3534,Maplequest (Vaughan) Developments Inc,,,2023-11-28 14:58:11,'2023-11-28 14:58:11'),Development Company,general,0,0,0
3535,Jabac Holdings Inc,,,2023-11-28 14:58:11,'2023-11-28 14:58:11'),Private Lender,general,0,0,0
3536,2459052 Ontario Ltd,,,2023-11-28 14:58:11,'2023-11-28 14:58:11'),Major Bank,general,0,0,0
3537,Jaekel Capital INc,,,2023-11-28 14:58:12,'2023-11-28 14:58:12'),Private Lender,general,0,0,0
3538,Ty Corp Investments Inc,,,2023-11-28 14:58:12,'2023-11-28 14:58:12'),Other,general,0,0,0
3539,Garfinkle Biderman LLP,,,2023-11-28 14:58:12,'2023-11-28 14:58:12'),Other,general,0,0,0
3540,Tri-S (1992) Inc,,,2023-11-28 14:58:12,'2023-11-28 14:58:12'),Other,general,0,0,0
3541,V Grossi Group Inc,,,2023-11-28 14:58:12,'2023-11-28 14:58:12'),Other,general,0,0,0
3542,General Electric Canada Real Estate Finance Inc,,,2023-11-30 12:57:05,'2023-11-30 12:57:05'),Other,general,0,0,0
3543,IF Propco Holdings (Ontario) 16 Ltd,,,2023-11-30 12:57:05,'2023-11-30 12:57:05'),Major Bank,general,0,0,0
3544,North York (Keele St) Purchaseco Inc,,,2023-11-30 12:57:05,'2023-11-30 12:57:05'),Other,general,0,0,0
3545,Niagara Credit Union Ltd,,,2023-11-30 12:57:05,'2023-11-30 12:57:05'),Major Bank,commercial,0,0,1
3546,Major Wolfe Holdings Inc,,,2023-11-30 12:57:09,'2023-11-30 12:57:09'),Private Lender,general,0,0,0
3547,Funds International Inc,,,2023-11-30 12:57:09,'2023-11-30 12:57:09'),Other,general,0,0,0
3548,Ldask MBC Cor,,,2023-11-30 12:57:09,'2023-11-30 12:57:09'),Other,general,0,0,0
3549,Urbancore Developments (440 Victoria) Inc,,,2023-11-30 12:57:09,'2023-11-30 12:57:09'),Development Company,general,0,0,0
3550,1401237 Ontario Ltd,,,2023-11-30 12:57:09,'2023-11-30 12:57:09'),Major Bank,general,0,0,0
3551,1984281 Ontario Inc,,,2023-11-30 12:57:09,'2023-11-30 12:57:09'),Other,general,0,0,0
3552,Madeleine Blanchard Holdings Inc,,,2023-11-30 12:57:09,'2023-11-30 12:57:09'),Private Lender,general,0,0,0
3553,Peter Quiring Holdings Inc,,,2023-11-30 12:57:10,'2023-11-30 12:57:10'),Private Lender,general,0,0,0
3554,2554977 Ontario Inc,,,2023-11-30 12:57:10,'2023-11-30 12:57:10'),Other,general,0,0,0
3555,STM Pallet Company Inc,,,2023-11-30 12:57:10,'2023-11-30 12:57:10'),Other,general,0,0,0
3556,AE Ling Ltd,,,2023-11-30 12:57:10,'2023-11-30 12:57:10'),Major Bank,general,0,0,0
3557,1598226 Ontario Inc,,,2023-11-30 12:57:10,'2023-11-30 12:57:10'),Other,general,0,0,0
3558,2601597 Ontario Ltd,,,2023-11-30 12:57:10,'2023-11-30 12:57:10'),Major Bank,general,0,0,0
3559,Jotam Holdings Ltd,,,2023-11-30 12:57:10,'2023-11-30 12:57:10'),Major Bank,general,0,0,0
3560,Hopco Holdings Inc,,,2023-11-30 12:57:11,'2023-11-30 12:57:11'),Private Lender,general,0,0,0
3561,2506554 Ontario Inc,,,2023-11-30 12:57:11,'2023-11-30 12:57:11'),Other,general,0,0,0
3562,Daniels Lion Cor,,,2023-11-30 12:57:11,'2023-11-30 12:57:11'),Other,general,0,0,0
3563,MLD Holdings Ltd,,,2023-11-30 12:57:11,'2023-11-30 12:57:11'),Major Bank,general,0,0,0
3564,2301714 Ontario Inc,,,2023-11-30 12:57:11,'2023-11-30 12:57:11'),Other,general,0,0,0
3565,1017081 Ontario Ltd,,,2023-11-30 12:57:11,'2023-11-30 12:57:11'),Major Bank,general,0,0,0
3566,Vrancor 2007 Inc,,,2023-11-30 12:57:11,'2023-11-30 12:57:11'),Other,general,0,0,0
3567,Bayou Rentals Inc,,,2023-11-30 12:57:11,'2023-11-30 12:57:11'),Other,general,0,0,0
3568,Nirmal Kaur,,,2023-11-30 12:57:11,'2023-11-30 12:57:11'),Other,general,0,0,0
3569,Owen &amp; Bonnie Harri,,,2023-11-30 12:57:11,'2023-11-30 12:57:11'),Other,general,0,0,0
3570,Caisse Populaire de Hearst Ltd,,,2023-11-30 12:57:11,'2023-11-30 12:57:11'),Major Bank,general,0,0,0
3571,Marc Charron Investments Inc,,,2023-11-30 12:57:11,'2023-11-30 12:57:11'),Other,general,0,0,0
3572,Garry Marsh,,,2023-11-30 12:57:11,'2023-11-30 12:57:11'),Other,general,0,0,0
3573,United Communities Credit Union Ltd,,,2023-11-30 12:57:11,'2023-11-30 12:57:11'),Major Bank,commercial,0,0,1
3574,2029164 Ontario Inc,,,2023-11-30 12:57:11,'2023-11-30 12:57:11'),Other,general,0,0,0
3575,Black Prince Holdings Ltd,,,2023-11-30 12:57:12,'2023-11-30 12:57:12'),Major Bank,general,0,0,0
3576,1698096 Ontario Ltd,,,2023-11-30 12:57:12,'2023-11-30 12:57:12'),Major Bank,general,0,0,0
3577,1671890 Ontario Ltd,,,2023-11-30 12:57:12,'2023-11-30 12:57:12'),Major Bank,general,0,0,0
3578,Pozeg Construction Ltd,,,2023-11-30 12:57:12,'2023-11-30 12:57:12'),Major Bank,construction,0,1,0
3579,Michael Morri,,,2023-11-30 12:57:12,'2023-11-30 12:57:12'),Private Lender,general,0,0,0
3580,1642574 Ontario Ltd,,,2023-11-30 12:57:12,'2023-11-30 12:57:12'),Major Bank,general,0,0,0
3581,Vincenzo &amp; Domenic Pronesti,,,2023-11-30 12:57:12,'2023-11-30 12:57:12'),Other,general,0,0,0
3582,Shenaz Ladak,,,2023-11-30 12:57:12,'2023-11-30 12:57:12'),Other,general,0,0,0
3583,Steven Troster,,,2023-11-30 12:57:12,'2023-11-30 12:57:12'),Other,general,0,0,0
3584,Estonian (Toronto) Credit Union Ltd,,,2023-11-30 12:57:12,'2023-11-30 12:57:12'),Major Bank,commercial,0,0,1
3585,Super 7 Motel Inc,,,2023-11-30 12:57:12,'2023-11-30 12:57:12'),Other,hospitality,0,0,0
3586,St Stanislaus - St Casimir&#039;s Polish Parishes Credit Union Ltd,,,2023-11-30 12:57:12,'2023-11-30 12:57:12'),Major Bank,commercial,0,0,1
3587,Harjinder &amp; Jagtit Sidhu,,,2023-11-30 12:57:12,'2023-11-30 12:57:12'),Other,general,0,0,0
3588,816840 Ontario Ltd,,,2023-11-30 12:57:12,'2023-11-30 12:57:12'),Major Bank,general,0,0,0
3589,1587869 Ontario Inc,,,2023-11-30 12:57:12,'2023-11-30 12:57:12'),Other,general,0,0,0
3590,Rose Finance Cor,,,2023-11-30 12:57:12,'2023-11-30 12:57:12'),Other,general,0,0,0
3591,LF Drummond Ltd,,,2023-11-30 12:57:13,'2023-11-30 12:57:13'),Major Bank,general,0,0,0
3592,2023736 Ontario Inc,,,2023-11-30 12:57:13,'2023-11-30 12:57:13'),Other,general,0,0,0
3593,Patch Investments Ltd &amp; other,,,2023-11-30 12:57:13,'2023-11-30 12:57:13'),Major Bank,general,0,0,0
3594,511078 Ontario Ltd,,,2023-11-30 12:57:13,'2023-11-30 12:57:13'),Major Bank,general,0,0,0
3595,Sidney &amp; Helen Orvitz,,,2023-11-30 12:57:13,'2023-11-30 12:57:13'),Other,general,0,0,0
3596,Marie Billyard,,,2023-11-30 12:57:13,'2023-11-30 12:57:13'),Other,general,0,0,0
3597,Maple Securities Inc,,,2023-11-30 12:57:14,'2023-11-30 12:57:14'),Other,general,0,0,0
3598,David Tonke,,,2023-11-30 12:57:14,'2023-11-30 12:57:14'),Other,general,0,0,0
3599,Mildred &amp; Neil Weaver,,,2023-11-30 12:57:14,'2023-11-30 12:57:14'),Other,general,0,0,0
3600,K Habdank-Kossowski Medicine Professional Cor,,,2023-11-30 12:57:15,'2023-11-30 12:57:15'),Other,general,0,0,0
3601,1137528 Ontario Ltd,,,2023-11-30 12:57:15,'2023-11-30 12:57:15'),Major Bank,general,0,0,0
3602,Coles Florist Inc,,,2023-11-30 12:57:15,'2023-11-30 12:57:15'),Other,general,0,0,0
3603,2445281 Ontario Inc,,,2023-11-30 12:57:15,'2023-11-30 12:57:15'),Other,general,0,0,0
3604,Home Ownership Alternatives Non-Profit Cor,,,2023-11-30 12:57:15,'2023-11-30 12:57:15'),Other,general,0,0,0
3605,Build Toronto Holdings (Dunelm) Inc,,,2023-11-30 12:57:15,'2023-11-30 12:57:15'),Private Lender,general,0,0,0
3606,LPF Realty Residential Inc,,,2023-11-30 12:57:15,'2023-11-30 12:57:15'),Other,residential,0,0,0
3607,Halton Hills Property Corporatio,,,2023-11-30 12:57:15,'2023-11-30 12:57:15'),Development Company,general,0,0,0
3608,M Sooknanan Service Station Ltd,,,2023-11-30 12:57:15,'2023-11-30 12:57:15'),Major Bank,general,0,0,0
3609,Accor Holdings Inc,,,2023-11-30 12:57:15,'2023-11-30 12:57:15'),Private Lender,general,0,0,0
3610,Calicom Solutions Inc and 6 other,,,2023-11-30 12:57:15,'2023-11-30 12:57:15'),Other,general,0,0,0
3611,Nord-Aski Regional Economic Development Cor,,,2023-11-30 12:57:15,'2023-11-30 12:57:15'),Private Lender,general,0,0,0
3612,Caisse Populaire de Mattice Ltee,,,2023-11-30 12:57:15,'2023-11-30 12:57:15'),Credit Union,general,0,0,0
3613,Parmalat Canada Inc,,,2023-11-30 12:57:15,'2023-11-30 12:57:15'),Other,general,0,0,0
3614,Hubergroup Canada Ltd,,,2023-11-30 12:57:15,'2023-11-30 12:57:15'),Major Bank,general,0,0,0
3615,Clarica Life Insurance Co,,,2023-11-30 12:57:15,'2023-11-30 12:57:15'),Insurance Company,general,0,0,0
3616,1338373 Ontario Ltd,,,2023-11-30 12:57:15,'2023-11-30 12:57:15'),Major Bank,general,0,0,0
3617,Bonato Brothers Co,,,2023-11-30 12:57:16,'2023-11-30 12:57:16'),Other,general,0,0,0
3618,Silver Hotel (Ambler) Inc,,,2023-11-30 12:57:16,'2023-11-30 12:57:16'),Other,hospitality,0,0,0
3619,2264119 Ontario Inc,,,2023-11-30 12:57:16,'2023-11-30 12:57:16'),Other,general,0,0,0
3620,Woodbine International Centre Cor,,,2023-11-30 12:57:16,'2023-11-30 12:57:16'),Other,general,0,0,0
3621,Tegrad Windsor 1998 Inc,,,2023-11-30 12:57:16,'2023-11-30 12:57:16'),Other,general,0,0,0
3622,The Bank of Nova Scotia &amp; other,,,2023-11-30 12:57:16,'2023-11-30 12:57:16'),Major Bank,general,0,0,0
3623,Owen Roger,,,2023-11-30 12:57:17,'2023-11-30 12:57:17'),Other,general,0,0,0
3624,1784890 Ontario Ltd,,,2023-11-30 12:57:17,'2023-11-30 12:57:17'),Major Bank,general,0,0,0
3625,Talwinder &amp; Rajwant Grewal,,,2023-11-30 12:57:17,'2023-11-30 12:57:17'),Other,general,0,0,0
3626,2216086 Ontario Ltd,,,2023-11-30 12:57:17,'2023-11-30 12:57:17'),Major Bank,general,0,0,0
3627,Foremost Mortgage Holding Corp and other,,,2023-11-30 12:57:17,'2023-11-30 12:57:17'),Other,residential,0,0,0
3628,Alfredo Costabile,,,2023-11-30 12:57:17,'2023-11-30 12:57:17'),Other,general,0,0,0
3629,Golden Nugget Developments Inc,,,2023-11-30 12:57:17,'2023-11-30 12:57:17'),Development Company,general,0,0,0
3630,Vipul Bhagat,,,2023-11-30 12:57:17,'2023-11-30 12:57:17'),Other,general,0,0,0
3631,Marmora Mortgage Corp Ltd,,,2023-11-30 12:57:17,'2023-11-30 12:57:17'),Major Bank,residential,0,0,0
3632,B &amp; M Handelman Investments Ltd &amp; other,,,2023-11-30 12:57:18,'2023-11-30 12:57:18'),Major Bank,general,0,0,0
3633,1082955 Ontario Ltd,,,2023-11-30 12:57:18,'2023-11-30 12:57:18'),Major Bank,general,0,0,0
3634,474603 Ontario Ltd,,,2023-11-30 12:57:18,'2023-11-30 12:57:18'),Major Bank,general,0,0,0
3635,1229292 Ontario Ltd,,,2023-11-30 12:57:18,'2023-11-30 12:57:18'),Major Bank,general,0,0,0
3636,Kingfisher Hotels Inc,,,2023-11-30 12:57:18,'2023-11-30 12:57:18'),Other,hospitality,0,0,0
3637,Springfield Hotel,,,2023-11-30 12:57:18,'2023-11-30 12:57:18'),Other,hospitality,0,0,0
3638,Mahadev Krupa Ltd,,,2023-11-30 12:57:18,'2023-11-30 12:57:18'),Major Bank,general,0,0,0
3639,Community First Credit Union Ltd,,,2023-11-30 12:57:18,'2023-11-30 12:57:18'),Major Bank,commercial,0,0,1
3640,680247 Ontario Ltd,,,2023-11-30 12:57:18,'2023-11-30 12:57:18'),Major Bank,general,0,0,0
3641,Webcom Inc,,,2023-11-30 12:57:18,'2023-11-30 12:57:18'),Other,general,0,0,0
3642,Santek Investments (1991) Inc,,,2023-11-30 12:57:18,'2023-11-30 12:57:18'),Other,general,0,0,0
3643,1496950 Ontario Ltd,,,2023-11-30 12:57:19,'2023-11-30 12:57:19'),Major Bank,general,0,0,0
3644,Alfa Hoteliers Inc,,,2023-11-30 12:57:19,'2023-11-30 12:57:19'),Other,hospitality,0,0,0
3645,Millcroft Hospitality Services Inc,,,2023-11-30 12:57:19,'2023-11-30 12:57:19'),Other,hospitality,0,0,0
3646,Fantasy Farm Inc,,,2023-11-30 12:57:19,'2023-11-30 12:57:19'),Other,agricultural,0,0,0
3647,Family Inns (Ontario) Ltd,,,2023-11-30 12:57:19,'2023-11-30 12:57:19'),Major Bank,hospitality,0,0,0
3648,Textron Financial Canada Ltd,,,2023-11-30 12:57:20,'2023-11-30 12:57:20'),Major Bank,general,0,0,0
3649,1077500 Ontario Inc,,,2023-11-30 12:57:21,'2023-11-30 12:57:21'),Other,general,0,0,0
3650,Sword Cobourg Motor Inns Inc,,,2023-11-30 12:57:21,'2023-11-30 12:57:21'),Other,hospitality,0,0,0
3651,432567 BC Ltd,,,2023-11-30 12:57:21,'2023-11-30 12:57:21'),Major Bank,general,0,0,0
3652,Checkers Properties GP Inc,,,2023-11-30 12:57:21,'2023-11-30 12:57:21'),Development Company,general,0,0,0
3653,Kody Stoke,,,2023-11-30 12:57:21,'2023-11-30 12:57:21'),Other,general,0,0,0
3654,RNE Realty Ltd,,,2023-11-30 12:57:21,'2023-11-30 12:57:21'),Major Bank,general,0,0,0
3655,Superior Accommodation Group Inc,,,2023-11-30 12:57:22,'2023-11-30 12:57:22'),Other,general,0,0,0
3656,Flamingo Motor Inn (Niagara Falls) Inc,,,2023-11-30 12:57:22,'2023-11-30 12:57:22'),Other,hospitality,0,0,0
3657,2126062 Ontario Inc,,,2023-11-30 12:57:23,'2023-11-30 12:57:23'),Other,general,0,0,0
3658,Jolis Investments (Ontario) Ltd,,,2023-11-30 12:57:23,'2023-11-30 12:57:23'),Major Bank,general,0,0,0
3659,Siljub Hospitality Inc,,,2023-11-30 12:57:24,'2023-11-30 12:57:24'),Other,hospitality,0,0,0
3660,HL General Partner Inc,,,2023-11-30 12:57:24,'2023-11-30 12:57:24'),Other,general,0,0,0
3661,Alison Schwartz,,,2023-11-30 12:57:24,'2023-11-30 12:57:24'),Other,general,0,0,0
3662,Wellington Road Hotel Cor,,,2023-11-30 12:57:24,'2023-11-30 12:57:24'),Other,hospitality,0,0,0
3663,Credit Union Central of Ontario Ltd,,,2023-11-30 12:57:24,'2023-11-30 12:57:24'),Major Bank,commercial,0,0,1
3664,1386340 Ontario Ltd,,,2023-11-30 12:57:24,'2023-11-30 12:57:24'),Major Bank,general,0,0,0
3665,Arglas Cor,,,2023-11-30 12:57:24,'2023-11-30 12:57:24'),Other,general,0,0,0
3666,Generic Holdings Inc,,,2023-11-30 12:57:25,'2023-11-30 12:57:25'),Private Lender,general,0,0,0
3667,Victoria Slanic,,,2023-11-30 12:57:25,'2023-11-30 12:57:25'),Other,general,0,0,0
3668,Pal Hospitality Inc,,,2023-11-30 12:57:26,'2023-11-30 12:57:26'),Other,hospitality,0,0,0
3669,Mohinder &amp; Saninder Sethi,,,2023-11-30 12:57:26,'2023-11-30 12:57:26'),Other,general,0,0,0
3670,Bruce Community Futures Development Cor,,,2023-11-30 12:57:26,'2023-11-30 12:57:26'),Development Company,general,0,0,0
3671,Waterfront Inn (Sault) Ltd,,,2023-11-30 12:57:26,'2023-11-30 12:57:26'),Major Bank,hospitality,0,0,0
3672,1646419 Ontario Inc,,,2023-11-30 12:57:27,'2023-11-30 12:57:27'),Other,general,0,0,0
3673,Orangeville Motel Ltd,,,2023-11-30 12:57:27,'2023-11-30 12:57:27'),Major Bank,hospitality,0,0,0
3674,Shaw Festival Theatre Endowment Foundatio,,,2023-11-30 12:57:27,'2023-11-30 12:57:27'),Other,general,0,0,0
3675,2072958 Ontario Inc,,,2023-11-30 12:57:27,'2023-11-30 12:57:27'),Other,general,0,0,0
3676,1324457 Ontario Ltd,,,2023-11-30 12:57:27,'2023-11-30 12:57:27'),Major Bank,general,0,0,0
3677,Jay Patry Enterprises Inc,,,2023-11-30 12:57:28,'2023-11-30 12:57:28'),Other,general,0,0,0
3678,The Corporation of the City of Kingsto,,,2023-11-30 12:57:28,'2023-11-30 12:57:28'),Other,general,0,0,0
3679,Houde &amp; Perreault Inc,,,2023-11-30 12:57:28,'2023-11-30 12:57:28'),Other,general,0,0,0
3680,OM Tatsat Inc,,,2023-11-30 12:57:28,'2023-11-30 12:57:28'),Other,general,0,0,0
3681,St Stanislaus St Casimir&#039;s Polish Parishe,,,2023-11-30 12:57:28,'2023-11-30 12:57:28'),Other,general,0,0,0
3682,2223749 Ontario Inc,,,2023-11-30 12:57:28,'2023-11-30 12:57:28'),Other,general,0,0,0
3683,Marchant Realty Partners Inc,,,2023-11-30 12:57:29,'2023-11-30 12:57:29'),Other,general,0,0,0
3684,OM Recreation Inc,,,2023-11-30 12:57:29,'2023-11-30 12:57:29'),Other,commercial,0,0,1
3685,Canadian Commercial Investment Cor,,,2023-11-30 12:57:29,'2023-11-30 12:57:29'),Other,commercial,0,0,1
3686,1685332 Ontario Inc,,,2023-11-30 12:57:29,'2023-11-30 12:57:29'),Other,general,0,0,0
3687,Skrlac Holdings Inc,,,2023-11-30 12:57:29,'2023-11-30 12:57:29'),Private Lender,general,0,0,0
3688,2169675 Ontario Inc,,,2023-11-30 12:57:29,'2023-11-30 12:57:29'),Other,general,0,0,0
3689,Maa Vaishnav Devi Cor,,,2023-11-30 12:57:29,'2023-11-30 12:57:29'),Other,general,0,0,0
3690,E Liptay Enterprises Ltd,,,2023-11-30 12:57:29,'2023-11-30 12:57:29'),Major Bank,general,0,0,0
3691,1806136 Ontario Ltd,,,2023-11-30 12:57:29,'2023-11-30 12:57:29'),Major Bank,general,0,0,0
3692,1211990 Ontario Inc,,,2023-11-30 12:57:29,'2023-11-30 12:57:29'),Other,general,0,0,0
3693,Gertrude Korosec,,,2023-11-30 12:57:30,'2023-11-30 12:57:30'),Other,general,0,0,0
3694,2251141 Ontario Inc,,,2023-11-30 12:57:30,'2023-11-30 12:57:30'),Other,general,0,0,0
3695,803096 Ontario Ltd,,,2023-11-30 12:57:30,'2023-11-30 12:57:30'),Major Bank,general,0,0,0
3696,2227508 Ontario Ltd,,,2023-11-30 12:57:30,'2023-11-30 12:57:30'),Major Bank,general,0,0,0
3697,John &amp; Zofie Krolczyk,,,2023-11-30 12:57:30,'2023-11-30 12:57:30'),Other,general,0,0,0
3698,Piazza and Montreuil Holdings Inc,,,2023-11-30 12:57:30,'2023-11-30 12:57:30'),Private Lender,general,0,0,0
3699,Peterborough 8 Motel Ltd,,,2023-11-30 12:57:30,'2023-11-30 12:57:30'),Major Bank,hospitality,0,0,0
3700,2150149 Ontario Inc,,,2023-11-30 12:57:31,'2023-11-30 12:57:31'),Other,general,0,0,0
3701,765871 Ontario Ltd,,,2023-11-30 12:57:31,'2023-11-30 12:57:31'),Major Bank,general,0,0,0
3702,Hamilton Teachers&#039; Credit Union Ltd,,,2023-11-30 12:57:31,'2023-11-30 12:57:31'),Major Bank,commercial,0,0,1
3703,987100 Ontario Ltd,,,2023-11-30 12:57:31,'2023-11-30 12:57:31'),Major Bank,general,0,0,0
3704,South Beach (Lakeshore) Developments Ltd,,,2023-11-30 12:57:31,'2023-11-30 12:57:31'),Major Bank,general,0,0,0
3705,Sydenham Community Credit Union Ltd,,,2023-11-30 12:57:31,'2023-11-30 12:57:31'),Major Bank,commercial,0,0,1
3706,Oscar Giovannini,,,2023-11-30 12:57:31,'2023-11-30 12:57:31'),Other,general,0,0,0
3707,Mark &amp; Beate Schick,,,2023-11-30 12:57:32,'2023-11-30 12:57:32'),Other,general,0,0,0
3708,Mark Schick Holdings Inc,,,2023-11-30 12:57:32,'2023-11-30 12:57:32'),Private Lender,general,0,0,0
3709,1292742 Ontario Inc,,,2023-11-30 12:57:32,'2023-11-30 12:57:32'),Other,general,0,0,0
3710,160945 Canada Inc,,,2023-11-30 12:57:32,'2023-11-30 12:57:32'),Other,general,0,0,0
3711,Dhanoa Ventures Inc,,,2023-11-30 12:57:32,'2023-11-30 12:57:32'),Other,general,0,0,0
3712,1539126 Ontario Inc,,,2023-11-30 12:57:32,'2023-11-30 12:57:32'),Other,general,0,0,0
3713,Manuel &amp; Clemencia Rodrigue,,,2023-11-30 12:57:32,'2023-11-30 12:57:32'),Other,general,0,0,0
3714,Breg Trading Ltd,,,2023-11-30 12:57:32,'2023-11-30 12:57:32'),Major Bank,general,0,0,0
3715,B &amp; M Handelman Investments &amp; other,,,2023-11-30 12:57:33,'2023-11-30 12:57:33'),Other,general,0,0,0
3716,1138532 Ontario Ltd,,,2023-11-30 12:57:33,'2023-11-30 12:57:33'),Major Bank,general,0,0,0
3717,Vicky Rozak,,,2023-11-30 12:57:33,'2023-11-30 12:57:33'),Other,general,0,0,0
3718,Lin-John Inns Ltd,,,2023-11-30 12:57:34,'2023-11-30 12:57:34'),Major Bank,hospitality,0,0,0
3719,1560780 Ontario Inc,,,2023-11-30 12:57:34,'2023-11-30 12:57:34'),Other,general,0,0,0
3720,Jodi Snache,,,2023-11-30 12:57:35,'2023-11-30 12:57:35'),Other,general,0,0,0
3721,Anwar &amp; Faryal Kha,,,2023-11-30 12:57:35,'2023-11-30 12:57:35'),Other,general,0,0,0
3722,810094 Ontario Ltd,,,2023-11-30 12:57:35,'2023-11-30 12:57:35'),Major Bank,general,0,0,0
3723,Jayantilal &amp; Shila Solanki,,,2023-11-30 12:57:35,'2023-11-30 12:57:35'),Other,general,0,0,0
3724,Violet Kekic,,,2023-11-30 12:57:35,'2023-11-30 12:57:35'),Other,general,0,0,0
3725,Serge Poliquin Trucking Ltd,,,2023-11-30 12:57:35,'2023-11-30 12:57:35'),Major Bank,general,0,0,0
3726,Concentra Financial Services Associatio,,,2023-11-30 12:57:36,'2023-11-30 12:57:36'),Credit Union,general,0,0,0
3727,4840985 Manitoba Ltd,,,2023-11-30 12:57:36,'2023-11-30 12:57:36'),Major Bank,general,0,0,0
3728,533438 Ontario Ltd,,,2023-11-30 12:57:36,'2023-11-30 12:57:36'),Major Bank,general,0,0,0
3729,Muskoka Communities Inc,,,2023-11-30 12:57:36,'2023-11-30 12:57:36'),Other,general,0,0,0
3730,2160104 Ontario Ltd,,,2023-11-30 12:57:37,'2023-11-30 12:57:37'),Major Bank,general,0,0,0
3731,Toronto Children&#039;s Care Inc,,,2023-11-30 12:57:38,'2023-11-30 12:57:38'),Other,general,0,0,0
3732,Midland 8 Motel Ltd,,,2023-11-30 12:57:38,'2023-11-30 12:57:38'),Major Bank,land|hospitality,1,0,0
3733,M and R Melo&#039;s Ltd,,,2023-11-30 12:57:38,'2023-11-30 12:57:38'),Major Bank,general,0,0,0
3734,Coastal Properties Ltd,,,2023-11-30 12:57:38,'2023-11-30 12:57:38'),Major Bank,general,0,0,0
3735,General Electric Capital Cor,,,2023-11-30 12:57:38,'2023-11-30 12:57:38'),Private Lender,general,0,0,0
3736,Lake153 Inc,,,2023-11-30 12:57:39,'2023-11-30 12:57:39'),Other,general,0,0,0
3737,Abell Investments Ltd,,,2023-11-30 12:57:39,'2023-11-30 12:57:39'),Major Bank,general,0,0,0
3738,2144707 Ontario Inc,,,2023-11-30 12:57:40,'2023-11-30 12:57:40'),Other,general,0,0,0
3739,Montik Financial Services Ltd,,,2023-11-30 12:57:40,'2023-11-30 12:57:40'),Major Bank,general,0,0,0
3740,Niagara Health System,,,2023-11-30 12:57:40,'2023-11-30 12:57:40'),Other,general,0,0,0
3741,Spriel Holdings Inc,,,2023-11-30 12:57:41,'2023-11-30 12:57:41'),Private Lender,general,0,0,0
3742,ltal-Mad Holdings Inc,,,2023-11-30 12:57:41,'2023-11-30 12:57:41'),Private Lender,general,0,0,0
3743,Beloka Inc,,,2023-11-30 12:57:41,'2023-11-30 12:57:41'),Other,general,0,0,0
3744,Golpro Holdings Inc,,,2023-11-30 12:57:41,'2023-11-30 12:57:41'),Private Lender,general,0,0,0
3745,Shan Motel Company Inc,,,2023-11-30 12:57:41,'2023-11-30 12:57:41'),Other,hospitality,0,0,0
3746,2033454 Ontario Inc,,,2023-11-30 12:57:41,'2023-11-30 12:57:41'),Other,general,0,0,0
3747,697350 Ontario Ltd and 30 other,,,2023-11-30 12:57:42,'2023-11-30 12:57:42'),Major Bank,general,0,0,0
3748,Amber Lighting Ltd,,,2023-11-30 12:57:42,'2023-11-30 12:57:42'),Major Bank,general,0,0,0
3749,Whiteford Trade Ltd,,,2023-11-30 12:57:42,'2023-11-30 12:57:42'),Major Bank,general,0,0,0
3750,KingSett Real Estate Growth GP No 2 Inc,,,2023-11-30 12:57:43,'2023-11-30 12:57:43'),Other,general,0,0,0
3751,Raja Sahib Hotel Inc,,,2023-11-30 12:57:43,'2023-11-30 12:57:43'),Other,hospitality,0,0,0
3752,Sandia Mountain Holdings Inc,,,2023-11-30 12:57:43,'2023-11-30 12:57:43'),Private Lender,general,0,0,0
3753,Nazcan Inc,,,2023-11-30 12:57:43,'2023-11-30 12:57:43'),Other,general,0,0,0
3754,Jay Ambe Investments Inc,,,2023-11-30 12:57:44,'2023-11-30 12:57:44'),Other,general,0,0,0
3755,Kemper Investments Cor,,,2023-11-30 12:57:44,'2023-11-30 12:57:44'),Other,general,0,0,0
3756,Conkrisda Holdings Ltd,,,2023-11-30 12:57:44,'2023-11-30 12:57:44'),Major Bank,general,0,0,0
3757,Pembest Ltd,,,2023-11-30 12:57:44,'2023-11-30 12:57:44'),Major Bank,general,0,0,0
3758,Richard Gruneir Medical Professional Corp and 21 other,,,2023-11-30 12:57:44,'2023-11-30 12:57:44'),Other,general,0,0,0
3759,Marbel Management Ltd,,,2023-11-30 12:57:44,'2023-11-30 12:57:44'),Major Bank,general,0,0,0
3760,Sandemco Holdings Ltd,,,2023-11-30 12:57:45,'2023-11-30 12:57:45'),Major Bank,general,0,0,0
3761,Gruyich Services Inc,,,2023-11-30 12:57:45,'2023-11-30 12:57:45'),Other,general,0,0,0
3762,2299055 Ontario Inc,,,2023-11-30 12:57:45,'2023-11-30 12:57:45'),Other,general,0,0,0
3763,Simon &amp; Jean Nehme,,,2023-11-30 12:57:46,'2023-11-30 12:57:46'),Other,general,0,0,0
3764,Foremost Mortgage Holding Corp &amp; other,,,2023-11-30 12:57:46,'2023-11-30 12:57:46'),Other,residential,0,0,0
3765,Gateway 2000 Hospitality Inc,,,2023-11-30 12:57:46,'2023-11-30 12:57:46'),Other,hospitality,0,0,0
3766,Westmount-Keele Ltd,,,2023-11-30 12:57:46,'2023-11-30 12:57:46'),Major Bank,general,0,0,0
3767,E Manson Investments Ltd and other,,,2023-11-30 12:57:46,'2023-11-30 12:57:46'),Major Bank,general,0,0,0
3768,BML Group Inc,,,2023-11-30 12:57:47,'2023-11-30 12:57:47'),Other,general,0,0,0
3769,Sylvanacre Properties Ltd,,,2023-11-30 12:57:47,'2023-11-30 12:57:47'),Major Bank,commercial,0,0,1
3770,Hands-On Capital Investments Inc,,,2023-11-30 12:57:47,'2023-11-30 12:57:47'),Private Lender,general,0,0,0
3771,Adrian &amp; Doreen Verpaale,,,2023-11-30 12:57:47,'2023-11-30 12:57:47'),Other,general,0,0,0
3772,Hand-On Capital Investments Inc,,,2023-11-30 12:57:47,'2023-11-30 12:57:47'),Private Lender,general,0,0,0
3773,2411874 Ontario Ltd,,,2023-11-30 12:57:47,'2023-11-30 12:57:47'),Major Bank,general,0,0,0
3774,Sunbelt Lodging Cor,,,2023-11-30 12:57:48,'2023-11-30 12:57:48'),Other,hospitality,0,0,0
3775,JVNS Inc,,,2023-11-30 12:57:48,'2023-11-30 12:57:48'),Other,general,0,0,0
3776,2442471 Ontario Inc,,,2023-11-30 12:57:49,'2023-11-30 12:57:49'),Other,general,0,0,0
3777,2273463 Ontario Inc,,,2023-11-30 12:57:49,'2023-11-30 12:57:49'),Other,general,0,0,0
3778,HHIT Corporatio,,,2023-11-30 12:57:50,'2023-11-30 12:57:50'),Other,general,0,0,0
3779,First Capital (SC) Cor,,,2023-11-30 12:57:50,'2023-11-30 12:57:50'),Private Lender,general,0,0,0
3780,London Airport Inn &amp; Suites Inc,,,2023-11-30 12:57:51,'2023-11-30 12:57:51'),Other,hospitality,0,0,0
3781,Rudan Holdings Ltd,,,2023-11-30 12:57:51,'2023-11-30 12:57:51'),Major Bank,general,0,0,0
3782,Mid Hospitality Ltd,,,2023-11-30 12:57:51,'2023-11-30 12:57:51'),Major Bank,hospitality,0,0,0
3783,Chifor Investments Ltd,,,2023-11-30 12:57:52,'2023-11-30 12:57:52'),Major Bank,general,0,0,0
3784,Orangeville Motel 2007 Ltd,,,2023-11-30 12:57:52,'2023-11-30 12:57:52'),Major Bank,hospitality,0,0,0
3785,2074436 Ontario Inc,,,2023-11-30 12:57:53,'2023-11-30 12:57:53'),Other,general,0,0,0
3786,Prudential Property Management Inc,,,2023-11-30 12:57:53,'2023-11-30 12:57:53'),Development Company,general,0,0,0
3787,761407 Ontario Inc,,,2023-11-30 12:57:53,'2023-11-30 12:57:53'),Other,general,0,0,0
3788,2136511 Ontario Inc,,,2023-11-30 12:57:54,'2023-11-30 12:57:54'),Other,general,0,0,0
3789,M &amp; T Bank,,,2023-11-30 12:57:54,'2023-11-30 12:57:54'),Major Bank,general,0,0,0
3790,Strathroy Gateway Properties Inc,,,2023-11-30 12:57:54,'2023-11-30 12:57:54'),Development Company,general,0,0,0
3791,2070067 Ontario Inc,,,2023-11-30 12:57:54,'2023-11-30 12:57:54'),Other,general,0,0,0
3792,2521544 Ontario Inc,,,2023-11-30 12:57:54,'2023-11-30 12:57:54'),Other,general,0,0,0
3793,1774799 Ontario Ltd,,,2023-11-30 12:57:54,'2023-11-30 12:57:54'),Major Bank,general,0,0,0
3794,Canop Investments Inc,,,2023-11-30 12:57:54,'2023-11-30 12:57:54'),Other,general,0,0,0
3795,Your Credit Union Ltd,,,2023-11-30 12:57:55,'2023-11-30 12:57:55'),Major Bank,commercial,0,0,1
3796,Lakeview Hotel Investment Cor,,,2023-11-30 12:57:55,'2023-11-30 12:57:55'),Other,hospitality,0,0,0
3797,2351282 Ontario Ltd,,,2023-11-30 12:57:55,'2023-11-30 12:57:55'),Major Bank,general,0,0,0
3798,Fred Varalli Holdings Ltd,,,2023-11-30 12:57:55,'2023-11-30 12:57:55'),Major Bank,general,0,0,0
3799,Palm Holdings Canada Inc,,,2023-11-30 12:57:55,'2023-11-30 12:57:55'),Private Lender,general,0,0,0
3800,Knightsbridge Destinations Inc,,,2023-11-30 12:57:56,'2023-11-30 12:57:56'),Other,general,0,0,0
3801,1916059 Ontario Inc,,,2023-11-30 12:57:56,'2023-11-30 12:57:56'),Other,general,0,0,0
3802,Buduchnist Credit Union Ltd,,,2023-11-30 12:57:57,'2023-11-30 12:57:57'),Major Bank,commercial,0,0,1
3803,OMT Hotel Inc,,,2023-11-30 12:57:57,'2023-11-30 12:57:57'),Other,hospitality,0,0,0
3804,2045944 Ontario Ltd,,,2023-11-30 12:57:57,'2023-11-30 12:57:57'),Major Bank,general,0,0,0
3805,1218960 Ontario Inc,,,2023-11-30 12:57:57,'2023-11-30 12:57:57'),Other,general,0,0,0
3806,Sudbury Regent Street Inc,,,2023-11-30 12:57:57,'2023-11-30 12:57:57'),Other,general,0,0,0
3807,1038870 Alberta Ltd,,,2023-11-30 12:57:57,'2023-11-30 12:57:57'),Major Bank,general,0,0,0
3808,First Source Mortgage Cor,,,2023-11-30 12:57:58,'2023-11-30 12:57:58'),Other,residential,0,0,0
3809,SNS Hotels Inc,,,2023-11-30 12:57:58,'2023-11-30 12:57:58'),Other,hospitality,0,0,0
3810,383374 Ontario Ltd,,,2023-11-30 12:57:58,'2023-11-30 12:57:58'),Major Bank,general,0,0,0
3811,BF Vacuum Cleaner Centre Ltd,,,2023-12-03 16:44:09,'2023-12-03 16:44:09'),Major Bank,general,0,0,0
3812,Grascan Investments Inc,,,2023-12-03 16:44:09,'2023-12-03 16:44:09'),Other,general,0,0,0
3813,2261622 Ontario Inc,,,2023-12-03 16:44:09,'2023-12-03 16:44:09'),Other,general,0,0,0
3814,ICapital Financial Services Cor,,,2023-12-03 16:44:09,'2023-12-03 16:44:09'),Credit Union,general,0,0,0
3815,Suntech Greenhouses Ltd,,,2023-12-03 16:44:09,'2023-12-03 16:44:09'),Major Bank,general,0,0,0
3816,1333712 Ontario Inc,,,2023-12-03 16:44:09,'2023-12-03 16:44:09'),Other,general,0,0,0
3817,Natura Contracting Inc,,,2023-12-03 16:44:09,'2023-12-03 16:44:09'),Other,general,0,0,0
3818,Water Dragon Holdings Inc,,,2023-12-03 16:44:09,'2023-12-03 16:44:09'),Private Lender,general,0,0,0
3819,2732133 Ontario Inc,,,2023-12-03 16:44:09,'2023-12-03 16:44:09'),Other,general,0,0,0
3820,Stryx Bowling Centre Inc,,,2023-12-03 16:44:10,'2023-12-03 16:44:10'),Other,general,0,0,0
3821,Sol-Val Holdings Inc,,,2023-12-03 16:44:10,'2023-12-03 16:44:10'),Private Lender,general,0,0,0
3822,1480894 Ontario Inc,,,2023-12-03 16:44:10,'2023-12-03 16:44:10'),Other,general,0,0,0
3823,2627781 Ontario Inc,,,2023-12-03 16:44:10,'2023-12-03 16:44:10'),Other,general,0,0,0
3824,1068833 Ontario Ltd,,,2023-12-03 16:44:11,'2023-12-03 16:44:11'),Major Bank,general,0,0,0
3825,Sagres Restaurant Ltd,,,2023-12-03 16:44:11,'2023-12-03 16:44:11'),Major Bank,general,0,0,0
3826,2511278 Ontario Ltd,,,2023-12-03 16:44:12,'2023-12-03 16:44:12'),Major Bank,general,0,0,0
3827,1665403 Ontario Inc,,,2023-12-03 16:44:12,'2023-12-03 16:44:12'),Other,general,0,0,0
3828,2551424 Ontario Ltd,,,2023-12-03 16:44:12,'2023-12-03 16:44:12'),Major Bank,general,0,0,0
3829,Deganco Enterprises Inc,,,2023-12-03 16:44:12,'2023-12-03 16:44:12'),Other,general,0,0,0
3830,Colmvest Holdings Cor,,,2023-12-03 16:44:13,'2023-12-03 16:44:13'),Private Lender,general,0,0,0
3831,1898578 Ontario Ltd,,,2023-12-03 16:44:13,'2023-12-03 16:44:13'),Major Bank,general,0,0,0
3832,Ferina Construction Ltd,,,2023-12-03 16:44:13,'2023-12-03 16:44:13'),Major Bank,construction,0,1,0
3833,10868279 Canada Inc,,,2023-12-03 16:44:13,'2023-12-03 16:44:13'),Other,general,0,0,0
3834,Harry Wasserman Investments Inc and 7 other,,,2023-12-03 16:44:13,'2023-12-03 16:44:13'),Other,general,0,0,0
3835,454064 Ontario Inc,,,2023-12-03 16:44:13,'2023-12-03 16:44:13'),Other,general,0,0,0
3836,2264333 Ontario Inc,,,2023-12-03 16:44:13,'2023-12-03 16:44:13'),Other,general,0,0,0
3837,Dinh Realty Inc,,,2023-12-03 16:44:13,'2023-12-03 16:44:13'),Other,general,0,0,0
3838,1842028 Ontario Ltd,,,2023-12-03 16:44:14,'2023-12-03 16:44:14'),Major Bank,general,0,0,0
3839,Aviva Insurance Company of Canada,,,2023-12-03 16:44:15,'2023-12-03 16:44:15'),Insurance Company,general,0,0,0
3840,2082745 Ontario Ltd,,,2023-12-03 16:44:15,'2023-12-03 16:44:15'),Major Bank,general,0,0,0
3841,1581715 Ontario Ltd,,,2023-12-03 16:44:15,'2023-12-03 16:44:15'),Major Bank,general,0,0,0
3842,Gedasa Investments Inc,,,2023-12-03 16:44:16,'2023-12-03 16:44:16'),Other,general,0,0,0
3843,Honey Heights Developments Ltd,,,2023-12-03 16:44:16,'2023-12-03 16:44:16'),Major Bank,general,0,0,0
3844,1477935 Ontario Inc,,,2023-12-03 16:44:16,'2023-12-03 16:44:16'),Other,general,0,0,0
3845,Stercus Accidit Investment Cor,,,2023-12-03 16:44:16,'2023-12-03 16:44:16'),Other,general,0,0,0
3846,2643692 Ontario Inc,,,2023-12-03 16:44:17,'2023-12-03 16:44:17'),Other,general,0,0,0
3847,Fortune Base International Inc,,,2023-12-03 16:44:18,'2023-12-03 16:44:18'),Other,general,0,0,0
3848,Canwell Asset Management Inc,,,2023-12-03 16:44:18,'2023-12-03 16:44:18'),Other,general,0,0,0
3849,1251239 Ontario Inc,,,2023-12-03 16:44:19,'2023-12-03 16:44:19'),Other,general,0,0,0
3850,Black Bear Ridge Inc,,,2023-12-03 16:44:19,'2023-12-03 16:44:19'),Other,general,0,0,0
3851,Amikas Holdings Ltd,,,2023-12-03 16:44:20,'2023-12-03 16:44:20'),Major Bank,general,0,0,0
3852,Miriam and Larry Robbins Foundatio,,,2023-12-03 16:44:20,'2023-12-03 16:44:20'),Other,general,0,0,0
3853,Langlois Ecohomes Ltd,,,2023-12-03 16:44:20,'2023-12-03 16:44:20'),Major Bank,general,0,0,0
3854,Tatro Properties Ltd,,,2023-12-03 16:44:21,'2023-12-03 16:44:21'),Major Bank,general,0,0,0
3855,MDM Investments Inc,,,2023-12-03 16:44:21,'2023-12-03 16:44:21'),Other,general,0,0,0
3856,1687419 Ontario Ltd,,,2023-12-03 16:44:22,'2023-12-03 16:44:22'),Major Bank,general,0,0,0
3857,Corwin Mortgage Holding,,,2023-12-03 16:44:23,'2023-12-03 16:44:23'),Other,residential,0,0,0
3858,Uxbridge Nurseries Ltd,,,2023-12-03 16:44:23,'2023-12-03 16:44:23'),Major Bank,general,0,0,0
3859,RND Capital,,,2023-12-03 16:44:23,'2023-12-03 16:44:23'),Private Lender,general,0,0,0
3860,10389820 Canada Inc,,,2023-12-03 16:44:23,'2023-12-03 16:44:23'),Other,general,0,0,0
3861,Max Wiedemann Ltd,,,2023-12-03 16:44:24,'2023-12-03 16:44:24'),Major Bank,general,0,0,0
3862,Tafteh Developments Inc,,,2023-12-03 16:44:24,'2023-12-03 16:44:24'),Development Company,general,0,0,0
3863,12437279 Canada Inc,,,2023-12-03 16:44:25,'2023-12-03 16:44:25'),Other,general,0,0,0
3864,Deman Developments Inc,,,2023-12-03 16:44:26,'2023-12-03 16:44:26'),Development Company,general,0,0,0
3865,Oakdale Suites Inc,,,2023-12-03 16:44:26,'2023-12-03 16:44:26'),Other,general,0,0,0
3866,Westmount Army and Navy Clu,,,2023-12-03 16:44:26,'2023-12-03 16:44:26'),Other,general,0,0,0
3867,1980339 Ontario Inc,,,2023-12-03 16:44:26,'2023-12-03 16:44:26'),Other,general,0,0,0
3868,1924485 Ontario Inc,,,2023-12-03 16:44:27,'2023-12-03 16:44:27'),Other,general,0,0,0
3869,PHL Investments USA Inc,,,2023-12-03 16:44:28,'2023-12-03 16:44:28'),Other,general,0,0,0
3870,Startspace Inc,,,2023-12-03 16:44:28,'2023-12-03 16:44:28'),Other,general,0,0,0
3871,Computershare Trust Comapny of Canada,,,2023-12-03 16:44:28,'2023-12-03 16:44:28'),Trust Company,general,0,0,0
3872,Safe Haven Properties Ltd,,,2023-12-03 16:44:28,'2023-12-03 16:44:28'),Major Bank,general,0,0,0
3873,1000603 Ontario Inc,,,2023-12-03 16:44:29,'2023-12-03 16:44:29'),Other,general,0,0,0
3874,Antrim Balanced Mortgage Fund Ltd,,,2023-12-03 16:44:30,'2023-12-03 16:44:30'),Major Bank,residential,0,0,0
3875,1440194 Ontario Inc and 9 other,,,2023-12-03 16:44:30,'2023-12-03 16:44:30'),Other,general,0,0,0
3876,Vento Holdings Ltd,,,2023-12-03 16:44:30,'2023-12-03 16:44:30'),Major Bank,general,0,0,0
3877,DC Metals Inc,,,2023-12-03 16:44:30,'2023-12-03 16:44:30'),Other,general,0,0,0
3878,Ralcap Investments Corp and 12 other,,,2023-12-03 16:44:31,'2023-12-03 16:44:31'),Other,general,0,0,0
3879,2028873 Ontario Ltd,,,2023-12-03 16:44:31,'2023-12-03 16:44:31'),Major Bank,general,0,0,0
3880,Dierick Farms Ltd,,,2023-12-03 16:44:31,'2023-12-03 16:44:31'),Major Bank,agricultural,0,0,0
3881,2606691 Ontario Ltd,,,2023-12-03 16:44:31,'2023-12-03 16:44:31'),Major Bank,general,0,0,0
3882,The Royal Bank of Canada,,,2023-12-03 16:44:32,'2023-12-03 16:44:32'),Major Bank,general,0,0,0
3883,958518 Ontario Ltd,,,2023-12-03 16:44:33,'2023-12-03 16:44:33'),Major Bank,general,0,0,0
3884,Kianik Home Development Inc,,,2023-12-03 16:44:33,'2023-12-03 16:44:33'),Development Company,general,0,0,0
3885,8327068 Canada Cor,,,2023-12-03 16:44:33,'2023-12-03 16:44:33'),Other,general,0,0,0
3886,Agriroots Realty Inc,,,2023-12-03 16:44:33,'2023-12-03 16:44:33'),Other,general,0,0,0
3887,2596690 Ontario Inc,,,2023-12-03 16:44:33,'2023-12-03 16:44:33'),Other,general,0,0,0
3888,2244917 Ontario Inc,,,2023-12-03 16:44:34,'2023-12-03 16:44:34'),Other,general,0,0,0
3889,1801501 Ontario Ltd and 9 other,,,2023-12-03 16:44:34,'2023-12-03 16:44:34'),Major Bank,general,0,0,0
3890,Nordic Management Inc,,,2023-12-03 16:44:34,'2023-12-03 16:44:34'),Other,general,0,0,0
3891,2757043 Ontario Inc,,,2023-12-03 16:44:34,'2023-12-03 16:44:34'),Other,general,0,0,0
3892,First Nations Bank of Canada,,,2023-12-03 16:44:35,'2023-12-03 16:44:35'),Major Bank,general,0,0,0
3893,GS Anand Legal Professional Cor,,,2023-12-03 16:44:35,'2023-12-03 16:44:35'),Other,general,0,0,0
3894,Mars Capital Ltd,,,2023-12-03 16:44:35,'2023-12-03 16:44:35'),Major Bank,general,0,0,0
3895,2306803 Ontario Inc,,,2023-12-03 16:44:35,'2023-12-03 16:44:35'),Other,general,0,0,0
3896,Honeywell Estates Inc,,,2023-12-03 16:44:36,'2023-12-03 16:44:36'),Other,general,0,0,0
3897,5021916 Ontario Inc,,,2023-12-03 16:44:37,'2023-12-03 16:44:37'),Other,general,0,0,0
3898,MVMT General Partner Inc,,,2023-12-03 16:44:37,'2023-12-03 16:44:37'),Other,general,0,0,0
3899,Markdale Country Clu,,,2023-12-03 16:44:37,'2023-12-03 16:44:37'),Other,general,0,0,0
3900,Blue Spruce Investments Ltd,,,2023-12-03 16:44:37,'2023-12-03 16:44:37'),Major Bank,general,0,0,0
3901,1972913 Ontario Inc,,,2023-12-03 16:44:38,'2023-12-03 16:44:38'),Other,general,0,0,0
3902,Hullmark Mortgage Capital Inc,,,2023-12-03 16:44:38,'2023-12-03 16:44:38'),Private Lender,residential,0,0,0
3903,Fair Rose Investments Ltd,,,2023-12-03 16:44:39,'2023-12-03 16:44:39'),Major Bank,general,0,0,0
3904,Mapleview Industrial Park Ltd,,,2023-12-03 16:44:39,'2023-12-03 16:44:39'),Major Bank,industrial,0,0,0
3905,John Corvinelli Investments Ltd,,,2023-12-03 16:44:39,'2023-12-03 16:44:39'),Major Bank,general,0,0,0
3906,Bill McKeen Trucking Ltd,,,2023-12-03 16:44:40,'2023-12-03 16:44:40'),Major Bank,general,0,0,0
3907,Walmsley Bros Ltd,,,2023-12-03 16:44:40,'2023-12-03 16:44:40'),Major Bank,general,0,0,0
3908,631302 Ontario Ltd,,,2023-12-03 16:44:41,'2023-12-03 16:44:41'),Major Bank,general,0,0,0
3909,The Canadian Schwaben Sick Benefit Associatio,,,2023-12-03 16:44:42,'2023-12-03 16:44:42'),Other,general,0,0,0
3910,Calderone Enterprises Inc,,,2023-12-03 16:44:42,'2023-12-03 16:44:42'),Other,general,0,0,0
3911,World Financial Solutions Inc,,,2023-12-03 16:44:44,'2023-12-03 16:44:44'),Credit Union,general,0,0,0
3912,Natwest Capital,,,2023-12-03 16:44:44,'2023-12-03 16:44:44'),Private Lender,general,0,0,0
3913,2449470 Ontario Inc,,,2023-12-03 16:44:44,'2023-12-03 16:44:44'),Other,general,0,0,0
3914,11103814 Canada Cor,,,2023-12-03 16:44:45,'2023-12-03 16:44:45'),Other,general,0,0,0
3915,10006882 Canada Inc,,,2023-12-03 16:44:45,'2023-12-03 16:44:45'),Other,general,0,0,0
3916,Rematex Construction Ltd,,,2023-12-03 16:44:45,'2023-12-03 16:44:45'),Major Bank,construction,0,1,0
3917,1248864 Ontario Ltd,,,2023-12-03 16:44:45,'2023-12-03 16:44:45'),Major Bank,general,0,0,0
3918,Forestone Mortgage Fund GP Inc,,,2023-12-03 16:44:45,'2023-12-03 16:44:45'),Other,residential,0,0,0
3919,GDA Farms Ltd,,,2023-12-03 16:44:46,'2023-12-03 16:44:46'),Major Bank,agricultural,0,0,0
3920,Jet Ice Holdings Ltd,,,2023-12-03 16:44:46,'2023-12-03 16:44:46'),Major Bank,general,0,0,0
3921,Barriefield Facility Inc,,,2023-12-03 16:44:46,'2023-12-03 16:44:46'),Other,general,0,0,0
3922,Weston Park Baptist Church,,,2023-12-03 16:44:46,'2023-12-03 16:44:46'),Other,general,0,0,0
3923,Garofoli Investments Inc and 7 other,,,2023-12-03 16:44:47,'2023-12-03 16:44:47'),Other,general,0,0,0
3924,Active Custom Design Construction Ltd,,,2023-12-03 16:44:47,'2023-12-03 16:44:47'),Major Bank,construction,0,1,0
3925,2166973 Ontario Inc and 11 other,,,2023-12-03 16:44:48,'2023-12-03 16:44:48'),Other,general,0,0,0
3926,2853719 Ontario Inc and 21 other,,,2023-12-03 16:44:48,'2023-12-03 16:44:48'),Other,general,0,0,0
3927,6714382 Canada Ltd,,,2023-12-03 16:44:49,'2023-12-03 16:44:49'),Major Bank,general,0,0,0
3928,Conal Holdings Inc,,,2023-12-03 16:44:50,'2023-12-03 16:44:50'),Private Lender,general,0,0,0
3929,Sikh Education and Religious Society,,,2023-12-03 16:44:50,'2023-12-03 16:44:50'),Other,general,0,0,0
3930,Rockwood Holdings Inc,,,2023-12-03 16:44:50,'2023-12-03 16:44:50'),Private Lender,general,0,0,0
3931,17300 Island Road Management Services Inc,,,2023-12-03 16:44:51,'2023-12-03 16:44:51'),Other,land,1,0,0
3932,Celebration Church Brant,,,2023-12-03 16:44:51,'2023-12-03 16:44:51'),Other,general,0,0,0
3933,Maia Holdings Inc,,,2023-12-03 16:44:52,'2023-12-03 16:44:52'),Private Lender,general,0,0,0
3934,Don Ierullo Investments Inc,,,2023-12-03 16:44:52,'2023-12-03 16:44:52'),Other,general,0,0,0
3935,Paradise Niagara Motel Ltd,,,2023-12-03 16:44:53,'2023-12-03 16:44:53'),Major Bank,hospitality,0,0,0
3936,2701758 Ontario Inc,,,2023-12-03 16:44:55,'2023-12-03 16:44:55'),Other,general,0,0,0
3937,Royal Bank of of Canada,,,2023-12-03 16:44:56,'2023-12-03 16:44:56'),Major Bank,general,0,0,0
3938,Nicas Investments Ltd,,,2023-12-03 16:44:57,'2023-12-03 16:44:57'),Major Bank,general,0,0,0
3939,Banyan Creek Management Inc,,,2023-12-03 16:44:59,'2023-12-03 16:44:59'),Other,commercial,0,0,1
3940,1788773 Ontario Ltd,,,2023-12-03 16:44:59,'2023-12-03 16:44:59'),Major Bank,general,0,0,0
3941,2436213 Ontario Inc,,,2023-12-03 16:44:59,'2023-12-03 16:44:59'),Other,general,0,0,0
3942,1391095 Ontario Inc,,,2023-12-03 16:44:59,'2023-12-03 16:44:59'),Other,general,0,0,0
3943,Schothorst Farms Ltd,,,2023-12-03 16:45:00,'2023-12-03 16:45:00'),Major Bank,agricultural,0,0,0
3944,Firm Capital Development Cor,,,2023-12-03 16:45:01,'2023-12-03 16:45:01'),Private Lender,general,0,0,0
3945,Paolini Supermarket Ltd,,,2023-12-03 16:45:02,'2023-12-03 16:45:02'),Major Bank,general,0,0,0
3946,2501080 Ontario Inc,,,2023-12-03 16:45:03,'2023-12-03 16:45:03'),Other,general,0,0,0
3947,1645 Dundas Plaza Inc,,,2023-12-03 16:45:03,'2023-12-03 16:45:03'),Other,general,0,0,0
3948,2139508 Ontario Ltd,,,2023-12-03 16:45:03,'2023-12-03 16:45:03'),Major Bank,general,0,0,0
3949,Olympia Trust Co and 7 other,,,2023-12-03 16:45:03,'2023-12-03 16:45:03'),Trust Company,general,0,0,0
3950,Vanderhaar Holdings Inc,,,2023-12-03 16:45:03,'2023-12-03 16:45:03'),Private Lender,general,0,0,0
3951,Felton Brushes Ltd,,,2023-12-03 16:45:04,'2023-12-03 16:45:04'),Major Bank,general,0,0,0
3952,Alfred Peter Enterprises Inc,,,2023-12-03 16:45:05,'2023-12-03 16:45:05'),Other,general,0,0,0
3953,Irish Hills Developments Ltd,,,2023-12-03 16:45:05,'2023-12-03 16:45:05'),Major Bank,general,0,0,0
3954,The Regional Municipality of Niagara,,,2023-12-03 16:45:06,'2023-12-03 16:45:06'),Other,general,0,0,0
3955,YX Holdings Inc,,,2023-12-03 16:45:06,'2023-12-03 16:45:06'),Private Lender,general,0,0,0
3956,Ash Lane Holdings Inc,,,2023-12-03 16:45:07,'2023-12-03 16:45:07'),Private Lender,general,0,0,0
3957,JSW Land &amp; Cattle Company Ltd,,,2023-12-03 16:45:07,'2023-12-03 16:45:07'),Major Bank,land,1,0,0
3958,East Marina Investments Ltd,,,2023-12-03 16:45:08,'2023-12-03 16:45:08'),Major Bank,general,0,0,0
3959,Gordon and Patricia Gray Animal Welfare Foundatio,,,2023-12-03 16:45:08,'2023-12-03 16:45:08'),Other,general,0,0,0
3960,HT Tire Service Ltd,,,2023-12-03 16:45:09,'2023-12-03 16:45:09'),Major Bank,general,0,0,0
3961,1473714 Ontario  Ltd,,,2023-12-03 16:45:09,'2023-12-03 16:45:09'),Major Bank,general,0,0,0
3962,2616908 Ontario Inc,,,2023-12-03 16:45:10,'2023-12-03 16:45:10'),Other,general,0,0,0
3963,Ruland Realty Ltd,,,2023-12-03 16:45:10,'2023-12-03 16:45:10'),Major Bank,land,1,0,0
3964,1907782 Ontario Inc,,,2023-12-03 16:45:10,'2023-12-03 16:45:10'),Other,general,0,0,0
3965,Panetta Land Cor,,,2023-12-03 16:45:10,'2023-12-03 16:45:10'),Other,land,1,0,0
3966,CT Nicolas Enterprises Inc,,,2023-12-03 16:45:11,'2023-12-03 16:45:11'),Other,general,0,0,0
3967,826463 Ontario Inc,,,2023-12-03 16:45:11,'2023-12-03 16:45:11'),Other,general,0,0,0
3968,VHL Developments Inc,,,2023-12-03 16:45:11,'2023-12-03 16:45:11'),Development Company,general,0,0,0
3969,2147957 Ontario Inc,,,2023-12-03 16:45:12,'2023-12-03 16:45:12'),Other,general,0,0,0
3970,Crisru Holdings Ltd,,,2023-12-03 16:45:12,'2023-12-03 16:45:12'),Major Bank,general,0,0,0
3971,Totro Horizons Ltd,,,2023-12-03 16:45:12,'2023-12-03 16:45:12'),Major Bank,general,0,0,0
3972,Hermica Farms Inc,,,2023-12-03 16:45:12,'2023-12-03 16:45:12'),Private Lender,agricultural,0,0,0
3973,Meliteo Investments Inc,,,2023-12-03 16:45:12,'2023-12-03 16:45:12'),Other,general,0,0,0
3974,CMI Balanced Fund Cor,,,2023-12-03 16:45:12,'2023-12-03 16:45:12'),Other,general,0,0,0
3975,Janian Investments Ltd and 16 other,,,2023-12-03 16:45:13,'2023-12-03 16:45:13'),Major Bank,general,0,0,0
3976,1205250 Ontario Inc,,,2023-12-03 16:45:13,'2023-12-03 16:45:13'),Other,general,0,0,0
3977,Shakespeare Inn Inc,,,2023-12-03 16:45:13,'2023-12-03 16:45:13'),Other,hospitality,0,0,0
3978,1599729 Ontario Ltd,,,2023-12-03 16:45:13,'2023-12-03 16:45:13'),Major Bank,general,0,0,0
3979,Misim Investments Ltd and 7 other,,,2023-12-03 16:45:13,'2023-12-03 16:45:13'),Major Bank,general,0,0,0
3980,VGA Investment Inc,,,2023-12-03 16:45:13,'2023-12-03 16:45:13'),Other,general,0,0,0
3981,Canadian Western Trust Co and 9 other,,,2023-12-03 16:45:13,'2023-12-03 16:45:13'),Trust Company,general,0,0,0
3982,Eighteen Eighteen Inc,,,2023-12-03 16:45:14,'2023-12-03 16:45:14'),Other,general,0,0,0
3983,Bromont Homes Inc,,,2023-12-03 16:45:15,'2023-12-03 16:45:15'),Other,general,0,0,0
3984,Robinson&#039;s General Store (Dorset) Ltd,,,2023-12-03 16:45:16,'2023-12-03 16:45:16'),Major Bank,general,0,0,0
3985,2293040 Ontario Inc,,,2023-12-03 16:45:16,'2023-12-03 16:45:16'),Other,general,0,0,0
3986,Rapport Credit Union Ltd,,,2023-12-03 16:45:16,'2023-12-03 16:45:16'),Major Bank,commercial,0,0,1
3987,Morrison Financial Mortgage Corporatio,,,2023-12-03 16:45:17,'2023-12-03 16:45:17'),Credit Union,residential,0,0,0
3988,Tropical Land Developments Ltd,,,2023-12-03 16:45:17,'2023-12-03 16:45:17'),Major Bank,land,1,0,0
3989,BMW Canada Inc,,,2023-12-03 16:45:17,'2023-12-03 16:45:17'),Other,general,0,0,0
3990,5020868 Ontario Ltd,,,2023-12-03 16:45:18,'2023-12-03 16:45:18'),Major Bank,general,0,0,0
3991,Concrete Investments Inc,,,2023-12-03 16:45:18,'2023-12-03 16:45:18'),Other,commercial,0,0,1
3992,Metro Ontario Inc,,,2023-12-03 16:45:18,'2023-12-03 16:45:18'),Other,general,0,0,0
3993,CityHousing Hamilton Cor,,,2023-12-03 16:45:18,'2023-12-03 16:45:18'),Other,general,0,0,0
3994,The Regional Municipality of Peel,,,2023-12-03 16:45:19,'2023-12-03 16:45:19'),Other,general,0,0,0
3995,9134603 Canada Inc,,,2023-12-03 16:45:19,'2023-12-03 16:45:19'),Other,general,0,0,0
3996,White Water &amp; Wild Lands Tours Ltd,,,2023-12-03 16:45:20,'2023-12-03 16:45:20'),Major Bank,land,1,0,0
3997,Artisan Holdco Inc,,,2023-12-03 16:45:20,'2023-12-03 16:45:20'),Other,general,0,0,0
3998,Samen Investeren BV,,,2023-12-03 16:45:21,'2023-12-03 16:45:21'),Other,general,0,0,0
3999,TXS Trust Company,,,2023-12-03 16:45:21,'2023-12-03 16:45:21'),Trust Company,general,0,0,0
4000,1518173 Ontario Ltd,,,2023-12-03 16:45:22,'2023-12-03 16:45:22'),Major Bank,general,0,0,0
4001,Estate of James Wickerson Stanley,,,2023-12-03 16:45:22,'2023-12-03 16:45:22'),Other,general,0,0,0
4002,2562915 Ontario Inc,,,2023-12-03 16:45:23,'2023-12-03 16:45:23'),Other,general,0,0,0
4003,1140570 Ontario Inc,,,2023-12-03 16:45:23,'2023-12-03 16:45:23'),Other,general,0,0,0
4004,Benson Custodian Cor,,,2023-12-03 16:45:23,'2023-12-03 16:45:23'),Other,general,0,0,0
4005,Efecto DE Ondas Inc,,,2023-12-03 16:45:23,'2023-12-03 16:45:23'),Other,general,0,0,0
4006,Design Tek Studio Inc,,,2023-12-03 16:45:24,'2023-12-03 16:45:24'),Other,general,0,0,0
4007,J Lammer Developments Ltd,,,2023-12-03 16:45:24,'2023-12-03 16:45:24'),Major Bank,general,0,0,0
4008,5025019 Ontario Inc,,,2023-12-03 16:45:25,'2023-12-03 16:45:25'),Other,general,0,0,0
4009,930264 Ontario Ltd,,,2023-12-03 16:45:25,'2023-12-03 16:45:25'),Major Bank,general,0,0,0
4010,2842968 Ontario Inc,,,2023-12-03 16:45:25,'2023-12-03 16:45:25'),Other,general,0,0,0
4011,Caisse Desjardins du Centre et de l&#039;Est de Laval,,,2023-12-03 16:45:26,'2023-12-03 16:45:26'),Credit Union,general,0,0,0
4012,2223241 Ontario Inc,,,2023-12-03 16:45:26,'2023-12-03 16:45:26'),Other,general,0,0,0
4013,2868785 Ontario Inc,,,2023-12-03 16:45:26,'2023-12-03 16:45:26'),Other,general,0,0,0
4014,60 West St Real Estate Inc,,,2023-12-03 16:45:27,'2023-12-03 16:45:27'),Other,general,0,0,0
4015,2266035 Ontario Inc,,,2023-12-03 16:45:27,'2023-12-03 16:45:27'),Other,general,0,0,0
4016,HK Baer Holdings Inc,,,2023-12-03 16:45:28,'2023-12-03 16:45:28'),Private Lender,general,0,0,0
4017,Sor-Val Holdings Inc,,,2023-12-03 16:45:28,'2023-12-03 16:45:28'),Private Lender,general,0,0,0
4018,Schickedanz Bros Ltd,,,2023-12-03 16:45:29,'2023-12-03 16:45:29'),Major Bank,general,0,0,0
4019,Katerin Investments Inc,,,2023-12-03 16:45:29,'2023-12-03 16:45:29'),Other,general,0,0,0
4020,The Royal Bank Canada,,,2023-12-03 16:45:29,'2023-12-03 16:45:29'),Major Bank,general,0,0,0
4021,Gapper-Duncan Inc,,,2023-12-03 16:45:30,'2023-12-03 16:45:30'),Other,general,0,0,0
4022,Marcopolo ON Inc,,,2023-12-03 16:45:30,'2023-12-03 16:45:30'),Other,general,0,0,0
4023,B &amp; B Sons Inc,,,2023-12-03 16:45:30,'2023-12-03 16:45:30'),Other,general,0,0,0
4024,Altseimer Enterprises Ltd,,,2023-12-03 16:45:32,'2023-12-03 16:45:32'),Major Bank,general,0,0,0
4025,2688277 Ontario Inc,,,2023-12-03 16:45:33,'2023-12-03 16:45:33'),Other,general,0,0,0
4026,10051657 Manitoba Ltd,,,2023-12-03 16:45:33,'2023-12-03 16:45:33'),Major Bank,general,0,0,0
4027,1991355 Ontario Inc,,,2023-12-03 16:45:33,'2023-12-03 16:45:33'),Other,general,0,0,0
4028,Monest Financial Inc,,,2023-12-03 16:45:34,'2023-12-03 16:45:34'),Credit Union,general,0,0,0
4029,Aimroy Developments Ltd,,,2023-12-03 16:45:34,'2023-12-03 16:45:34'),Major Bank,general,0,0,0
4030,MuskokaPharma Inc,,,2023-12-03 16:45:35,'2023-12-03 16:45:35'),Other,general,0,0,0
4031,Parkview Lending Ltd,,,2023-12-03 16:45:36,'2023-12-03 16:45:36'),Major Bank,general,0,0,0
4032,944227 Ontario Inc,,,2023-12-03 16:45:37,'2023-12-03 16:45:37'),Other,general,0,0,0
4033,410319 Ontario Inc,,,2023-12-03 16:45:37,'2023-12-03 16:45:37'),Other,general,0,0,0
4034,2241136 Ontario Inc,,,2023-12-03 16:45:39,'2023-12-03 16:45:39'),Other,general,0,0,0
4035,1367 Niagara Stone Rd Inc,,,2023-12-03 16:45:40,'2023-12-03 16:45:40'),Other,general,0,0,0
4036,1037063 Ontario Ltd,,,2023-12-03 16:45:41,'2023-12-03 16:45:41'),Major Bank,general,0,0,0
4037,Mizener&#039;s Antiques &amp; Flea Market Ltd,,,2023-12-03 16:45:42,'2023-12-03 16:45:42'),Major Bank,general,0,0,0
4038,Newmarket Stellar Management Ltd,,,2023-12-05 17:45:52,'2023-12-05 17:45:52'),Major Bank,general,0,0,0
4039,Engelite Realty Ltd,,,2023-12-05 17:45:52,'2023-12-05 17:45:52'),Major Bank,general,0,0,0
4040,Woodourne Canada IV GP ULC,,,2023-12-05 17:45:52,'2023-12-05 17:45:52'),Other,general,0,0,0
4041,Inmino Developments Inc,,,2023-12-05 17:45:53,'2023-12-05 17:45:53'),Development Company,general,0,0,0
4042,681367 Ontario Inc,,,2023-12-05 17:45:53,'2023-12-05 17:45:53'),Other,general,0,0,0
4043,1765685 Ontario Ltd,,,2023-12-05 17:45:55,'2023-12-05 17:45:55'),Major Bank,general,0,0,0
4044,Graydon Banning Ltd,,,2023-12-05 17:45:56,'2023-12-05 17:45:56'),Major Bank,general,0,0,0
4045,2212084 Ontario Inc,,,2023-12-05 17:45:56,'2023-12-05 17:45:56'),Other,general,0,0,0
4046,2533253 Ontario Inc,,,2023-12-05 17:45:56,'2023-12-05 17:45:56'),Other,general,0,0,0
4047,Castle Gate Towers Inc,,,2023-12-05 17:45:57,'2023-12-05 17:45:57'),Other,general,0,0,0
4048,Norquay Developments Ltd,,,2023-12-05 17:45:58,'2023-12-05 17:45:58'),Major Bank,general,0,0,0
4049,Cacoeli Linnwood Lowther LP,,,2023-12-05 17:46:01,'2023-12-05 17:46:01'),Other,hospitality,0,0,0
4050,Degroot Port Net Inc,,,2023-12-05 17:46:01,'2023-12-05 17:46:01'),Other,general,0,0,0
4051,Mar-View Farm Ltd,,,2023-12-05 17:46:02,'2023-12-05 17:46:02'),Major Bank,agricultural,0,0,0
4052,Caplink Ltd,,,2023-12-05 17:46:02,'2023-12-05 17:46:02'),Major Bank,general,0,0,0
4053,1101610 Ontario Ltd,,,2023-12-05 17:46:02,'2023-12-05 17:46:02'),Major Bank,general,0,0,0
4054,Oakville Developments (2010) Inc,,,2023-12-05 17:46:02,'2023-12-05 17:46:02'),Development Company,general,0,0,0
4055,Schlegel Enterprises Inc,,,2023-12-05 17:46:03,'2023-12-05 17:46:03'),Other,general,0,0,0
4056,LMI Management Inc,,,2023-12-05 17:46:03,'2023-12-05 17:46:03'),Other,general,0,0,0
4057,Neet-Rol Investments Ltd,,,2023-12-05 17:46:03,'2023-12-05 17:46:03'),Major Bank,general,0,0,0
4058,1 Sumach Street Inc,,,2023-12-05 17:46:05,'2023-12-05 17:46:05'),Other,general,0,0,0
4059,Greenhills Shopping Centres Ltd,,,2023-12-05 17:46:05,'2023-12-05 17:46:05'),Major Bank,general,0,0,0
4060,2403165 Ontario Inc,,,2023-12-05 17:46:05,'2023-12-05 17:46:05'),Other,general,0,0,0
4061,His Majesty the King in Right of Ontario a,,,2023-12-05 17:46:05,'2023-12-05 17:46:05'),Other,general,0,0,0
4062,2835033 Ontario Inc,,,2023-12-05 17:46:05,'2023-12-05 17:46:05'),Other,general,0,0,0
4063,1066470 Ontario Inc,,,2023-12-05 17:46:05,'2023-12-05 17:46:05'),Other,general,0,0,0
4064,Naches Holdings Inc,,,2023-12-05 17:46:06,'2023-12-05 17:46:06'),Private Lender,general,0,0,0
4065,DD 49 Queen Ltd,,,2023-12-05 17:46:06,'2023-12-05 17:46:06'),Major Bank,general,0,0,0
4066,Peakhill Captal Inc,,,2023-12-05 17:46:06,'2023-12-05 17:46:06'),Other,general,0,0,0
4067,Aliena Land Cor,,,2023-12-05 17:46:06,'2023-12-05 17:46:06'),Other,land,1,0,0
4068,Innocapital Cor,,,2023-12-05 17:46:07,'2023-12-05 17:46:07'),Private Lender,hospitality,0,0,0
4069,IBM Canada Ltd,,,2023-12-05 17:46:08,'2023-12-05 17:46:08'),Major Bank,general,0,0,0
4070,West Hillcrest Holdings Inc,,,2023-12-05 17:46:08,'2023-12-05 17:46:08'),Private Lender,commercial,0,0,1
4071,1000627424 Ontario Inc,,,2023-12-05 17:46:08,'2023-12-05 17:46:08'),Other,general,0,0,0
4072,Seiden (50512 Yonge) GP Inc,,,2023-12-05 17:46:08,'2023-12-05 17:46:08'),Other,general,0,0,0
4073,FCHT Holdings (Ontario) Cor,,,2023-12-05 17:46:08,'2023-12-05 17:46:08'),Private Lender,general,0,0,0
4074,AP Investments Inc,,,2023-12-05 17:46:09,'2023-12-05 17:46:09'),Other,general,0,0,0
4075,Schlueter Holdings Inc,,,2023-12-05 17:46:09,'2023-12-05 17:46:09'),Private Lender,general,0,0,0
4076,Lebovic Enterpirses Ltd,,,2023-12-05 17:46:09,'2023-12-05 17:46:09'),Major Bank,general,0,0,0
4077,Arrowhead Developments Ltd,,,2023-12-06 18:39:48,'2023-12-06 18:39:48'),Major Bank,general,0,0,0
4078,George W Drummond Ltd,,,2023-12-06 18:39:48,'2023-12-06 18:39:48'),Major Bank,general,0,0,0
4079,Elm Davenport Inc,,,2023-12-06 18:39:49,'2023-12-06 18:39:49'),Other,general,0,0,0
4080,Loutan Ltd,,,2023-12-06 18:39:49,'2023-12-06 18:39:49'),Major Bank,general,0,0,0
4081,The Manufacturers Life Insutance Co,,,2023-12-06 18:39:50,'2023-12-06 18:39:50'),Insurance Company,general,0,0,0
4082,West Bogert Holdings Inc,,,2023-12-06 18:39:50,'2023-12-06 18:39:50'),Private Lender,general,0,0,0
4083,FGU (Sheppard Bogert) GP Inc,,,2023-12-06 18:39:50,'2023-12-06 18:39:50'),Other,general,0,0,0
4084,Toronto District School Board,,,2023-12-06 18:39:50,'2023-12-06 18:39:50'),Other,general,0,0,0
4085,Carmelo Niagara Company Ltd,,,2023-12-06 18:39:51,'2023-12-06 18:39:51'),Major Bank,general,0,0,0
4086,Fiera FP Real Estate Financing Funr Inc,,,2023-12-06 18:39:51,'2023-12-06 18:39:51'),Other,general,0,0,0
4087,1583796 Ontario Inc,,,2023-12-06 18:39:51,'2023-12-06 18:39:51'),Other,general,0,0,0
4088,Timmins Square Holdings Inc,,,2023-12-06 18:39:51,'2023-12-06 18:39:51'),Private Lender,general,0,0,0
4089,WCPT Dufferin Inc,,,2023-12-06 18:39:52,'2023-12-06 18:39:52'),Other,general,0,0,0
4090,WTN Capital Inc,,,2023-12-06 18:39:52,'2023-12-06 18:39:52'),Private Lender,general,0,0,0
4091,Caisse Desjardins du Complexe Desjardi,,,2023-12-06 18:39:53,'2023-12-06 18:39:53'),Credit Union,general,0,0,0
4092,Four X Development Inc,,,2023-12-06 18:39:53,'2023-12-06 18:39:53'),Development Company,general,0,0,0
4093,2558992 Ontario Inc,,,2023-12-06 18:39:54,'2023-12-06 18:39:54'),Other,general,0,0,0
4094,GSP Realty Cor,,,2023-12-06 18:39:54,'2023-12-06 18:39:54'),Other,general,0,0,0
4095,2599900 Ontario Inc,,,2023-12-06 18:39:54,'2023-12-06 18:39:54'),Other,general,0,0,0
4096,Lee Chow Group Ltd,,,2023-12-06 18:39:54,'2023-12-06 18:39:54'),Major Bank,general,0,0,0
4097,Barrhaven Conservancy Development Cor,,,2023-12-06 18:39:54,'2023-12-06 18:39:54'),Development Company,general,0,0,0
4098,1801501 Ontario Ltd and 6 other,,,2023-12-06 18:39:55,'2023-12-06 18:39:55'),Major Bank,general,0,0,0
4099,Cal-Queen West Developments Inc,,,2023-12-06 18:39:55,'2023-12-06 18:39:55'),Development Company,general,0,0,0
4100,454 Yonge GP Inc,,,2023-12-06 18:39:56,'2023-12-06 18:39:56'),Other,general,0,0,0
4101,840999 Ontario Ltd,,,2023-12-06 18:39:57,'2023-12-06 18:39:57'),Major Bank,general,0,0,0
4102,54 Esplanade Realty,,,2023-12-06 18:39:58,'2023-12-06 18:39:58'),Other,general,0,0,0
4103,Dragon Holding Global Real Estate Funds SPC,,,2023-12-06 18:40:00,'2023-12-06 18:40:00'),Other,general,0,0,0
4104,Jelly Bean Capital Cor,,,2023-12-06 18:40:00,'2023-12-06 18:40:00'),Private Lender,general,0,0,0
4105,5036693 Ontario Ltd,,,2023-12-06 18:40:01,'2023-12-06 18:40:01'),Major Bank,general,0,0,0
4106,Nasa Investments Holdings Ltd,,,2023-12-06 18:40:01,'2023-12-06 18:40:01'),Major Bank,general,0,0,0
4107,Grall Sheppard Holdings Ltd,,,2023-12-06 18:40:02,'2023-12-06 18:40:02'),Major Bank,general,0,0,0
4108,Home Depot Holdings Inc,,,2023-12-06 18:40:02,'2023-12-06 18:40:02'),Private Lender,general,0,0,0
4109,BVD Petroleum Inc,,,2023-12-06 18:40:03,'2023-12-06 18:40:03'),Other,general,0,0,0
4110,The Pharmacy Examining Board of Canada,,,2023-12-06 18:40:03,'2023-12-06 18:40:03'),Other,general,0,0,0
4111,Zeema Investments Inc,,,2023-12-06 18:40:03,'2023-12-06 18:40:03'),Other,general,0,0,0
4112,Shiu Pong Enterprises (Canada) Inc,,,2023-12-06 18:40:04,'2023-12-06 18:40:04'),Other,general,0,0,0
4113,Rosen Goldberg Inc,,,2023-12-06 18:40:04,'2023-12-06 18:40:04'),Other,general,0,0,0
4114,Uxland Development (West) Inc,,,2023-12-06 18:40:05,'2023-12-06 18:40:05'),Development Company,land,1,0,0
4115,1234604 Ontario Inc,,,2023-12-06 18:40:05,'2023-12-06 18:40:05'),Other,general,0,0,0
4116,259 Yorkland Property Holdings Inc,,,2023-12-06 18:40:06,'2023-12-06 18:40:06'),Private Lender,land,1,0,0
4117,Canadian Imperial Bank of Commercce,,,2023-12-06 18:40:06,'2023-12-06 18:40:06'),Major Bank,general,0,0,0
4118,1783882 Ontario Inc,,,2023-12-06 18:40:07,'2023-12-06 18:40:07'),Other,general,0,0,0
4119,"JPMorgan Chase Bank, NA Toronto Branch",,,2023-12-06 18:40:08,'2023-12-06 18:40:08'),Major Bank,general,0,0,0
4120,1123778 Ontario Ltd,,,2023-12-06 18:40:08,'2023-12-06 18:40:08'),Major Bank,general,0,0,0
4121,2197617 Ontario Inc,,,2023-12-06 18:40:08,'2023-12-06 18:40:08'),Other,general,0,0,0
4122,HMT Holding Inc,,,2023-12-06 18:40:09,'2023-12-06 18:40:09'),Other,general,0,0,0
4123,Nawoc Holdings Ltd,,,2023-12-06 18:40:10,'2023-12-06 18:40:10'),Major Bank,general,0,0,0
4124,SRS Realty Group Inc,,,2023-12-06 18:40:10,'2023-12-06 18:40:10'),Other,general,0,0,0
4125,BSN Group London Cor,,,2023-12-06 18:40:11,'2023-12-06 18:40:11'),Other,general,0,0,0
4126,Sunnidale Estates Ltd,,,2023-12-06 18:40:11,'2023-12-06 18:40:11'),Major Bank,general,0,0,0
4127,851924 Ontario Ltd,,,2023-12-06 18:40:11,'2023-12-06 18:40:11'),Major Bank,general,0,0,0
4128,Icorp Properties (III) Ltd,,,2023-12-06 18:40:11,'2023-12-06 18:40:11'),Major Bank,general,0,0,0
4129,The Corporation of The County of Middlesex,,,2023-12-06 18:40:11,'2023-12-06 18:40:11'),Other,general,0,0,0
4130,Greycan 12 Properties Inc,,,2023-12-06 18:40:12,'2023-12-06 18:40:12'),Development Company,general,0,0,0
4131,12501252 Canada Inc,,,2023-12-06 18:40:12,'2023-12-06 18:40:12'),Other,general,0,0,0
4132,Glenwoods Gateway Investments Inc,,,2023-12-06 18:40:12,'2023-12-06 18:40:12'),Other,general,0,0,0
4133,1209708 Ontario Ltd,,,2023-12-06 18:40:13,'2023-12-06 18:40:13'),Major Bank,general,0,0,0
4134,Valleymede Building AMA Cor,,,2023-12-06 18:40:13,'2023-12-06 18:40:13'),Other,general,0,0,0
4135,1021888 Ontario Ltd,,,2023-12-06 18:40:14,'2023-12-06 18:40:14'),Major Bank,general,0,0,0
4136,Talus Capital (Eastern Ave) Ltd,,,2023-12-06 18:40:14,'2023-12-06 18:40:14'),Major Bank,general,0,0,0
4137,743361 Ontario Ltd,,,2023-12-06 18:40:14,'2023-12-06 18:40:14'),Major Bank,general,0,0,0
4138,CTBC Bank Co Ltd,,,2023-12-06 18:40:15,'2023-12-06 18:40:15'),Major Bank,general,0,0,0
4139,Gluckstein Holdings Inc,,,2023-12-06 18:40:15,'2023-12-06 18:40:15'),Private Lender,general,0,0,0
4140,Rosko Investment and Development Ltd,,,2023-12-06 18:40:16,'2023-12-06 18:40:16'),Major Bank,general,0,0,0
4141,1788727 Ontario Ltd,,,2023-12-06 18:40:16,'2023-12-06 18:40:16'),Major Bank,general,0,0,0
4142,5039773 Ontario Ltd,,,2023-12-06 18:40:18,'2023-12-06 18:40:18'),Major Bank,general,0,0,0
4143,Rexclair Ltd,,,2023-12-06 18:40:19,'2023-12-06 18:40:19'),Major Bank,general,0,0,0
4144,Capitol 3595 St Clair East Inc,,,2023-12-06 18:40:20,'2023-12-06 18:40:20'),Other,general,0,0,0
4145,Weldon Farms Ltd and 5 other,,,2023-12-06 18:40:21,'2023-12-06 18:40:21'),Major Bank,agricultural,0,0,0
4146,Hana Sugino Inc,,,2023-12-06 18:40:21,'2023-12-06 18:40:21'),Other,general,0,0,0
4147,Trafalgar Square Inc,,,2023-12-06 18:40:21,'2023-12-06 18:40:21'),Other,general,0,0,0
4148,1597229 Ontario Ltd,,,2023-12-06 18:40:21,'2023-12-06 18:40:21'),Major Bank,general,0,0,0
4149,Emeth Holdings Ltd,,,2023-12-06 18:40:22,'2023-12-06 18:40:22'),Major Bank,general,0,0,0
4150,Janeston Valley Developments Ltd,,,2023-12-06 18:40:24,'2023-12-06 18:40:24'),Major Bank,general,0,0,0
4151,2771823 Ontario Inc,,,2023-12-06 18:40:25,'2023-12-06 18:40:25'),Other,general,0,0,0
4152,Estonian House in Toronto Ltd,,,2023-12-06 18:40:25,'2023-12-06 18:40:25'),Major Bank,general,0,0,0
4153,Vetmar Ltd,,,2023-12-08 11:36:11,'2023-12-08 11:36:11'),Major Bank,general,0,0,0
4154,The Trustees of St Vladimir&#039;s Congregation at,,,2023-12-08 11:36:12,'2023-12-08 11:36:12'),Trust Company,general,0,0,0
4155,LVH Developments (DC) Inc,,,2023-12-08 11:36:12,'2023-12-08 11:36:12'),Development Company,general,0,0,0
4156,Winterbuilt Investments Ltd,,,2023-12-08 11:36:13,'2023-12-08 11:36:13'),Major Bank,general,0,0,0
4157,Berkley Carlyle CMCC GP Inc,,,2023-12-08 11:36:13,'2023-12-08 11:36:13'),Other,general,0,0,0
4158,SCREO I 6 Dawes Danforth GP Inc,,,2023-12-08 11:36:13,'2023-12-08 11:36:13'),Other,commercial,0,0,1
4159,267 O&#039;Connor Ltd,,,2023-12-08 11:36:14,'2023-12-08 11:36:14'),Major Bank,general,0,0,0
4160,"UMB Bank, NA",,,2023-12-08 11:36:14,'2023-12-08 11:36:14'),Major Bank,general,0,0,0
4161,2412371 Ontario Ltd,,,2023-12-08 11:36:16,'2023-12-08 11:36:16'),Major Bank,general,0,0,0
4162,2303515 Ontario Inc,,,2023-12-08 11:36:16,'2023-12-08 11:36:16'),Other,general,0,0,0
4163,CIC Management Services Inc,,,2023-12-08 11:36:16,'2023-12-08 11:36:16'),Other,general,0,0,0
4164,RS Kane Ltd,,,2023-12-08 11:36:18,'2023-12-08 11:36:18'),Major Bank,general,0,0,0
4165,2169460 Ontario Ltd,,,2023-12-08 11:36:18,'2023-12-08 11:36:18'),Major Bank,general,0,0,0
4166,General Partner Fiera Propertie,,,2023-12-08 11:36:19,'2023-12-08 11:36:19'),Other,general,0,0,0
4167,Sod Management Inc,,,2023-12-08 11:36:19,'2023-12-08 11:36:19'),Other,general,0,0,0
4168,Dirgam Developments Caledon Inc,,,2023-12-08 11:36:19,'2023-12-08 11:36:19'),Development Company,general,0,0,0
4169,Her Majesty the Queen in right of Ontario a,,,2023-12-08 11:36:21,'2023-12-08 11:36:21'),Other,general,0,0,0
4170,Gemini Urban Design (W) Cor,,,2023-12-08 11:36:25,'2023-12-08 11:36:25'),Other,general,0,0,0
4171,Moshoian Productions Ltd,,,2023-12-08 11:36:25,'2023-12-08 11:36:25'),Major Bank,general,0,0,0
4172,2470861 Ontario Inc,,,2023-12-08 11:36:25,'2023-12-08 11:36:25'),Other,general,0,0,0
4173,9404635 Canada Inc,,,2023-12-08 11:36:26,'2023-12-08 11:36:26'),Other,general,0,0,0
4174,480-485 Canatara Court (Kingston) Inc,,,2023-12-08 11:36:27,'2023-12-08 11:36:27'),Other,general,0,0,0
4175,700 Sir John A MacDonald Blvd (Kingston) Inc,,,2023-12-08 11:36:27,'2023-12-08 11:36:27'),Other,general,0,0,0
4176,111 Notch Hill Road (Kingston) Inc,,,2023-12-08 11:36:27,'2023-12-08 11:36:27'),Other,general,0,0,0
4177,RSK Trustee Holdings Inc,,,2023-12-08 11:36:27,'2023-12-08 11:36:27'),Private Lender,general,0,0,0
4178,5-30 Glen Wood Place (Brockville) Inc,,,2023-12-08 11:36:27,'2023-12-08 11:36:27'),Other,general,0,0,0
4179,Skyline Blue Mountain Retail Inc,,,2023-12-08 11:36:28,'2023-12-08 11:36:28'),Other,retail,0,0,0
4180,Dundas Properties Development Ltd,,,2023-12-08 11:36:29,'2023-12-08 11:36:29'),Major Bank,general,0,0,0
4181,cIMC Specialty Fund Cor,,,2023-12-08 11:36:29,'2023-12-08 11:36:29'),Other,general,0,0,0
4182,"PNC Bank, National Associatio",,,2023-12-08 11:36:30,'2023-12-08 11:36:30'),Major Bank,general,0,0,0
4183,Devtrin (Islington) Inc,,,2023-12-08 11:36:33,'2023-12-08 11:36:33'),Other,general,0,0,0
4184,Danan Investments Inc,,,2023-12-08 11:36:33,'2023-12-08 11:36:33'),Other,general,0,0,0
4185,All Season Recycle Inc,,,2023-12-08 11:36:33,'2023-12-08 11:36:33'),Other,general,0,0,0
4186,125 George Street Holding,,,2023-12-08 11:36:33,'2023-12-08 11:36:33'),Other,general,0,0,0
4187,1012689 Ontario Ltd,,,2023-12-08 11:36:34,'2023-12-08 11:36:34'),Major Bank,general,0,0,0
4188,Solaris Holdings Inc,,,2023-12-08 11:36:34,'2023-12-08 11:36:34'),Private Lender,general,0,0,0
4189,Fortune 8 Real Estate Inc,,,2023-12-08 11:36:34,'2023-12-08 11:36:34'),Other,general,0,0,0
4190,Towerhill Developments Inc,,,2023-12-08 11:36:34,'2023-12-08 11:36:34'),Development Company,general,0,0,0
4191,Hotz and Sons Ltd,,,2023-12-08 11:36:35,'2023-12-08 11:36:35'),Major Bank,general,0,0,0
4192,Minett Holding Cor,,,2023-12-08 11:36:35,'2023-12-08 11:36:35'),Other,general,0,0,0
4193,Lawrence Goss Ltd,,,2023-12-08 11:36:35,'2023-12-08 11:36:35'),Major Bank,general,0,0,0
4194,320 Bay (III) Equities Inc,,,2023-12-08 11:36:35,'2023-12-08 11:36:35'),Other,general,0,0,0
4195,Canopy Rivers Cor,,,2023-12-08 11:36:35,'2023-12-08 11:36:35'),Other,general,0,0,0
4196,Caishen Capital Group Ltd,,,2023-12-08 11:36:36,'2023-12-08 11:36:36'),Major Bank,general,0,0,0
4197,Arrowhead New Toronto East Inc,,,2023-12-08 11:36:37,'2023-12-08 11:36:37'),Other,general,0,0,0
4198,847325 Ontario Ltd,,,2023-12-08 11:36:38,'2023-12-08 11:36:38'),Major Bank,general,0,0,0
4199,Surreyrock Investments Inc,,,2023-12-08 11:36:40,'2023-12-08 11:36:40'),Other,general,0,0,0
4200,Canstone Mortgage Fund GP Inc,,,2023-12-08 11:36:41,'2023-12-08 11:36:41'),Other,residential,0,0,0
4201,2150505 Ontario Inc,,,2023-12-08 11:36:42,'2023-12-08 11:36:42'),Other,general,0,0,0
4202,1984701 Ontario Inc,,,2023-12-08 11:36:42,'2023-12-08 11:36:42'),Other,general,0,0,0
4203,Country Homes Ltd,,,2023-12-08 11:36:42,'2023-12-08 11:36:42'),Major Bank,general,0,0,0
4204,Albert &amp; Main Holdings Inc,,,2023-12-08 11:36:42,'2023-12-08 11:36:42'),Private Lender,general,0,0,0
4205,West Ottawa Holdings Inc,,,2023-12-08 11:36:42,'2023-12-08 11:36:42'),Private Lender,general,0,0,0
4206,2507701 Ontario Inc,,,2023-12-08 11:36:42,'2023-12-08 11:36:42'),Other,general,0,0,0
4207,Sisters Servants of Mary Immaculate,,,2023-12-08 11:36:42,'2023-12-08 11:36:42'),Other,general,0,0,0
4208,Louco Investments Inc,,,2023-12-08 11:36:43,'2023-12-08 11:36:43'),Other,general,0,0,0
4209,Canadian Tire Real Estate Ltd,,,2023-12-08 11:36:43,'2023-12-08 11:36:43'),Major Bank,general,0,0,0
4210,1671133 Ontario Inc,,,2023-12-08 11:36:43,'2023-12-08 11:36:43'),Other,general,0,0,0
4211,Wilbair Holdings Inc,,,2023-12-08 11:36:43,'2023-12-08 11:36:43'),Private Lender,general,0,0,0
4212,1535709 Ontario Ltd,,,2023-12-08 11:36:44,'2023-12-08 11:36:44'),Major Bank,general,0,0,0
4213,Sixth Line Cor,,,2023-12-08 11:36:45,'2023-12-08 11:36:45'),Other,general,0,0,0
4214,Serendipity Point Developments Inc,,,2023-12-08 11:36:45,'2023-12-08 11:36:45'),Development Company,general,0,0,0
4215,710561 Ontario Ltd,,,2023-12-08 11:36:46,'2023-12-08 11:36:46'),Major Bank,general,0,0,0
4216,1098470 Ontario Ltd,,,2023-12-08 11:36:46,'2023-12-08 11:36:46'),Major Bank,general,0,0,0
4217,Mark Rich Homes Ltd,,,2023-12-08 11:36:46,'2023-12-08 11:36:46'),Major Bank,general,0,0,0
4218,FNB Developments Inc,,,2023-12-08 11:36:47,'2023-12-08 11:36:47'),Development Company,general,0,0,0
4219,Jaycar Holdings Inc,,,2023-12-08 11:36:47,'2023-12-08 11:36:47'),Private Lender,general,0,0,0
4220,Canada ICI Capital Corporatio,,,2023-12-08 11:36:48,'2023-12-08 11:36:48'),Private Lender,general,0,0,0
4221,Halton Park Inc,,,2023-12-08 11:36:48,'2023-12-08 11:36:48'),Other,general,0,0,0
4222,11693387 Canada Inc,,,2023-12-08 11:36:48,'2023-12-08 11:36:48'),Other,general,0,0,0
4223,Greycan 11 Properties Inc,,,2023-12-08 11:36:48,'2023-12-08 11:36:48'),Development Company,general,0,0,0
4224,Steele Valley Developments Ltd,,,2023-12-08 11:36:49,'2023-12-08 11:36:49'),Major Bank,general,0,0,0
4225,BMO Life Assurance Company,,,2023-12-08 11:36:50,'2023-12-08 11:36:50'),Major Bank,general,0,0,0
4226,First Capital (Strandherd Crossing III) Cor,,,2023-12-08 11:36:50,'2023-12-08 11:36:50'),Private Lender,general,0,0,0
4227,First Capital (Strandherd Crossing II) Cor,,,2023-12-08 11:36:50,'2023-12-08 11:36:50'),Private Lender,general,0,0,0
4228,First Capital (Strandherd Crossing I) Cor,,,2023-12-08 11:36:50,'2023-12-08 11:36:50'),Private Lender,general,0,0,0
4229,Eagleson South Centre Inc,,,2023-12-08 11:36:50,'2023-12-08 11:36:50'),Other,general,0,0,0
4230,BV Highrise GP Inc,,,2023-12-08 11:36:51,'2023-12-08 11:36:51'),Other,general,0,0,0
4231,Jim Peplinski Leasing Inc,,,2023-12-08 11:36:52,'2023-12-08 11:36:52'),Other,general,0,0,0
4232,Humberview Auto Centre Ltd,,,2023-12-08 11:36:52,'2023-12-08 11:36:52'),Major Bank,general,0,0,0
4233,Artis General Partner Ltd,,,2023-12-08 11:36:54,'2023-12-08 11:36:54'),Major Bank,general,0,0,0
4234,1068259 Ontario Inc,,,2023-12-08 11:36:56,'2023-12-08 11:36:56'),Other,general,0,0,0
4235,Greenwin Barrie Inc,,,2023-12-08 11:36:56,'2023-12-08 11:36:56'),Other,general,0,0,0
4236,2714708 Ontario Inc,,,2023-12-08 11:36:56,'2023-12-08 11:36:56'),Other,general,0,0,0
4237,Rom-Grand Huntington Ltd,,,2023-12-08 20:20:00,'2023-12-08 20:20:00'),Major Bank,general,0,0,0
4238,Mastron Enterprises Ltd,,,2023-12-08 20:20:00,'2023-12-08 20:20:00'),Major Bank,general,0,0,0
4239,2436196 Ontario Inc,,,2023-12-08 20:20:00,'2023-12-08 20:20:00'),Other,general,0,0,0
4240,1932275 Ontario Inc,,,2023-12-08 20:20:01,'2023-12-08 20:20:01'),Other,general,0,0,0
4241,2231680 Ontario Inc,,,2023-12-08 20:20:01,'2023-12-08 20:20:01'),Other,general,0,0,0
4242,2346900 Ontario Ltd,,,2023-12-08 20:20:02,'2023-12-08 20:20:02'),Major Bank,general,0,0,0
4243,Queen East Centre Inc,,,2023-12-08 20:20:02,'2023-12-08 20:20:02'),Other,general,0,0,0
4244,Legacy Land Hamilton Inc,,,2023-12-08 20:20:02,'2023-12-08 20:20:02'),Other,land,1,0,0
4245,Remenyi House of Music Ltd,,,2023-12-08 20:20:03,'2023-12-08 20:20:03'),Major Bank,general,0,0,0
4246,Wycliffe King Bond Ltd,,,2023-12-08 20:20:03,'2023-12-08 20:20:03'),Major Bank,general,0,0,0
4247,Metrus Central Properties Ltd,,,2023-12-08 20:20:04,'2023-12-08 20:20:04'),Major Bank,general,0,0,0
4248,"The Toronto-Dominion Bank, as Canadian Agent",,,2023-12-08 20:20:05,'2023-12-08 20:20:05'),Major Bank,general,0,0,0
4249,E &amp; P Investments Inc,,,2023-12-08 20:20:05,'2023-12-08 20:20:05'),Other,general,0,0,0
4250,Digram Developments Caledon Inc,,,2023-12-08 20:20:06,'2023-12-08 20:20:06'),Development Company,general,0,0,0
4251,Tuckernuck Mortgage Adminstration Inc,,,2023-12-08 20:20:06,'2023-12-08 20:20:06'),Other,residential,0,0,0
4252,1107051 Ontario Inc,,,2023-12-08 20:20:07,'2023-12-08 20:20:07'),Other,general,0,0,0
4253,Great Gulf Kingspa Enterprises Inc,,,2023-12-08 20:20:07,'2023-12-08 20:20:07'),Other,general,0,0,0
4254,2391347 Ontario Inc,,,2023-12-08 20:20:07,'2023-12-08 20:20:07'),Other,general,0,0,0
4255,2291979 Ontario Inc,,,2023-12-08 20:20:08,'2023-12-08 20:20:08'),Other,general,0,0,0
4256,8874 Yonge Street Inc,,,2023-12-08 20:20:09,'2023-12-08 20:20:09'),Other,general,0,0,0
4257,Shiplake Master GP Inc,,,2023-12-08 20:20:09,'2023-12-08 20:20:09'),Other,general,0,0,0
4258,2001586 Ontario Inc,,,2023-12-08 20:20:09,'2023-12-08 20:20:09'),Other,general,0,0,0
4259,"Canadian Tire Corporation, Ltd",,,2023-12-08 20:20:09,'2023-12-08 20:20:09'),Major Bank,general,0,0,0
4260,South Fields II Community Inc,,,2023-12-08 20:20:09,'2023-12-08 20:20:09'),Other,general,0,0,0
4261,Pyl-Chem Hotel Ltd,,,2023-12-08 20:20:10,'2023-12-08 20:20:10'),Major Bank,hospitality,0,0,0
4262,Sun Life Canadian Commercial Mortgage GP Inc,,,2023-12-08 20:20:10,'2023-12-08 20:20:10'),Insurance Company,commercial|residential,0,0,1
4263,Crossroads Christian Communications Inc,,,2023-12-08 20:20:12,'2023-12-08 20:20:12'),Other,general,0,0,0
4264,First Capital (Byron Village) Cor,,,2023-12-08 20:20:12,'2023-12-08 20:20:12'),Private Lender,general,0,0,0
4265,Rino Grande Holdings Cor,,,2023-12-08 20:20:13,'2023-12-08 20:20:13'),Private Lender,general,0,0,0
4266,VPMA Bay Adelaide Property Ltd,,,2023-12-08 20:20:13,'2023-12-08 20:20:13'),Major Bank,general,0,0,0
4267,Bay Adelaide East Ltd,,,2023-12-08 20:20:13,'2023-12-08 20:20:13'),Major Bank,general,0,0,0
4268,Dunbury Developments (Regional) Ltd,,,2023-12-08 20:20:14,'2023-12-08 20:20:14'),Major Bank,general,0,0,0
4269,Tralee Development Inc,,,2023-12-08 20:20:14,'2023-12-08 20:20:14'),Development Company,general,0,0,0
4270,9676082 Canada Inc,,,2023-12-08 20:20:14,'2023-12-08 20:20:14'),Other,general,0,0,0
4271,Linksview Development Cor,,,2023-12-08 20:20:14,'2023-12-08 20:20:14'),Development Company,general,0,0,0
4272,Wam C and W GP Inc,,,2023-12-08 20:20:15,'2023-12-08 20:20:15'),Other,general,0,0,0
4273,Montez C and W GP Inc,,,2023-12-08 20:20:15,'2023-12-08 20:20:15'),Other,general,0,0,0
4274,National Homes (Old Kennedy) Inc,,,2023-12-08 20:20:15,'2023-12-08 20:20:15'),Other,general,0,0,0
4275,Lord Elgin Estates Developments Ltd,,,2023-12-08 20:20:16,'2023-12-08 20:20:16'),Major Bank,general,0,0,0
4276,Yonge-Clair Properties Inc,,,2023-12-08 20:20:17,'2023-12-08 20:20:17'),Development Company,general,0,0,0
4277,Great Gulf YSC Inc,,,2023-12-08 20:20:17,'2023-12-08 20:20:17'),Other,general,0,0,0
4278,Dorsay Developments (Bayview) Ltd,,,2023-12-08 20:20:17,'2023-12-08 20:20:17'),Major Bank,general,0,0,0
4279,LRT Technologies Inc,,,2023-12-08 20:20:18,'2023-12-08 20:20:18'),Other,general,0,0,0
4280,Trolleybus Urban Development Inc,,,2023-12-08 20:20:19,'2023-12-08 20:20:19'),Development Company,general,0,0,0
4281,Yorkville North Development Ltd,,,2023-12-08 20:20:19,'2023-12-08 20:20:19'),Major Bank,general,0,0,0
4282,2054971 Ontario Inc,,,2023-12-08 20:20:19,'2023-12-08 20:20:19'),Other,general,0,0,0
4283,Holland Green Developments Inc,,,2023-12-08 20:20:20,'2023-12-08 20:20:20'),Development Company,land,1,0,0
4284,Heart Property Cor,,,2023-12-08 20:20:20,'2023-12-08 20:20:20'),Development Company,general,0,0,0
4285,2652262 Ontario Inc,,,2023-12-08 20:20:24,'2023-12-08 20:20:24'),Other,general,0,0,0
4286,Anchor Real Estate Holdings Ltd,,,2023-12-08 20:20:24,'2023-12-08 20:20:24'),Major Bank,general,0,0,0
4287,CDW Realty Ltd,,,2023-12-08 20:20:25,'2023-12-08 20:20:25'),Major Bank,general,0,0,0
4288,The Corporation of the Township of King,,,2023-12-08 20:20:26,'2023-12-08 20:20:26'),Other,general,0,0,0
4289,Merkur Realty (1993) Ltd,,,2023-12-08 20:20:27,'2023-12-08 20:20:27'),Major Bank,general,0,0,0
4290,The Great-West Assurance Co,,,2023-12-08 20:20:28,'2023-12-08 20:20:28'),Insurance Company,general,0,0,0
4291,1276304 Ontario Inc,,,2023-12-08 20:20:29,'2023-12-08 20:20:29'),Other,general,0,0,0
4292,2617500 Ontario Ltd,,,2023-12-08 20:20:31,'2023-12-08 20:20:31'),Major Bank,general,0,0,0
4293,R &amp; G Realty Management Inc,,,2023-12-08 20:20:31,'2023-12-08 20:20:31'),Other,general,0,0,0
4294,Big Spring Farms Ltd,,,2023-12-08 20:20:31,'2023-12-08 20:20:31'),Major Bank,agricultural,0,0,0
4295,First Capital (Sterling) GP Inc,,,2023-12-08 20:20:31,'2023-12-08 20:20:31'),Private Lender,general,0,0,0
4296,New Bond Properties Inc,,,2023-12-08 20:20:31,'2023-12-08 20:20:31'),Development Company,general,0,0,0
4297,Muzzo Brothers Group Inc,,,2023-12-08 20:20:31,'2023-12-08 20:20:31'),Other,general,0,0,0
4298,1261 Dundas Street Ltd and 8 other,,,2023-12-08 20:20:33,'2023-12-08 20:20:33'),Major Bank,general,0,0,0
4299,Agriber Ontario Inc,,,2023-12-08 20:20:33,'2023-12-08 20:20:33'),Other,general,0,0,0
4300,Canadian Tire Corporation Ltd,,,2023-12-08 20:20:34,'2023-12-08 20:20:34'),Major Bank,general,0,0,0
4301,Bank of Montreal DBA BMO Capitals Partner,,,2023-12-08 20:20:34,'2023-12-08 20:20:34'),Major Bank,general,0,0,0
4302,King South Developments Inc,,,2023-12-08 20:20:35,'2023-12-08 20:20:35'),Development Company,general,0,0,0
4303,1758116 Ontario Cor,,,2023-12-08 20:20:36,'2023-12-08 20:20:36'),Other,general,0,0,0
4304,Heart Lake Gardens Inc,,,2023-12-08 20:20:36,'2023-12-08 20:20:36'),Other,general,0,0,0
4305,HCN (Rosehill) Property Inc,,,2023-12-08 20:20:36,'2023-12-08 20:20:36'),Development Company,general,0,0,0
4306,Fumata Investment Cor,,,2023-12-08 20:20:36,'2023-12-08 20:20:36'),Other,general,0,0,0
4307,BIN Management Inc,,,2023-12-08 20:20:37,'2023-12-08 20:20:37'),Other,general,0,0,0
4308,2610812 Ontario Inc and 4 other,,,2023-12-08 20:20:37,'2023-12-08 20:20:37'),Other,general,0,0,0
4309,Hewitt Creek Farms Ltd,,,2023-12-08 20:20:38,'2023-12-08 20:20:38'),Major Bank,commercial|agricultural,0,0,1
4310,Hotel San Francisco SA,,,2023-12-08 20:20:38,'2023-12-08 20:20:38'),Other,hospitality,0,0,0
4311,Cortland Capital Market Services LLC,,,2023-12-08 20:20:38,'2023-12-08 20:20:38'),Private Lender,land,1,0,0
4312,DAW Construction Ltd,,,2023-12-08 20:20:39,'2023-12-08 20:20:39'),Major Bank,construction,0,1,0
4313,Joseph Rubin Holdings Ltd,,,2023-12-08 20:20:40,'2023-12-08 20:20:40'),Major Bank,general,0,0,0
4314,208 Bloor Street West Inc,,,2023-12-08 20:20:40,'2023-12-08 20:20:40'),Other,general,0,0,0
4315,Woodspring Homes Ltd,,,2023-12-08 20:20:41,'2023-12-08 20:20:41'),Major Bank,general,0,0,0
4316,VI Realty Financing Cro,,,2023-12-08 20:20:41,'2023-12-08 20:20:41'),Other,general,0,0,0
4317,Sterling Group (Sheppard Commercial) Inc,,,2023-12-08 20:20:42,'2023-12-08 20:20:42'),Other,commercial,0,0,1
4318,The Woodstock Meadows Golf Centre Inc,,,2023-12-08 20:20:42,'2023-12-08 20:20:42'),Other,general,0,0,0
4319,Sebian Developments Ltd,,,2023-12-08 20:20:42,'2023-12-08 20:20:42'),Major Bank,general,0,0,0
4320,Brazmar Ltd,,,2023-12-08 20:20:43,'2023-12-08 20:20:43'),Major Bank,general,0,0,0
4321,Kingspount Capital Inc,,,2023-12-08 20:20:43,'2023-12-08 20:20:43'),Private Lender,general,0,0,0
4322,1993822 Ontario Inc,,,2023-12-08 20:20:43,'2023-12-08 20:20:43'),Other,general,0,0,0
4323,Red Eagle Enterprises Inc,,,2023-12-08 20:20:44,'2023-12-08 20:20:44'),Other,general,0,0,0
4324,King Ranch Homes Inc,,,2023-12-08 20:20:44,'2023-12-08 20:20:44'),Other,general,0,0,0
4325,Stardust Estates Inc,,,2023-12-08 20:20:44,'2023-12-08 20:20:44'),Other,general,0,0,0
4326,Mayfield (RCH) Properties Inc,,,2023-12-08 20:20:44,'2023-12-08 20:20:44'),Development Company,general,0,0,0
4327,Radha Soami Society Beas Canada,,,2023-12-08 20:20:45,'2023-12-08 20:20:45'),Other,general,0,0,0
4328,"National Bank of Kuwait, SAKP, New York Branch",,,2023-12-08 20:20:45,'2023-12-08 20:20:45'),Major Bank,general,0,0,0
4329,RGA Life Insurance Company of Canada,,,2023-12-08 20:20:46,'2023-12-08 20:20:46'),Insurance Company,general,0,0,0
4330,East Toronto (Ont No 11) Branch of the Ontario,,,2023-12-08 20:20:46,'2023-12-08 20:20:46'),Other,general,0,0,0
4331,QQE 162 Inc,,,2023-12-08 20:20:47,'2023-12-08 20:20:47'),Other,general,0,0,0
4332,Atrium Mortgge Investment Cor,,,2023-12-08 20:20:47,'2023-12-08 20:20:47'),Other,general,0,0,0
4333,Oakville Urban Core Developments Inc,,,2023-12-08 20:20:47,'2023-12-08 20:20:47'),Development Company,general,0,0,0
4334,Van Maren Financial Ltd,,,2023-12-11 14:00:15,'2023-12-11 14:00:15'),Major Bank,general,0,0,0
4335,The Toronto Waldorf School,,,2023-12-11 14:00:15,'2023-12-11 14:00:15'),Other,general,0,0,0
4336,Valley Creek Brampto,,,2023-12-11 14:00:16,'2023-12-11 14:00:16'),Other,commercial,0,0,1
4337,Select Sand &amp; Gravel Ltd,,,2023-12-11 14:00:16,'2023-12-11 14:00:16'),Major Bank,general,0,0,0
4338,Bemp Holdings I Inc,,,2023-12-11 14:00:17,'2023-12-11 14:00:17'),Private Lender,general,0,0,0
4339,Kiewswetter Holdings Ltd,,,2023-12-11 14:00:17,'2023-12-11 14:00:17'),Major Bank,general,0,0,0
4340,410 Fairview Drive Inc,,,2023-12-11 14:00:17,'2023-12-11 14:00:17'),Other,general,0,0,0
4341,Canada Mortgage and Housing Corporatio,,,2023-12-11 14:00:17,'2023-12-11 14:00:17'),Other,residential,0,0,0
4342,Landcon Ltd,,,2023-12-11 14:00:17,'2023-12-11 14:00:17'),Major Bank,land,1,0,0
4343,Granite Ridge Development Inc,,,2023-12-11 14:00:18,'2023-12-11 14:00:18'),Development Company,general,0,0,0
4344,Bay Area Realty (Chedoke) Ltd,,,2023-12-11 14:00:18,'2023-12-11 14:00:18'),Major Bank,general,0,0,0
4345,Cedardale Markham Inc,,,2023-12-11 14:00:19,'2023-12-11 14:00:19'),Other,general,0,0,0
4346,Transmetro Ltd,,,2023-12-11 14:00:20,'2023-12-11 14:00:20'),Major Bank,general,0,0,0
4347,LG (Uxbridge) Investments Ltd,,,2023-12-11 14:00:20,'2023-12-11 14:00:20'),Major Bank,general,0,0,0
4348,CPPIB 30 Bay Inc,,,2023-12-11 14:00:20,'2023-12-11 14:00:20'),Other,general,0,0,0
4349,30 Bay ORC Holdings Inc,,,2023-12-11 14:00:20,'2023-12-11 14:00:20'),Private Lender,general,0,0,0
4350,2126596 Ontario Inc,,,2023-12-11 14:00:21,'2023-12-11 14:00:21'),Other,general,0,0,0
4351,Refa Consultants Inc,,,2023-12-11 14:00:21,'2023-12-11 14:00:21'),Other,general,0,0,0
4352,Ornstock Developments Ltd,,,2023-12-11 14:00:21,'2023-12-11 14:00:21'),Major Bank,general,0,0,0
4353,Mattamy (Monarch) Ltd,,,2023-12-11 14:00:22,'2023-12-11 14:00:22'),Major Bank,general,0,0,0
4354,Gervais Development (Tottenham) Cor,,,2023-12-11 14:00:22,'2023-12-11 14:00:22'),Development Company,general,0,0,0
4355,Reserve Land Corporatio,,,2023-12-11 14:00:22,'2023-12-11 14:00:22'),Other,land,1,0,0
4356,Vine Hill Farms Ltd,,,2023-12-11 14:00:22,'2023-12-11 14:00:22'),Major Bank,agricultural,0,0,0
4357,South Inlet Properties Ltd,,,2023-12-11 14:00:23,'2023-12-11 14:00:23'),Major Bank,general,0,0,0
4358,2000963 Ontario Inc,,,2023-12-11 14:00:24,'2023-12-11 14:00:24'),Other,general,0,0,0
4359,WJG Steeles Holdings Ltd,,,2023-12-11 14:00:24,'2023-12-11 14:00:24'),Major Bank,general,0,0,0
4360,AGCG Holdings Inc,,,2023-12-11 14:00:24,'2023-12-11 14:00:24'),Private Lender,general,0,0,0
4361,Nissan Canada Financial Services Inc,,,2023-12-11 14:00:25,'2023-12-11 14:00:25'),Credit Union,general,0,0,0
4362,Emerald Valley Developments Inc,,,2023-12-11 14:00:25,'2023-12-11 14:00:25'),Development Company,general,0,0,0
4363,PBM Realty Holdings Inc,,,2023-12-11 14:00:25,'2023-12-11 14:00:25'),Private Lender,general,0,0,0
4364,Kingsway College,,,2023-12-11 14:00:26,'2023-12-11 14:00:26'),Other,general,0,0,0
4365,Alterna Saving and Credit Union Ltd,,,2023-12-11 14:00:27,'2023-12-11 14:00:27'),Major Bank,commercial,0,0,1
4366,KM2 Holdings Ltd,,,2023-12-11 14:00:29,'2023-12-11 14:00:29'),Major Bank,general,0,0,0
4367,Shieldbay Developments Inc,,,2023-12-11 14:00:29,'2023-12-11 14:00:29'),Development Company,general,0,0,0
4368,BCMP Motrgage Investment Cor,,,2023-12-11 14:00:30,'2023-12-11 14:00:30'),Other,general,0,0,0
4369,Whitby Lanes Inc,,,2023-12-11 14:00:30,'2023-12-11 14:00:30'),Other,general,0,0,0
4370,Maitland Arms Apartments Inc,,,2023-12-11 14:00:31,'2023-12-11 14:00:31'),Other,land,1,0,0
4371,People&#039;s Trust Company,,,2023-12-11 14:00:31,'2023-12-11 14:00:31'),Trust Company,general,0,0,0
4372,Brookvalley Angus South Inc,,,2023-12-11 14:00:32,'2023-12-11 14:00:32'),Other,general,0,0,0
4373,CP Capital Investments Group Inc,,,2023-12-11 14:00:32,'2023-12-11 14:00:32'),Private Lender,general,0,0,0
4374,GLC Pharmatech Inc,,,2023-12-11 14:00:33,'2023-12-11 14:00:33'),Other,general,0,0,0
4375,Building &amp; Development Mortgages Canada Inc,,,2023-12-11 14:00:33,'2023-12-11 14:00:33'),Development Company,residential,0,0,0
4376,PLDI Holdings Ltd,,,2023-12-11 14:00:33,'2023-12-11 14:00:33'),Major Bank,general,0,0,0
4377,1627878 Ontario Inc,,,2023-12-11 14:00:33,'2023-12-11 14:00:33'),Other,general,0,0,0
4378,"Wells Fargo, National Association Canadian Branch",,,2023-12-11 14:00:33,'2023-12-11 14:00:33'),Other,general,0,0,0
4379,CR4 5255 Yonge Inc,,,2023-12-11 14:00:33,'2023-12-11 14:00:33'),Other,general,0,0,0
4380,Dream Alternatives Lending Service,,,2023-12-11 14:00:34,'2023-12-11 14:00:34'),Other,general,0,0,0
4381,2595311 Ontario Inc,,,2023-12-11 14:00:34,'2023-12-11 14:00:34'),Other,general,0,0,0
4382,Boat Rocker Media Inc,,,2023-12-11 14:00:34,'2023-12-11 14:00:34'),Other,general,0,0,0
4383,"Elk Grove Partners II, LLC",,,2023-12-11 14:00:34,'2023-12-11 14:00:34'),Other,general,0,0,0
4384,Mary-Skents Developments Inc,,,2023-12-11 14:00:35,'2023-12-11 14:00:35'),Development Company,general,0,0,0
4385,Lethambridge Holding Cor,,,2023-12-11 14:00:35,'2023-12-11 14:00:35'),Other,general,0,0,0
4386,1820277 Ontario Ltd,,,2023-12-11 14:00:35,'2023-12-11 14:00:35'),Major Bank,general,0,0,0
4387,2471867 Ontario Ltd,,,2023-12-11 14:00:35,'2023-12-11 14:00:35'),Major Bank,general,0,0,0
4388,Solmar Inc,,,2023-12-11 14:00:37,'2023-12-11 14:00:37'),Other,general,0,0,0
4389,cIMC Fixed Term Fund Corporatio,,,2023-12-11 14:00:37,'2023-12-11 14:00:37'),Other,general,0,0,0
4390,Triogreen East GP Inc,,,2023-12-11 14:00:39,'2023-12-11 14:00:39'),Other,general,0,0,0
4391,Fallsview Golf Inc,,,2023-12-11 14:00:39,'2023-12-11 14:00:39'),Other,general,0,0,0
4392,Heck Investments Ltd,,,2023-12-11 14:00:40,'2023-12-11 14:00:40'),Major Bank,general,0,0,0
4393,Gold Park (Woodbridge) Inc,,,2023-12-11 14:00:42,'2023-12-11 14:00:42'),Other,general,0,0,0
4394,Sapphire Hills Homes Inc,,,2023-12-11 14:00:43,'2023-12-11 14:00:43'),Other,general,0,0,0
4395,Newvest Realty Cor,,,2023-12-11 14:00:43,'2023-12-11 14:00:43'),Other,general,0,0,0
4396,Ottawa-River Developments Inc,,,2023-12-11 14:00:43,'2023-12-11 14:00:43'),Development Company,general,0,0,0
4397,Giuseppe Triumbari Estates Inc,,,2023-12-11 14:00:43,'2023-12-11 14:00:43'),Other,general,0,0,0
4398,Skyline (Port McNicoll) Development Inc,,,2023-12-11 14:00:45,'2023-12-11 14:00:45'),Development Company,general,0,0,0
4399,Belitt Capital Cor,,,2023-12-11 14:00:45,'2023-12-11 14:00:45'),Private Lender,general,0,0,0
4400,2055619 Ontario Inc,,,2023-12-11 14:00:45,'2023-12-11 14:00:45'),Other,general,0,0,0
4401,2227418 Ontario Inc,,,2023-12-11 14:00:45,'2023-12-11 14:00:45'),Other,general,0,0,0
4402,MSM Developments Ltd,,,2023-12-11 14:00:46,'2023-12-11 14:00:46'),Major Bank,general,0,0,0
4403,2546686 Ontario Inc,,,2023-12-11 14:00:47,'2023-12-11 14:00:47'),Other,general,0,0,0
4404,KingSett Real Estate Growth GP No 4 Inc,,,2023-12-11 14:00:47,'2023-12-11 14:00:47'),Other,general,0,0,0
4405,Columbus Golf &amp; Country Club Ltd,,,2023-12-11 14:00:48,'2023-12-11 14:00:48'),Major Bank,general,0,0,0
4406,Ed Mirvish Enterprises Ltd,,,2023-12-11 14:00:49,'2023-12-11 14:00:49'),Major Bank,general,0,0,0
4407,Badger Farms Ltd,,,2023-12-11 14:00:49,'2023-12-11 14:00:49'),Major Bank,agricultural,0,0,0
4408,7089121 Canada Inc,,,2023-12-11 14:00:50,'2023-12-11 14:00:50'),Other,general,0,0,0
4409,2475933 Ontario Inc,,,2023-12-11 14:00:50,'2023-12-11 14:00:50'),Other,general,0,0,0
4410,2473449 Ontario Cor,,,2023-12-11 14:00:50,'2023-12-11 14:00:50'),Other,general,0,0,0
4411,Markview Home Cor,,,2023-12-11 14:00:51,'2023-12-11 14:00:51'),Other,general,0,0,0
4412,1742240 Ontario Inc,,,2023-12-11 14:00:51,'2023-12-11 14:00:51'),Other,general,0,0,0
4413,Susur Lee Consulting Inc,,,2023-12-11 14:00:51,'2023-12-11 14:00:51'),Other,general,0,0,0
4414,2259229 Ontario Inc,,,2023-12-11 14:00:52,'2023-12-11 14:00:52'),Other,general,0,0,0
4415,Phase Three Properties Inc,,,2023-12-11 14:00:52,'2023-12-11 14:00:52'),Development Company,general,0,0,0
4416,Ibrans Investments Ltd,,,2023-12-11 14:00:52,'2023-12-11 14:00:52'),Major Bank,general,0,0,0
4417,Wang Ngai Enterprises Ltd,,,2023-12-11 14:00:53,'2023-12-11 14:00:53'),Major Bank,general,0,0,0
4418,Exelerence Holdings Inc,,,2023-12-11 14:00:53,'2023-12-11 14:00:53'),Private Lender,general,0,0,0
4419,2289138 Ontario Ltd,,,2023-12-11 14:00:53,'2023-12-11 14:00:53'),Major Bank,general,0,0,0
4420,1586896 Ontario Inc,,,2023-12-11 14:00:54,'2023-12-11 14:00:54'),Other,general,0,0,0
4421,Ontario Infrastructure and Lands Cor,,,2023-12-11 14:00:54,'2023-12-11 14:00:54'),Other,land,1,0,0
4422,2468390 Ontario Inc,,,2023-12-11 14:00:54,'2023-12-11 14:00:54'),Other,general,0,0,0
4423,1621158 Ontario Ltd,,,2023-12-11 14:00:55,'2023-12-11 14:00:55'),Major Bank,general,0,0,0
4424,Mason Homes Ltd,,,2023-12-11 14:00:55,'2023-12-11 14:00:55'),Major Bank,general,0,0,0
4425,1601 Development Cor,,,2023-12-11 14:00:55,'2023-12-11 14:00:55'),Development Company,general,0,0,0
4426,Laks Inc,,,2023-12-11 14:00:56,'2023-12-11 14:00:56'),Other,general,0,0,0
4427,Yorkland Research Cor,,,2023-12-11 14:00:56,'2023-12-11 14:00:56'),Other,land,1,0,0
4428,Bank of Montreal Holding Inc,,,2023-12-11 14:00:57,'2023-12-11 14:00:57'),Major Bank,general,0,0,0
4429,114 Broadway Inc,,,2023-12-11 14:00:57,'2023-12-11 14:00:57'),Other,general,0,0,0
4430,Highway 50 &amp; 7 (III) Inc,,,2023-12-11 14:00:59,'2023-12-11 14:00:59'),Other,general,0,0,0
4431,Wu&#039;s International Group Inc,,,2023-12-11 14:01:00,'2023-12-11 14:01:00'),Other,general,0,0,0
4432,1000621178 Ontario Inc,,,2024-01-23 16:25:50,'2024-01-23 16:25:50'),Other,general,0,0,0
4433,2427255 Ontario Inc,,,2024-01-23 16:25:50,'2024-01-23 16:25:50'),Other,general,0,0,0
4434,2582643 Ontario Inc,,,2024-01-23 16:25:50,'2024-01-23 16:25:50'),Other,general,0,0,0
4435,2669164 Ontario Inc,,,2024-01-23 16:25:51,'2024-01-23 16:25:51'),Other,general,0,0,0
4436,Owen Sound Billy Bishop Regional Airport Inc,,,2024-01-23 16:25:51,'2024-01-23 16:25:51'),Other,general,0,0,0
4437,CRM Solutions Inc,,,2024-01-23 16:25:51,'2024-01-23 16:25:51'),Other,general,0,0,0
4438,Echo Industrial Centre Ltd,,,2024-01-23 16:25:53,'2024-01-23 16:25:53'),Major Bank,industrial,0,0,0
4439,1045279 Ontario Ltd,,,2024-01-23 16:25:53,'2024-01-23 16:25:53'),Major Bank,general,0,0,0
4440,1823123 Ontario Inc,,,2024-01-23 16:25:53,'2024-01-23 16:25:53'),Other,general,0,0,0
4441,1376412 Ontario Ltd,,,2024-01-23 16:25:54,'2024-01-23 16:25:54'),Major Bank,general,0,0,0
4442,The Bank of of Nova Scotia,,,2024-01-23 16:25:55,'2024-01-23 16:25:55'),Major Bank,general,0,0,0
4443,Smithcor,,,2024-01-23 16:25:55,'2024-01-23 16:25:55'),Other,general,0,0,0
4444,2720983 Ontario Ltd,,,2024-01-23 16:25:55,'2024-01-23 16:25:55'),Major Bank,general,0,0,0
4445,1000209474 Ontario Cor,,,2024-01-23 16:25:57,'2024-01-23 16:25:57'),Other,general,0,0,0
4446,Grand Mortgage Cor,,,2024-01-23 16:25:58,'2024-01-23 16:25:58'),Other,residential,0,0,0
4447,1204407 Ontario Inc,,,2024-01-23 16:25:59,'2024-01-23 16:25:59'),Other,general,0,0,0
4448,IFP Investors Inc,,,2024-01-23 16:25:59,'2024-01-23 16:25:59'),Other,general,0,0,0
4449,Lakeland Machinists Inc,,,2024-01-23 16:25:59,'2024-01-23 16:25:59'),Other,land,1,0,0
4450,Carlton Enterprises Inc,,,2024-01-23 16:26:00,'2024-01-23 16:26:00'),Other,general,0,0,0
4451,Accord Financial Canada Cor,,,2024-01-23 16:26:00,'2024-01-23 16:26:00'),Credit Union,general,0,0,0
4452,Graham A Giddy Funeral Home,,,2024-01-23 16:26:02,'2024-01-23 16:26:02'),Other,general,0,0,0
4453,2709181 Ontario Ltd,,,2024-01-23 16:26:03,'2024-01-23 16:26:03'),Major Bank,general,0,0,0
4454,2559569 Ontario Cor,,,2024-01-23 16:26:04,'2024-01-23 16:26:04'),Other,general,0,0,0
4455,MZM Development and Resources Inc,,,2024-01-23 16:26:04,'2024-01-23 16:26:04'),Development Company,general,0,0,0
4456,Ball &amp; Berljawsky Professional Cor,,,2024-01-23 16:26:04,'2024-01-23 16:26:04'),Other,general,0,0,0
4457,1223936 Ontario Inc,,,2024-01-23 16:26:05,'2024-01-23 16:26:05'),Other,general,0,0,0
4458,Parkland Cor,,,2024-01-23 16:26:06,'2024-01-23 16:26:06'),Other,land,1,0,0
4459,Regina Properties Ltd,,,2024-01-23 16:26:06,'2024-01-23 16:26:06'),Major Bank,general,0,0,0
4460,86-88 Harbord Street Ltd,,,2024-01-23 16:26:06,'2024-01-23 16:26:06'),Major Bank,general,0,0,0
4461,Dr Cliff Hardick Chiropractic Professional Cor,,,2024-01-23 16:26:06,'2024-01-23 16:26:06'),Other,general,0,0,0
4462,2260313 Alberta Inc,,,2024-01-23 16:26:07,'2024-01-23 16:26:07'),Other,general,0,0,0
4463,Ionica Investments Ltd,,,2024-01-23 16:26:08,'2024-01-23 16:26:08'),Major Bank,general,0,0,0
4464,District REIT GP Inc,,,2024-01-23 16:26:08,'2024-01-23 16:26:08'),Other,general,0,0,0
4465,2636786 Ontario Inc,,,2024-01-23 16:26:09,'2024-01-23 16:26:09'),Other,general,0,0,0
4466,Naiman Trading Inc,,,2024-01-23 16:26:09,'2024-01-23 16:26:09'),Other,general,0,0,0
4467,Kesef International Inc,,,2024-01-23 16:26:09,'2024-01-23 16:26:09'),Other,general,0,0,0
4468,M. Karbalaei Consulting Inc,,,2024-01-23 16:26:09,'2024-01-23 16:26:09'),Other,general,0,0,0
4469,GLGZ Management Cor,,,2024-01-23 16:26:09,'2024-01-23 16:26:09'),Other,general,0,0,0
4470,2295075 Ontario Inc,,,2024-01-23 16:26:09,'2024-01-23 16:26:09'),Other,general,0,0,0
4471,Ivanhoe Cambridge II Inc,,,2024-01-23 16:26:09,'2024-01-23 16:26:09'),Other,general,0,0,0
4472,Tre2 Non-US-Bigfoot Cor,,,2024-01-23 16:26:09,'2024-01-23 16:26:09'),Other,general,0,0,0
4473,Computershare Trust of Canada,,,2024-01-23 16:26:10,'2024-01-23 16:26:10'),Trust Company,general,0,0,0
4474,Wet Holdings ULC,,,2024-01-23 16:26:10,'2024-01-23 16:26:10'),Private Lender,general,0,0,0
4475,Dragon Heir Investments Ltd,,,2024-01-23 16:26:10,'2024-01-23 16:26:10'),Major Bank,general,0,0,0
4476,NT Cawse Investments Inc,,,2024-01-23 16:26:10,'2024-01-23 16:26:10'),Other,general,0,0,0
4477,NYS Capital Cor,,,2024-01-23 16:26:11,'2024-01-23 16:26:11'),Private Lender,general,0,0,0
4478,Faan Mortgage Administrators Inc,,,2024-01-23 16:26:11,'2024-01-23 16:26:11'),Other,residential,0,0,0
4479,OPB Real Estate Investments Inc,,,2024-01-23 16:26:11,'2024-01-23 16:26:11'),Other,general,0,0,0
4480,River Realty Development (1976) Inc,,,2024-01-23 16:26:12,'2024-01-23 16:26:12'),Development Company,general,0,0,0
4481,WBTO Roselawn Inc,,,2024-01-23 16:26:12,'2024-01-23 16:26:12'),Other,general,0,0,0
4482,2300 Marine Drive Apartments Ltd,,,2024-01-23 16:26:12,'2024-01-23 16:26:12'),Major Bank,general,0,0,0
4483,867962 Ontario Ltd,,,2024-01-23 16:26:12,'2024-01-23 16:26:12'),Major Bank,general,0,0,0
4484,Munden Acres Ltd,,,2024-01-23 16:26:12,'2024-01-23 16:26:12'),Major Bank,commercial,0,0,1
4485,Eldebron Holdings Ltd,,,2024-01-23 16:26:12,'2024-01-23 16:26:12'),Major Bank,general,0,0,0
4486,Industrial 5000 Real Estate Investments Inc,,,2024-01-23 16:26:13,'2024-01-23 16:26:13'),Other,industrial,0,0,0
4487,Quadreal Real Estate Debt (Canada) Inc,,,2024-01-23 16:26:13,'2024-01-23 16:26:13'),Other,general,0,0,0
4488,Brampton PropCo GP Cor,,,2024-01-23 16:26:13,'2024-01-23 16:26:13'),Other,general,0,0,0
4489,Vaughan PropCo GP Cor,,,2024-01-23 16:26:13,'2024-01-23 16:26:13'),Other,general,0,0,0
4490,Argo (Joshua Creek) Developments Ltd,,,2024-01-23 16:26:13,'2024-01-23 16:26:13'),Major Bank,commercial,0,0,1
4491,Gaba Global Inc,,,2024-01-23 16:26:15,'2024-01-23 16:26:15'),Other,general,0,0,0
4492,PK2S Holdings Inc,,,2024-01-23 16:26:15,'2024-01-23 16:26:15'),Private Lender,general,0,0,0
4493,SB-Developments Inc,,,2024-01-23 16:26:15,'2024-01-23 16:26:15'),Development Company,general,0,0,0
4494,Rock Developments Stratford Inc,,,2024-01-23 16:26:15,'2024-01-23 16:26:15'),Development Company,general,0,0,0
4495,St George Project GP Inc,,,2024-01-23 16:26:17,'2024-01-23 16:26:17'),Other,general,0,0,0
4496,Peace Hills Trust Company,,,2024-01-23 16:26:17,'2024-01-23 16:26:17'),Trust Company,general,0,0,0
4497,Delton Acquisitions Inc,,,2024-03-06 16:31:49,'2024-03-06 16:31:49'),Other,general,0,0,0
4498,1823700 Ontario Inc,,,2024-03-06 16:31:50,'2024-03-06 16:31:50'),Other,general,0,0,0
4499,Serbus Inc,,,2024-03-06 16:31:50,'2024-03-06 16:31:50'),Other,general,0,0,0
4500,Canadian Shield Holdings &amp; Consulting Inc,,,2024-03-06 16:31:50,'2024-03-06 16:31:50'),Private Lender,general,0,0,0
4501,Toronto Capital Cor,,,2024-03-06 16:31:50,'2024-03-06 16:31:50'),Private Lender,general,0,0,0
4502,Aviva Park Property Inc,,,2024-03-06 16:31:51,'2024-03-06 16:31:51'),Development Company,general,0,0,0
4503,Gengroup Inc,,,2024-03-06 16:31:51,'2024-03-06 16:31:51'),Other,general,0,0,0
4504,JDGS Investments Inc,,,2024-03-06 16:31:52,'2024-03-06 16:31:52'),Other,general,0,0,0
4505,TM Investments Management Cor,,,2024-03-06 16:31:52,'2024-03-06 16:31:52'),Other,general,0,0,0
4506,Gardwhit Holdings Inc,,,2024-03-06 16:31:52,'2024-03-06 16:31:52'),Private Lender,general,0,0,0
4507,1000150689 Ontario Inc,,,2024-03-06 16:31:53,'2024-03-06 16:31:53'),Other,general,0,0,0
4508,Right Angle Inc,,,2024-03-06 16:31:53,'2024-03-06 16:31:53'),Other,general,0,0,0
4509,Sleepy Hollow Country Club Inc,,,2024-03-06 16:31:53,'2024-03-06 16:31:53'),Other,general,0,0,0
4510,1632370 Ontario Inc,,,2024-03-06 16:31:54,'2024-03-06 16:31:54'),Other,general,0,0,0
4511,1373077 Ontario Inc,,,2024-03-06 16:31:54,'2024-03-06 16:31:54'),Other,general,0,0,0
4512,1088544 Ontario Ltd,,,2024-03-06 16:31:54,'2024-03-06 16:31:54'),Major Bank,general,0,0,0
4513,Awawa Holdings Inc,,,2024-03-06 16:31:56,'2024-03-06 16:31:56'),Private Lender,general,0,0,0
4514,2643068 Ontario Inc,,,2024-03-06 16:31:56,'2024-03-06 16:31:56'),Other,general,0,0,0
4515,930297 Ontario Ltd,,,2024-03-06 16:31:56,'2024-03-06 16:31:56'),Major Bank,general,0,0,0
4516,Hullmark (1071 King West) LP,,,2024-03-06 16:31:56,'2024-03-06 16:31:56'),Other,general,0,0,0
4517,1071 KG Inc,,,2024-03-06 16:31:56,'2024-03-06 16:31:56'),Other,general,0,0,0
4518,WBTO 1071 King W Inc,,,2024-03-06 16:31:56,'2024-03-06 16:31:56'),Other,general,0,0,0
4519,"Urban Properties Corporation, in Trust",,,2024-03-06 16:31:56,'2024-03-06 16:31:56'),Trust Company,general,0,0,0
4520,1879784 Ontario Inc,,,2024-03-06 16:31:56,'2024-03-06 16:31:56'),Other,general,0,0,0
4521,2047909 Ontario Ltd,,,2024-03-06 16:31:58,'2024-03-06 16:31:58'),Major Bank,general,0,0,0
4522,RC Lawrence Plaza Inc,,,2024-03-06 16:31:58,'2024-03-06 16:31:58'),Other,general,0,0,0
4523,Lawrence Plaza Equities Inc,,,2024-03-06 16:31:58,'2024-03-06 16:31:58'),Other,general,0,0,0
4524,Edward Kurtz Holdings Ltd,,,2024-03-06 16:31:58,'2024-03-06 16:31:58'),Major Bank,general,0,0,0
4525,1000150698 Ontario Inc,,,2024-03-06 16:31:58,'2024-03-06 16:31:58'),Other,general,0,0,0
4526,Kingary Developments Ltd,,,2024-03-06 16:31:58,'2024-03-06 16:31:58'),Major Bank,general,0,0,0
4527,Calapa Farms Ltd,,,2024-03-06 16:31:58,'2024-03-06 16:31:58'),Major Bank,agricultural,0,0,0
4528,JFA Speedworks Inc,,,2024-03-06 16:32:00,'2024-03-06 16:32:00'),Other,general,0,0,0
4529,2399747 Ontario Inc,,,2024-03-06 16:32:00,'2024-03-06 16:32:00'),Other,general,0,0,0
4530,1534861 Ontario Inc,,,2024-03-06 16:32:00,'2024-03-06 16:32:00'),Other,general,0,0,0
4531,Plumbing &amp; Heating - Turner Ltd,,,2024-03-06 16:32:01,'2024-03-06 16:32:01'),Major Bank,general,0,0,0
4532,Amcan Business Development Inc,,,2024-03-06 16:32:01,'2024-03-06 16:32:01'),Development Company,general,0,0,0
4533,Laluna Restaurant Ltd,,,2024-03-06 16:32:01,'2024-03-06 16:32:01'),Major Bank,general,0,0,0
4534,Lakeside Vineyard 89 Niagara Inc,,,2024-03-06 16:32:02,'2024-03-06 16:32:02'),Other,general,0,0,0
4535,2133179 Ontario Inc,,,2024-03-06 16:32:02,'2024-03-06 16:32:02'),Other,general,0,0,0
4536,1023569 Ontario Inc,,,2024-03-06 16:32:02,'2024-03-06 16:32:02'),Other,general,0,0,0
4537,BPO (Ontario Core) Ltd,,,2024-03-06 16:32:03,'2024-03-06 16:32:03'),Major Bank,general,0,0,0
4538,Crehoy Inc,,,2024-03-06 16:32:03,'2024-03-06 16:32:03'),Other,commercial,0,0,1
4539,BPR (Ontario Core) Ltd,,,2024-03-06 16:32:03,'2024-03-06 16:32:03'),Major Bank,general,0,0,0
4540,AK Mulock Inc,,,2024-03-06 16:32:03,'2024-03-06 16:32:03'),Other,general,0,0,0
4541,10261866 Canada Inc,,,2024-03-06 16:32:03,'2024-03-06 16:32:03'),Other,general,0,0,0
4542,8976422 Canada Inc,,,2024-03-09 13:48:27,'2024-03-09 13:48:27'),Other,general,0,0,0
4543,1587180 Ontario Inc,,,2024-03-09 13:48:28,'2024-03-09 13:48:28'),Other,general,0,0,0
4544,Tradicon Cor,,,2024-03-09 13:48:28,'2024-03-09 13:48:28'),Other,general,0,0,0
4545,1101355 Ontario Inc,,,2024-03-09 13:48:29,'2024-03-09 13:48:29'),Other,general,0,0,0
4546,1393103 Ontario Inc,,,2024-03-09 13:48:29,'2024-03-09 13:48:29'),Other,general,0,0,0
4547,2548274 Ontario Inc,,,2024-03-09 13:48:29,'2024-03-09 13:48:29'),Other,general,0,0,0
4548,180 Duncan Mill Cor,,,2024-03-09 13:48:30,'2024-03-09 13:48:30'),Other,general,0,0,0
4549,Halmont Properties Cor,,,2024-03-09 13:48:30,'2024-03-09 13:48:30'),Development Company,general,0,0,0
4550,2521914 Ontario Inc,,,2024-03-09 13:48:31,'2024-03-09 13:48:31'),Other,general,0,0,0
4551,Jacob Hoover (2022) Inc,,,2024-03-09 13:48:31,'2024-03-09 13:48:31'),Other,general,0,0,0
4552,Diamond Estates Wines &amp; Spirits Ltd,,,2024-03-09 13:48:32,'2024-03-09 13:48:32'),Major Bank,general,0,0,0
4553,Perdy Building Cor,,,2024-03-09 13:48:32,'2024-03-09 13:48:32'),Other,general,0,0,0
4554,LT Realties Inc,,,2024-03-09 13:48:33,'2024-03-09 13:48:33'),Other,general,0,0,0
4555,2845468 Ontario Ltd,,,2024-03-09 13:48:33,'2024-03-09 13:48:33'),Major Bank,general,0,0,0
4556,10743186 Canada Cor,,,2024-03-09 13:48:33,'2024-03-09 13:48:33'),Other,general,0,0,0
4557,Trotwood Investments Inc,,,2024-03-09 13:48:34,'2024-03-09 13:48:34'),Other,general,0,0,0
4558,Village of Avonlea Ltd,,,2024-03-09 13:48:35,'2024-03-09 13:48:35'),Major Bank,general,0,0,0
4559,Strandherd Road Inc,,,2024-03-09 13:48:35,'2024-03-09 13:48:35'),Other,general,0,0,0
4560,Windsor Credit Union Ltd,,,2024-03-09 13:48:35,'2024-03-09 13:48:35'),Major Bank,commercial,0,0,1
4561,SDC Realty Cor,,,2024-03-09 13:48:36,'2024-03-09 13:48:36'),Other,general,0,0,0
4562,572878 Ontario Ltd,,,2024-03-09 13:48:36,'2024-03-09 13:48:36'),Major Bank,general,0,0,0
4563,Best Hospitality Ltd,,,2024-03-09 13:48:36,'2024-03-09 13:48:36'),Major Bank,hospitality,0,0,0
4564,10029483 Canada Inc,,,2024-03-09 13:48:37,'2024-03-09 13:48:37'),Other,general,0,0,0
4565,1529749 Ontario Inc,,,2024-03-09 13:48:37,'2024-03-09 13:48:37'),Other,general,0,0,0
4566,1918076 Ontario Inc,,,2024-03-09 13:48:38,'2024-03-09 13:48:38'),Other,general,0,0,0
4567,The Commisso Trust,,,2024-03-09 13:48:38,'2024-03-09 13:48:38'),Trust Company,general,0,0,0
4568,The Vistol Inc,,,2024-03-09 13:48:38,'2024-03-09 13:48:38'),Other,general,0,0,0
4569,1680 Bloor Street West Ltd,,,2024-03-09 13:48:39,'2024-03-09 13:48:39'),Major Bank,general,0,0,0
4570,2717280 Ontario Inc,,,2024-03-09 13:48:39,'2024-03-09 13:48:39'),Other,general,0,0,0
4571,Sufi Properties Ltd,,,2024-03-09 13:48:39,'2024-03-09 13:48:39'),Major Bank,general,0,0,0
4572,Akleh Investments Ltd,,,2024-03-09 13:48:39,'2024-03-09 13:48:39'),Major Bank,general,0,0,0
4573,Skale Capital Inc,,,2024-03-09 13:48:40,'2024-03-09 13:48:40'),Private Lender,general,0,0,0
4574,D &amp; J Thacker Holdings Ltd,,,2024-04-15 20:57:05,'2024-04-15 20:57:05'),Major Bank,general,0,0,0
4575,DC Holdings Ltd,,,2024-04-15 20:57:06,'2024-04-15 20:57:06'),Major Bank,general,0,0,0
4576,Holloway Trading Cor,,,2024-04-15 20:57:06,'2024-04-15 20:57:06'),Other,general,0,0,0
4577,Township of Warwick Economic Development Cor,,,2024-04-15 20:57:07,'2024-04-15 20:57:07'),Private Lender,general,0,0,0
4578,CCF Inc,,,2024-04-15 20:57:08,'2024-04-15 20:57:08'),Other,general,0,0,0
4579,579813 Ontario Inc,,,2024-04-15 20:57:10,'2024-04-15 20:57:10'),Other,general,0,0,0
4580,Envirozone Ltd,,,2024-04-15 20:57:10,'2024-04-15 20:57:10'),Major Bank,general,0,0,0
4581,Shoreham Investments Ltd,,,2024-04-15 20:57:11,'2024-04-15 20:57:11'),Major Bank,general,0,0,0
4582,1869472 Ontario Inc,,,2024-04-15 20:57:11,'2024-04-15 20:57:11'),Other,general,0,0,0
4583,Lorraine MacDonald,,,2024-04-15 20:57:11,'2024-04-15 20:57:11'),Other,general,0,0,0
4584,2160882 Ontario Ltd,,,2024-04-15 20:57:12,'2024-04-15 20:57:12'),Major Bank,general,0,0,0
4585,Southwest Regional Credit Union Ltd,,,2024-04-15 20:57:13,'2024-04-15 20:57:13'),Major Bank,commercial,0,0,1
4586,Poros &amp; Ceres Inc,,,2024-04-15 20:57:14,'2024-04-15 20:57:14'),Other,general,0,0,0
4587,2724582 Ontario Inc,,,2024-04-15 20:57:15,'2024-04-15 20:57:15'),Other,general,0,0,0
4588,Ozel Holdings Ltd,,,2024-04-15 20:57:15,'2024-04-15 20:57:15'),Major Bank,general,0,0,0
4589,1772896 Ontario Inc,,,2024-04-15 20:57:17,'2024-04-15 20:57:17'),Other,general,0,0,0
4590,1338286 Ontario Ltd,,,2024-04-15 20:57:17,'2024-04-15 20:57:17'),Major Bank,general,0,0,0
4591,Farm Credit Corporatio,,,2024-04-15 20:57:20,'2024-04-15 20:57:20'),Other,commercial|agricultural,0,0,1
4592,CMI High-Yeild Opportunity Fund Cor,,,2024-04-15 20:57:21,'2024-04-15 20:57:21'),Other,general,0,0,0
4593,The Corporation of the City of Kawartha Lake,,,2024-04-15 20:57:22,'2024-04-15 20:57:22'),Other,general,0,0,0
4594,1639606 Ontario Ltd,,,2024-04-16 02:20:55,'2024-04-16 02:20:55'),Major Bank,general,0,0,0
4595,2718769 Ontario Inc,,,2024-04-16 02:20:55,'2024-04-16 02:20:55'),Other,general,0,0,0
4596,Baikinson Land Cor,,,2024-04-16 02:20:55,'2024-04-16 02:20:55'),Other,land,1,0,0
4597,Coilplus Canada Inc,,,2024-04-16 02:20:55,'2024-04-16 02:20:55'),Other,general,0,0,0
4598,15693829 Canada Inc,,,2024-04-16 02:20:55,'2024-04-16 02:20:55'),Other,general,0,0,0
4599,KK 28 Inc,,,2024-04-16 02:20:56,'2024-04-16 02:20:56'),Other,general,0,0,0
4600,Hyo &amp; Yoon Investment Inc,,,2024-04-16 02:20:57,'2024-04-16 02:20:57'),Other,general,0,0,0
4601,Willow Creek Golf Clu,,,2024-04-16 02:20:57,'2024-04-16 02:20:57'),Other,commercial,0,0,1
4602,Mavridis Holdings Ltd,,,2024-04-16 02:20:58,'2024-04-16 02:20:58'),Major Bank,general,0,0,0
4603,University &amp; Curry Inc,,,2024-04-16 02:20:58,'2024-04-16 02:20:58'),Other,general,0,0,0
4604,Canadian Imperial Bank Commerce,,,2024-04-16 02:20:59,'2024-04-16 02:20:59'),Major Bank,general,0,0,0
4605,2399681 Ontario Inc,,,2024-04-16 02:20:59,'2024-04-16 02:20:59'),Other,general,0,0,0
4606,Todoc Construction Ltd,,,2024-04-16 02:21:00,'2024-04-16 02:21:00'),Major Bank,construction,0,1,0
4607,Niagara Industrial Mall Ltd,,,2024-04-16 02:21:00,'2024-04-16 02:21:00'),Major Bank,industrial,0,0,0
4608,Chiaravalle Developments Inc,,,2024-04-16 02:21:00,'2024-04-16 02:21:00'),Development Company,general,0,0,0
4609,NRT Canada Inc,,,2024-04-16 02:21:01,'2024-04-16 02:21:01'),Other,general,0,0,0
4610,RioCan Financial Services Ltd,,,2024-04-16 02:21:02,'2024-04-16 02:21:02'),Major Bank,general,0,0,0
4611,2500603 Ontario Inc,,,2024-04-16 02:21:02,'2024-04-16 02:21:02'),Other,general,0,0,0
4612,KStone Investment Cor,,,2024-04-16 02:21:02,'2024-04-16 02:21:02'),Other,general,0,0,0
4613,Rollins Investments Inc,,,2024-04-16 02:21:03,'2024-04-16 02:21:03'),Other,general,0,0,0
4614,Orangeco Ltd,,,2024-04-16 02:21:04,'2024-04-16 02:21:04'),Major Bank,general,0,0,0
4615,Desjardins Financial Security Life Assurance Company,,,2024-04-16 02:21:05,'2024-04-16 02:21:05'),Credit Union,general,0,0,0
4616,2450047 Ontario Inc,,,2024-04-16 02:21:05,'2024-04-16 02:21:05'),Other,general,0,0,0
4617,Argo (West Morrison Creek) Ltd,,,2024-04-16 02:21:05,'2024-04-16 02:21:05'),Major Bank,commercial,0,0,1
4618,Allison Greenwood Auto Wreckers Ltd,,,2024-04-16 02:21:05,'2024-04-16 02:21:05'),Major Bank,general,0,0,0
4619,2472531 Ontario Inc,,,2024-04-16 02:21:05,'2024-04-16 02:21:05'),Other,general,0,0,0
4620,Di Profio Wines Ltd,,,2024-05-13 13:43:48,'2024-05-13 13:43:48'),Major Bank,general,0,0,0
4621,Terry Dixo,,,2024-05-13 13:43:49,'2024-05-13 13:43:49'),Other,general,0,0,0
4622,Mario &amp; Julie Testa,,,2024-05-13 13:43:49,'2024-05-13 13:43:49'),Other,general,0,0,0
4623,Zhenfa Huang,,,2024-05-13 13:43:49,'2024-05-13 13:43:49'),Other,general,0,0,0
4624,Bluegrove Investments Inc,,,2024-06-01 15:59:13,'2024-06-01 15:59:13'),Other,general,0,0,0
4625,5 Malley Road Inc,,,2024-06-01 15:59:14,'2024-06-01 15:59:14'),Other,general,0,0,0
4626,440136 BC Ltd,,,2024-06-01 15:59:14,'2024-06-01 15:59:14'),Major Bank,general,0,0,0
4627,Trenval Business Development Cor,,,2024-06-01 15:59:14,'2024-06-01 15:59:14'),Development Company,general,0,0,0
4628,Polocorp Inc,,,2024-06-01 15:59:15,'2024-06-01 15:59:15'),Other,general,0,0,0
4629,Bosrand Farms Ltd,,,2024-06-01 15:59:16,'2024-06-01 15:59:16'),Major Bank,agricultural,0,0,0
4630,Chanraj Development Inc,,,2024-06-01 15:59:16,'2024-06-01 15:59:16'),Development Company,general,0,0,0
4631,The Corporation of the City of Welland,,,2024-06-01 15:59:16,'2024-06-01 15:59:16'),Other,land,1,0,0
4632,Neamsby Investments Inc,,,2024-06-01 15:59:16,'2024-06-01 15:59:16'),Other,general,0,0,0
4633,1334480 Ontario Inc,,,2024-06-01 15:59:16,'2024-06-01 15:59:16'),Other,general,0,0,0
4634,QTEK Holdings Ltd,,,2024-06-01 15:59:17,'2024-06-01 15:59:17'),Major Bank,general,0,0,0
4635,H &amp; H Construction Inc,,,2024-06-01 15:59:17,'2024-06-01 15:59:17'),Other,construction,0,1,0
4636,Northbury Hotels Ltd,,,2024-06-01 15:59:17,'2024-06-01 15:59:17'),Major Bank,hospitality,0,0,0
4637,Wells Gordon Ltd,,,2024-06-01 15:59:18,'2024-06-01 15:59:18'),Major Bank,general,0,0,0
4638,Daimler Truck Financial Services Canada Cor,,,2024-06-01 15:59:18,'2024-06-01 15:59:18'),Credit Union,general,0,0,0
4639,Angus Glen North West Inc,,,2024-06-01 15:59:19,'2024-06-01 15:59:19'),Other,general,0,0,0
4640,1000139908 Ontario Inc,,,2024-06-01 15:59:20,'2024-06-01 15:59:20'),Other,general,0,0,0
4641,Interstate Realty Inc,,,2024-06-01 15:59:20,'2024-06-01 15:59:20'),Other,general,0,0,0
4642,Baldwin Cartage Ltd,,,2024-06-01 15:59:20,'2024-06-01 15:59:20'),Major Bank,general,0,0,0
4643,Fisher-Kay Ltd,,,2024-06-01 15:59:20,'2024-06-01 15:59:20'),Major Bank,general,0,0,0
4644,Kevin Barker Auctions Ltd,,,2024-06-01 15:59:21,'2024-06-01 15:59:21'),Major Bank,general,0,0,0
4645,2696076 Ontario Inc,,,2024-06-01 15:59:21,'2024-06-01 15:59:21'),Other,general,0,0,0
4646,Forourfamilies Cor,,,2024-06-01 15:59:27,'2024-06-01 15:59:27'),Other,general,0,0,0
4647,Killam Properties SGP Ltd,,,2024-06-01 15:59:28,'2024-06-01 15:59:28'),Major Bank,general,0,0,0
4648,140 Springhurst Ave Inc,,,2024-06-01 15:59:28,'2024-06-01 15:59:28'),Other,general,0,0,0
4649,1855838 Ontario Inc,,,2024-06-01 16:41:07,'2024-06-01 16:41:07'),Other,general,0,0,0
4650,Roma Club of Leamingto,,,2024-06-01 16:41:07,'2024-06-01 16:41:07'),Other,general,0,0,0
4651,Matanda Homes Ltd,,,2024-06-01 16:41:08,'2024-06-01 16:41:08'),Major Bank,general,0,0,0
4652,Kizashi Capital Inc,,,2024-06-01 16:41:08,'2024-06-01 16:41:08'),Private Lender,general,0,0,0
4653,Her Majesty the Queen in Right of the Province of Ontario,,,2024-06-01 16:41:09,'2024-06-01 16:41:09'),Other,general,0,0,0
4654,MacDonald-Cartier Development Ltd,,,2024-06-01 16:41:10,'2024-06-01 16:41:10'),Major Bank,general,0,0,0
4655,Glandine Farms Ltd,,,2024-06-01 16:41:10,'2024-06-01 16:41:10'),Major Bank,land|agricultural,1,0,0
4656,A. Tulloch Holdings Ltd,,,2024-06-01 16:41:10,'2024-06-01 16:41:10'),Major Bank,general,0,0,0
4657,1337925 BC Ltd,,,2024-06-01 16:41:10,'2024-06-01 16:41:10'),Major Bank,general,0,0,0
4658,Kingsford Management Inc,,,2024-06-01 16:41:11,'2024-06-01 16:41:11'),Other,general,0,0,0
4659,Rehearsal Factory Inc,,,2024-06-01 16:41:12,'2024-06-01 16:41:12'),Other,general,0,0,0
4660,Ancon Investments Inc,,,2024-06-01 16:41:12,'2024-06-01 16:41:12'),Other,general,0,0,0
4661,1864596 Ontario Inc,,,2024-06-01 17:35:44,'2024-06-01 17:35:44'),Other,general,0,0,0
4662,MBH Property Management Inc,,,2024-06-01 17:35:44,'2024-06-01 17:35:44'),Development Company,general,0,0,0
4663,2639935 Ontario Inc,,,2024-06-01 17:35:45,'2024-06-01 17:35:45'),Other,general,0,0,0
4664,1000758711 Ontario Inc and 5 other,,,2024-06-01 17:35:46,'2024-06-01 17:35:46'),Other,general,0,0,0
4665,Stone Ridge Lending Inc,,,2024-06-01 17:35:47,'2024-06-01 17:35:47'),Other,general,0,0,0
4666,The Solidity Group Mortgage Investment Cor,,,2024-06-01 17:35:47,'2024-06-01 17:35:47'),Private Lender,residential,0,0,0
4667,Lakeside Village Park &amp; Motel Ltd,,,2024-06-01 17:35:47,'2024-06-01 17:35:47'),Major Bank,hospitality,0,0,0
4668,Maple Lane Holdings Ltd,,,2024-06-01 17:35:48,'2024-06-01 17:35:48'),Major Bank,general,0,0,0
4669,Adi Development Group Inc,,,2024-06-01 17:35:48,'2024-06-01 17:35:48'),Development Company,general,0,0,0
4670,1111 Investments Inc,,,2024-06-01 17:35:51,'2024-06-01 17:35:51'),Other,general,0,0,0
4671,Aljac Farms Inc,,,2024-06-01 20:18:02,'2024-06-01 20:18:02'),Other,agricultural,0,0,0
4672,Bonis Capital Inc,,,2024-06-01 20:18:02,'2024-06-01 20:18:02'),Private Lender,general,0,0,0
4673,2486798 Ontario Ltd,,,2024-06-01 20:18:03,'2024-06-01 20:18:03'),Major Bank,general,0,0,0
4674,1472574 Ontario Ltd,,,2024-06-01 20:18:04,'2024-06-01 20:18:04'),Major Bank,general,0,0,0
4675,Alyan Property Management Inc,,,2024-06-01 20:18:07,'2024-06-01 20:18:07'),Development Company,general,0,0,0
4676,Alyans Property Management Inc,,,2024-06-01 20:18:07,'2024-06-01 20:18:07'),Development Company,general,0,0,0
4677,MS Smith (2014) Ltd,,,2024-06-01 20:18:07,'2024-06-01 20:18:07'),Major Bank,general,0,0,0
4678,862098 Ontario Ltd,,,2024-06-01 20:18:07,'2024-06-01 20:18:07'),Major Bank,general,0,0,0
4679,Phoenix Mortgage Inc,,,2024-06-01 20:18:08,'2024-06-01 20:18:08'),Other,residential,0,0,0
4680,TVH Diversified Holdings Inc,,,2024-06-01 20:18:08,'2024-06-01 20:18:08'),Private Lender,general,0,0,0
4681,1138211 Ontario Inc,,,2024-06-01 20:18:09,'2024-06-01 20:18:09'),Other,general,0,0,0
4682,1407659 Ontario Inc and 17 other,,,2024-06-03 16:40:04,'2024-06-03 16:40:04'),Other,general,0,0,0
4683,1394706 Ontario Inc,,,2024-06-03 16:40:04,'2024-06-03 16:40:04'),Other,general,0,0,0
4684,2815608 Ontario Inc,,,2024-06-03 16:40:04,'2024-06-03 16:40:04'),Other,general,0,0,0
4685,Wilem Financial Inc,,,2024-06-03 16:40:04,'2024-06-03 16:40:04'),Credit Union,general,0,0,0
4686,7017821 Canada Inc,,,2024-06-03 16:40:04,'2024-06-03 16:40:04'),Other,general,0,0,0
4687,Welland Forge Land Cor,,,2024-06-03 16:40:04,'2024-06-03 16:40:04'),Other,land,1,0,0
4688,2016844 Ontario Ltd,,,2024-06-03 16:40:05,'2024-06-03 16:40:05'),Major Bank,general,0,0,0
4689,Escalade Property Cor,,,2024-06-03 16:40:06,'2024-06-03 16:40:06'),Development Company,general,0,0,0
4690,Fairhaven Investments Inc,,,2024-06-03 16:40:07,'2024-06-03 16:40:07'),Other,general,0,0,0
4691,Harrison Tool &amp; Services Inc,,,2024-06-03 16:40:07,'2024-06-03 16:40:07'),Other,general,0,0,0
4692,Dundas &amp; Claremont Holdings Inc,,,2024-06-03 16:40:07,'2024-06-03 16:40:07'),Private Lender,general,0,0,0
4693,Glenhazel Inc,,,2024-06-03 16:40:07,'2024-06-03 16:40:07'),Other,general,0,0,0
4694,822404 Ontario Inc,,,2024-06-03 16:40:07,'2024-06-03 16:40:07'),Other,general,0,0,0
4695,Minto Communities Inc,,,2024-06-03 16:40:08,'2024-06-03 16:40:08'),Other,general,0,0,0
4696,Thomas Cavanagh Construction Ltd,,,2024-06-03 16:40:08,'2024-06-03 16:40:08'),Major Bank,construction,0,1,0
4697,12279266 Canada Inc,,,2024-06-03 16:40:08,'2024-06-03 16:40:08'),Other,general,0,0,0
4698,Consortia Equity Capital Ltd,,,2024-06-03 16:40:08,'2024-06-03 16:40:08'),Major Bank,general,0,0,0
4699,Invivo Investments Ltd,,,2024-06-03 16:40:09,'2024-06-03 16:40:09'),Major Bank,general,0,0,0
4700,1589680 Ontario Inc,,,2024-06-03 16:40:09,'2024-06-03 16:40:09'),Other,general,0,0,0
4701,Niagara Hospitality Hotels Inc,,,2024-06-03 16:40:09,'2024-06-03 16:40:09'),Other,hospitality,0,0,0
4702,Muskoka Bay Ltd,,,2024-06-03 16:40:10,'2024-06-03 16:40:10'),Major Bank,general,0,0,0
4703,Beneva Inc,,,2024-06-03 16:40:15,'2024-06-03 16:40:15'),Other,general,0,0,0
4704,The Empire Life Insurance Co,,,2024-06-03 16:40:15,'2024-06-03 16:40:15'),Insurance Company,general,0,0,0
4705,Snyder Farms Ltd,,,2024-06-03 16:40:16,'2024-06-03 16:40:16'),Major Bank,agricultural,0,0,0
4706,Wanless Properties Ltd,,,2024-06-03 16:40:16,'2024-06-03 16:40:16'),Major Bank,general,0,0,0
4707,1735010 Ontario Inc,,,2024-06-03 21:37:07,'2024-06-03 21:37:07'),Other,general,0,0,0
4708,1000330142 Ontario Ltd,,,2024-06-03 21:37:08,'2024-06-03 21:37:08'),Major Bank,general,0,0,0
4709,Clarence Street Developments Inc,,,2024-06-03 21:37:08,'2024-06-03 21:37:08'),Development Company,general,0,0,0
4710,1992271 Ontario Inc,,,2024-06-03 21:37:09,'2024-06-03 21:37:09'),Other,general,0,0,0
4711,1984601 Ontario Inc,,,2024-06-03 21:37:09,'2024-06-03 21:37:09'),Other,general,0,0,0
4712,Blue Chip Services Inc,,,2024-06-03 21:37:10,'2024-06-03 21:37:10'),Other,general,0,0,0
4713,1576704 Ontario Ltd,,,2024-06-03 21:37:10,'2024-06-03 21:37:10'),Major Bank,general,0,0,0
4714,Napa Flats Lakefield Inc,,,2024-06-03 21:37:10,'2024-06-03 21:37:10'),Other,general,0,0,0
4715,Ginko Mortgage Investment Cor,,,2024-06-03 21:37:10,'2024-06-03 21:37:10'),Private Lender,residential,0,0,0
4716,506264 Ontario Ltd,,,2024-06-03 21:37:12,'2024-06-03 21:37:12'),Major Bank,general,0,0,0
4717,Okflavor Inc,,,2024-06-03 21:37:12,'2024-06-03 21:37:12'),Other,general,0,0,0
4718,Stewart Webb &amp; Sons Ltd,,,2024-06-03 21:37:12,'2024-06-03 21:37:12'),Major Bank,general,0,0,0
4719,1370835 Ontario Inc,,,2024-06-03 21:37:12,'2024-06-03 21:37:12'),Other,general,0,0,0
4720,Ecofrost Supplies Inc,,,2024-06-03 21:37:13,'2024-06-03 21:37:13'),Other,general,0,0,0
4721,2206952 Ontario Inc,,,2024-06-03 21:37:13,'2024-06-03 21:37:13'),Other,general,0,0,0
4722,1000331807 Ontario Inc,,,2024-06-03 21:37:13,'2024-06-03 21:37:13'),Other,general,0,0,0
4723,North Albany Lodge Inc,,,2024-06-03 21:37:15,'2024-06-03 21:37:15'),Other,general,0,0,0
4724,Kelmar Leasing Inc,,,2024-06-04 11:21:14,'2024-06-04 11:21:14'),Other,general,0,0,0
4725,Riverrock Mortgage Investment Cor,,,2024-06-04 11:21:14,'2024-06-04 11:21:14'),Private Lender,residential,0,0,0
4726,Henry EM Martin Inc,,,2024-06-04 11:21:14,'2024-06-04 11:21:14'),Other,general,0,0,0
4727,LW Holdings Ltd,,,2024-06-04 11:21:15,'2024-06-04 11:21:15'),Major Bank,general,0,0,0
4728,Port Welding Ltd,,,2024-06-04 11:21:15,'2024-06-04 11:21:15'),Major Bank,general,0,0,0
4729,1366687 Ontario Inc,,,2024-06-04 11:21:15,'2024-06-04 11:21:15'),Other,general,0,0,0
4730,Paris Building Centre Ltd,,,2024-06-04 11:21:15,'2024-06-04 11:21:15'),Major Bank,general,0,0,0
4731,Elite Holdings Cor,,,2024-06-04 11:21:16,'2024-06-04 11:21:16'),Private Lender,general,0,0,0
4732,Everest Finance Corporatio,,,2024-06-04 11:21:16,'2024-06-04 11:21:16'),Other,general,0,0,0
4733,Lendstrait Financial Group Inc,,,2024-06-04 11:21:16,'2024-06-04 11:21:16'),Credit Union,general,0,0,0
4734,Scott&#039;s Trustee Cor,,,2024-06-04 11:21:16,'2024-06-04 11:21:16'),Trust Company,general,0,0,0
4735,968549 Ontario Inc,,,2024-06-04 11:21:17,'2024-06-04 11:21:17'),Other,general,0,0,0
4736,Progressive Civil Solutions Cor,,,2024-06-04 11:21:17,'2024-06-04 11:21:17'),Other,general,0,0,0
4737,1467042 Ontario Inc,,,2024-06-04 11:21:17,'2024-06-04 11:21:17'),Other,general,0,0,0
4738,Clarksburg Contractors Ltd,,,2024-06-04 11:21:18,'2024-06-04 11:21:18'),Major Bank,general,0,0,0
4739,Trident Mortgage Investment Cor,,,2024-06-04 11:21:20,'2024-06-04 11:21:20'),Private Lender,residential,0,0,0
4740,David &amp; Bonnie Steve,,,2024-06-04 11:21:20,'2024-06-04 11:21:20'),Other,general,0,0,0
4741,MonsterCapital.ca Inc,,,2024-06-04 11:21:21,'2024-06-04 11:21:21'),Private Lender,general,0,0,0
4742,Amur Capital Income Fund Inc,,,2024-06-04 11:21:22,'2024-06-04 11:21:22'),Private Lender,general,0,0,0
4743,Doc&#039;s Auto Body Inc,,,2024-06-04 11:21:23,'2024-06-04 11:21:23'),Other,general,0,0,0
4744,Claren Enterprises Ltd,,,2024-06-04 11:21:23,'2024-06-04 11:21:23'),Major Bank,general,0,0,0
4745,2243080 Ontario Inc,,,2024-06-04 11:21:24,'2024-06-04 11:21:24'),Other,general,0,0,0
4746,2431901 Ontario Inc,,,2024-06-04 11:21:24,'2024-06-04 11:21:24'),Other,general,0,0,0
4747,1000813636 Ontario Inc,,,2024-06-04 11:21:24,'2024-06-04 11:21:24'),Other,general,0,0,0
4748,GTA Solid Contracting Inc,,,2024-06-04 11:21:25,'2024-06-04 11:21:25'),Other,general,0,0,0
4749,Country Gate Homes Ltd,,,2024-06-04 11:21:26,'2024-06-04 11:21:26'),Major Bank,general,0,0,0
4750,1620307 Ontario Inc,,,2024-06-04 11:21:27,'2024-06-04 11:21:27'),Other,general,0,0,0
4751,1737062 Ontario Ltd,,,2024-06-04 11:21:28,'2024-06-04 11:21:28'),Major Bank,general,0,0,0
4752,EMS Construction Inc,,,2024-06-04 11:21:28,'2024-06-04 11:21:28'),Other,construction,0,1,0
4753,1000101702 Ontario Inc,,,2024-06-04 11:21:28,'2024-06-04 11:21:28'),Other,general,0,0,0
4754,Fisgard Capital Cor,,,2024-06-04 11:21:30,'2024-06-04 11:21:30'),Private Lender,general,0,0,0
4755,Percap Holdings Ltd,,,2024-06-04 11:21:31,'2024-06-04 11:21:31'),Major Bank,general,0,0,0
4756,Suncord International Ltd,,,2024-06-04 11:21:31,'2024-06-04 11:21:31'),Major Bank,general,0,0,0
4757,1000693527 Ontario Cor,,,2024-06-04 11:21:32,'2024-06-04 11:21:32'),Other,general,0,0,0
4758,Braeben Farms Ltd,,,2024-06-04 11:21:33,'2024-06-04 11:21:33'),Major Bank,agricultural,0,0,0
4759,Kaneff Properties Ltd,,,2024-06-04 11:21:33,'2024-06-04 11:21:33'),Major Bank,general,0,0,0
4760,11046373 Canada Inc,,,2024-06-04 11:21:35,'2024-06-04 11:21:35'),Other,general,0,0,0
4761,441511 Ontario Ltd,,,2024-06-04 11:21:35,'2024-06-04 11:21:35'),Major Bank,general,0,0,0
4762,1500585 Ontario Ltd,,,2024-06-04 11:21:36,'2024-06-04 11:21:36'),Major Bank,general,0,0,0
4763,1000880967 Ontario Inc,,,2024-06-27 12:43:56,'2024-06-27 12:43:56'),Other,general,0,0,0
4764,TPG Technology Consulting Ltd,,,2024-06-27 12:43:57,'2024-06-27 12:43:57'),Major Bank,general,0,0,0
4765,Erland Investments Inc,,,2024-06-27 12:43:58,'2024-06-27 12:43:58'),Other,land,1,0,0
4766,Ontario Provincial Police Association Credit Union Ltd,,,2024-06-27 12:43:59,'2024-06-27 12:43:59'),Major Bank,commercial,0,0,1
4767,1254-1258 London Road Ltd,,,2024-06-27 12:44:00,'2024-06-27 12:44:00'),Major Bank,general,0,0,0
4768,Tricor Contracting Ltd,,,2024-06-27 12:44:01,'2024-06-27 12:44:01'),Major Bank,general,0,0,0
4769,A-Mar Machining Inc,,,2024-06-27 12:44:01,'2024-06-27 12:44:01'),Other,general,0,0,0
4770,Centurion Holdings Inc,,,2024-06-27 12:44:01,'2024-06-27 12:44:01'),Private Lender,general,0,0,0
4771,Sei Capital Inc,,,2024-06-27 12:44:02,'2024-06-27 12:44:02'),Private Lender,general,0,0,0
4772,5018204 Ontario Inc,,,2024-06-27 12:44:02,'2024-06-27 12:44:02'),Other,general,0,0,0
4773,Everest Finance Cor,,,2024-06-27 12:44:02,'2024-06-27 12:44:02'),Other,general,0,0,0
4774,2639051 Ontario Inc,,,2024-06-27 12:44:02,'2024-06-27 12:44:02'),Other,general,0,0,0
4775,Jo-Lynn Pt Burwell Inc,,,2024-06-27 12:44:02,'2024-06-27 12:44:02'),Other,general,0,0,0
4776,GBS Contracting Services Inc,,,2024-06-27 12:44:03,'2024-06-27 12:44:03'),Other,general,0,0,0
4777,Rainco Inc,,,2024-06-27 12:44:04,'2024-06-27 12:44:04'),Other,general,0,0,0
4778,Walnut Ridge Poultry Farm Ltd,,,2024-06-27 12:44:04,'2024-06-27 12:44:04'),Major Bank,agricultural,0,0,0
4779,Mountstone Holdings Inc,,,2024-06-27 12:44:05,'2024-06-27 12:44:05'),Private Lender,general,0,0,0
4780,9448-1462 Quebec Inc,,,2024-06-27 12:44:06,'2024-06-27 12:44:06'),Other,general,0,0,0
4781,2296628 Ontario Inc,,,2024-06-27 12:44:06,'2024-06-27 12:44:06'),Other,general,0,0,0
4782,Talon Trail Investments Inc,,,2024-06-27 12:44:06,'2024-06-27 12:44:06'),Other,general,0,0,0
4783,1271969 Ontario Inc,,,2024-06-27 12:44:07,'2024-06-27 12:44:07'),Other,general,0,0,0
4784,Joanal Farms Ltd,,,2024-06-27 12:44:07,'2024-06-27 12:44:07'),Major Bank,agricultural,0,0,0
4785,Craft Capital Corporatio,,,2024-06-27 12:44:07,'2024-06-27 12:44:07'),Private Lender,general,0,0,0
4786,MKKN Holdings Inc,,,2024-06-27 12:44:08,'2024-06-27 12:44:08'),Private Lender,general,0,0,0
4787,2754094 Ontario Inc,,,2024-06-27 12:44:08,'2024-06-27 12:44:08'),Other,general,0,0,0
4788,Realx Trading Inc,,,2024-06-27 12:44:08,'2024-06-27 12:44:08'),Other,general,0,0,0
4789,Rio Verdi Investments Inc,,,2024-06-27 12:44:09,'2024-06-27 12:44:09'),Other,general,0,0,0
4790,Joshua Creek Community Development,,,2024-06-27 12:44:09,'2024-06-27 12:44:09'),Development Company,commercial,0,0,1
4791,1891602 Ontario Inc,,,2024-06-27 12:44:09,'2024-06-27 12:44:09'),Other,general,0,0,0
4792,Strama Properties Inc,,,2024-06-27 12:44:10,'2024-06-27 12:44:10'),Development Company,general,0,0,0
4793,617122 Ontario Ltd,,,2024-06-27 12:44:10,'2024-06-27 12:44:10'),Major Bank,general,0,0,0
4794,Lunau Holdings West Inc,,,2024-06-27 12:44:10,'2024-06-27 12:44:10'),Private Lender,general,0,0,0
4795,Greenvalley Estates Inc,,,2024-06-27 12:44:12,'2024-06-27 12:44:12'),Other,general,0,0,0
4796,Canadian Mortgage Servicing Corporatio,,,2024-06-27 12:44:12,'2024-06-27 12:44:12'),Other,residential,0,0,0
4797,17 Malley Road Inc,,,2024-06-27 12:44:12,'2024-06-27 12:44:12'),Other,general,0,0,0
4798,Jasmar Investments Inc,,,2024-06-27 12:44:12,'2024-06-27 12:44:12'),Other,general,0,0,0
4799,Bernard Katz Holdings Ltd,,,2024-06-27 12:44:12,'2024-06-27 12:44:12'),Major Bank,general,0,0,0
4800,Finch Auto Group Ltd,,,2024-06-27 12:44:12,'2024-06-27 12:44:12'),Major Bank,general,0,0,0
4801,National Realty Management Inc,,,2024-06-27 12:44:12,'2024-06-27 12:44:12'),Other,general,0,0,0
4802,J &amp; W Realty Investments Inc,,,2024-06-27 12:44:13,'2024-06-27 12:44:13'),Other,general,0,0,0
4803,Spreenco Holdings Inc,,,2024-06-27 12:44:13,'2024-06-27 12:44:13'),Private Lender,general,0,0,0
4804,Isola General Contractor Ltd,,,2024-06-27 12:44:13,'2024-06-27 12:44:13'),Major Bank,general,0,0,0
4805,811647 Ontario Inc,,,2024-06-27 12:44:13,'2024-06-27 12:44:13'),Other,general,0,0,0
4806,PCL Holdings Ltd,,,2024-06-27 12:44:13,'2024-06-27 12:44:13'),Major Bank,general,0,0,0
4807,Cross of Life Lutheran Church,,,2024-06-27 12:44:14,'2024-06-27 12:44:14'),Insurance Company,general,0,0,0
4808,2062722 Ontario Ltd,,,2024-06-27 12:44:14,'2024-06-27 12:44:14'),Major Bank,general,0,0,0
4809,Unifor Canada Inc,,,2024-06-27 12:44:14,'2024-06-27 12:44:14'),Other,general,0,0,0
4810,CJ Holdings Ltd,,,2024-06-27 12:44:15,'2024-06-27 12:44:15'),Major Bank,general,0,0,0
4811,12712131 Ontario Inc,,,2024-06-27 12:44:15,'2024-06-27 12:44:15'),Other,general,0,0,0
4812,1237049 Ontario Ltd,,,2024-06-27 12:44:15,'2024-06-27 12:44:15'),Major Bank,general,0,0,0
4813,J Pulla Ltd,,,2024-06-27 12:44:16,'2024-06-27 12:44:16'),Major Bank,general,0,0,0
4814,Hyde Park Ventures Inc,,,2024-06-27 12:44:16,'2024-06-27 12:44:16'),Other,general,0,0,0
4815,Sasson Construction Inc,,,2024-06-27 12:44:16,'2024-06-27 12:44:16'),Other,construction,0,1,0
4816,Aurora Living Water Faith Fellowship Inc,,,2024-06-27 12:44:16,'2024-06-27 12:44:16'),Other,general,0,0,0
4817,Laurent Viger Construction Ltd,,,2024-06-27 12:44:16,'2024-06-27 12:44:16'),Major Bank,construction,0,1,0
4818,Legacy Lands Lake Erie Inc,,,2024-06-27 12:44:16,'2024-06-27 12:44:16'),Other,land,1,0,0
4819,1351599 Ontario Inc,,,2024-06-27 12:44:17,'2024-06-27 12:44:17'),Other,general,0,0,0
4820,1640 Lawrence Avenue West Inc,,,2024-06-27 12:44:17,'2024-06-27 12:44:17'),Other,general,0,0,0
4821,Conital Enterprises Ltd,,,2024-06-27 12:44:17,'2024-06-27 12:44:17'),Major Bank,general,0,0,0
4822,624 King St W Holdings Inc,,,2024-06-27 12:44:17,'2024-06-27 12:44:17'),Private Lender,general,0,0,0
4823,Erb &amp; Good Family Funeral Home Ltd,,,2024-06-27 12:44:17,'2024-06-27 12:44:17'),Major Bank,general,0,0,0
4824,1000394255 Ontario Inc,,,2024-06-27 12:44:18,'2024-06-27 12:44:18'),Other,general,0,0,0
4825,Verwest Investments Inc,,,2024-06-27 12:44:18,'2024-06-27 12:44:18'),Other,general,0,0,0
4826,607919 Ontario Ltd,,,2024-06-27 12:44:18,'2024-06-27 12:44:18'),Major Bank,general,0,0,0
4827,Quality Sod Farms Ltd,,,2024-06-27 12:44:18,'2024-06-27 12:44:18'),Major Bank,agricultural,0,0,0
4828,Luiza Investments Ltd,,,2024-06-27 12:44:19,'2024-06-27 12:44:19'),Major Bank,general,0,0,0
4829,Micron Aberfoyle Holdings Inc,,,2024-06-27 12:44:19,'2024-06-27 12:44:19'),Private Lender,general,0,0,0
4830,679 Davis Drive Holdings Ltd,,,2024-06-27 12:44:19,'2024-06-27 12:44:19'),Major Bank,general,0,0,0
4831,2257994 Ontario Inc,,,2024-06-27 12:44:19,'2024-06-27 12:44:19'),Other,general,0,0,0
4832,2666530 Ontario Inc,,,2024-06-27 12:44:19,'2024-06-27 12:44:19'),Other,general,0,0,0
4833,Mountainview Developments Inc,,,2024-06-27 12:44:20,'2024-06-27 12:44:20'),Development Company,general,0,0,0
4834,TPN Farms Two Inc,,,2024-06-27 12:44:20,'2024-06-27 12:44:20'),Other,agricultural,0,0,0
4835,VIP Investments Ltd,,,2024-06-27 12:44:20,'2024-06-27 12:44:20'),Major Bank,general,0,0,0
4836,GGAS Properties Inc,,,2024-06-27 12:44:21,'2024-06-27 12:44:21'),Development Company,general,0,0,0
4837,Graham Bros Aggregates Ltd,,,2024-06-27 12:44:22,'2024-06-27 12:44:22'),Major Bank,general,0,0,0
4838,Ruc Holdings ULC,,,2024-06-27 12:44:22,'2024-06-27 12:44:22'),Private Lender,general,0,0,0
4839,180 Groh Cambridge Ltd,,,2024-06-27 12:44:22,'2024-06-27 12:44:22'),Major Bank,general,0,0,0
4840,1000223004 Ontario Ltd,,,2024-10-03 12:21:14,'2024-10-03 12:21:14'),Major Bank,general,0,0,0
4841,1021 West Hastings GP Inc,,,2024-10-03 12:21:14,'2024-10-03 12:21:14'),Other,general,0,0,0
4842,Church Weldun Developments Ltd,,,2024-10-03 12:21:15,'2024-10-03 12:21:15'),Major Bank,general,0,0,0
4843,VM Heritage Glen GP Inc,,,2024-10-03 12:21:15,'2024-10-03 12:21:15'),Other,general,0,0,0
4844,Fiera Canadian Real Estate Debt Fund GP Inc,,,2024-10-03 12:21:16,'2024-10-03 12:21:16'),Other,general,0,0,0
4845,Galaxy Boulevard Properties Ltd,,,2024-10-03 12:21:16,'2024-10-03 12:21:16'),Major Bank,general,0,0,0
4846,King City Evengreens Ltd,,,2024-10-03 12:21:16,'2024-10-03 12:21:16'),Major Bank,general,0,0,0
4847,GR 77VG GP Inc,,,2024-10-03 12:21:16,'2024-10-03 12:21:16'),Other,general,0,0,0
4848,CP REIT Ontario Properties Ltd,,,2024-10-03 12:21:17,'2024-10-03 12:21:17'),Major Bank,general,0,0,0
4849,Crestpoint Real Estate (6941 Kennedy Road) Inc,,,2024-10-03 12:21:17,'2024-10-03 12:21:17'),Other,commercial,0,0,1
4850,Lakeview Community Partners Ltd,,,2024-10-03 12:21:17,'2024-10-03 12:21:17'),Major Bank,general,0,0,0
4851,"His Majesty the King in right of Ontario,",,,2024-10-03 12:21:18,'2024-10-03 12:21:18'),Other,general,0,0,0
4852,Hummel Properties Inc,,,2024-10-03 12:21:18,'2024-10-03 12:21:18'),Development Company,general,0,0,0
4853,LaSalle CIG IV GP Inc,,,2024-10-03 12:21:18,'2024-10-03 12:21:18'),Other,general,0,0,0
4854,Monarch Realty Fund LLC,,,2024-10-03 12:21:18,'2024-10-03 12:21:18'),Other,general,0,0,0
4855,Amond Management Inc,,,2024-10-03 12:21:19,'2024-10-03 12:21:19'),Other,general,0,0,0
4856,Leptis Magna Development Inc,,,2024-10-03 12:21:19,'2024-10-03 12:21:19'),Development Company,general,0,0,0
4857,Comptershare Trust Company of Canada,,,2024-10-03 12:21:20,'2024-10-03 12:21:20'),Trust Company,general,0,0,0
4858,NHD Developments Ltd,,,2024-10-03 12:21:20,'2024-10-03 12:21:20'),Major Bank,general,0,0,0
4859,3W Holdings Ltd,,,2024-10-03 12:21:20,'2024-10-03 12:21:20'),Major Bank,general,0,0,0
4860,Bridg Mortgage Investment Cor,,,2024-10-03 12:21:20,'2024-10-03 12:21:20'),Private Lender,residential,0,0,0
4861,2517532 Ontario Inc,,,2024-10-03 12:21:20,'2024-10-03 12:21:20'),Other,general,0,0,0
4862,2632337 Alberta Ltd,,,2024-10-03 12:21:20,'2024-10-03 12:21:20'),Major Bank,general,0,0,0
4863,Valentina Romano Ltd,,,2024-10-03 12:21:21,'2024-10-03 12:21:21'),Major Bank,general,0,0,0
4864,MIG Properties Inc,,,2024-10-03 12:21:22,'2024-10-03 12:21:22'),Development Company,general,0,0,0
4865,Omers Administration Cor,,,2024-10-03 12:21:22,'2024-10-03 12:21:22'),Other,general,0,0,0
4866,RFA Verdun GP Inc,,,2024-10-03 12:21:22,'2024-10-03 12:21:22'),Other,general,0,0,0
4867,1967270 Ontario Inc,,,2024-10-03 12:21:23,'2024-10-03 12:21:23'),Other,general,0,0,0
4868,Dowbico Supplies Ltd,,,2024-10-03 12:21:24,'2024-10-03 12:21:24'),Major Bank,general,0,0,0
4869,R3 Port Elgin Ltd,,,2024-10-03 12:21:24,'2024-10-03 12:21:24'),Major Bank,general,0,0,0
4870,Aurorawood Homes Ltd,,,2024-10-03 12:21:25,'2024-10-03 12:21:25'),Major Bank,general,0,0,0
4871,Clocon Holdings Inc,,,2024-10-03 12:21:25,'2024-10-03 12:21:25'),Private Lender,general,0,0,0
4872,Aljack Holdings Inc,,,2024-10-03 12:21:25,'2024-10-03 12:21:25'),Private Lender,general,0,0,0
4873,Landmark Homes Inc,,,2024-10-03 12:21:25,'2024-10-03 12:21:25'),Other,land,1,0,0
4874,145 Bradford Street (Barrie) Holdings Ltd,,,2024-10-03 12:21:26,'2024-10-03 12:21:26'),Major Bank,general,0,0,0
4875,Dream Unlimited Cor,,,2024-10-03 12:21:26,'2024-10-03 12:21:26'),Other,general,0,0,0
4876,965710 Ontario Ltd,,,2024-10-03 12:21:26,'2024-10-03 12:21:26'),Major Bank,general,0,0,0
4877,The Corporation of the County of Brant,,,2024-10-03 12:21:27,'2024-10-03 12:21:27'),Other,general,0,0,0
4878,Stellar Mountain Insurance Holdings Inc,,,2024-10-03 12:21:27,'2024-10-03 12:21:27'),Private Lender,general,0,0,0
4879,Pencor Opportunity Fund GP Inc,,,2024-10-03 12:21:27,'2024-10-03 12:21:27'),Other,general,0,0,0
4880,Lee Tak Wai Holdings Ltd,,,2024-10-03 13:40:57,'2024-10-03 13:40:57'),Major Bank,general,0,0,0
4881,Devcor Capital,,,2024-10-03 13:40:57,'2024-10-03 13:40:57'),Private Lender,general,0,0,0
4882,Habitat for Humanity Heartland Ontario Inc,,,2024-10-03 13:40:57,'2024-10-03 13:40:57'),Other,land,1,0,0
4883,Western Falcon Inc,,,2024-10-03 13:40:58,'2024-10-03 13:40:58'),Other,general,0,0,0
4884,Flinkert Farms Inc,,,2024-10-03 13:40:59,'2024-10-03 13:40:59'),Other,agricultural,0,0,0
4885,Verkaik Holdings Ltd,,,2024-10-03 13:40:59,'2024-10-03 13:40:59'),Major Bank,general,0,0,0
4886,Laurrek Inc,,,2024-10-03 13:41:00,'2024-10-03 13:41:00'),Other,general,0,0,0
4887,Snowcrest Capital Cor,,,2024-10-28 14:52:08,'2024-10-28 14:52:08'),Private Lender,commercial,0,0,1
4888,2824204 Ontario Inc,,,2024-10-28 15:12:05,'2024-10-28 15:12:05'),Other,general,0,0,0
4889,BTM Realco Inc,,,2024-10-28 15:12:06,'2024-10-28 15:12:06'),Other,general,0,0,0
4890,1605861 Ontario Ltd,,,2024-10-28 15:12:06,'2024-10-28 15:12:06'),Major Bank,general,0,0,0
4891,Buwalda Holdings and Investments Cor,,,2024-10-28 15:12:06,'2024-10-28 15:12:06'),Private Lender,general,0,0,0
4892,1000432 Ontario Inc,,,2024-10-28 15:12:07,'2024-10-28 15:12:07'),Other,general,0,0,0
4893,Eaza Capital Cor,,,2024-10-28 15:12:07,'2024-10-28 15:12:07'),Private Lender,general,0,0,0
4894,Fortunedom Inc,,,2024-10-28 15:12:07,'2024-10-28 15:12:07'),Other,general,0,0,0
4895,Delrin Investments Inc,,,2024-10-28 15:12:08,'2024-10-28 15:12:08'),Other,general,0,0,0
4896,Business Developments Bank of Canada,,,2024-10-28 15:12:08,'2024-10-28 15:12:08'),Major Bank,general,0,0,0
4897,Mercury Mortgage Investment Cor,,,2024-10-28 15:12:08,'2024-10-28 15:12:08'),Private Lender,residential,0,0,0
4898,1795328 Ontario Inc,,,2024-10-28 15:12:08,'2024-10-28 15:12:08'),Other,general,0,0,0
4899,Klessens Dairy Farms Ltd,,,2024-10-28 15:12:09,'2024-10-28 15:12:09'),Major Bank,agricultural,0,0,0
4900,1930539 Ontario Inc,,,2024-10-28 15:12:10,'2024-10-28 15:12:10'),Other,general,0,0,0
4901,Golias Group Inc,,,2024-10-28 16:12:20,'2024-10-28 16:12:20'),Other,general,0,0,0
4902,2318199 Ontario Inc,,,2024-10-28 16:12:20,'2024-10-28 16:12:20'),Other,general,0,0,0
4903,Celernus Mortgages GP Inc,,,2024-10-28 16:12:21,'2024-10-28 16:12:21'),Other,residential,0,0,0
4904,Stonehouse Rental Cor,,,2024-10-28 16:12:22,'2024-10-28 16:12:22'),Other,general,0,0,0
4905,Stonebridge Finance Cor,,,2024-10-28 16:12:23,'2024-10-28 16:12:23'),Other,general,0,0,0
4906,CBBG Realty Inc,,,2024-10-28 16:12:24,'2024-10-28 16:12:24'),Other,general,0,0,0
4907,Duc Hien Tra,,,2024-10-28 16:12:24,'2024-10-28 16:12:24'),Other,general,0,0,0
4908,1066363 Ontario Ltd,,,2024-10-28 16:12:24,'2024-10-28 16:12:24'),Major Bank,general,0,0,0
4909,1300235 Ontario Ltd,,,2024-10-28 16:12:24,'2024-10-28 16:12:24'),Major Bank,general,0,0,0
4910,1000 Islands Community Development Cor,,,2024-10-28 16:12:24,'2024-10-28 16:12:24'),Development Company,land,1,0,0
4911,Petert Holdings Inc,,,2024-10-28 16:12:25,'2024-10-28 16:12:25'),Private Lender,general,0,0,0
4912,David J Balardo Insurance Agency Inc,,,2024-10-28 16:12:26,'2024-10-28 16:12:26'),Insurance Company,general,0,0,0
4913,Taebong Pam Holdings Ltd and 6 others.,,,2024-10-28 16:12:26,'2024-10-28 16:12:26'),Major Bank,general,0,0,0
4914,1360727 Ontario Ltd,,,2024-10-28 16:12:26,'2024-10-28 16:12:26'),Major Bank,general,0,0,0
4915,Bob Oberholtzer Investments Ltd,,,2024-10-28 16:12:27,'2024-10-28 16:12:27'),Major Bank,general,0,0,0
4916,777018 Ontario Ltd,,,2024-10-28 16:12:29,'2024-10-28 16:12:29'),Major Bank,general,0,0,0
4917,B &amp; P Richardson Properties Inc,,,2024-10-28 16:12:29,'2024-10-28 16:12:29'),Development Company,general,0,0,0
4918,Golfvest Communities (Sawmill Creek) Inc,,,2024-10-28 16:12:30,'2024-10-28 16:12:30'),Other,commercial,0,0,1
4919,Niagara Regional Agricultural Society,,,2024-11-11 14:45:18,'2024-11-11 14:45:18'),Other,agricultural,0,0,0
4920,1891039 Ontario Inc,,,2024-11-11 14:45:18,'2024-11-11 14:45:18'),Other,general,0,0,0
4921,100817303 Ontario Inc,,,2024-11-11 14:45:18,'2024-11-11 14:45:18'),Other,general,0,0,0
4922,Stoney Creek Community Homes Inc,,,2024-11-11 14:45:19,'2024-11-11 14:45:19'),Other,commercial,0,0,1
4923,West Maction Inc,,,2024-11-11 14:45:19,'2024-11-11 14:45:19'),Other,general,0,0,0
4924,Garnett HVAC Solutions Inc,,,2024-11-11 14:45:19,'2024-11-11 14:45:19'),Other,general,0,0,0
4925,Fairview Garage Ltd,,,2024-11-11 14:45:20,'2024-11-11 14:45:20'),Major Bank,general,0,0,0
4926,2574835 Ontario Ltd,,,2024-11-11 14:45:21,'2024-11-11 14:45:21'),Major Bank,general,0,0,0
4927,941807 Ontario Ltd,,,2024-11-11 14:45:21,'2024-11-11 14:45:21'),Major Bank,general,0,0,0
4928,1065 7th Developments Inc,,,2024-11-11 14:45:22,'2024-11-11 14:45:22'),Development Company,general,0,0,0
4929,Tomlinson Systems Inc,,,2024-11-11 14:45:23,'2024-11-11 14:45:23'),Other,general,0,0,0
4930,1025186 BC Ltd,,,2024-11-11 14:45:23,'2024-11-11 14:45:23'),Major Bank,general,0,0,0
4931,Ashcroft Homes - La Promenade Inc,,,2024-11-11 14:45:25,'2024-11-11 14:45:25'),Other,general,0,0,0
4932,HMCO Holdings Inc,,,2024-11-11 14:45:27,'2024-11-11 14:45:27'),Private Lender,general,0,0,0
4933,2748058 Ontario Inc,,,2024-11-11 14:45:27,'2024-11-11 14:45:27'),Other,general,0,0,0
4934,XL Real Estate Holdings Inc,,,2024-11-11 14:45:27,'2024-11-11 14:45:27'),Private Lender,general,0,0,0
4935,Adam J Gill Trust Inc,,,2024-11-11 14:45:29,'2024-11-11 14:45:29'),Trust Company,general,0,0,0
4936,1000370576 Ontario Inc,,,2024-11-11 14:45:30,'2024-11-11 14:45:30'),Other,general,0,0,0
4937,Baitley Farms Ltd,,,2024-11-11 14:45:30,'2024-11-11 14:45:30'),Major Bank,agricultural,0,0,0
4938,1842648 Ontario Ltd,,,2024-11-11 14:45:31,'2024-11-11 14:45:31'),Major Bank,general,0,0,0
4939,1000931353 Ontario Inc,,,2025-01-09 19:50:11,'2025-01-09 19:50:11'),Other,general,0,0,0
4940,AGS Capital Cor,,,2025-01-09 19:50:11,'2025-01-09 19:50:11'),Private Lender,general,0,0,0
4941,1000381048 Ontario Inc,,,2025-01-09 19:50:11,'2025-01-09 19:50:11'),Other,general,0,0,0
4942,Gosfield Land Company Ltd,,,2025-01-09 19:50:12,'2025-01-09 19:50:12'),Major Bank,land,1,0,0
4943,Cedar City TFP Whitby Developments Inc,,,2025-01-09 19:50:13,'2025-01-09 19:50:13'),Development Company,general,0,0,0
4944,CAPRIET GP Inc,,,2025-01-09 19:50:13,'2025-01-09 19:50:13'),Other,general,0,0,0
4945,Toronto-Dominion Bank,,,2025-01-09 19:50:13,'2025-01-09 19:50:13'),Major Bank,general,0,0,0
4946,Raxil Real Estate Inc,,,2025-01-09 19:50:13,'2025-01-09 19:50:13'),Other,general,0,0,0
4947,13371913 Canada Inc,,,2025-01-09 19:50:15,'2025-01-09 19:50:15'),Other,general,0,0,0
4948,2392317 Ontario Inc,,,2025-01-09 19:50:15,'2025-01-09 19:50:15'),Other,general,0,0,0
4949,2582030 Ontario Inc,,,2025-01-09 19:50:15,'2025-01-09 19:50:15'),Other,general,0,0,0
4950,2776034 Ontario Inc,,,2025-01-09 19:50:16,'2025-01-09 19:50:16'),Other,general,0,0,0
4951,Axis Holdings Ltd,,,2025-01-09 19:50:16,'2025-01-09 19:50:16'),Major Bank,general,0,0,0
4952,651926 Ontario Ltd,,,2025-01-09 19:50:17,'2025-01-09 19:50:17'),Major Bank,general,0,0,0
4953,"Bank of America, NA",,,2025-01-09 19:50:18,'2025-01-09 19:50:18'),Major Bank,general,0,0,0
4954,The Trustees of the Bayview Congregatio,,,2025-01-09 19:50:18,'2025-01-09 19:50:18'),Trust Company,general,0,0,0
4955,Mic Mac Realty (Ottawa) Inc,,,2025-01-09 19:50:18,'2025-01-09 19:50:18'),Private Lender,general,0,0,0
4956,LSM Angus Farm (2024) Ltd,,,2025-01-09 19:50:18,'2025-01-09 19:50:18'),Major Bank,agricultural,0,0,0
4957,Aviva Canada Inc,,,2025-01-09 19:50:19,'2025-01-09 19:50:19'),Other,general,0,0,0
4958,Baseline Properties Ltd (Courtice),,,2025-01-09 19:50:19,'2025-01-09 19:50:19'),Major Bank,general,0,0,0
4959,VRGCOM Inc,,,2025-01-09 19:50:19,'2025-01-09 19:50:19'),Other,general,0,0,0
4960,2483529 Ontario Ltd,,,2025-01-09 19:50:20,'2025-01-09 19:50:20'),Major Bank,general,0,0,0
4961,667958 Ontario Ltd,,,2025-01-09 19:50:20,'2025-01-09 19:50:20'),Major Bank,general,0,0,0
4962,1000465186 Ontario Inc,,,2025-01-09 19:50:20,'2025-01-09 19:50:20'),Other,general,0,0,0
4963,Chrismel Investments Inc,,,2025-01-09 19:50:20,'2025-01-09 19:50:20'),Other,general,0,0,0
4964,Honda Canada Finance Inc,,,2025-01-09 19:50:21,'2025-01-09 19:50:21'),Other,general,0,0,0
4965,Gestion LEPBL Inc,,,2025-01-09 19:50:22,'2025-01-09 19:50:22'),Other,general,0,0,0
4966,769313 Ontario Ltd,,,2025-01-09 19:50:22,'2025-01-09 19:50:22'),Major Bank,general,0,0,0
4967,Taefom Inc,,,2025-01-09 19:50:22,'2025-01-09 19:50:22'),Other,general,0,0,0
4968,38 Goddard Developments Cor,,,2025-01-09 19:50:22,'2025-01-09 19:50:22'),Development Company,general,0,0,0
4969,2079095 Ontario Ltd,,,2025-01-09 19:50:23,'2025-01-09 19:50:23'),Major Bank,general,0,0,0
4970,Dixonavis GP Inc,,,2025-01-09 19:50:26,'2025-01-09 19:50:26'),Other,general,0,0,0
4971,Drewlo Group Inc,,,2025-01-09 19:50:26,'2025-01-09 19:50:26'),Other,general,0,0,0
4972,Aggregated Investments Inc,,,2025-01-09 19:50:26,'2025-01-09 19:50:26'),Other,general,0,0,0
4973,802622 Ontario Inc,,,2025-01-09 19:50:29,'2025-01-09 19:50:29'),Other,general,0,0,0
4974,Andash Investments Ltd,,,2025-01-09 19:50:29,'2025-01-09 19:50:29'),Major Bank,general,0,0,0
4975,Atrium Equity Holdings Inc,,,2025-01-09 19:50:31,'2025-01-09 19:50:31'),Private Lender,general,0,0,0
4976,Numberdar Holdings Inc,,,2025-01-09 19:50:33,'2025-01-09 19:50:33'),Private Lender,general,0,0,0
4977,Numderdar Holdings Inc,,,2025-01-09 19:50:33,'2025-01-09 19:50:33'),Private Lender,general,0,0,0
4978,So Far So Good Holdings Cor,,,2025-01-09 19:50:34,'2025-01-09 19:50:34'),Private Lender,general,0,0,0
4979,7884168 Canada Inc,,,2025-01-09 19:50:34,'2025-01-09 19:50:34'),Other,general,0,0,0
4980,Devcor Capital Inc,,,2025-01-09 19:50:35,'2025-01-09 19:50:35'),Private Lender,general,0,0,0
4981,1198690 Ontario Ltd,,,2025-01-09 19:50:37,'2025-01-09 19:50:37'),Major Bank,general,0,0,0
4982,Bella Terra Investments Inc,,,2025-01-09 19:50:38,'2025-01-09 19:50:38'),Other,general,0,0,0
4983,IN8 Developments Inc,,,2025-01-09 19:50:39,'2025-01-09 19:50:39'),Development Company,general,0,0,0
4984,672 Golden Mile Road Inc,,,2025-01-09 19:50:40,'2025-01-09 19:50:40'),Other,general,0,0,0
4985,Dutton Land Holdings Inc,,,2025-01-09 19:50:40,'2025-01-09 19:50:40'),Private Lender,land,1,0,0
4986,The Toronto-Domnion Bank,,,2025-01-09 19:50:41,'2025-01-09 19:50:41'),Major Bank,general,0,0,0
4987,GBTD Properties Inc,,,2025-01-09 19:50:41,'2025-01-09 19:50:41'),Major Bank,general,0,0,0
4988,6 Sigma Quality Consulting &amp; Contracting Inc,,,2025-01-09 19:50:41,'2025-01-09 19:50:41'),Other,general,0,0,0
4989,3210 Airway Drive GP Inc,,,2025-01-10 03:20:17,'2025-01-10 03:20:17'),Other,general,0,0,0
4990,Northmat GP Cor,,,2025-01-10 03:20:18,'2025-01-10 03:20:18'),Other,general,0,0,0
4991,Apans Inc,,,2025-01-10 03:20:18,'2025-01-10 03:20:18'),Other,general,0,0,0
4992,Skyline Retail Real Estate Holdings Inc,,,2025-01-10 03:20:19,'2025-01-10 03:20:19'),Private Lender,retail,0,0,0
4993,Stercus Accidit Finance Cor,,,2025-01-10 03:20:20,'2025-01-10 03:20:20'),Other,general,0,0,0
4994,1000839387 Ontario Inc,,,2025-01-10 03:20:20,'2025-01-10 03:20:20'),Other,general,0,0,0
4995,1968223 Ontario Ltd,,,2025-01-10 03:20:20,'2025-01-10 03:20:20'),Major Bank,general,0,0,0
4996,Cumberland Tenth Line Road GP Inc,,,2025-01-10 03:20:20,'2025-01-10 03:20:20'),Other,land,1,0,0
4997,4Q Retail GP Inc,,,2025-01-10 03:20:20,'2025-01-10 03:20:20'),Other,retail,0,0,0
4998,Sylvan Oak Farm GP Inc,,,2025-01-10 03:20:21,'2025-01-10 03:20:21'),Other,agricultural,0,0,0
4999,Stars Holdings Cor,,,2025-01-10 03:20:22,'2025-01-10 03:20:22'),Private Lender,general,0,0,0
5000,1001066644 Ontario Inc,,,2025-01-10 03:20:22,'2025-01-10 03:20:22'),Other,general,0,0,0
5001,BOPC 2 Queen Inc,,,2025-01-10 03:20:22,'2025-01-10 03:20:22'),Other,general,0,0,0
5002,HMT 2 Queen Ltd,,,2025-01-10 03:20:22,'2025-01-10 03:20:22'),Major Bank,general,0,0,0
5003,1001075527 Ontario Inc,,,2025-01-10 03:20:22,'2025-01-10 03:20:22'),Other,general,0,0,0
5004,Northside Mortgage Investment Cor,,,2025-01-11 19:02:09,'2025-01-11 19:02:09'),Private Lender,residential,0,0,0
5005,1221058 Ontario Inc and 6 other,,,2025-01-11 19:02:10,'2025-01-11 19:02:10'),Other,general,0,0,0
5006,Shawn Forti,,,2025-01-11 19:02:11,'2025-01-11 19:02:11'),Other,general,0,0,0
5007,2496264 Ontario Inc,,,2025-01-11 19:02:13,'2025-01-11 19:02:13'),Other,general,0,0,0
5008,LSM Farms Ltd,,,2025-01-11 19:02:13,'2025-01-11 19:02:13'),Major Bank,agricultural,0,0,0
5009,2166973 Ontario Inc and 10 other,,,2025-01-11 19:02:14,'2025-01-11 19:02:14'),Other,general,0,0,0
5010,1927909 Ontario Inc,,,2025-01-11 19:02:15,'2025-01-11 19:02:15'),Other,general,0,0,0
5011,Heart Broadcasting Inc,,,2025-01-11 19:02:16,'2025-01-11 19:02:16'),Other,general,0,0,0
5012,1001034735 Ontario Inc,,,2025-01-11 19:02:20,'2025-01-11 19:02:20'),Other,general,0,0,0
5013,1064145 Ontario Ltd,,,2025-01-15 15:10:55,'2025-01-15 15:10:55'),Major Bank,general,0,0,0
5014,Galileo Group Inc,,,2025-01-15 15:10:57,'2025-01-15 15:10:57'),Other,general,0,0,0
5015,1001058598 Ontario Inc,,,2025-01-15 15:10:58,'2025-01-15 15:10:58'),Other,general,0,0,0
5016,2795331 Ontario Inc,,,2025-01-15 15:10:58,'2025-01-15 15:10:58'),Other,general,0,0,0
5017,Farm Credit Cor,,,2025-01-15 15:10:58,'2025-01-15 15:10:58'),Other,commercial|agricultural,0,0,1
5018,DH Hickson Ltd,,,2025-01-15 15:10:58,'2025-01-15 15:10:58'),Major Bank,general,0,0,0
5019,140 Lynden Holdings Inc,,,2025-01-15 15:10:59,'2025-01-15 15:10:59'),Private Lender,general,0,0,0
5020,1863568 Ontario Inc,,,2025-01-15 15:10:59,'2025-01-15 15:10:59'),Other,general,0,0,0
5021,The Pole Corporatio,,,2025-01-15 15:11:00,'2025-01-15 15:11:00'),Other,general,0,0,0
5022,Yu Express Logistics Inc,,,2025-01-15 15:11:01,'2025-01-15 15:11:01'),Other,general,0,0,0
5023,Giggles Inc,,,2025-01-15 15:11:02,'2025-01-15 15:11:02'),Other,general,0,0,0
5024,Wilson Property Inc,,,2025-01-18 23:15:40,'2025-01-18 23:15:40'),Development Company,general,0,0,0
5025,1716299 Ontario Ltd,,,2025-01-18 23:15:40,'2025-01-18 23:15:40'),Major Bank,general,0,0,0
5026,Melvyn Eise,,,2025-02-01 22:53:42,'2025-02-01 22:53:42'),Other,general,0,0,0
5027,Prologis Canada Inc,,,2025-02-01 22:53:42,'2025-02-01 22:53:42'),Other,general,0,0,0
5028,"Richard, Cathleen &amp; Archibald Bond",,,2025-02-01 22:56:50,'2025-02-01 22:56:50'),Other,general,0,0,0
5029,Leslie Street (FGH) Inc,,,2025-02-01 22:56:50,'2025-02-01 22:56:50'),Other,general,0,0,0
5030,Dymon Trim Storage PE LP,,,2025-02-01 23:24:06,'2025-02-01 23:24:06'),Other,general,0,0,0
5031,Federation des Caisses Desjardins de Quebec,,,2025-02-02 00:11:23,'2025-02-02 00:11:23'),Credit Union,general,0,0,0
5032,St John&#039;s Bay Land Company Ltd,,,2025-02-02 00:11:26,'2025-02-02 00:11:26'),Major Bank,land,1,0,0
5033,Moccasin Trail Developments Ltd,,,2025-02-02 00:11:27,'2025-02-02 00:11:27'),Major Bank,general,0,0,0
5034,Cedar Heights Construction Ltd,,,2025-02-02 00:11:31,'2025-02-02 00:11:31'),Major Bank,construction,0,1,0
5035,SNRK Holding Cor,,,2025-02-02 00:11:32,'2025-02-02 00:11:32'),Other,general,0,0,0
5036,Brookstreet Mic II Inc,,,2025-02-02 15:08:05,'2025-02-02 15:08:05'),Private Lender,general,0,0,0
5037,Auto Workers Community Credit Union Ltd,,,2025-02-02 15:08:05,'2025-02-02 15:08:05'),Major Bank,commercial,0,0,1
5038,Milk Marc Variety &amp; Gas Bar Inc,,,2025-02-02 15:08:05,'2025-02-02 15:08:05'),Other,general,0,0,0
5039,Golab Beauty Ltd,,,2025-02-04 13:43:21,'2025-02-04 13:43:21'),Major Bank,general,0,0,0
5040,Old Castle Heights Inc,,,2025-02-04 13:43:22,'2025-02-04 13:43:22'),Other,general,0,0,0
5041,Rondax Holdings Inc,,,2025-02-04 13:56:56,'2025-02-04 13:56:56'),Private Lender,general,0,0,0
5042,Claybar Developments Inc,,,2025-02-04 13:56:56,'2025-02-04 13:56:56'),Development Company,general,0,0,0
5043,Debholl MFP Enterprises Inc,,,2025-02-04 13:56:56,'2025-02-04 13:56:56'),Other,general,0,0,0
5044,Terraco Developments Inc,,,2025-02-04 13:56:56,'2025-02-04 13:56:56'),Development Company,general,0,0,0
5045,1000193451 Ontario Inc,,,2025-02-04 13:56:57,'2025-02-04 13:56:57'),Other,general,0,0,0
5046,Bradley Little,,,2025-02-04 13:56:57,'2025-02-04 13:56:57'),Other,general,0,0,0
5047,1271395 Ontario Ltd,,,2025-02-04 14:13:57,'2025-02-04 14:13:57'),Major Bank,general,0,0,0
5048,Caledon Development General Partner Ltd,,,2025-02-04 14:13:58,'2025-02-04 14:13:58'),Major Bank,general,0,0,0
5049,Maker Holdings Inc,,,2025-02-04 14:13:58,'2025-02-04 14:13:58'),Private Lender,general,0,0,0
5050,Inline Holdings Inc,,,2025-02-04 14:13:58,'2025-02-04 14:13:58'),Private Lender,general,0,0,0
5051,2302843 Ontario Inc,,,2025-02-04 14:13:59,'2025-02-04 14:13:59'),Other,general,0,0,0
5052,Sandmill Developments Inc,,,2025-02-18 16:04:43,'2025-02-18 16:04:43'),Development Company,general,0,0,0
5053,Carslake and Sons Ltd,,,2025-02-18 16:04:43,'2025-02-18 16:04:43'),Major Bank,general,0,0,0
5054,Polinex Inc,,,2025-02-18 16:04:43,'2025-02-18 16:04:43'),Other,general,0,0,0
5055,The Forty Eight Cor,,,2025-02-18 16:04:43,'2025-02-18 16:04:43'),Other,general,0,0,0
5056,Hoylock Farm Ltd,,,2025-02-18 16:04:44,'2025-02-18 16:04:44'),Major Bank,agricultural,0,0,0
5057,905 Developments Inc,,,2025-02-18 16:04:45,'2025-02-18 16:04:45'),Development Company,general,0,0,0
5058,1909170 Ontario Ltd,,,2025-02-18 16:04:46,'2025-02-18 16:04:46'),Major Bank,general,0,0,0
5059,"Orillia Masonic Temple, Ltd",,,2025-02-18 16:04:47,'2025-02-18 16:04:47'),Major Bank,general,0,0,0
5060,Ayos Global Force Corporatio,,,2025-02-18 16:04:48,'2025-02-18 16:04:48'),Other,general,0,0,0
5061,2415274 Ontario Inc,,,2025-03-11 01:11:19,'2025-03-11 01:11:19'),Other,general,0,0,0
5062,Beedie ON (Kipling Avenue) Holdings Ltd,,,2025-03-11 01:11:19,'2025-03-11 01:11:19'),Major Bank,general,0,0,0
5063,BCA Financial Corp.,,,2025-03-11 01:11:20,'2025-03-11 01:11:20'),Credit Union,general,0,0,0
5064,1699942 Ontario Inc,,,2025-03-11 01:11:20,'2025-03-11 01:11:20'),Other,general,0,0,0
5065,Jusco Realty Cor,,,2025-03-11 01:11:20,'2025-03-11 01:11:20'),Other,general,0,0,0
5066,Bisha Hotel Toronto Inc,,,2025-03-11 01:11:20,'2025-03-11 01:11:20'),Other,hospitality,0,0,0
5067,KV Capital Inc,,,2025-03-11 01:11:21,'2025-03-11 01:11:21'),Private Lender,general,0,0,0
5068,2517133 Ontario Inc,,,2025-03-11 01:11:21,'2025-03-11 01:11:21'),Other,general,0,0,0
5069,2854604 Ontario Inc,,,2025-06-25 17:11:01,'2025-06-25 17:11:01'),Other,general,0,0,0
5070,Jon Koopmans Construction Ltd,,,2025-06-25 17:11:02,'2025-06-25 17:11:02'),Major Bank,construction,0,1,0
5071,Duet Developments Ltd,,,2025-07-30 14:43:36,'2025-07-30 14:43:36'),Major Bank,general,0,0,0
5072,Caise Desjardins Ontario Credit Union Inc,,,2025-07-30 14:43:36,'2025-07-30 14:43:36'),Major Bank,commercial,0,0,1
5073,1029010 Ontario Ltd,,,2025-07-30 14:43:36,'2025-07-30 14:43:36'),Major Bank,general,0,0,0
5074,The Corporation of the City of Brampto,,,2025-07-30 14:44:03,'2025-07-30 14:44:03'),Other,general,0,0,0
5075,1001239988 Ontario Ltd,,,2025-07-30 14:44:03,'2025-07-30 14:44:03'),Major Bank,general,0,0,0
5076,2794465 Ontario Inc,,,2025-07-30 14:44:03,'2025-07-30 14:44:03'),Other,general,0,0,0
5077,2814989 Ontario Inc,,,2025-07-30 14:44:04,'2025-07-30 14:44:04'),Other,general,0,0,0
5078,Brains II Solutions Inc,,,2025-07-30 14:44:04,'2025-07-30 14:44:04'),Other,general,0,0,0
5079,Doma Construction Inc,,,2025-07-30 14:44:04,'2025-07-30 14:44:04'),Other,construction,0,1,0
5080,SFPC Knox GP Inc,,,2025-07-30 14:44:04,'2025-07-30 14:44:04'),Other,general,0,0,0
5081,1517891 Ontario Inc,,,2025-07-30 14:44:06,'2025-07-30 14:44:06'),Other,general,0,0,0
5082,Majorwood Developments Inc,,,2025-07-30 14:44:06,'2025-07-30 14:44:06'),Development Company,general,0,0,0
5083,Silver Services Eldercare,,,2025-07-30 14:44:07,'2025-07-30 14:44:07'),Other,general,0,0,0
5084,Kawartha Credit Union  Ltd,,,2025-07-30 14:44:07,'2025-07-30 14:44:07'),Major Bank,commercial,0,0,1
5085,The Estate of Leo Wolynetz,,,2025-07-30 14:44:08,'2025-07-30 14:44:08'),Other,general,0,0,0
5086,2171948 Ontario Inc,,,2025-07-31 10:57:00,'2025-07-31 10:57:00'),Other,general,0,0,0
5087,CSAG Investments Ltd,,,2025-09-08 14:30:15,'2025-09-08 14:30:15'),Major Bank,general,0,0,0
5088,Deergate Holdings Inc,,,2025-09-08 14:30:15,'2025-09-08 14:30:15'),Private Lender,general,0,0,0
5089,69 Old Mill Terrace GP Inc,,,2025-09-08 14:30:16,'2025-09-08 14:30:16'),Other,general,0,0,0
5090,56YB Cor,,,2025-09-08 14:30:16,'2025-09-08 14:30:16'),Other,general,0,0,0
5091,Lakeland Meadows Ltd,,,2025-09-08 14:30:16,'2025-09-08 14:30:16'),Major Bank,land,1,0,0
5092,Schleiss Development Company Ltd,,,2025-09-08 14:30:17,'2025-09-08 14:30:17'),Major Bank,general,0,0,0
5093,Lindwide Developments (Cornell) Ltd,,,2025-09-08 14:30:17,'2025-09-08 14:30:17'),Major Bank,general,0,0,0
5094,592264 Ontario Inc,,,2025-09-08 14:30:18,'2025-09-08 14:30:18'),Other,general,0,0,0
5095,Augend 100 Steeles Investments Ltd,,,2025-09-08 14:30:20,'2025-09-08 14:30:20'),Major Bank,general,0,0,0
5096,MKG Holding Cor,,,2025-09-08 14:30:20,'2025-09-08 14:30:20'),Other,general,0,0,0
5097,McEnery Industries Ltd,,,2025-09-08 14:30:21,'2025-09-08 14:30:21'),Major Bank,general,0,0,0
5098,Lions Foundation of Canada Dog Guide,,,2025-09-08 14:30:21,'2025-09-08 14:30:21'),Other,general,0,0,0
5099,AJGL Group Inc,,,2025-09-09 03:57:30,'2025-09-09 03:57:30'),Other,general,0,0,0
5100,1836826 Ontario Inc,,,2025-09-09 03:57:30,'2025-09-09 03:57:30'),Other,general,0,0,0
5101,1001320974 Ontario Inc,,,2025-09-09 03:57:30,'2025-09-09 03:57:30'),Other,general,0,0,0
5102,Oldcastle Building Products Canada Inc,,,2025-09-09 03:57:33,'2025-09-09 03:57:33'),Other,general,0,0,0
5103,Caisse Desjardins Ontario Credit Union Ltd,,,2025-09-09 03:57:33,'2025-09-09 03:57:33'),Major Bank,commercial,0,0,1
5104,CPVC 3150 Derry Nominee Inc,,,2025-09-09 03:57:35,'2025-09-09 03:57:35'),Other,general,0,0,0
5105,Derry (ARI) Ltd,,,2025-09-09 03:57:35,'2025-09-09 03:57:35'),Major Bank,general,0,0,0
5106,CPVC 3160 Derry Nominee Inc,,,2025-09-09 03:57:35,'2025-09-09 03:57:35'),Other,general,0,0,0
5107,Edelstein Apartments Ltd,,,2025-09-09 03:57:36,'2025-09-09 03:57:36'),Major Bank,general,0,0,0
5108,Vestor Financial Services Ltd,,,2025-09-09 03:57:36,'2025-09-09 03:57:36'),Major Bank,general,0,0,0
5109,Marhome Ventures Inc,,,2025-09-09 03:57:36,'2025-09-09 03:57:36'),Other,general,0,0,0
5110,Diamond Residential Developments Cor,,,2025-09-09 03:57:37,'2025-09-09 03:57:37'),Development Company,residential,0,0,0
5111,Canam Group Inc,,,2025-09-09 03:57:37,'2025-09-09 03:57:37'),Other,general,0,0,0
5112,Wildpine Holdings Inc,,,2025-09-09 03:57:37,'2025-09-09 03:57:37'),Private Lender,general,0,0,0
5113,The Toronot-Dominion Bank,,,2025-09-09 03:57:38,'2025-09-09 03:57:38'),Major Bank,general,0,0,0
5114,71 Maybrook Drive Inc,,,2025-09-09 03:57:38,2025-09-09 03:57:38,Other,general,0,0,0
