1,3414493 Canada Inc,"11 Church St, Ste 401",,,M5E 1W1,,2022-04-29,,,2023-10-12 10:25:20,'2023-10-30 12:42:37'),category_primary,category_all,is_builder,is_investment,is_reit,is_private_equity,is_asset_manager,is_family_office,is_pension_fund,is_insurance,is_lender
6,QuadReal Property Group Ltd,"199 Bay St, Ste 4900",Toronto,Ontario,M5L 1G2,416-673-7444,2022-04-29,,,2023-10-12 10:25:20,'2023-10-30 12:42:37'),builder,builder,1,0,0,0,0,0,0,0,0
9,Benti Developments Inc,"6345 Netherhart Rd, Unit 3",,,L5T 1B8,,2022-04-29,,,2023-10-12 10:25:20,'2023-10-30 12:42:37'),builder,builder,1,0,0,0,0,0,0,0,0
17,Asherton Developments Ltd,129 Fernstaff Ct,Vaughan,Ontario,L4K 3M1,905-695-7800,2022-04-29,,,2023-10-12 10:25:20,'2023-10-30 12:42:37'),builder,builder,1,0,0,0,0,0,0,0,0
22,Barry&#039;s Construction Ltd,"7839 Highway 21,",Allenford,Ontario,N0H 1A0,519-934-3374,2022-04-29,,,2023-10-12 10:25:20,'2023-10-30 12:42:37'),builder,builder,1,0,0,0,0,0,0,0,0
30,South Thames Developments Inc,"361 Connie Cres, Ste 200",Concord,Ontario,L4K 5R2,,2022-04-28,,,2023-10-12 10:25:20,'2023-10-30 12:42:37'),builder,builder,1,0,0,0,0,0,0,0,0
33,Frontdoor Developments (Palmerston) Inc,"1 West Pearce Dt, Ste 401",Richmond Hill,Ontario,L4B 3K3,905-886-8287,2022-04-28,,,2023-10-12 10:25:20,'2023-10-30 12:42:37'),builder,builder,1,0,0,0,0,0,0,0,0
40,Quinlan Road Developments GP Inc,"6783 Wellington Rd 34, RR 22",Cambridge,Ontario,N3C 2V4,,2022-04-26,,,2023-10-12 10:25:20,'2023-10-30 12:42:37'),builder,builder,1,0,0,0,0,0,0,0,0
42,Longview Aviation Properties Inc,"747 Fort St, Ste 1100",Victoria,Ontario,V8W 3E9,,2022-04-22,,,2023-10-12 10:25:20,'2023-10-30 12:42:37'),builder,builder,1,0,0,0,0,0,0,0,0
44,New Horizon Development Group,"3170 Harvester Rd, Ste 200",Burlington,Ontario,L7N 3W8,905-777-0000,2022-04-22,,,2023-10-12 10:25:20,'2023-10-30 12:42:37'),builder,builder,1,0,0,0,0,0,0,0,0
46,Spotlight Development Inc,"550 Queen St E, Ste 200",Toronto,Ontario,M5A 1V2,905-695-9052,2022-04-21,,,2023-10-12 10:25:20,'2023-10-30 12:42:37'),builder,builder,1,0,0,0,0,0,0,0,0
50,Elm Developments,1931 Highway 7,Concord,Ontario,L4K 1V5,905-709-8232,2022-04-20,elmdevelopments.com,,2023-12-02 13:16:40,'2023-10-30 12:42:37'),builder,builder,1,0,0,0,0,0,0,0,0
52,HBNG (Norwood) Developments Inc,161 Trade Valley Dr,Vaughan,Ontario,L4H 3N6,905-738-8640,2022-04-20,,,2023-10-12 10:25:20,'2023-10-30 12:42:37'),builder,builder,1,0,0,0,0,0,0,0,0
55,Aecon Construction And Materials Ltd,"20 Carlson Ct, Ste 800",,,M9W 7K6,,2023-04-28,,,2023-10-12 10:25:20,'2023-10-30 12:42:37'),builder,builder,1,0,0,0,0,0,0,0,0
62,Mountainview Homes (Niagara) Ltd,"3340 Schmon Parkway, Unit 1",Thorold,Ontario,L2V 4Y6more info: mi.pdf,905-688-3100,2023-04-05,mountainview.com,,2023-12-02 13:14:53,'2023-10-30 12:42:37'),builder,builder,1,0,0,0,0,0,0,0,0
67,Elison Developments Inc,"1315 Michigan Ave, Unit D",,,N7S 4M6,,2022-08-31,,,2023-10-12 10:25:20,'2023-10-30 12:42:37'),builder,builder,1,0,0,0,0,0,0,0,0
75,Dogliola Developments Ltd,"1681 Langstaff Rd, Unit 1",,,L4K 5T3,,2022-08-29,,,2023-10-12 10:25:20,'2023-10-30 12:42:37'),builder,builder,1,0,0,0,0,0,0,0,0
76,Greenpark Homes,8700 Dufferin St,Concord,Ontario,L4K 4S6,416-661-5329,2022-08-29,,,2023-10-12 10:25:20,'2023-10-30 12:42:37'),builder,builder,1,0,0,0,0,0,0,0,0
77,Perspective Developments Ltd,"3250 Bloor St W,",Toronto,Ontario,M8X 2X9,,2022-08-29,,,2023-10-12 10:25:20,'2023-10-30 12:42:37'),builder,builder,1,0,0,0,0,0,0,0,0
78,Pianosi Bros Construction Ltd,3250 Bloor St W,Toronto,Ontario,M8X 2X9,416-231-1297,2022-08-29,,,2023-10-12 10:25:20,'2023-10-30 12:42:37'),builder,builder,1,0,0,0,0,0,0,0,0
93,Radha Properties Inc,25 Maclean Ave,,,M4E 2Z8,,2022-08-16,,,2023-10-12 10:25:20,'2023-10-30 12:42:37'),builder,builder,1,0,0,0,0,0,0,0,0
108,Zenan Glass Realty Corp,14922 Bathurst St,King City,Ontario,L7B 1K5,,2023-08-31,,,2023-10-12 10:25:20,'2023-10-30 12:42:37'),builder,builder,1,0,0,0,0,0,0,0,0
115,InterRent International Properties Inc,"485 Bank St, Ste 207",Ottawa,Ontario,K2P 1Z2,613-569-5699,2023-08-30,,,2023-10-12 10:25:20,'2023-10-30 12:42:37'),builder,builder,1,0,0,0,0,0,0,0,0
116,A1 Development,75 Scarsdale Rd,North York,Ontario,M3B 2R2,647-242-9869,2023-08-30,a1developmentsolutions.com,,2024-04-16 14:50:59,'2023-10-30 12:42:37'),builder,builder,1,0,0,0,0,0,0,0,0
124,Altree Developments,"2828 Bathurst St, Ste 300",Toronto,Ontario,M9B 3A7,647-715-5711,2023-08-25,altreedev.com,,2023-12-02 13:14:47,'2023-10-30 12:42:37'),builder,builder,1,0,0,0,0,0,0,0,0
132,Townwood Homes (Caledon) Inc,"1 Bradwick Dr, Units 1 &amp;amp; 2",Concord,Ontario,L4K 2T4more info: mi.pdf,905-669-1615,2023-08-08,townwoodhomes.com,,2023-12-09 16:46:08,'2023-10-30 12:42:37'),builder,builder,1,0,0,0,0,0,0,0,0
139,Royal Pine Homes,"3550 Langstaff Rd, Ste 200",Woodbridge,Ontario,L4L 9G3,905-856-2150,2023-08-01,,,2023-10-12 10:25:20,'2023-10-30 12:42:37'),builder,builder,1,0,0,0,0,0,0,0,0
155,Mountainview Building Group,"3350 Merrittville Hwy, Ste 9",Thorold,Ontario,L2V 4Y6,905-688-3100,2022-12-21,mountainview.com,,2023-12-02 13:14:13,'2023-10-30 12:42:37'),builder,builder,1,0,0,0,0,0,0,0,0
164,Ergo Properties Ltd,"359 Eastern Ave, Ste 400",Toronto,Ontario,M4M 1B7,416-616-8100,2022-12-16,,,2023-10-12 10:25:20,'2023-10-30 12:42:37'),builder,builder,1,0,0,0,0,0,0,0,0
170,KD Properties Inc,8555 Creditview Dr,Brampton,Ontario,L6Y 2X8,,2022-12-16,kdproperties.com,,2023-12-02 13:33:33,'2023-10-30 12:42:37'),builder,builder,1,0,0,0,0,0,0,0,0
172,In8 (88 Queen) Developments Inc,44 Peter St,St Clements,Ontario,N0B 2M0,519-954-8868,2022-12-16,,,2023-10-12 10:25:20,'2023-10-30 12:42:37'),builder,builder,1,0,0,0,0,0,0,0,0
174,MA Homes Ltd,"90 Wingold Ave, Ste 1",Toronto,Ontario,M6B 1P5,888-657-8710,2022-12-15,,,2023-10-12 10:25:20,'2023-10-30 12:42:37'),builder,builder,1,0,0,0,0,0,0,0,0
197,StateView Homes (Elm&amp;Co) Inc,"410 Chrislea Rd, Unit 16",Vaughan,Ontario,L4L 8B5,905-851-1849,2022-12-09,,,2023-10-12 10:25:20,'2023-10-30 12:42:37'),builder,builder,1,0,0,0,0,0,0,0,0
200,Triple Net Realty,"4 Abacus Rd, Unit 3",Brampton,Ontario,L6T 5J6,416-571-0000,2022-12-09,,,2023-10-12 10:25:20,'2023-10-30 12:42:37'),builder,builder,1,0,0,0,0,0,0,0,0
209,Rutherford Properties Ltd,"77 King St W, Ste 4510",,,M5K 1J3,,2022-12-07,,,2023-10-12 10:25:20,'2023-10-30 12:42:37'),builder,builder,1,0,0,0,0,0,0,0,0
213,Lee-Mar Developments Ltd,"429 Spadina Rd, Ste 202",,,M5P 2W3,,2022-12-05,,,2023-10-12 10:25:20,'2023-10-30 12:42:37'),builder,builder,1,0,0,0,0,0,0,0,0
216,Digram Developments,"327 Renfrew Dr, Ste 201",Markham,Ontario,L3R 9S8,905-513-7999,2022-12-05,,,2023-10-12 10:25:20,'2023-10-30 12:42:37'),builder,builder,1,0,0,0,0,0,0,0,0
223,Orangeville Railway Development Corp,87 Broadway,,,L9W 1K1,,2022-02-25,,,2023-10-12 10:25:20,'2023-10-30 12:42:37'),builder,builder,1,0,0,0,0,0,0,0,0
225,Marydale Construction Co Ltd,48 Guardsman Rd,,,L3T 6L4,,2022-02-25,,,2023-10-12 10:25:20,'2023-10-30 12:42:37'),builder,builder,1,0,0,0,0,0,0,0,0
226,Fieldgate Developments Ltd,"5400 Yonge St, Ste 501",Toronto,Ontario,M2N 5R5,416-227-2220,2022-02-25,,,2023-10-12 10:25:20,'2023-10-30 12:42:37'),builder,builder,1,0,0,0,0,0,0,0,0
228,MA Homes,"90 Wingold Ave, Unit 1",Toronto,Ontario,M6B 1P5,888-657-8710,2022-02-25,,,2023-10-12 10:25:20,'2023-10-30 12:42:37'),builder,builder,1,0,0,0,0,0,0,0,0
229,Markhamone Developments Ltd,3 Browning Ct,,,L7E 5S6,,2022-02-25,,,2023-10-12 10:25:20,'2023-10-30 12:42:37'),builder,builder,1,0,0,0,0,0,0,0,0
230,Pristine Homes (Boxgrove) Inc,"242 Applewood Cres, Ste 2",Concord,Ontario,L4K 4E5,905-738-4994,2022-02-25,,,2023-10-12 10:25:20,'2023-10-30 12:42:37'),builder,builder,1,0,0,0,0,0,0,0,0
232,Canvas Developments,"100 Strada Dr, Unit 1",Vaughan,Ontario,L4L 5V7,905-264-8001,2022-02-25,canvasdevelopments.ca,,2023-12-02 13:17:14,'2023-10-30 12:42:37'),builder,builder,1,0,0,0,0,0,0,0,0
240,Damis Properties Inc,"77 King St W, Ste 3000",Toronto,Ontario,M5K 1G8,,2022-02-23,,,2023-10-12 10:25:20,'2023-10-30 12:42:37'),builder,builder,1,0,0,0,0,0,0,0,0
244,Symington Properties Development Ltd,46 LePage Ct,Toronto,Ontario,M3J 1Z9,416-638-8880,2022-02-22,,,2023-10-12 10:25:20,'2023-10-30 12:42:37'),builder,builder,1,0,0,0,0,0,0,0,0
251,Vicano Developments Ltd,225 Paris Rd,Brantford,Ontario,N3R 1J2,519-759-4120,2022-02-22,vicano.com,,2023-12-02 13:17:18,'2023-10-30 12:42:37'),builder,builder,1,0,0,0,0,0,0,0,0
253,Kennedy Towers Development Inc,1810 Midland Ave,Toronto,Ontario,M1P 3C2,,2022-02-18,,,2023-10-12 10:25:20,'2023-10-30 12:42:37'),builder,builder,1,0,0,0,0,0,0,0,0
257,Context Developments Inc,"229 Yonge St, Ste 500",Toronto,Ontario,M5B 1N9,416-863-0202,2022-02-17,paragon-cc.co.uk,,2023-12-02 13:41:16,'2023-10-30 12:42:37'),builder,builder,1,0,0,0,0,0,0,0,0
258,West Star Properties Ltd,10 North Queen St,,,M8Z 2C4,,2022-02-17,weststarproperty.com,,2023-12-02 13:17:20,'2023-10-30 12:42:37'),builder,builder,1,0,0,0,0,0,0,0,0
260,Graham Bros Construction Ltd,297 Rutherford Rd S,Brampton,Ontario,L6W 3J8,905-453-1200,2022-02-17,grahambros.com,,2023-12-02 13:17:21,'2023-10-30 12:42:37'),builder,builder,1,0,0,0,0,0,0,0,0
265,Devron Developments,"31 Scarsdale Rd, Unit 5",Toronto,Ontario,M3B 2R2,416-471-3706,2022-02-16,devron.com,,2023-12-02 13:17:23,'2023-10-30 12:42:37'),builder,builder,1,0,0,0,0,0,0,0,0
278,Lanarose Developments Ltd,"220 Duncan Mill Rd, Ste 315",North York,Ontario,M3B 3J5,,2022-02-14,lakesidelandingwellington.ca,,2023-12-02 13:33:57,'2023-10-30 12:42:37'),builder,builder,1,0,0,0,0,0,0,0,0
279,Latch Developments,"2 Bloor St W, Ste 700",Toronto,Ontario,M4W 3E2,416-323-6896,2022-02-14,,,2023-10-12 10:25:20,'2023-10-30 12:42:37'),builder,builder,1,0,0,0,0,0,0,0,0
282,S &amp; L Realty Ltd,19 Ing Ct,,,L4G 0K5,,2022-02-14,,,2023-10-12 10:25:20,'2023-10-30 12:42:37'),builder,builder,1,0,0,0,0,0,0,0,0
283,Menkes Developments Ltd,"4711 Yonge St, Ste 1400",Toronto,Ontario,M2N 7E4,416-491-2222,2022-02-14,menkes.com,,2023-12-02 13:10:57,'2023-10-30 12:42:37'),builder,builder,1,0,0,0,0,0,0,0,0
288,Oakville Centre Medical Realty Ltd,"1344 Cornwall Dr, Ste 100",Oakville,Ontario,L6J 7W5,,2022-02-10,,,2023-10-12 10:25:20,'2023-10-30 12:42:37'),builder,builder,1,0,0,0,0,0,0,0,0
292,Eastgate Developments Ltd,"14012 Leslie St, 2nd Flr",Aurora,Ontario,L4G 7C2,905-640-7361,2022-02-08,,,2023-10-12 10:25:20,'2023-10-30 12:42:37'),builder,builder,1,0,0,0,0,0,0,0,0
293,Amplified Developments Ltd,42 Marydon Cres,Scarborough,Ontario,M1S 2H1,,2022-02-08,scarboroughcc.com,,2023-12-09 16:45:36,'2023-10-30 12:42:37'),builder,builder,1,0,0,0,0,0,0,0,0
297,Atria Development,"6 Carlaw Ave, Ste 200",Toronto,Ontario,M4M 2R5,416-466-2144,2022-02-04,atria.ca,,2023-12-02 13:16:41,'2023-10-30 12:42:37'),builder,builder,1,0,0,0,0,0,0,0,0
311,Freed Grand Park 3 Development Inc,"552 Wellington St W, Ste 1500",Toronto,Ontario,M5V 2V5,416-781-5699,2022-02-01,,,2023-10-12 10:25:21,'2023-10-30 12:42:37'),builder,builder,1,0,0,0,0,0,0,0,0
313,Trans County Development Corp Ltd,"970 Lawrence Ave W, Ste 204",,,M6A 3B6,,2022-02-01,,,2023-10-12 10:25:21,'2023-10-30 12:42:37'),builder,builder,1,0,0,0,0,0,0,0,0
315,Leedale Construction Ltd,"970 Lawrence Ave W, Ste 204",,,M6A 3B6,,2022-02-01,,,2023-10-12 10:25:21,'2023-10-30 12:42:37'),builder,builder,1,0,0,0,0,0,0,0,0
316,Trans County Development Corporation Ltd,"970 Lawrence Ave W, Ste 204",,,M6A 3B6,,2022-02-01,,,2023-10-12 10:25:21,'2023-10-30 12:42:37'),builder,builder,1,0,0,0,0,0,0,0,0
326,Ironclad Developments Eagleson Inc,"57158 Symington Road 20E, Ste 101",Springfield,Manitoba,R2J 4L6,204-777-1972,2023-02-27,,,2023-10-12 10:25:21,'2023-10-30 12:42:37'),builder,builder,1,0,0,0,0,0,0,0,0
328,River Mill Development Corp,"2000 Garth St, Ste 201",,,L9B 0C1,,2023-02-24,,,2023-10-12 10:25:21,'2023-10-30 12:42:37'),builder,builder,1,0,0,0,0,0,0,0,0
337,Stan Klemecic Builder Ltd,499 Dundas St W,,,K8V 6C4,,2023-02-09,,,2023-10-12 10:25:21,'2023-10-30 12:42:37'),builder,builder,1,0,0,0,0,0,0,0,0
338,Bedford Properties and Estates Ltd,"30 Eglinton Ave W, Unit 14",Mississauga,Ontario,L4R 0C1,647-537-9209,2023-02-09,,,2023-10-12 10:25:21,'2023-10-30 12:42:37'),builder,builder,1,0,0,0,0,0,0,0,0
343,Reserve Properties Ltd,"110 Eglinton Ave E, Ste 500",Toronto,Ontario,M4P 2Y1,416-440-2904,2023-02-07,,,2023-10-12 10:25:21,'2023-10-30 12:42:37'),builder,builder,1,0,0,0,0,0,0,0,0
351,GWL Realty Advisors Inc,"330 University Ave, Ste 300",Toronto,Ontario,M5G 1R8,416-552-5959,2013-10-15,gwlrealtyadvisors.com,,2023-12-02 13:26:16,'2023-10-30 12:42:37'),builder,builder,1,0,0,0,0,0,0,0,0
362,Apotex Realty Inc,150 Signet Dr,,,M9L 1T9,,2022-01-28,,,2023-10-12 10:25:21,'2023-10-30 12:42:37'),builder,builder,1,0,0,0,0,0,0,0,0
363,Signet Development Corp,150 Signet Dr,North York,Ontario,M9L 1T9,,2022-01-28,,,2023-10-12 10:25:21,'2023-10-30 12:42:37'),builder,builder,1,0,0,0,0,0,0,0,0
367,Dunbloor Developments Inc,"1190 Hornby St, 8th Flr",Vancouver,BC,V6Z 2K5,647-789-2050,2022-01-27,concertproperties.com,,2023-12-09 16:46:29,'2023-10-30 12:42:37'),builder,builder,1,0,0,0,0,0,0,0,0
368,New-Can Realty Ltd,"305 Industrial Pkwy S, Unit 5",,,L4G 6X7,,2022-01-27,newcalrealty.com,,2024-04-16 14:48:57,'2023-10-30 12:42:37'),builder,builder,1,0,0,0,0,0,0,0,0
370,Hopewell Development Group,"2020 4th St SW, Ste 410",Calgary,Alberta,T2S 1W3,403-232-8821,2022-01-27,,,2023-10-12 10:25:21,'2023-10-30 12:42:37'),builder,builder,1,0,0,0,0,0,0,0,0
387,Q Residential,"161 Bay St, Ste 2100",Toronto,Ontario,M5J 2S1,416-682-9039,2022-01-24,,,2023-10-12 10:25:21,'2023-10-30 12:42:37'),builder,builder,1,0,0,0,0,0,0,0,0
388,Tonon Properties Inc,18 Bruno Ridge Dr,,,L7E 0B7,,2022-01-21,,,2023-10-12 10:25:21,'2023-10-30 12:42:37'),builder,builder,1,0,0,0,0,0,0,0,0
394,PM Properties Inc,56 Brockport Dr,,,M9W 5N1,,2022-01-20,,,2023-10-12 10:25:21,'2023-10-30 12:42:37'),builder,builder,1,0,0,0,0,0,0,0,0
397,Berkshire Axis Development,"75 Scarsdale Rd, Ste 201",Toronto,Ontario,M3B 2R2,416-485-7860,2022-01-20,,,2023-10-12 10:25:21,'2023-10-30 12:42:37'),builder,builder,1,0,0,0,0,0,0,0,0
417,YorkRegionRealty.Com Ltd,29 Bolton Ave,,,L3Y 2X3,,2022-01-14,,,2023-10-12 10:25:21,'2023-10-30 12:42:37'),builder,builder,1,0,0,0,0,0,0,0,0
435,Branthaven Homes,720 Oval Court,Burlington,Ontario,L7L 6A9,905-333-8364,2023-01-26,branthaven.com,,2023-12-02 13:12:34,'2023-10-30 12:42:37'),builder,builder,1,0,0,0,0,0,0,0,0
443,MSS Properties Ltd,40 Burlwood Rd,Brampton,Ontario,L6P 4E9,905-495-3372,2023-01-24,,,2023-10-12 10:25:21,'2023-10-30 12:42:37'),builder,builder,1,0,0,0,0,0,0,0,0
445,LCH Developments,2229 Kingston Rd,Toronto,Ontario,M1N 1T8,647-478-7987,2023-01-23,,,2023-10-12 10:25:21,'2023-10-30 12:42:37'),builder,builder,1,0,0,0,0,0,0,0,0
448,Berkshire Axis Development,,Toronto,Ontario,M3R 2R2,416-485-7860,2023-01-20,,,2023-10-12 10:25:21,'2023-10-30 12:42:37'),builder,builder,1,0,0,0,0,0,0,0,0
457,Triple Net Realty Inc,"4 Abacus Rd, Unit 3",Brampton,Ontario,L6T 5J6,905-915-9100,2023-01-10,,,2023-10-12 10:25:21,'2023-10-30 12:42:37'),builder,builder,1,0,0,0,0,0,0,0,0
459,Geranium Homes Corp,"3190 Steeles Ave E, Ste 300",Markham,Ontario,L3R 1G9,905-477-1177,2023-01-10,,,2023-10-12 10:25:21,'2023-10-30 12:42:37'),builder,builder,1,0,0,0,0,0,0,0,0
462,Banwell Property Inc,3555 Whiteside Dr,,,N9E 4P5,,2023-01-06,,,2023-10-12 10:25:21,'2023-10-30 12:42:37'),builder,builder,1,0,0,0,0,0,0,0,0
464,General Electric Canada Property Inc,"1919 Minnesota Ct, Ste 100",,,L5N 0C9,,2023-01-03,ge.com,,2023-12-09 16:46:36,'2023-10-30 12:42:37'),builder,builder,1,0,0,0,0,0,0,0,0
471,Kingridge Developments,"1660 North Service Rd E, Ste 109B",Oakville,Ontario,L6H 7G3,416-277-7466,2022-07-29,kingridgedevelopments.ca,,2023-12-02 13:12:46,'2023-10-30 12:42:37'),builder,builder,1,0,0,0,0,0,0,0,0
486,Golden Mile Construction Company Ltd,2 Tetbury Cres,,,M3A 3G3,,2022-07-27,,,2023-10-12 10:25:21,'2023-10-30 12:42:37'),builder,builder,1,0,0,0,0,0,0,0,0
487,Treasure Hill Homes,"1681 Langstaff Rd, Unit 1",Vaughan,Ontario,L4K 5T3,416-987-5500,2022-07-27,,,2023-10-12 10:25:21,'2023-10-30 12:42:37'),builder,builder,1,0,0,0,0,0,0,0,0
498,Windmill Development Group,"150 Elgin St, Ste 1000",Ottawa,Ontario,K2P 1L4,613-820-5600,2022-07-21,bing.com,,2023-12-02 13:20:04,'2023-10-30 12:42:37'),builder,builder,1,0,0,0,0,0,0,0,0
500,Townwood Homes Inc,"1 Bradwick Dr, Ste 1",Concord,Ontario,L4K 2T4,905-669-1615,2022-07-20,,,2023-10-12 10:25:21,'2023-10-30 12:42:37'),builder,builder,1,0,0,0,0,0,0,0,0
504,Ikea Properties Ltd,1065 Plains Rd E,Burlington,Ontario,L7T 4K1,,2022-07-18,,,2023-10-12 10:25:21,'2023-10-30 12:42:37'),builder,builder,1,0,0,0,0,0,0,0,0
507,Brookfield Residential (Ontario) Ltd,"3381 Steeles Ave E, Ste 100",Toronto,Ontario,M2H 3S7,905-477-5111,2022-07-15,brookfieldresidential.com,,2023-12-02 13:19:07,'2023-10-30 12:42:37'),builder,builder,1,0,0,0,0,0,0,0,0
511,Metropia (Notion Road) Development Inc,"2300 Yonge St, Ste 807",Toronto,Ontario,M4P 1E4,416-486-4242,2022-07-15,,,2023-10-12 10:25:21,'2023-10-30 12:42:37'),builder,builder,1,0,0,0,0,0,0,0,0
514,Your Home Developments,4965 Steeles Ave W,Toronto,Ontario,M9L 1R4,416-745-6686,2022-07-13,,,2023-10-12 10:25:21,'2023-10-30 12:42:37'),builder,builder,1,0,0,0,0,0,0,0,0
516,Chestnut Hill Homes,"150 Ferrand Dr, Ste 801",North York,Ontario,M3C 3E5,416-499-9995,2022-07-13,chestnuthillhomes.ca,,2023-12-02 14:00:38,'2023-10-30 12:42:37'),builder,builder,1,0,0,0,0,0,0,0,0
524,RKE Properties Inc,1338 Tuscany Oaks Dr,LaSalle,Ontario,N9J 0B6,,2022-07-08,,,2023-10-12 10:25:21,'2023-10-30 12:42:37'),builder,builder,1,0,0,0,0,0,0,0,0
527,Centennial Homes (Niagara) Inc,353 Townline Rd,Niagara-on-the-Lake,ON,L0S 1J0,905-708-0123,2022-07-05,centennialhomes.com,,2023-12-02 13:10:29,'2023-10-30 12:42:37'),builder,builder,1,0,0,0,0,0,0,0,0
533,Sifton Properties Ltd,"1295 Riverbend Rd, Ste 300",London,Ontario,N6K 0G2,519-434-1000,2022-07-04,sifton.com,,2023-12-09 16:45:47,'2023-10-30 12:42:37'),builder,builder,1,0,0,0,0,0,0,0,0
538,Tri-Os Properties Alcona Inc,"359 Kent St, Ste 400",,,K2P 0R6,,2023-07-25,,,2023-10-12 10:25:21,'2023-10-30 12:42:37'),builder,builder,1,0,0,0,0,0,0,0,0
539,Trinity Development Group,"77 Bloor St W, Ste 1601",Toronto,Ontario,M5S 1M2,416-255-8800,2023-07-25,trinitygroup.com,,2023-12-09 16:47:55,'2023-10-30 12:42:37'),builder,builder,1,0,0,0,0,0,0,0,0
545,Solmar Development Corp,122 Romina Dr,Concord,Ontario,L4K 4Z7,905-660-9222,2022-06-30,,,2023-10-12 10:25:21,'2023-10-30 12:42:37'),builder,builder,1,0,0,0,0,0,0,0,0
554,Broccolini Construction Inc,"16766 route Transcanadienne, Ste 500",Kirkland,Quebec,H9H 4M7,514-737-0076,2022-06-30,broccolini.com,,2023-12-09 16:45:58,'2023-10-30 12:42:37'),builder,builder,1,0,0,0,0,0,0,0,0
557,1500 Creditstone Road Realty Inc,2161 Thurston Dr,,,K1G 6C9,,2022-06-29,,,2023-10-12 10:25:21,'2023-10-30 12:42:37'),builder,builder,1,0,0,0,0,0,0,0,0
562,Country Wide Homes (Bayview) Inc,1500 Highway 7,Concord,Ontario,L4K 5Y4,905-907-1500,2022-06-28,countrywidehomes.ca,,2023-12-02 13:56:58,'2023-10-30 12:42:37'),builder,builder,1,0,0,0,0,0,0,0,0
574,Blue Avenue Developments Inc,"2578 Bristol Circle, Unit 5",Oakville,Ontario,L6H 6Z7,,2022-06-10,,,2023-10-12 10:25:21,'2023-10-30 12:42:37'),builder,builder,1,0,0,0,0,0,0,0,0
578,Menkes Developments Ltd,"4711 Yonge St, Ste 1400",Toronto,Ontario,M4N 7E4,416-491-2222,2022-06-09,,,2023-10-12 10:25:21,'2023-10-30 12:42:37'),builder,builder,1,0,0,0,0,0,0,0,0
580,Caliber Homes Inc,"51 Roysun Rd, Unit 8",Woodbridge,Ontario,L4L 8P9,905-264-0100,2022-06-08,,,2023-10-12 10:25:21,'2023-10-30 12:42:37'),builder,builder,1,0,0,0,0,0,0,0,0
584,Kaneff Properties Ltd,"8501 Mississauga Rd, Ste 200",Brampton,Ontario,L6Y 5G8,905-454-0221,2022-06-06,kaneff.com,,2023-12-02 13:09:58,'2023-10-30 12:42:37'),builder,builder,1,0,0,0,0,0,0,0,0
585,Caledon Development General Partner Ltd,137 Bowes Rd,,,L4K 1H3,,2022-06-02,,,2023-10-12 10:25:21,'2023-10-30 12:42:37'),builder,builder,1,0,0,0,0,0,0,0,0
596,Fernbrook Homes (Bronte Green 76) Ltd,"2220 Highway 7 W, Unit 5",Concord,Ontario,L4K 1W7,416-667-0447,2023-06-29,,,2023-10-12 10:25:21,'2023-10-30 12:42:37'),builder,builder,1,0,0,0,0,0,0,0,0
598,Schlegel Urban Developments Corp,"325 Max Becker Dr, Ste 201",Kitchener,Ontario,K2E 4H5,519-571-1873,2023-06-29,rbjschlegel.com,,2023-12-09 16:48:05,'2023-10-30 12:42:37'),builder,builder,1,0,0,0,0,0,0,0,0
603,Armdale Estates Developments Ltd,361 Four Valley Dr,,,L4K 5A3,,2023-06-16,,,2023-10-12 10:25:22,'2023-10-30 12:42:37'),builder,builder,1,0,0,0,0,0,0,0,0
604,Edenshaw Enfield Developments Ltd,"129 Lakeshore Rd E, Ste 201",Mississauga,Ontario,L5G 1E5,905-990-3500,2023-06-16,,,2023-10-12 10:25:22,'2023-10-30 12:42:37'),builder,builder,1,0,0,0,0,0,0,0,0
608,Karalee Developments Ltd,,Guelph,Ontario,N1H 6M6,,2023-06-08,,,2023-10-12 10:25:22,'2023-10-30 12:42:37'),builder,builder,1,0,0,0,0,0,0,0,0
609,Puslinch Development GP Inc,23 Grange St,Guelph,Ontario,N1E 2T6,,2023-06-08,,,2023-10-12 10:25:22,'2023-10-30 12:42:37'),builder,builder,1,0,0,0,0,0,0,0,0
611,Fieldgate Developments Ltd,"5400 Yonge St, 5th Flr",Toronto,Ontario,M2N 5R5,416-227-2220,2023-06-01,kingston.com,,2024-04-16 14:48:48,'2023-10-30 12:42:37'),builder,builder,1,0,0,0,0,0,0,0,0
612,Lesso Mall Development (Toronto) Ltd,5 Freshway Dr,,,L4K 1S1,,2023-06-01,,,2023-10-12 10:25:22,'2023-10-30 12:42:37'),builder,builder,1,0,0,0,0,0,0,0,0
613,Jim Pattison Developments Ltd,"879 Marine Dr, Ste 200",North Vancouver,BC,V7P 1R7,,2023-06-01,jimpattison.com,,2023-12-02 13:15:58,'2023-10-30 12:42:37'),builder,builder,1,0,0,0,0,0,0,0,0
615,Choice Properties,"22 St Clair Ave E, Ste 700",Toronto,Ontario,M4T 2S5,416-628-7771,2022-03-31,choiceproperties.co.uk,,2023-12-02 13:16:07,'2023-10-30 12:42:37'),builder,builder,1,0,0,0,0,0,0,0,0
616,Allied Properties,"134 Peter St, Ste 1700",Toronto,Ontario,M4V 2H2,416-977-9002,2022-03-31,,,2023-10-12 10:25:22,'2023-10-30 12:42:37'),builder,builder,1,0,0,0,0,0,0,0,0
621,CountryWide Homes,1500 Highway 7,Vaughan,Ontario,L4K 5Y4,905-907-1500,2022-03-31,,,2023-10-12 10:25:22,'2023-10-30 12:42:37'),builder,builder,1,0,0,0,0,0,0,0,0
628,Lankor Horizons Development Inc,423 Pelissier St,Windsor,Ontario,N9A 4L2,,2022-03-31,,,2023-10-12 10:25:22,'2023-10-30 12:42:37'),builder,builder,1,0,0,0,0,0,0,0,0
636,Pocrnic Realty Advisors,34 Hess St S,Hamilton,Ontario,L8P 3N1,905-522-7936,2022-03-29,,,2023-10-12 10:25:22,'2023-10-30 12:42:37'),builder,builder,1,0,0,0,0,0,0,0,0
637,Aspen Ridge Homes,29 Floral Pkwy,Concord,Ontario,L4K 4R1,905-669-9292,2022-03-28,aspenridgehomes.com,,2023-12-02 13:16:42,'2023-10-30 12:42:37'),builder,builder,1,0,0,0,0,0,0,0,0
643,AKSM Properties Inc,"4433 Sheppard Ave E, Ste 207",,,M1S 1V3,,2022-03-25,,,2023-10-12 10:25:22,'2023-10-30 12:42:37'),builder,builder,1,0,0,0,0,0,0,0,0
656,KS Bayshore Development Inc,"40 King St W, Ste 3700",Toronto,Ontario,M5H 3Y2,,2022-03-23,kingsettcapital.com,,2023-12-09 16:45:40,'2023-10-30 12:42:37'),builder,builder,1,0,0,0,0,0,0,0,0
662,TWTH Development Inc,"3447 Kennedy Rd, Ste 221",Toronto,Ontario,M1V 3S1,,2022-03-21,,,2023-10-12 10:25:22,'2023-10-30 12:42:37'),builder,builder,1,0,0,0,0,0,0,0,0
672,Trinity Urban Properties Inc,"359 Kent St, Ste 400",Ottawa,Ontario,K2P 0R6,613-565-5864,2022-03-14,,,2023-10-12 10:25:22,'2023-10-30 12:42:37'),builder,builder,1,0,0,0,0,0,0,0,0
685,Atria Development,,Toronto,Ontario,M4M 2R5,416-466-2144,2022-03-09,,,2023-10-12 10:25:22,'2023-10-30 12:42:37'),builder,builder,1,0,0,0,0,0,0,0,0
692,DCMS Realty (Burlington) Inc,"5290 Yonge St, Ste 200",Toronto,Ontario,M2N 5P9,,2022-03-08,,,2023-10-12 10:25:22,'2023-10-30 12:42:37'),builder,builder,1,0,0,0,0,0,0,0,0
694,Lucchetta Homes,402 Rice Rd,Welland,Ontario,L3C 2V8,905-732-2658,2022-03-04,lucchettahomes.com,,2023-12-02 13:16:13,'2023-10-30 12:42:37'),builder,builder,1,0,0,0,0,0,0,0,0
706,Rathcliffe Properties,"1020 Lawrence Ave W, Ste 300",London,Ontario,M6A 1C8,416-787-1135,2022-03-01,,,2023-10-12 10:25:22,'2023-10-30 12:42:37'),builder,builder,1,0,0,0,0,0,0,0,0
710,Golden Falcon Homes,"1 Valleybrook Dr, Ste 303",Toronto,Ontario,M3B 2S7,647-748-4044,2022-03-01,,,2023-10-12 10:25:22,'2023-10-30 12:42:37'),builder,builder,1,0,0,0,0,0,0,0,0
720,177 Cross Argus Development Inc,"3190 Harvester Rd, Ste 201A",Burlington,Ontario,L7N 3T1,,2023-03-15,church-development.com,,2024-04-16 14:48:52,'2023-10-30 12:42:37'),builder,builder,1,0,0,0,0,0,0,0,0
721,Aecon Construction Group Inc,"20 Carlson Ct, Ste 105",Toronto,Ontario,M9W 7K6,416-297-2600,2023-03-15,aecon.com,,2023-12-02 13:14:17,'2023-10-30 12:42:37'),builder,builder,1,0,0,0,0,0,0,0,0
722,Grascan Construction Ltd,61 Steinway Blvd,Toronto,Ontario,M9W 6H6,416-644-8858,2023-03-15,grascan.com,,2023-12-09 16:45:20,'2023-10-30 12:42:37'),builder,builder,1,0,0,0,0,0,0,0,0
723,Atlas Development Ltd,85 Boxwood Cres,,,L3S 3V1,,2023-03-15,,,2023-10-12 10:25:22,'2023-10-30 12:42:37'),builder,builder,1,0,0,0,0,0,0,0,0
724,Suncity Development,"825 Passmore Ave, Ste 201",Scarborough,Ontario,M1X 1C8,416-754-0909,2023-03-15,,,2023-10-12 10:25:22,'2023-10-30 12:42:37'),builder,builder,1,0,0,0,0,0,0,0,0
731,Strategic Growth Realty Group Inc,6593 January Dr,Niagara Falls,Ontario,L2J 4J4,,2023-03-09,,,2023-10-12 10:25:22,'2023-10-30 12:42:37'),builder,builder,1,0,0,0,0,0,0,0,0
732,Lakeview Homes,200 Bridgeland Ave,Toronto,Ontario,M6A 1Z4,416-785-8172,2023-03-09,,,2023-10-12 10:25:22,'2023-10-30 12:42:37'),builder,builder,1,0,0,0,0,0,0,0,0
738,K Lepage (One) Developments Inc,"10 Queen Elizabeth Blvd, Unit 2",,,M8Z 1L8,,2023-03-06,,,2023-10-12 10:25:22,'2023-10-30 12:42:37'),builder,builder,1,0,0,0,0,0,0,0,0
742,Fernbrook Homes (McLaughlin One) Ltd,"2220 Highway 7 W, Unit 5",Concord,Ontario,L4K 1W7more info: mi.pdf,416-667-0447,2022-05-31,,,2023-10-12 10:25:22,'2023-10-30 12:42:37'),builder,builder,1,0,0,0,0,0,0,0,0
746,LC Burlington Realty Corp,1921 Snake Rd,Burlington,Ontario,L7P 4Y2,,2022-05-31,,,2023-10-12 10:25:22,'2023-10-30 12:42:37'),builder,builder,1,0,0,0,0,0,0,0,0
752,Perimeter Development Corp,38803 Ontario Ltd&amp;nbsp; &amp;nbsp; &amp;nbsp;519-745-3800,Kitchener,Ontario,N2G 1A7,519-745-3800,2022-05-27,,,2023-10-12 10:25:22,'2023-10-30 12:42:37'),builder,builder,1,0,0,0,0,0,0,0,0
753,Lindvest Developments,"3625 Dufferin St, Ste 200",Toronto,Ontario,M3K 1Z2,416-635-7575,2022-05-27,,,2023-10-12 10:25:22,'2023-10-30 12:42:37'),builder,builder,1,0,0,0,0,0,0,0,0
756,Granite Property Nominee Inc,"77 King St W, Ste 4010",Toronto,Ontario,M5K 1H1,647-925-7500,2022-05-26,,,2023-10-12 10:25:22,'2023-10-30 12:42:37'),builder,builder,1,0,0,0,0,0,0,0,0
760,Dunloe Developments Inc,"1858 Avenue Rd, Ste 300",,,M5M 3Z5,,2022-05-25,,,2023-10-12 10:25:22,'2023-10-30 12:42:37'),builder,builder,1,0,0,0,0,0,0,0,0
761,Marz Homes (Smithville West) Inc,"825 North Service Rd, Ste 200",Stoney Creek,Ontario,L8E 0J7,905-662-3039,2022-05-25,marzhomes.com,,2023-12-02 13:54:58,'2023-10-30 12:42:37'),builder,builder,1,0,0,0,0,0,0,0,0
763,Paradise Developments,1 Heron&#039;s Hill Way,Toronto,Ontario,M2J 0G2,416-756-1972,2022-05-25,paradisedevelopments.com,,2023-12-02 13:16:43,'2023-10-30 12:42:37'),builder,builder,1,0,0,0,0,0,0,0,0
772,Stateview Homes (NAO Towns II) Inc,"410 Chrislea Rd, Unit 16",Woodbridge,Ontario,L4L 8B5,905-851-1849,2022-05-20,,,2023-10-12 10:25:22,'2023-10-30 12:42:37'),builder,builder,1,0,0,0,0,0,0,0,0
773,Weycliffe International Development Inc,197 Duncan Rd,,,L4C 6J6,,2022-05-20,,,2023-10-12 10:25:22,'2023-10-30 12:42:37'),builder,builder,1,0,0,0,0,0,0,0,0
776,QD Development Group Ltd,6495 Huron Church Line,,,N9A 6Z6,,2022-05-19,,,2023-10-12 10:25:22,'2023-10-30 12:42:37'),builder,builder,1,0,0,0,0,0,0,0,0
777,Rock Developments,"19 Amy Croft Dr, Unit 201",Windsor,Ontario,N9K 1C7,519-739-3900,2022-05-19,rockdevelopments.ca,,2023-12-02 13:33:35,'2023-10-30 12:42:37'),builder,builder,1,0,0,0,0,0,0,0,0
780,Vicano Developments Ltd,225 Paris Rd,Brantford,Ontario,N3R 1J2,519-759-4120,2022-05-18,,,2023-10-12 10:25:22,'2023-10-30 12:42:37'),builder,builder,1,0,0,0,0,0,0,0,0
794,Graywood Developments Ltd,200 King St W,Toronto,Ontario,M5H 3T4,416-599-1930,2022-05-16,,,2023-10-12 10:25:22,'2023-10-30 12:42:37'),builder,builder,1,0,0,0,0,0,0,0,0
796,Halmont Properties Corp,"51 Yonge St, Ste 400",Toronto,Ontario,M5E 1J1,416-956-5140,2022-05-16,,,2023-10-12 10:25:22,'2023-10-30 12:42:37'),builder,builder,1,0,0,0,0,0,0,0,0
809,SRS Realty Group Inc,,,,M1R 4Z5,,2022-05-11,,,2023-10-12 10:25:22,'2023-10-30 12:42:37'),builder,builder,1,0,0,0,0,0,0,0,0
815,Rockett Realty Ltd,,,,,,2022-05-06,,,2023-10-12 10:25:22,'2023-10-30 12:42:37'),builder,builder,1,0,0,0,0,0,0,0,0
852,Ibrans Developments Ltd,4 Honour Oak Cres,Brampton,Ontario,L6Y 2Y4,289-752-4963,2022-10-31,,,2023-10-12 10:25:23,'2023-10-30 12:42:37'),builder,builder,1,0,0,0,0,0,0,0,0
854,Centurion Homes (Sunnidale 2021) Ltd,"750 Millway Ave, Unit 6",Concord,Ontario,L4K 3T7more info: mi.pdf,647-478-9050,2022-10-31,,,2023-10-12 10:25:23,'2023-10-30 12:42:37'),builder,builder,1,0,0,0,0,0,0,0,0
860,Seven 427 Developments Inc,3200 Highway 7,,,L4K 5Z5,,2022-10-06,,,2023-10-12 10:25:23,'2023-10-30 12:42:37'),builder,builder,1,0,0,0,0,0,0,0,0
869,Queblo Properties Inc,21 King Georges Rd,,,M8X 1K9,,2022-10-04,,,2023-10-12 10:25:23,'2023-10-30 12:42:37'),builder,builder,1,0,0,0,0,0,0,0,0
875,Podium Development Corp,"3 Bridgman Ave, Unit 101",Toronto,Ontario,M5R 3V4,888-411-7685,2022-10-03,,,2023-10-12 10:25:23,'2023-10-30 12:42:37'),builder,builder,1,0,0,0,0,0,0,0,0
894,Building Industry and Land,"120 Adealide St W, Ste 2600",Toronto,Ontario,M5H 1T1,,2022-09-02,,,2023-10-12 10:25:23,'2023-10-30 12:42:37'),builder,builder,1,0,0,0,0,0,0,0,0
897,Concord Adex Development Corp,82 Queens Wharf Rd,Toronto,Ontario,M5V 0J2,416-813-0333,2022-09-01,,,2023-10-12 10:25:23,'2023-10-30 12:42:37'),builder,builder,1,0,0,0,0,0,0,0,0
900,York Development Group,"303 Richmond St, Ste 201",London,Ontario,N6B 2H8,519-433-7587,2022-09-01,,,2023-10-12 10:25:23,'2023-10-30 12:42:37'),builder,builder,1,0,0,0,0,0,0,0,0
903,Queenston Developments Inc,,,,L8W 3N2,,2022-09-01,,,2023-10-12 10:25:23,'2023-10-30 12:42:37'),builder,builder,1,0,0,0,0,0,0,0,0
908,Panattoni Development Co,"185 The West Mall, Ste 710",Toronto,Ontario,M9C 5L5,416-915-1970,2023-09-15,panattoni.com,,2023-12-09 16:45:20,'2023-10-30 12:42:37'),builder,builder,1,0,0,0,0,0,0,0,0
913,Loblaw Properties Ltd,1 Presidents Choice Circle,Brampton,Ontario,L6Y 5S5,905-459-2500,2023-09-12,loblaw.ca,,2023-12-09 16:45:53,'2023-10-30 12:42:37'),builder,builder,1,0,0,0,0,0,0,0,0
914,City Park (Hwy 27) Homes Inc,950 Nashville Rd,Kleinburg,Ontario,L0J 1C0,905-552-5200,2023-09-12,,,2023-10-12 10:25:23,'2023-10-30 12:42:37'),builder,builder,1,0,0,0,0,0,0,0,0
915,Bro-Ham Properties Inc,"184 Front St E, Ste 201",,,M5A 4N3,,2023-09-11,,,2023-10-12 10:25:23,'2023-10-30 12:42:37'),builder,builder,1,0,0,0,0,0,0,0,0
917,Jackson Heights Developments Inc,"311 George St N, Ste 200",,,K9J 3H3,,2023-09-07,,,2023-10-12 10:25:23,'2023-10-30 12:42:37'),builder,builder,1,0,0,0,0,0,0,0,0
918,Mason Homes,"70 Innovator Ave, Unit 1",Stouffville,Ontario,L4A 0Y2,905-640-6777,2023-09-07,bidonhomes.com,,2024-06-03 19:46:46,'2023-10-30 12:42:37'),builder,builder,1,0,0,0,0,0,0,0,0
921,Ayr Meadows Development Inc,"3410 South Service Rd, Ste 201",,,L7N 3T2,,2022-04-14,,,2023-10-12 10:27:06,'2023-10-30 12:42:37'),builder,builder,1,0,0,0,0,0,0,0,0
934,Fieldgate Properties,"5400 Yonge St, Ste 300",Toronto,Ontario,M2N 5R5,416-221-3335,2022-04-01,fieldgateproperties.com,,2023-12-02 13:13:20,'2023-10-30 12:42:37'),builder,builder,1,0,0,0,0,0,0,0,0
936,Julievale Developments Ltd,46 North Queen St,,,M8Z 2C4,,2022-04-13,,,2023-10-12 10:27:06,'2023-10-30 12:42:37'),builder,builder,1,0,0,0,0,0,0,0,0
940,Robertson Road Property Ltd,"1306 Wellington St, Ste 200",,,K1Y 3B2,,2022-04-08,,,2023-10-12 10:27:06,'2023-10-30 12:42:37'),builder,builder,1,0,0,0,0,0,0,0,0
943,Samra Realty Inc,13 Carmel Cres,Brampton,Ontario,L6P 1Y1,905-913-2267,2022-04-08,,,2023-10-12 10:27:06,'2023-10-30 12:42:37'),builder,builder,1,0,0,0,0,0,0,0,0
945,Liberty Development Corp,"1 Steelcase Rd W, Unit 8",Markham,Ontario,L3R 0T3,905-731-8687,2022-04-07,libertydevelopment.ca,,2023-12-02 13:12:39,'2023-10-30 12:42:37'),builder,builder,1,0,0,0,0,0,0,0,0
951,Triovest Realty Advisors,"40 University Ave, Ste 1200",Toronto,Ontario,M5J 1T1,416-362-0045,2022-04-01,,,2023-10-12 10:27:06,'2023-10-30 12:42:37'),builder,builder,1,0,0,0,0,0,0,0,0
952,Doman Developments Inc,1615 North Routledge Park,London,Ontario,N6H 5L6,519-657-4305,2022-04-01,,,2023-10-12 10:27:06,'2023-10-30 12:42:37'),builder,builder,1,0,0,0,0,0,0,0,0
953,Takawy Properties Ltd,5343 Drenkelly Ct,Mississauga,Ontario,L5M 2H8,905-286-9551,2022-04-01,,,2023-10-12 10:27:06,'2023-10-30 12:42:37'),builder,builder,1,0,0,0,0,0,0,0,0
956,Goderich Properties Ltd,5343 Drenkelly Ct,Mississauga,Ontario,L5M 2H8,905-286-9551,2022-04-01,,,2023-10-12 10:27:06,'2023-10-30 12:42:37'),builder,builder,1,0,0,0,0,0,0,0,0
974,Breymark Homes Fergus Ltd,"1315 Bishop St N, Ste 200",Cambridge,Ontario,N1R 6Z2,519-621-4505,2022-04-05,,,2023-10-12 10:27:06,'2023-10-30 12:42:37'),builder,builder,1,0,0,0,0,0,0,0,0
986,Triovest Realty Advisors,"40 University Ave, Ste 1200",Toronto,Ontario,M5J 1T1,416-362-0045,2022-08-04,,,2023-10-12 10:27:06,'2023-10-30 12:42:37'),builder,builder,1,0,0,0,0,0,0,0,0
991,Surekann Realty GP Inc,54 Fairmeadow Ave,Toronto,Ontario,M2P 1W7,,2022-08-02,,,2023-10-12 10:27:06,'2023-10-30 12:42:37'),builder,builder,1,0,0,0,0,0,0,0,0
998,Ballymore Homes,"12840 Yonge St, Ste 200",Richmond Hill,Ontario,L4E 4H1,905-773-1048,2022-08-02,ballymorehomes.com,,2023-12-02 13:14:13,'2023-10-30 12:42:37'),builder,builder,1,0,0,0,0,0,0,0,0
1018,Killam Properties SGP Ltd,"3700 Kempt Rd, Ste 100",Halifax,Nova Scotia,B3K 4X8,902-453-9000,2022-04-29,killamreit.com,,2023-12-02 13:16:45,'2023-10-30 12:42:37'),builder,builder,1,0,0,0,0,0,0,0,0
1019,The Commercial Realty Group,"49 Wellington St E, Ste 100",Toronto,Ontario,M5E 1C9,416-864-1800,2022-04-29,crg-realty.com,,2023-12-02 13:33:37,'2023-10-30 12:42:37'),builder,builder,1,0,0,0,0,0,0,0,0
1026,Elite Construction,"45 Rodinea Rd, Ste A",Maple,Ontario,L6A 1R3,905-660-1663,2022-04-29,eliteconstructionnc.com,,2023-12-02 13:33:37,'2023-10-30 12:42:37'),builder,builder,1,0,0,0,0,0,0,0,0
1030,Fernbrook Homes (OTMH) Ltd,"2220 Highway 7 W, Unit 5",Concord,Ontario,L4K 1W7,416-667-0447,2022-04-28,,,2023-10-12 10:27:10,'2023-10-30 12:42:37'),builder,builder,1,0,0,0,0,0,0,0,0
1033,Sunshine Care Development Inc,"3621 Highway 7 E, Ste 306",Markham,Ontario,L3R 0G6,905-305-8089,2022-04-27,,,2023-10-12 10:27:10,'2023-10-30 12:42:37'),builder,builder,1,0,0,0,0,0,0,0,0
1048,Bellray Developments Ltd,74 Parkview Cres,,,N7G 4A9,,2022-04-20,,,2023-10-12 10:27:10,'2023-10-30 12:42:37'),builder,builder,1,0,0,0,0,0,0,0,0
1050,Premium Properties 121 Commander Inc,"73 Railside Rd, Unit 8",Toronto,Ontario,M3A 1B2,416-483-3400,2022-04-19,,,2023-10-12 10:27:10,'2023-10-30 12:42:37'),builder,builder,1,0,0,0,0,0,0,0,0
1058,Yukon Construction Inc,"665 Millway Ave, Unit 61",Vaughan,Ontario,L7K 3T8,905-738-6110,2023-04-28,,,2023-10-12 10:27:13,'2023-10-30 12:42:37'),builder,builder,1,0,0,0,0,0,0,0,0
1065,Mountainview Building Group,"3340 Schmon Pkwy, Unit 1",Thorold,Ontario,L2V 4Y6,905-688-3100,2023-04-28,,,2023-10-12 10:27:13,'2023-10-30 12:42:37'),builder,builder,1,0,0,0,0,0,0,0,0
1093,Motis Properties Inc,4697 Christie Dr,Beamsville,Ontario,L3J 0T5,,2023-04-27,,,2023-10-12 10:27:13,'2023-10-30 12:42:37'),builder,builder,1,0,0,0,0,0,0,0,0
1099,Park View Homes,6750 Fourth Line Rd,North Gower,Ontario,K0A 2T0,613-489-3838,2023-04-27,parkviewhomes.ca,,2023-12-09 16:45:20,'2023-10-30 12:42:37'),builder,builder,1,0,0,0,0,0,0,0,0
1122,Tarjjez Property Solutions Inc,187 Devonsleigh Blvd,Richmond Hill,Ontario,L4S 1G4,,2023-04-24,,,2023-10-12 10:27:14,'2023-10-30 12:42:37'),builder,builder,1,0,0,0,0,0,0,0,0
1126,Berkshire Axis Development,,Toronto,Ontario,M3B 2R2,416-485-7860,2023-04-21,,,2023-10-12 10:27:14,'2023-10-30 12:42:37'),builder,builder,1,0,0,0,0,0,0,0,0
1130,PRP Paysepar Real Properties Inc,16 Petrolia Ct,Richmond Hill,Ontario,L4C 0C2,,2023-04-21,,,2023-10-12 10:27:14,'2023-10-30 12:42:37'),builder,builder,1,0,0,0,0,0,0,0,0
1148,Red Hill Properties Ltd,8 Albion Falls Blvd,Hamilton,Ontario,L8W 1R5,905-385-3485,2023-04-19,,,2023-10-12 10:27:14,'2023-10-30 12:42:37'),builder,builder,1,0,0,0,0,0,0,0,0
1157,Black Dog Properties Inc,117 George St,,,L6J 3B8,,2023-04-18,,,2023-10-12 10:27:14,'2023-10-30 12:42:37'),builder,builder,1,0,0,0,0,0,0,0,0
1180,Tomlinson Development Corp,100 Citigate Dr,Ottawa,Ontario,K2J 6K7,613-822-1867,2023-04-14,tomlinsongroup.com,,2023-12-02 13:28:44,'2023-10-30 12:42:37'),builder,builder,1,0,0,0,0,0,0,0,0
1182,Pandora Developments Ltd,221 Black Walnut Rd,St George,Ontario,N0E 1N0,,2023-04-13,,,2023-10-12 10:27:14,'2023-10-30 12:42:37'),builder,builder,1,0,0,0,0,0,0,0,0
1191,La Rosa Building Inc,105 Jeanne Dr,,,L4L 1X9,,2023-04-12,,,2023-10-12 10:27:14,'2023-10-30 12:42:37'),builder,builder,1,0,0,0,0,0,0,0,0
1208,Rivercrew Properties Inc,520 Riverview Dr,Listowel,Ontario,N4W 3R6,,2023-04-11,,,2023-10-12 10:27:14,'2023-10-30 12:42:37'),builder,builder,1,0,0,0,0,0,0,0,0
1213,Atria Development,"5000 Yonge St, Ste 1706",North York,Ontario,M2N 7E9,416-466-2144,2023-04-06,,,2023-10-12 10:27:14,'2023-10-30 12:42:37'),builder,builder,1,0,0,0,0,0,0,0,0
1232,BK1 Developments Ltd,314 Bay St,Thunder Bay,Ontario,P7B 1S1,,2023-04-04,,,2023-10-12 10:27:14,'2023-10-30 12:42:37'),builder,builder,1,0,0,0,0,0,0,0,0
1258,Schneider Property Group Inc,2 Paxman Rd,Toronto,Ontario,M9C 1B6,647-812-7936,2023-04-28,,,2023-10-12 10:27:16,'2023-10-30 12:42:37'),builder,builder,1,0,0,0,0,0,0,0,0
1260,Velar Developments Corp,240 O&#039;Connor Dr,Toronto,Ontario,M4J 2T4,,2023-04-28,,,2023-10-12 10:27:16,'2023-10-30 12:42:37'),builder,builder,1,0,0,0,0,0,0,0,0
1264,River Realty Development (1976) Inc,6265 Morrison St,Niagara Falls,Ontario,L2E 7H1,905-354-3853,2023-04-28,,,2023-10-12 10:27:16,'2023-10-30 12:42:37'),builder,builder,1,0,0,0,0,0,0,0,0
1285,Eldin Developments Ltd,3 Purley Cres,,,M1M 1E7,,2023-04-21,,,2023-10-12 10:27:16,'2023-10-30 12:42:37'),builder,builder,1,0,0,0,0,0,0,0,0
1287,Silver Leaf Rock Developments Inc,"19 Amy Croft Dr, Unit 201",,,N9K 1C7,,2023-04-19,,,2023-10-12 10:27:16,'2023-10-30 12:42:37'),builder,builder,1,0,0,0,0,0,0,0,0
1291,Zitia Developments Inc,"145 King St W, Ste 2200",Toronto,Ontario,M5H 4G2,,2023-04-18,,,2023-10-12 10:27:16,'2023-10-30 12:42:37'),builder,builder,1,0,0,0,0,0,0,0,0
1301,Heathwood Homes (Altamont) Ltd,"245 Yorkland Blvd, Ste 100",Toronto,Ontario,M2J 4W9,416-490-1400,2023-04-13,,,2023-10-12 10:27:16,'2023-10-30 12:42:37'),builder,builder,1,0,0,0,0,0,0,0,0
1314,Vandyk Properties (Thorny-Brae) Inc,1944 Fowler Dr,Mississauga,Ontario,L5K 0A1,905-823-4606,2023-04-11,,,2023-10-12 10:27:16,'2023-10-30 12:42:37'),builder,builder,1,0,0,0,0,0,0,0,0
1315,Kingridge Developments,"1660 North Service Rd E, Ste 109B",Oakville,Ontario,L6H 7G3,416-277-7466,2023-04-11,,,2023-10-12 10:27:16,'2023-10-30 12:42:37'),builder,builder,1,0,0,0,0,0,0,0,0
1316,Napev Construction Ltd,"1271 Walden Circle, Ste PH301",,,L5J 4R4,,2023-04-06,,,2023-10-12 10:27:16,'2023-10-30 12:42:37'),builder,builder,1,0,0,0,0,0,0,0,0
1317,The Construction of the,300 City Centre Dr,Mississauga,Ontario,L5B 3C1,905-615-4311,2023-04-06,,,2023-10-12 10:27:16,'2023-10-30 12:42:37'),builder,builder,1,0,0,0,0,0,0,0,0
1322,Whiteland Developers,"2211 McPhillips St, Ste 212",Winnipeg,Ontario,R2V 3M5more info: mi.pdf,800-857-1424,2023-04-04,,,2023-10-12 10:27:16,'2023-10-30 12:42:37'),builder,builder,1,0,0,0,0,0,0,0,0
1331,Fifth Avenue Homes (Newmarket) Inc,101B Roytec Rd,Woodbridge,Ontario,L4L 8A9,289-371-0291,2023-04-03,homes.com,,2024-04-16 14:48:39,'2023-10-30 12:42:37'),builder,builder,1,0,0,0,0,0,0,0,0
1338,Metropolitan Toronto Condominium,"5160 Explorer Dr, Ste 17",Mississauga,Ontario,L4W 4T7,,2023-04-28,,,2023-10-12 10:27:18,'2023-10-30 12:42:37'),builder,builder,1,0,0,0,0,0,0,0,0
1339,Lifetime Developments,"49 Jackes Ave, Ste 200",Toronto,Ontario,M4T 1E2,416-987-3344,2023-04-28,,,2023-10-12 10:27:18,'2023-10-30 12:42:37'),builder,builder,1,0,0,0,0,0,0,0,0
1344,Scottish Heather Development Inc,"351 King St E, Ste 1300",,,M5A 0L6,,2023-04-28,,,2023-10-12 10:27:18,'2023-10-30 12:42:37'),builder,builder,1,0,0,0,0,0,0,0,0
1351,"VV Demarco Properties, Ltd","40 King St W, 49th Flr",,,M5H 1H1,,2023-04-28,,,2023-10-12 10:27:18,'2023-10-30 12:42:37'),builder,builder,1,0,0,0,0,0,0,0,0
1354,Jonvic Realty Inc,31 Helen St,Thornhill,Ontario,L4J 1J6,905-597-5225,2023-04-28,,,2023-10-12 10:27:18,'2023-10-30 12:42:37'),builder,builder,1,0,0,0,0,0,0,0,0
1368,OPUS Homes,"331 Cityview Blvd, Ste 201",Vaughan,Ontario,L4H 3M3,905-832-2522,2023-04-25,opushomes.com,,2023-12-02 13:14:42,'2023-10-30 12:42:37'),builder,builder,1,0,0,0,0,0,0,0,0
1375,Akuna Properties Inc,"6581 Kitimat Rd, Unit 8",Mississauga,Ontario,L5N 3T5,877-692-5862,2023-04-19,,,2023-10-12 10:27:18,'2023-10-30 12:42:37'),builder,builder,1,0,0,0,0,0,0,0,0
1382,Greenpark Homes,8700 Dufferin St,Concord,Ontario,L4K 4S6,416-661-5329,2023-04-17,,,2023-10-12 10:27:18,'2023-10-30 12:42:37'),builder,builder,1,0,0,0,0,0,0,0,0
1387,First Bay Properties Inc,"311 Richmond Hill, Ste 203",Ottawa,Ontario,K1Z 6X3,613-454-8089,2023-04-17,,,2023-10-12 10:27:18,'2023-10-30 12:42:37'),builder,builder,1,0,0,0,0,0,0,0,0
1388,Aecon Construction and Materials Ltd,"20 Carlson Ct, Ste 105",Toronto,Ontario,M9W 7K6,416-297-2600,2023-04-14,,,2023-10-12 10:27:18,'2023-10-30 12:42:37'),builder,builder,1,0,0,0,0,0,0,0,0
1392,Old Orchard Properties Inc,609 Marlee Ave,,,M6B 3J6,,2023-04-14,,,2023-10-12 10:27:18,'2023-10-30 12:42:37'),builder,builder,1,0,0,0,0,0,0,0,0
1407,Metrus Developments,"30 Floral Pkwy, Ste 300",Concord,Ontario,L4K 4R1,905-669-9714,2023-04-11,metrusproperties.com,,2023-12-02 13:25:22,'2023-10-30 12:42:37'),builder,builder,1,0,0,0,0,0,0,0,0
1409,Auburn Developments,"560 Wellington St, 2nd Flr",London,Ontario,N6A 3R4more info: mi.pdf,519-434-1808,2023-04-11,viadevelopments.com,,2024-06-03 19:46:49,'2023-10-30 12:42:37'),builder,builder,1,0,0,0,0,0,0,0,0
1413,Spotlight Development,"550 Queen St E, Ste 200",Toronto,Ontario,M5A 1V2,905-695-9052,2023-04-05,spotlightdevelopment.com,,2023-12-09 16:45:19,'2023-10-30 12:42:37'),builder,builder,1,0,0,0,0,0,0,0,0
1414,Thames Developments (XI) Inc,105B Winges Rd,,,L4L 6C2,,2023-04-04,,,2023-10-12 10:27:18,'2023-10-30 12:42:37'),builder,builder,1,0,0,0,0,0,0,0,0
1417,Valecraft Homes (2019) Ltd,"1455 Youville Dr, Ste 210",Ottawa,Ontario,K1C 6Z7,613-837-1104,2023-04-04,,,2023-10-12 10:27:18,'2023-10-30 12:42:37'),builder,builder,1,0,0,0,0,0,0,0,0
1418,Findley Creek Development Inc,"200 rue Montcalm, Ste 400",,,J8Y 3B5,,2023-04-03,,,2023-10-12 10:27:19,'2023-10-30 12:42:37'),builder,builder,1,0,0,0,0,0,0,0,0
1419,Claridge Homes (4570 Hawthorne) Inc,"5050 Preston St, 2nd Flr",Ottawa,Ontario,K1S 4N7,613-233-6030,2023-04-03,,,2023-10-12 10:27:19,'2023-10-30 12:42:37'),builder,builder,1,0,0,0,0,0,0,0,0
1431,Brigil Construction Inc,98 Lois St,Gatineau,Quebec,J8Y 3R7,819-243-7392,2022-08-30,,,2023-10-12 10:27:21,'2023-10-30 12:42:37'),builder,builder,1,0,0,0,0,0,0,0,0
1442,Madison Properties,369 Rimrock Rd,Toronto,Ontario,M3J 3G2,416-661-4000,2022-08-26,,,2023-10-12 10:27:21,'2023-10-30 12:42:37'),builder,builder,1,0,0,0,0,0,0,0,0
1446,Enticor Properties Inc,1 Wilkinson Rd,Brampton,Ontario,L6T 4M6,,2022-08-24,,,2023-10-12 10:27:21,'2023-10-30 12:42:37'),builder,builder,1,0,0,0,0,0,0,0,0
1448,QuadReal Property Group Ltd,"199 Bay St, Ste 4900",Toronto,Ontario,M5X 1G2,416-673-7444,2022-08-24,,,2023-10-12 10:27:21,'2023-10-30 12:42:37'),builder,builder,1,0,0,0,0,0,0,0,0
1450,Homelife Landmark Realty Inc,"7240 Woodbine Ave, Ste 103",Markham,Ontario,L3R 1A4,905-305-1600,2022-08-24,,,2023-10-12 10:27:21,'2023-10-30 12:42:37'),builder,builder,1,0,0,0,0,0,0,0,0
1451,Claridge Homes,21 Gladstone Ave,Ottawa,Ontario,K2P 0Y6,613-233-6030,2022-08-24,,,2023-10-12 10:27:21,'2023-10-30 12:42:37'),builder,builder,1,0,0,0,0,0,0,0,0
1457,Mod-Aire Homes Ltd,,Bradford,Ontario,L3Z 2B5,905-775-4881,2022-08-22,,,2023-10-12 10:27:21,'2023-10-30 12:42:37'),builder,builder,1,0,0,0,0,0,0,0,0
1460,Vanmar Developments 417 King GP Corp,145 Goddard Cres,Cambridge,Ontario,N3E 0B1,519-740-6800,2022-08-19,,,2023-10-12 10:27:21,'2023-10-30 12:42:37'),builder,builder,1,0,0,0,0,0,0,0,0
1468,Adelaide Development Corp,"268 Royal York Rd, 2nd Flr",Toronto,Ontario,M8V 2V9,416-769-9900,2022-08-17,adelaidecorp.com,,2023-12-02 13:57:17,'2023-10-30 12:42:37'),builder,builder,1,0,0,0,0,0,0,0,0
1469,Tricap Properties,"8688 Woodbine Ave, Ste 100",Markham,Ontario,L3R 0B9,905-470-8777,2022-08-17,tricapproperties.com,,2023-12-02 13:15:14,'2023-10-30 12:42:37'),builder,builder,1,0,0,0,0,0,0,0,0
1470,Mattamy Homes,,Toronto,Ontario,M5K 1G8,,2022-08-17,,,2023-10-12 10:27:21,'2023-10-30 12:42:37'),builder,builder,1,0,0,0,0,0,0,0,0
1483,G &amp; N Developments Inc,"401 Logan Ave, Ste 201",Toronto,Ontario,M4M 2N9,,2022-08-11,,,2023-10-12 10:27:21,'2023-10-30 12:42:37'),builder,builder,1,0,0,0,0,0,0,0,0
1484,Ron-Lou Developments Ltd,175 Kimberly Dr,,,L8K 4L2,,2022-08-11,,,2023-10-12 10:27:21,'2023-10-30 12:42:37'),builder,builder,1,0,0,0,0,0,0,0,0
1503,J Vand Developments Ltd,105 Kingshill Rd,Richmond Hill,Ontario,L4E 4X1,,2023-08-31,,,2023-10-12 10:27:28,'2023-10-30 12:42:37'),builder,builder,1,0,0,0,0,0,0,0,0
1509,Tyrolean Property Ltd,"796455 Grey Rd 19, Unit 1",Blue Mountains,Ontario,L9Y 0N8,416-213-7437,2023-08-31,,,2023-10-12 10:27:28,'2023-10-30 12:42:37'),builder,builder,1,0,0,0,0,0,0,0,0
1512,Centennial Homes (Niagara) Inc,353 Townline Rd,Niagara-on-the-Lake,ON,L0S 1J0,905-708-0123,2023-08-31,,,2023-10-12 10:27:28,'2023-10-30 12:42:37'),builder,builder,1,0,0,0,0,0,0,0,0
1514,SJCT Properties Inc,2 Hyland Dr,Blenheim,Ontario,N0P 1A0,,2023-08-31,,,2023-10-12 10:27:28,'2023-10-30 12:42:37'),builder,builder,1,0,0,0,0,0,0,0,0
1515,"Mowbray, Wright Regional Developments Inc",18 Golf Crest Rd,,,M9A 1M3,,2023-08-31,,,2023-10-12 10:27:28,'2023-10-30 12:42:37'),builder,builder,1,0,0,0,0,0,0,0,0
1518,Attainable Realty Inc,"76 King William St, Ste 1",Huntsville,Ontario,P1H 1E4,705-789-6568,2023-08-31,,,2023-10-12 10:27:28,'2023-10-30 12:42:37'),builder,builder,1,0,0,0,0,0,0,0,0
1519,Embrun Realty Ltd,"901 Notre Dame, Unit 3",Embrun,Ontario,K0A 1W0,,2023-08-31,,,2023-10-12 10:27:28,'2023-10-30 12:42:37'),builder,builder,1,0,0,0,0,0,0,0,0
1538,Green Earth Realty Inc,126 Vanluven Rd,,,K7R 3L2,,2023-08-30,,,2023-10-12 10:27:28,'2023-10-30 12:42:37'),builder,builder,1,0,0,0,0,0,0,0,0
1541,Coletara Development,"966 Pantera Dr, Unit 22",Mississauga,Ontario,L4W 2S1,905-624-4100,2023-08-29,,,2023-10-12 10:27:28,'2023-10-30 12:42:37'),builder,builder,1,0,0,0,0,0,0,0,0
1543,JP Gravel Construction,"5440 Canotek Rd, Ste 100",Ottawa,Ontario,K1J 9G2,613-749-1311,2023-08-29,jpgravelconst.ca,,2023-12-02 13:19:44,'2023-10-30 12:42:37'),builder,builder,1,0,0,0,0,0,0,0,0
1544,Wrap Developments 908 Bloor West Inc,4 Riverview Rd,Alliston,Ontario,L9R 1R9,,2023-08-29,,,2023-10-12 10:27:28,'2023-10-30 12:42:37'),builder,builder,1,0,0,0,0,0,0,0,0
1552,Royal Plaza Realty Inc,490 rue Laurier,Rockland,Ontario,K4K 1E7,,2023-08-28,,,2023-10-12 10:27:28,'2023-10-30 12:42:37'),builder,builder,1,0,0,0,0,0,0,0,0
1563,Canadian Grand Developments Inc,25 Campbell St,Brantford,Ontario,N3R 1X9,,2023-08-25,,,2023-10-12 10:27:28,'2023-10-30 12:42:37'),builder,builder,1,0,0,0,0,0,0,0,0
1577,Zavala Developments Inc,"30 Floral Pkwy, Ste 300",,,L4K 4R1,,2023-08-23,,,2023-10-12 10:27:28,'2023-10-30 12:42:37'),builder,builder,1,0,0,0,0,0,0,0,0
1578,Aspen Ridge Homes,29 Floral Pkwy,Concord,Ontario,L4K 5C5,905-669-9292,2023-08-23,aspenridgehomes.com,,2023-12-02 13:33:35,'2023-10-30 12:42:37'),builder,builder,1,0,0,0,0,0,0,0,0
1581,Brookfield Residential (Ontario) Ltd,"3381 Steeles Ave E, Ste 100",Toronto,Ontario,M5H 3S7,905-477-5111,2023-08-23,,,2023-10-12 10:27:28,'2023-10-30 12:42:37'),builder,builder,1,0,0,0,0,0,0,0,0
1592,Tomar Custom Homes Ltd,54 Bert G Argue Dr,Stittsville,Ontario,K2S 2H2,,2023-08-22,,,2023-10-12 10:27:28,'2023-10-30 12:42:37'),builder,builder,1,0,0,0,0,0,0,0,0
1599,Panoramic Properties Inc,8485 Montrose Rd,Niagara Falls,Ontario,L2H 3L7more info: mi.pdf,905-371-1201,2023-08-21,panoramicproperties.ca,,2023-12-02 13:19:46,'2023-10-30 12:42:37'),builder,builder,1,0,0,0,0,0,0,0,0
1603,King Jay Developments Ltd,"351 King St E, Ste 1300",,,M5A 0L6,,2023-08-18,,,2023-10-12 10:27:28,'2023-10-30 12:42:37'),builder,builder,1,0,0,0,0,0,0,0,0
1617,Dalla Zanna Properties Inc,"6400 Roberts St, Ste 485",Burnaby,BC,V5G 4C9,,2023-08-17,,,2023-10-12 10:27:29,'2023-10-30 12:42:37'),builder,builder,1,0,0,0,0,0,0,0,0
1620,Platinum Drive Development Corp,"99 Sante Dr, Unit C",,,L4K 3C4,,2023-08-16,,,2023-10-12 10:27:29,'2023-10-30 12:42:37'),builder,builder,1,0,0,0,0,0,0,0,0
1624,Matrix North American Construction Ltd,"15 E. 15th St, Ste 1100",Tulsa,OK,USA - 74103,,2023-08-16,,,2023-10-12 10:27:29,'2023-10-30 12:42:37'),builder,builder,1,0,0,0,0,0,0,0,0
1665,Treasure Hill Homes,101 Bradwick Dr,Vaughan,Ontario,L4K 1K5,416-987-5500,2023-08-10,,,2023-10-12 10:27:29,'2023-10-30 12:42:37'),builder,builder,1,0,0,0,0,0,0,0,0
1694,Gatta Properties Inc,,Niagara-on-the-Lake,ON,L0S 1J0,,2023-08-04,,,2023-10-12 10:27:29,'2023-10-30 12:42:37'),builder,builder,1,0,0,0,0,0,0,0,0
1709,Jimmy Lapointe&#039;s Automotive Group 2020 Realty Inc,775 Pembroke St E,,,K8A 3L8,,2023-08-02,,,2023-10-12 10:27:29,'2023-10-30 12:42:37'),builder,builder,1,0,0,0,0,0,0,0,0
1710,Greenidge Realty Inc,775 Pembroke St E,Pembroke,Ontario,K8A 3L8,,2023-08-02,,,2023-10-12 10:27:29,'2023-10-30 12:42:37'),builder,builder,1,0,0,0,0,0,0,0,0
1736,Berkshire Axis Development,,Toronto,Ontario,M3B 2R2,416-485-7860,2023-08-01,,,2023-10-12 10:27:29,'2023-10-30 12:42:37'),builder,builder,1,0,0,0,0,0,0,0,0
1739,GTA Development Corp,"99 Sante Dr, Unit C",Concord,Ontario,L4K 3C4,905-738-3675,2023-08-01,,,2023-10-12 10:27:29,'2023-10-30 12:42:37'),builder,builder,1,0,0,0,0,0,0,0,0
1756,Dora Homes Inc,39 East Dr,Unionville,Ontario,L6G 1A3,905-474-0973,2023-08-31,,,2023-10-12 10:27:29,'2023-10-30 12:42:37'),builder,builder,1,0,0,0,0,0,0,0,0
1766,Georgian Drive Developments Inc,428 Big Bay Point Rd,Innisfil,Ontario,L9S 2P7,,2023-08-30,,,2023-10-12 10:27:29,'2023-10-30 12:42:37'),builder,builder,1,0,0,0,0,0,0,0,0
1771,Kahlen Properties Ltd,47 Voisin Ct,,,N0B 2M0,,2023-08-29,,,2023-10-12 10:27:29,'2023-10-30 12:42:37'),builder,builder,1,0,0,0,0,0,0,0,0
1774,Brookshore Homes (Barrie) Ltd,9980 Keele St,Maple,Ontario,L6A 3Y5,289-474-5322,2023-08-29,,,2023-10-12 10:27:29,'2023-10-30 12:42:37'),builder,builder,1,0,0,0,0,0,0,0,0
1775,Caledon Development General Partner Ltd,137 Bowes Rd,,,L4K 1H3,,2023-08-29,,,2023-10-12 10:27:29,'2023-10-30 12:42:37'),builder,builder,1,0,0,0,0,0,0,0,0
1776,Zancor Homes (Caldeon) Ltd,221 North Rivermede Rd,Concord,Ontario,L4K 1H3,905-738-7010,2023-08-29,,,2023-10-12 10:27:29,'2023-10-30 12:42:37'),builder,builder,1,0,0,0,0,0,0,0,0
1781,875 Properties Inc,"5671 Wellington Rd 86, RR 1",,,N0B 1B0,,2023-08-25,propertiesincostarica.com,,2023-12-02 13:28:00,'2023-10-30 12:42:37'),builder,builder,1,0,0,0,0,0,0,0,0
1786,Old Stonehenge Development,1133 Yonge St,Toronto,Ontario,M4T 2Y7,416-602-8144,2023-08-25,,,2023-10-12 10:27:30,'2023-10-30 12:42:37'),builder,builder,1,0,0,0,0,0,0,0,0
1797,Auburn Developments,"560 Wellington,St, 2nd Flr",London,Ontario,N6A 3R4,519-434-1808,2023-08-22,,,2023-10-12 10:27:30,'2023-10-30 12:42:37'),builder,builder,1,0,0,0,0,0,0,0,0
1802,Taheri Properties Inc,207 Bayview Fairways Dr,,,L3T 2Z1,,2023-08-16,,,2023-10-12 10:27:30,'2023-10-30 12:42:37'),builder,builder,1,0,0,0,0,0,0,0,0
1809,Norm Lean Properties Inc,21 Doon Rd,Toronto,Ontario,M2L 1M1,416-224-2500,2023-08-14,,,2023-10-12 10:27:30,'2023-10-30 12:42:37'),builder,builder,1,0,0,0,0,0,0,0,0
1816,Piles Development (Keswick 5) Corp,"10 Queen Elizabeth Blvd, Unit 2",,,M8Z 1L8,,2023-08-10,,,2023-10-12 10:27:30,'2023-10-30 12:42:37'),builder,builder,1,0,0,0,0,0,0,0,0
1865,Megapro X Properties,"2700 Dufferin St, Unit 50",Toronto,Ontario,M6B 4J3,905-780-9610,2023-08-15,axiomproperties.com,,2024-06-04 13:13:04,'2023-10-30 12:42:37'),builder,builder,1,0,0,0,0,0,0,0,0
1875,Westdell Development Corp,"1701 Richmond St, Unit 3B",London,Ontario,N5X 3Y2,519-850-0000,2023-08-08,,,2023-10-12 10:27:33,'2023-10-30 12:42:37'),builder,builder,1,0,0,0,0,0,0,0,0
1879,Serco Realty Group,"9 Capella Ct, Ste 200",Nepean,Ontario,K2E 8A7,613-226-2221,2023-08-04,,,2023-10-12 10:27:33,'2023-10-30 12:42:37'),builder,builder,1,0,0,0,0,0,0,0,0
1904,Wilmot Creek Developments Inc,290 Lake Rd,,,L1C 4P8,,2022-12-23,,,2023-10-12 10:27:33,'2023-10-30 12:42:37'),builder,builder,1,0,0,0,0,0,0,0,0
1910,Goldpro Residential Inc,"30 Colonnade Rd, Ste 200",Ottawa,Ontario,K2E 7J6,613-656-0084,2022-12-22,econopetro.com,,2023-12-02 13:38:53,'2023-10-30 12:42:37'),builder,builder,1,0,0,0,0,0,0,0,0
1923,Ballantry Homes,"20 Cachet Woods Ct, Unit 6",Markham,Ontario,L6C 3G1,905-887-7100,2022-12-19,,,2023-10-12 10:27:34,'2023-10-30 12:42:37'),builder,builder,1,0,0,0,0,0,0,0,0
1930,Equiton Residential Income Fund GP Inc,"1111 International Blvd, Ste 500",Burlington,Ontario,L7L 6W1,905-635-1381,2022-12-15,,,2023-10-12 10:27:34,'2023-10-30 12:42:37'),builder,builder,1,0,0,0,0,0,0,0,0
1941,656 Developments Inc,"185 The West Wall, Ste 710",,,M9C 5L5,,2022-12-09,,,2023-10-12 10:27:34,'2023-10-30 12:42:37'),builder,builder,1,0,0,0,0,0,0,0,0
1951,57-77 Wade Development GP Inc,"200 Bay St, Ste 3800",Toronto,Ontario,M5J 2J1,844-431-7684,2022-12-02,,,2023-10-12 10:27:34,'2023-10-30 12:42:37'),builder,builder,1,0,0,0,0,0,0,0,0
1952,Next Property Group,"174 Spadina Ave, Ste 500",Toronto,Ontario,M5T 2C2more info: mi.pdf,416-214-5900,2022-12-02,nextpropertygroup.com.au,,2023-12-09 16:45:21,'2023-10-30 12:42:37'),builder,builder,1,0,0,0,0,0,0,0,0
1966,NexCycle Properties Ltd,235 Wilkinson Rd,Brampton,Ontario,L6T 4M2,905-454-2666,2022-02-28,,,2023-10-12 10:27:41,'2023-10-30 12:42:37'),builder,builder,1,0,0,0,0,0,0,0,0
1968,Calton Developments Inc,1350 Shawson Dr,,,L4W 1C5,,2022-02-23,,,2023-10-12 10:27:41,'2023-10-30 12:42:37'),builder,builder,1,0,0,0,0,0,0,0,0
1969,bcIMC Realty Corp,"199 Bay St, Ste 4900",Toronto,Ontario,M5L 1G2,416-673-7444,2022-02-22,,,2023-10-12 10:27:41,'2023-10-30 12:42:37'),builder,builder,1,0,0,0,0,0,0,0,0
1997,Cachet Homes (Ayr) Inc,"361 Connie Cres, Ste 200",Concord,Ontario,L4K 5R2,905-764-1983,2022-02-07,,,2023-10-12 10:27:41,'2023-10-30 12:42:37'),builder,builder,1,0,0,0,0,0,0,0,0
2041,Hollywood Hills Development Inc,83 Yongehurst Rd,Richmond Hill,Ontario,L4C 3T3,,2023-02-28,,,2023-10-12 10:27:42,'2023-10-30 12:42:37'),builder,builder,1,0,0,0,0,0,0,0,0
2042,Thunder Road Developments (2019) Inc,"250 City Centre Ave, Ste 801",,,K1R 7R7,,2023-02-28,,,2023-10-12 10:27:42,'2023-10-30 12:42:37'),builder,builder,1,0,0,0,0,0,0,0,0
2045,Muse Properties Ltd,17 Main St N,Waterdown,Ontario,L8B 0L7,905-635-7159,2023-02-28,,,2023-10-12 10:27:42,'2023-10-30 12:42:37'),builder,builder,1,0,0,0,0,0,0,0,0
2053,Vital Properties Inc,"380 Hunt Club Rd, Unit 201",Ottawa,Ontario,K1V 1C1,,2023-02-27,,,2023-10-12 10:27:42,'2023-10-30 12:42:37'),builder,builder,1,0,0,0,0,0,0,0,0
2129,3D Developments Inc,62 Kenmore Ave,,,N1S 3H6,,2023-02-10,,,2023-10-12 10:27:42,'2023-10-30 12:42:37'),builder,builder,1,0,0,0,0,0,0,0,0
2149,Trenton-Frankford Property Inc,"300 Earl Grey Dr, Ste 434",Kanata,Ontario,K2K 3M2,,2023-02-07,,,2023-10-12 10:27:43,'2023-10-30 12:42:37'),builder,builder,1,0,0,0,0,0,0,0,0
2175,Brandt Properties Ltd,,Regina,SK,S4P 3R8,306-791-3333,2023-02-02,,,2023-10-12 10:27:43,'2023-10-30 12:42:37'),builder,builder,1,0,0,0,0,0,0,0,0
2190,Homes of Distinction,3300 Guelph Line,Burlington,Ontario,L7R 3X4,905-336-8511,2023-02-01,,,2023-10-12 10:27:43,'2023-10-30 12:42:37'),builder,builder,1,0,0,0,0,0,0,0,0
2209,Signet Development Corp,"10 Director Ct, Ste 302",,,L4L 7E8,,2023-02-28,,,2023-10-12 10:27:48,'2023-10-30 12:42:37'),builder,builder,1,0,0,0,0,0,0,0,0
2210,bcIMC Realty Corp,"199 Bay St, Ste 4900",Toronto,Ontario,M5L 1G2,416-673-7444,2023-02-28,,,2023-10-12 10:27:48,'2023-10-30 12:42:37'),builder,builder,1,0,0,0,0,0,0,0,0
2215,Premium Properties 1525 Inc,"73 Railside Rd, Unit 8",,,M3A 1B2,,2023-02-24,,,2023-10-12 10:27:48,'2023-10-30 12:42:37'),builder,builder,1,0,0,0,0,0,0,0,0
2235,Hallman Construction Ltd,20 Crestview Place,Kitchener,Ontario,N2B 0A2,519-744-6353,2023-02-10,,,2023-10-12 10:27:49,'2023-10-30 12:42:37'),builder,builder,1,0,0,0,0,0,0,0,0
2236,Ridgeview Homes Inc,"334 Manitou Dr, Unit A",Kitchener,Ontario,N2C 1L3,519-748-0087,2023-02-10,,,2023-10-12 10:27:49,'2023-10-30 12:42:37'),builder,builder,1,0,0,0,0,0,0,0,0
2256,Line 2 Developments Inc,"5734 Yonge St, Ste 508",Toronto,Ontario,M2M 4E7,,2023-02-01,,,2023-10-12 10:27:49,'2023-10-30 12:42:37'),builder,builder,1,0,0,0,0,0,0,0,0
2267,Dundee Realty Management Corp,"30 Adelaide St E, Ste 1600",Toronto,Ontario,M5C 3H1,416-365-3535,2010-06-18,shopgreenbriar.com,,2023-12-09 16:45:22,'2023-10-30 12:42:37'),builder,builder,1,0,0,0,0,0,0,0,0
2268,Entertainment Properties Trust,"30 West Pershing Rd, Ste 201",Kansas City,Missouri,USA - 64108,,2010-03-04,eprkc.com,,2023-12-02 13:24:49,'2023-10-30 12:42:37'),builder,builder,1,0,0,0,0,0,0,0,0
2271,Oxford Properties Group Inc,"130 Adelaide St W, Ste 1100",Toronto,Ontario,M5H 3P5,416-865-8300,2010-01-18,oxfordproperties.com,,2023-12-02 13:58:44,'2023-10-30 12:42:37'),builder,builder,1,0,0,0,0,0,0,0,0
2272,Dundee Properties (GP) Inc,"30 Adelaide St E, Ste 1600",Toronto,Ontario,M5C 3H1,416-365-3535,2010-01-18,,,2023-10-12 10:27:50,'2023-10-30 12:42:37'),builder,builder,1,0,0,0,0,0,0,0,0
2279,Northam Realty Advisors Ltd,"2 Carlton St, Ste 909",Toronto,Ontario,M5B 1J3,416-977-7151,2009-10-28,northamrealty.com,,2023-12-02 13:25:15,'2023-10-30 12:42:37'),builder,builder,1,0,0,0,0,0,0,0,0
2283,OREC Cumberland Development GP Inc,"130 Adelaide St W, Ste 1100",Toronto,Ontario,M5H 3P5,416-865-8300,2009-04-03,,,2023-10-12 10:27:50,'2023-10-30 12:42:37'),builder,builder,1,0,0,0,0,0,0,0,0
2289,Brookfield Properties Corp,"181 Bay St, Ste 330",Toronto,Ontario,M5J 2T3,416-369-2300,2008-07-24,,,2023-10-12 10:27:50,'2023-10-30 12:42:37'),builder,builder,1,0,0,0,0,0,0,0,0
2290,Oxford Properties Group,"130 Adelaide St W, Ste 1100",Toronto,Ontario,M5H 3P5,416-865-8300,2008-07-24,,,2023-10-12 10:27:50,'2023-10-30 12:42:37'),builder,builder,1,0,0,0,0,0,0,0,0
2298,Redbourne Madison Property Inc,"1555 Peel St, Ste 700",Montreal,Quebec,H3A 3L8,514-288-1550,2008-02-11,,,2023-10-12 10:27:50,'2023-10-30 12:42:37'),builder,builder,1,0,0,0,0,0,0,0,0
2301,Kolter Realty Ltd,"1601 Forum Place, Ste 801",West Palm Beach,Florida,USA - 33401,561-682-9500,2008-01-18,,,2023-10-12 10:27:51,'2023-10-30 12:42:37'),builder,builder,1,0,0,0,0,0,0,0,0
2309,J &amp; S Realty Nominee Inc,"79 Wellington St W, Ste 3000",Toronto,Ontario,M5K 1N2,416-865-0040,2007-11-01,,,2023-10-12 10:27:51,'2023-10-30 12:42:37'),builder,builder,1,0,0,0,0,0,0,0,0
2343,Canada Property (Trustee) No 1 Ltd,150 King St W,Toronto,Ontario,M5H 1J9,416-304-6000,2006-10-26,,,2023-10-12 10:27:51,'2023-10-30 12:42:37'),builder,builder,1,0,0,0,0,0,0,0,0
2344,777 Bay Street Property Inc,"1075 Bay St, Ste 400",Toronto,Ontario,M5S 2B1,416-593-6366,2006-10-23,,,2023-10-12 10:27:51,'2023-10-30 12:42:37'),builder,builder,1,0,0,0,0,0,0,0,0
2349,Bloor at Yonge Developers Inc,,Toronto,Ontario,M5K 1N6,416-366-8381,2006-04-10,,,2023-10-12 10:27:51,'2023-10-30 12:42:37'),builder,builder,1,0,0,0,0,0,0,0,0
2352,Patria Properties Inc,"40 University Ave, Ste 502",Toronto,Ontario,M5J 1S3,416-598-0950,2005-09-29,,,2023-10-12 10:27:51,'2023-10-30 12:42:37'),builder,builder,1,0,0,0,0,0,0,0,0
2362,Pauls Properties Corp,20 Queen St W,Toronto,Ontario,M5H 3S1,416-595-8500,2004-02-20,,,2023-10-12 10:27:51,'2023-10-30 12:42:37'),builder,builder,1,0,0,0,0,0,0,0,0
2363,Dundee Flex Properties Inc,"30 Adelaide St E, Ste 1600",Toronto,Ontario,M5C 3H1,416-365-3535,2004-02-20,,,2023-10-12 10:27:51,'2023-10-30 12:42:37'),builder,builder,1,0,0,0,0,0,0,0,0
2365,Truscan Property Corp,"100 Wellington St, 30th Flr",Toronto,Ontario,M5K 1A2,416-982-5103,2002-12-31,,,2023-10-12 10:27:51,'2023-10-30 12:42:37'),builder,builder,1,0,0,0,0,0,0,0,0
2366,Revenue Properties Co Ltd,"131 Bloor St W, Ste 300",Toronto,Ontario,M5S 1R1,416-963-8100,2002-12-31,,,2023-10-12 10:27:51,'2023-10-30 12:42:37'),builder,builder,1,0,0,0,0,0,0,0,0
2369,BMCC Phase I Realty Corp,"3625 Dufferin St, Ste 500",Downsview,Ontario,M3K 1N4,416-635-7520,2002-02-28,,,2023-10-12 10:27:51,'2023-10-30 12:42:37'),builder,builder,1,0,0,0,0,0,0,0,0
2370,BMCC Phase II Realty Corp,"3625 Dufferin St, Ste 500",Downsview,Ontario,M3K 1N4,,2002-02-28,,,2023-10-12 10:27:51,'2023-10-30 12:42:37'),builder,builder,1,0,0,0,0,0,0,0,0
2376,City Centre Development Corp - North York,"5160 Yonge St, Ste 905",North York,Ontario,M2N 6L9,,1999-11-10,,,2023-10-12 10:27:51,'2023-10-30 12:42:37'),builder,builder,1,0,0,0,0,0,0,0,0
2377,Penyork Properties I Inc,"4 Eva Rd, Ste 427",Etobicoke,Ontario,M9C 2A8,,1999-11-10,,,2023-10-12 10:27:51,'2023-10-30 12:42:37'),builder,builder,1,0,0,0,0,0,0,0,0
2378,Wellwest Properties Ltd,"20 Queen St W, 5th Floor",Toronto,Ontario,M5H 3R4,,1998-02-27,,,2023-10-12 10:27:51,'2023-10-30 12:42:37'),builder,builder,1,0,0,0,0,0,0,0,0
2382,MRC Properties Inc,"120 Adelaide St W, Ste 1700",Toronto,Ontario,M5H 1T1,,1997-09-26,,,2023-10-12 10:27:51,'2023-10-30 12:42:37'),builder,builder,1,0,0,0,0,0,0,0,0
2383,Oxford Development Group Inc,"120 Adelaide St W, Ste 1700",Toronto,Ontario,M5H 1T1,,1997-09-26,,,2023-10-12 10:27:51,'2023-10-30 12:42:37'),builder,builder,1,0,0,0,0,0,0,0,0
2390,Olympia &amp; York Developments Ltd,"145 King St. W., Suite 2300",Toronto,Ontario,M5H 1V8,,1997-01-15,,,2023-10-12 10:27:51,'2023-10-30 12:42:37'),builder,builder,1,0,0,0,0,0,0,0,0
2402,Oxford Properties Group,"200 Bay Street, Suite 900",Toronto,Ontario,M5J 2J2,,2011-09-14,,,2023-10-12 10:28:01,'2023-10-30 12:42:37'),builder,builder,1,0,0,0,0,0,0,0,0
2404,Redcliff Realty Group,"40 University Ave, Ste 1200",Toronto,Ontario,M5J 1T1,416-362-0045,2011-09-02,minto.com,,2023-12-04 13:19:05,'2023-10-30 12:42:37'),builder,builder,1,0,0,0,0,0,0,0,0
2409,Redbourne Properties Inc,"1555 Peel St, Ste 700",Montreal,Quebec,H3A 3L8,514-940-1555,2011-07-15,,,2023-10-12 10:28:01,'2023-10-30 12:42:37'),builder,builder,1,0,0,0,0,0,0,0,0
2413,The Erin Mills Development Corp,"7501 Keele St, Ste 500",Vaughan,Ontario,L4K 1Y2,416-736-1808,2011-06-15,,,2023-10-12 10:28:01,'2023-10-30 12:42:37'),builder,builder,1,0,0,0,0,0,0,0,0
2440,Gateglenn Developments Ltd,40 Braeside Sq,Unionville,Ontario,L3R 0A4,,2006-08-03,,,2023-10-12 10:28:02,'2023-10-30 12:42:37'),builder,builder,1,0,0,0,0,0,0,0,0
2442,WC-401 Developments Ltd,"700 Applewood Cres, Ste 100",Vaughan,Ontario,L5K 5X3,,2006-07-28,,,2023-10-12 10:28:02,'2023-10-30 12:42:37'),builder,builder,1,0,0,0,0,0,0,0,0
2447,Interval Development Corp Ltd,"9011 Leslie St, Ste 302",Richmond Hill,Ontario,L4B 3B6,905-882-1763,2003-10-30,,,2023-10-12 10:28:02,'2023-10-30 12:42:37'),builder,builder,1,0,0,0,0,0,0,0,0
2449,Maron Land Development Inc,"48 St Clair Ave W, Ste 600",Toronto,Ontario,M4V 3B6,,1998-04-02,,,2023-10-12 10:28:02,'2023-10-30 12:42:37'),builder,builder,1,0,0,0,0,0,0,0,0
2451,CF Lime Ridge Developments Inc,20 Queen St W,Toronto,Ontario,M5H 3R4,,1998-02-06,,,2023-10-12 10:28:02,'2023-10-30 12:42:37'),builder,builder,1,0,0,0,0,0,0,0,0
2453,Markborough Properties Inc.,"1 Dundas Street West, Suite 2800",Toronto,Ontario,M5G 2J2,,1996-07-10,,,2023-10-12 10:28:02,'2023-10-30 12:42:37'),builder,builder,1,0,0,0,0,0,0,0,0
2456,Donway Properties GP Ltd,,Concord,Ontario,L4K 3R1,,2017-12-06,,,2023-10-12 10:28:03,'2023-10-30 12:42:37'),builder,builder,1,0,0,0,0,0,0,0,0
2463,Aplomb Properties Inc,1151 Dundas St W,Mississauga,Ontario,L5C 1C5,905-270-0330,2017-06-01,,,2023-10-12 10:28:03,'2023-10-30 12:42:37'),builder,builder,1,0,0,0,0,0,0,0,0
2465,Atlantis Realty Services Inc,895 Don Mills Rd,Toronto,Ontario,M3C 1W3,416-449-9950,2017-05-31,,,2023-10-12 10:28:03,'2023-10-30 12:42:37'),builder,builder,1,0,0,0,0,0,0,0,0
2467,Grandview Homes,24 Executive Place,Kitchener,Ontario,N2P 2N4,519-748-2800,2017-05-31,grandviewhomes.com,,2023-12-02 13:25:51,'2023-10-30 12:42:37'),builder,builder,1,0,0,0,0,0,0,0,0
2473,Kingfisher Developments Ltd,"101 Duncan Mill Rd, Ste G8",Toronto,Ontario,M3B 1Z3,,2017-02-21,,,2023-10-12 10:28:03,'2023-10-30 12:42:37'),builder,builder,1,0,0,0,0,0,0,0,0
2483,Morguard Residential Properties (1) Inc,"55 City Centre Dr, Ste 800",Mississauga,Ontario,L5B 1M3,905-281-3800,2016-02-01,,,2023-10-12 10:28:03,'2023-10-30 12:42:37'),builder,builder,1,0,0,0,0,0,0,0,0
2496,Andrews Brothers Construction (Ottawa) Ltd,6839 Lakes Park Dr,Greely,Ontario,K4P 1P1,,2015-04-07,,,2023-10-12 10:28:03,'2023-10-30 12:42:37'),builder,builder,1,0,0,0,0,0,0,0,0
2497,Edana Construction Ltd,"32 Gould Lane, Suite 1102",Thornhill,Ontario,L4J 9B5,,2015-01-12,,,2023-10-12 10:28:03,'2023-10-30 12:42:37'),builder,builder,1,0,0,0,0,0,0,0,0
2498,Gold Sky Properties Ltd,138 Grey Rd,Toronto,Ontario,M5M 4G1,,2014-11-27,,,2023-10-12 10:28:03,'2023-10-30 12:42:37'),builder,builder,1,0,0,0,0,0,0,0,0
2506,Baiocco Construction Corp,"39 Queen St, Ste 201",St Catharines,Ontario,L2R 5G6,905-684-4141,2014-02-28,bcholdingsllc.com,,2024-06-04 13:12:56,'2023-10-30 12:42:37'),builder,builder,1,0,0,0,0,0,0,0,0
2507,Rice Development,17 Dean St,Brampton,Ontario,L6W 1M7,905-796-3630,2013-12-19,,,2023-10-12 10:28:03,'2023-10-30 12:42:37'),builder,builder,1,0,0,0,0,0,0,0,0
2520,Lanterra Developments (The Britt) Ltd,"3625 Dufferin St, Ste 230",Downsview,Ontario,M3K 1N4,416-635-7424,2012-06-18,lanterra.com,,2023-12-11 14:20:50,'2023-10-30 12:42:37'),builder,builder,1,0,0,0,0,0,0,0,0
2527,Lanterra Developments Ltd,3625 Dufferin Street,Toronto,Ontario,M3K 1N4,,2011-11-17,,,2023-10-12 10:28:03,'2023-10-30 12:42:37'),builder,builder,1,0,0,0,0,0,0,0,0
2537,Otnim Properties Ltd,292 St Patrick St,Ottawa,Ontario,K1N 5K5,,2007-02-01,,,2023-10-12 10:28:04,'2023-10-30 12:42:37'),builder,builder,1,0,0,0,0,0,0,0,0
2554,Fusion Homes,500 Hanlon Creek Blvd,Guelph,Ontario,N1C 0A1,519-826-6700,2021-12-14,,,2023-10-12 10:28:14,'2023-10-30 12:42:37'),builder,builder,1,0,0,0,0,0,0,0,0
2555,Lesso Mall Development (Markham) Ltd,55 Freshway Dr,Vaughan,Ontario,L4K 1S1,416-663-1888,2021-12-13,,,2023-10-12 10:28:14,'2023-10-30 12:42:37'),builder,builder,1,0,0,0,0,0,0,0,0
2560,QuadReal Property Group,"199 Bay St, Ste 4900",Toronto,Ontario,M5X 1G2,416-673-7444,2021-11-15,quadreal.com,,2023-12-09 16:47:52,'2023-10-30 12:42:37'),builder,builder,1,0,0,0,0,0,0,0,0
2562,Stafford Homes &amp; The Goldman Group,"55 St Clair Ave W, Ste 200",Toronto,Ontario,M5R 2Y7,416-461-6100,2021-10-27,,,2023-10-12 10:28:14,'2023-10-30 12:42:37'),builder,builder,1,0,0,0,0,0,0,0,0
2563,BCP Developments 1 Inc,"18 York St, Ste 1500",Toronto,Ontario,M5J 2T8,416-365-6948,2021-10-18,,,2023-10-12 10:28:14,'2023-10-30 12:42:37'),builder,builder,1,0,0,0,0,0,0,0,0
2568,Greycan 13 Properties Inc,"185 The West Mall, Ste 860",Toronto,Ontario,M9C 5L5,416-915-1970,2021-07-30,,,2023-10-12 10:28:14,'2023-10-30 12:42:37'),builder,builder,1,0,0,0,0,0,0,0,0
2569,Emery Homes,"620 Wilson Ave, Ste 401",Toronto,Ontario,M3K 1Z3,416-630-6927,2021-07-26,,,2023-10-12 10:28:14,'2023-10-30 12:42:37'),builder,builder,1,0,0,0,0,0,0,0,0
2591,Bene Development (Ontario) Ltd,,Richmond Hill,Ontario,L4B 3N2,905-881-7722,2020-01-24,,,2023-10-12 10:28:14,'2023-10-30 12:42:37'),builder,builder,1,0,0,0,0,0,0,0,0
2600,Cityzen Development Group,"56 The Esplanade, Ste 301 &amp;amp; 308",Toronto,Ontario,M5E 1A7,,2019-07-04,cityzen.ca,,2023-12-09 16:47:57,'2023-10-30 12:42:37'),builder,builder,1,0,0,0,0,0,0,0,0
2615,Sigma Properties Canada Inc,2910 South Sheridan Way,Oakville,Ontario,L6L 7L9,905-829-1911,2017-07-24,,,2023-10-12 10:28:15,'2023-10-30 12:42:37'),builder,builder,1,0,0,0,0,0,0,0,0
2622,Scotia Realty Ltd,"44 King St W, 21st Flr",Toronto,Ontario,M5H 1H1,416-866-6161,2016-12-30,scotiabank.com,,2023-12-09 16:46:27,'2023-10-30 12:42:37'),builder,builder,1,0,0,0,0,0,0,0,0
2623,MapPro Realty Inc,"4 Lowther Ave, Ste 505",Toronto,Ontario,M5R 1C6,,2016-12-30,,,2023-10-12 10:28:15,'2023-10-30 12:42:37'),builder,builder,1,0,0,0,0,0,0,0,0
2627,Cresford Developments,170 Merton St,Toronto,Ontario,M4S 1A1,416-971-7557,2016-02-16,cresford.com,,2023-12-02 13:33:41,'2023-10-30 12:42:37'),builder,builder,1,0,0,0,0,0,0,0,0
2634,WAM Development Group,"121 King St W, Ste 1770",Toronto,Ontario,M5H 3T9,647-256-1014,2015-04-15,wamdevelopment.com,,2023-12-02 13:26:54,'2023-10-30 12:42:37'),builder,builder,1,0,0,0,0,0,0,0,0
2636,Mizrahi Development Group,126 Hazelton Ave,Toronto,Ontario,M5R 2E5,416-922-4200,2014-10-20,,,2023-10-12 10:28:15,'2023-10-30 12:42:37'),builder,builder,1,0,0,0,0,0,0,0,0
2638,Lee Development Group,7 Lee Centre Dr,Toronto,Ontario,M1H 3J8,416-922-8260,2014-07-07,leedg.com,,2023-12-02 13:26:15,'2023-10-30 12:42:37'),builder,builder,1,0,0,0,0,0,0,0,0
2644,Lanterra Developments,"3625 Dufferin St, Ste 500",Toronto,Ontario,M3K 1N4,416-635-7424,2013-02-28,lanterradev.com,,2023-12-09 16:47:58,'2023-10-30 12:42:37'),builder,builder,1,0,0,0,0,0,0,0,0
2650,Argo Park Developments Corp,2173 Turnberry Rd,Burlington,Ontario,L7M 4P8,905-336-5545,2011-03-30,,,2023-10-12 10:28:15,'2023-10-30 12:42:37'),builder,builder,1,0,0,0,0,0,0,0,0
2651,Wittington Properties Ltd,"22 St Clair Ave E, Ste 400",Toronto,Ontario,M4T 2S3,416-967-7990,2010-03-31,,,2023-10-12 10:28:15,'2023-10-30 12:42:37'),builder,builder,1,0,0,0,0,0,0,0,0
2652,Concord Adex Properties Ltd,23 Spadina Ave,Toronto,Ontario,M5V 3M5,416-813-0999,2010-03-31,,,2023-10-12 10:28:15,'2023-10-30 12:42:37'),builder,builder,1,0,0,0,0,0,0,0,0
2656,Lonsmount Construction Ltd,"23 Lesmill Rd, Unit 306",Toronto,Ontario,M3B 3P6,,2008-07-18,hullmark.ca,,2023-12-09 16:46:53,'2023-10-30 12:42:37'),builder,builder,1,0,0,0,0,0,0,0,0
2661,White Sun Developments Ltd,"4576 Yonge St, Ste 500",Toronto,Ontario,M2N 6N4,416-224-1200,2007-10-11,sundialhomes.com,,2023-12-09 16:47:12,'2023-10-30 12:42:37'),builder,builder,1,0,0,0,0,0,0,0,0
2663,Ajax Audley Developments Ltd,"4576 Yonge St, Ste 500",Toronto,Ontario,M2N 6N4,416-224-1200,2007-06-25,,,2023-10-12 10:28:15,'2023-10-30 12:42:37'),builder,builder,1,0,0,0,0,0,0,0,0
2664,Minto Developments Inc,"427 Laurier Ave W, Ste 300",Ottawa,Ontario,K1R 7Y2,,2007-01-02,minto.com,,2023-12-02 13:26:15,'2023-10-30 12:42:37'),builder,builder,1,0,0,0,0,0,0,0,0
2673,Lindvest Properties (Bathurst Mackenzie) Ltd,"3625 Dufferin St, Ste 500",Downsview,Ontario,M3K 1N4,416-635-7520,2004-08-16,,,2023-10-12 10:28:15,'2023-10-30 12:42:37'),builder,builder,1,0,0,0,0,0,0,0,0
2684,"Canada Post, Cdn Pacific Properties Inc,",,,,,,1996-12-04,,,2023-10-12 10:28:15,'2023-10-30 12:42:37'),builder,builder,1,0,0,0,0,0,0,0,0
2685,"Canada Post, Cdn Pacific Properties Inc,",,,,,,1996-12-04,,,2023-10-12 10:28:15,'2023-10-30 12:42:37'),builder,builder,1,0,0,0,0,0,0,0,0
2687,Albert/O&#039;Connor Properties GP Inc,88 Albert St,Ottawa,Ontario,K1P 5E9,514-932-5355,2020-10-14,crombie.ca,,2023-12-02 13:40:51,'2023-10-30 12:42:37'),builder,builder,1,0,0,0,0,0,0,0,0
2688,Allied Hotel Properties Inc,"515 West Pender St, Ste 300",Vancouver,British Columbia,V6B 6H5,604-669-5335,2020-01-06,,,2023-10-12 10:28:16,'2023-10-30 12:42:37'),builder,builder,1,0,0,0,0,0,0,0,0
2689,Freed Development Corp,"552 Wellington St W, Ste 1500",Toronto,Ontario,M5V 2V5,416-781-5699,2020-01-06,fairviewheightschurch.org,,2023-12-09 16:47:52,'2023-10-30 12:42:37'),builder,builder,1,0,0,0,0,0,0,0,0
2701,FBD Toronto Property Company,"1959 Upper Water St, Ste 900",Nova Scotia,Halifax,B3J 3N2,,2013-09-20,,,2023-10-12 10:28:17,'2023-10-30 12:42:37'),builder,builder,1,0,0,0,0,0,0,0,0
2707,Menkes Developments LtdLifetime Urban Group,"4711 Yonge St, Ste 1400",Toronto,Ontario,M2N 7E4,416-491-2222,2012-10-05,frontapp.com,,2023-12-09 16:48:06,'2023-10-30 12:42:37'),builder,builder,1,0,0,0,0,0,0,0,0
2718,Clubhouse Developments Inc,71 Buttermill Ave,Vaughan,Ontario,L4K 3X2,905-738-8640,2017-05-03,,,2023-10-12 10:28:17,'2023-10-30 12:42:37'),builder,builder,1,0,0,0,0,0,0,0,0
2728,LCPF Realty Inc,"22 Adelaide St W, Ste 2600",Toronto,Ontario,M5H 4E3,416-304-6000,2021-07-09,,,2023-10-12 10:28:17,'2023-10-30 12:42:37'),builder,builder,1,0,0,0,0,0,0,0,0
2729,Oxford Properties Group,100 Adelaide St W,Toronto,Ontario,M5H 0E2,416-865-8300,2021-05-26,,,2023-10-12 10:28:17,'2023-10-30 12:42:37'),builder,builder,1,0,0,0,0,0,0,0,0
2730,GWL Realty Advisors,"1 City Centre Dr, Ste 300",Mississauga,Ontario,L5B 1M2,905-275-6600,2021-05-26,canadalife.com,,2023-12-09 16:46:27,'2023-10-30 12:42:37'),builder,builder,1,0,0,0,0,0,0,0,0
2735,Cooper Construction Ltd,"2201 Bristol Circle, Ste 600",Oakville,Ontario,L6H 0J8,905-829-0444,2019-09-30,,,2023-10-12 10:28:17,'2023-10-30 12:42:37'),builder,builder,1,0,0,0,0,0,0,0,0
2738,Concert Properties,"66 Wellington St W, Ste 5300",Toronto,Ontario,M5K 1E6,647-789-2050,2019-09-10,,,2023-10-12 10:28:17,'2023-10-30 12:42:37'),builder,builder,1,0,0,0,0,0,0,0,0
2747,The Erin Mills Development Corp,"7501 Keele St, Ste 200",Vaughan,Ontario,L4K 1Y2,905-820-4200,2016-12-21,markham.ca,,2024-04-16 14:48:10,'2023-10-30 12:42:37'),builder,builder,1,0,0,0,0,0,0,0,0
2753,Metrus Properties,"30 Floral Pkwy, Ste 200",Concord,Ontario,L4K 4R1,905-669-9714,2016-04-01,metrusproperties.com,,2023-12-02 13:26:16,'2023-10-30 12:42:37'),builder,builder,1,0,0,0,0,0,0,0,0
2764,Dexus Milton Property Inc  Dexus Property Group,4200 Von Karman Ave,Newport Beach,CA,USA - 92660,,2011-06-24,,,2023-10-12 10:28:18,'2023-10-30 12:42:37'),builder,builder,1,0,0,0,0,0,0,0,0
2770,Castlefinch Realty Inc,"370 King St W, Ste 439",Toronto,Ontario,M5V 1J9,416-408-2525,2008-02-04,,,2023-10-12 10:28:18,'2023-10-30 12:42:37'),builder,builder,1,0,0,0,0,0,0,0,0
2773,Milton Properties PG Inc,"185 The West Mall, Ste 905",Toronto,Ontario,M9C 5L5,303-790-4737,2007-12-21,,,2023-10-12 10:28:18,'2023-10-30 12:42:37'),builder,builder,1,0,0,0,0,0,0,0,0
2774,DR RREEF Milton Property Inc,"570 Queen St, Ste 600",Fredericton,New Brunswick,E3B 6A6,506-458-8572,2007-12-21,,,2023-10-12 10:28:18,'2023-10-30 12:42:37'),builder,builder,1,0,0,0,0,0,0,0,0
2789,JD Development Group,"7100 Woodbine Ave, Ste 301",Markham,Ontario,L3R 5J2,905-479-9898,2021-03-31,jddevelopment.ca,,2023-12-02 13:14:06,'2023-10-30 12:42:37'),builder,builder,1,0,0,0,0,0,0,0,0
2804,City of Toronto Economic Development Corp,"200 King St W, Ste 200",Toronto,Ontario,M5H 3T4,416-214-4640,2012-03-09,toronto.ca,,2023-12-02 13:33:42,'2023-10-30 12:42:37'),builder,builder,1,0,0,0,0,0,0,0,0
2807,Metrus Development Inc,1700 Langstaff Rd,Concord,Ontario,L4K 3S3,905-669-5571,2008-07-28,,,2023-10-12 10:28:27,'2023-10-30 12:42:37'),builder,builder,1,0,0,0,0,0,0,0,0
2809,Trizechahn Office Properties Ltd,"181 Bay St, Ste 3900",Toronto,Ontario,M5J 2T3,,1997-06-26,,,2023-10-12 10:28:27,'2023-10-30 12:42:37'),builder,builder,1,0,0,0,0,0,0,0,0
2815,Valery Homes,2140 King St E,Hamilton,Ontario,L8K 1W6,905-547-5056,2021-10-14,,,2023-10-12 10:28:27,'2023-10-30 12:42:37'),builder,builder,1,0,0,0,0,0,0,0,0
2819,Taunton Road 2333 Property Inc,720 Oval Ct,Burlington,Ontario,L7L 6A9,905-333-8364,2019-12-05,branthaven.com,,2023-12-02 13:40:09,'2023-10-30 12:42:37'),builder,builder,1,0,0,0,0,0,0,0,0
2825,Country Wide Homes,1500 Highway 7,Concord,Ontario,L4K 5Y4,905-907-1500,2015-05-14,,,2023-10-12 10:28:27,'2023-10-30 12:42:37'),builder,builder,1,0,0,0,0,0,0,0,0
2829,Landmart Homes,"911 Golf Links Rd, Ste 307",Ancaster,Ontario,L9K 1H9,905-304-6459,2013-09-20,,,2023-10-12 10:28:27,'2023-10-30 12:42:37'),builder,builder,1,0,0,0,0,0,0,0,0
2832,Tacc Construction,270 Chrislea Rd,Woodbridge,Ontario,L4L 8A8,905-760-7300,2009-10-22,tacc.com,,2023-12-02 13:24:49,'2023-10-30 12:42:37'),builder,builder,1,0,0,0,0,0,0,0,0
2835,Sequoia Grove Homes,"8611 Weston Rd, Unit 18",Vaughan,Ontario,L4L 9P1,,2021-09-29,,,2023-10-12 10:28:28,'2023-10-30 12:42:37'),builder,builder,1,0,0,0,0,0,0,0,0
2836,Breslau Properties Ltd,"133 Manitou Dr, Unit A",Kitchener,Ontario,N2C 1L4,,2021-09-27,oakbridgeproperties.com,,2023-12-02 13:54:49,'2023-10-30 12:42:37'),builder,builder,1,0,0,0,0,0,0,0,0
2837,Lakeview Homes Inc,200 Bridgeland Ave,Toronto,Ontario,M6A 1Z4,416-785-8172,2021-04-23,lakeviewhomesinc.com,,2023-12-02 13:26:16,'2023-10-30 12:42:37'),builder,builder,1,0,0,0,0,0,0,0,0
2840,Argo Development Corp,"4900 Palladium Way, Unit 105",Burlington,Ontario,L7M 0W7,905-336-5545,2020-06-25,,,2023-10-12 10:28:28,'2023-10-30 12:42:37'),builder,builder,1,0,0,0,0,0,0,0,0
2845,Fernbrook Homes Ltd,"2220 Hwy 7 W, Unit 5",Concord,Ontario,L4K 1W7,416-667-0447,2019-04-17,,,2023-10-12 10:28:28,'2023-10-30 12:42:37'),builder,builder,1,0,0,0,0,0,0,0,0
2847,Valstar Homes (Oakville Sixth Line) Inc,2140 King St E,Hamilton,Ontario,L8K 1W6,905-547-5056,2019-04-09,,,2023-10-12 10:28:28,'2023-10-30 12:42:37'),builder,builder,1,0,0,0,0,0,0,0,0
2849,Marel Contractors,50 Confederation Pkwy,Concord,Ontario,L4K 4T8,905-326-4000,2018-10-29,,,2023-10-12 10:28:28,'2023-10-30 12:42:37'),builder,builder,1,0,0,0,0,0,0,0,0
2853,Savoia Developments Ltd,29 Armour Blvd,Toronto,Ontario,M5M 3B9,416-481-8130,2017-11-30,,,2023-10-12 10:28:28,'2023-10-30 12:42:37'),builder,builder,1,0,0,0,0,0,0,0,0
2855,Terra Gold (Leslie) Properties Inc,618 Briar Hill Ave,Toronto,Ontario,M5N 1N2,416-830-9599,2017-07-20,,,2023-10-12 10:28:28,'2023-10-30 12:42:37'),builder,builder,1,0,0,0,0,0,0,0,0
2858,Fernbrook Homes,"2220 Highway 7 W, Unit 5",Concord,Ontario,L4K 1W7,416-667-0447,2017-03-15,,,2023-10-12 10:28:28,'2023-10-30 12:42:37'),builder,builder,1,0,0,0,0,0,0,0,0
2861,Arista Homes,600 Applewood Cres,Vaughan,Ontario,L4K 4B4,905-660-5000,2016-04-19,aristahomes.com,,2023-12-02 13:25:49,'2023-10-30 12:42:37'),builder,builder,1,0,0,0,0,0,0,0,0
2862,Emory Homes,"620 Wilson Ave, Ste 350",Toronto,Ontario,M3K 1Z3,416-636-7200,2015-09-24,,,2023-10-12 10:28:29,'2023-10-30 12:42:37'),builder,builder,1,0,0,0,0,0,0,0,0
2863,North Star Homes,361 Four Valley Dr,Concord,Ontario,L4K 5Z3,905-761-1320,2015-09-24,northstar.in,,2023-12-09 16:45:24,'2023-10-30 12:42:37'),builder,builder,1,0,0,0,0,0,0,0,0
2866,Fernbrook Homes (Dorval) Ltd,"2220 Highway 7 W, Unit 5",Concord,Ontario,L4K 1W7,416-667-0447,2013-03-28,fernbrookhomes.com,,2023-12-09 16:45:24,'2023-10-30 12:42:37'),builder,builder,1,0,0,0,0,0,0,0,0
2868,Metrus Developments Inc,"30 Floral Pkwy, Ste 300",Concord,Ontario,L4K 4R1,905-669-9714,2012-11-08,,,2023-10-12 10:28:29,'2023-10-30 12:42:37'),builder,builder,1,0,0,0,0,0,0,0,0
2873,Countrywide Homes Ltd,1500 Highway No 7,Concord,Ontario,L4K 5Y4,905-907-1500,2011-08-02,,,2023-10-12 10:28:29,'2023-10-30 12:42:37'),builder,builder,1,0,0,0,0,0,0,0,0
2876,Duke of Richmond Developments Inc,38 Berwick Ave,Toronto,Ontario,M5P 1H1,416-487-5122,2005-07-27,,,2023-10-12 10:28:29,'2023-10-30 12:42:37'),builder,builder,1,0,0,0,0,0,0,0,0
2880,Sunrise Properties Ltd,"1 York St, Ste 1100",Toronto,Ontario,M5J 0B6,416-681-3400,2021-03-12,sunriseproperties.net,,2023-12-02 13:25:52,'2023-10-30 12:42:37'),builder,builder,1,0,0,0,0,0,0,0,0
2881,Kanji Property Corp,"201 Consumers Rd, Ste 106",Toronto,Ontario,M2J 4G8,416-490-9460,2021-03-12,,,2023-10-12 10:28:30,'2023-10-30 12:42:37'),builder,builder,1,0,0,0,0,0,0,0,0
2882,Northam Realty Advisors,"2 Carlton St, Ste 909",Toronto,Ontario,M5B 1J3,416-977-7151,2021-02-02,,,2023-10-12 10:28:30,'2023-10-30 12:42:37'),builder,builder,1,0,0,0,0,0,0,0,0
2897,H Kassinger Construction Ltd,,,,,,2019-06-04,,,2023-10-12 10:28:31,'2023-10-30 12:42:37'),builder,builder,1,0,0,0,0,0,0,0,0
2898,Fiera Properties Core Fund GP Inc,"1 Adelaide St E, Ste 2410",Toronto,Ontario,M5C 2V9,416-955-4857,2019-05-09,standardlife.com,,2023-12-02 13:38:14,'2023-10-30 12:42:37'),builder,builder,1,0,0,0,0,0,0,0,0
2918,Minto Properties Inc,"180 Kent St, Ste 200",Ottawa,Ontario,K1P 0B6,613-230-7051,2017-03-31,minto.com,,2023-12-02 13:38:17,'2023-10-30 12:42:37'),builder,builder,1,0,0,0,0,0,0,0,0
2923,Oxford Properties Group Inc,"130 Adelaide St W, Ste 1100",Toronto,Ontario,M5H 3P5,416-865-8300,2016-09-01,oxfordproperties.com,,2023-12-09 16:45:22,'2023-10-30 12:42:37'),builder,builder,1,0,0,0,0,0,0,0,0
2926,Triovest Realty Advisors Inc,"40 University Ave, Ste 1200",Toronto,Ontario,M5J 1T1,416-362-0045,2016-05-11,,,2023-10-12 10:28:31,'2023-10-30 12:42:37'),builder,builder,1,0,0,0,0,0,0,0,0
2927,Woodcliffe Landmark Properties,"10 Price St, Ste 200",Toronto,Ontario,M4W 1Z4,416-361-5000,2016-04-26,woodcliffe.ca,,2023-12-02 13:54:08,'2023-10-30 12:42:37'),builder,builder,1,0,0,0,0,0,0,0,0
2931,Dorsay Realty Corp,"150 York St, Ste 1701",Toronto,Ontario,M5H 3S5,416-368-1460,2015-11-16,,,2023-10-12 10:28:31,'2023-10-30 12:42:37'),builder,builder,1,0,0,0,0,0,0,0,0
2932,Northam Realty Advisors Ltd,"2 Carlton St, Ste 909",Toronto,Ontario,M5B 1J3,416-977-7151,2015-07-24,,,2023-10-12 10:28:31,'2023-10-30 12:42:37'),builder,builder,1,0,0,0,0,0,0,0,0
2934,Redbourne Heron&#039;s Hill Properties Inc,"1555 Peel St, Ste 700",Montreal,Quebec,H3A 3L8,514-940-1555,2014-12-15,,,2023-10-12 10:28:31,'2023-10-30 12:42:37'),builder,builder,1,0,0,0,0,0,0,0,0
2937,Concert Realty Services Ltd,"1190 Hornby St, 9th Flr",Vancouver,BC,V6Z 2K5,604-688-9460,2014-10-30,discovertapestry.com,,2023-12-02 13:26:03,'2023-10-30 12:42:37'),builder,builder,1,0,0,0,0,0,0,0,0
2942,Lanterra 234 Simcoe Realty Ltd,2811 Dufferin St,Toronto,Ontario,M6B 3R9,416-635-7424,2014-05-12,,,2023-10-12 10:28:31,'2023-10-30 12:42:37'),builder,builder,1,0,0,0,0,0,0,0,0
2950,Redbourne Madison Property Inc,"1555 Peel St, Ste 700",Montreal,Quebec,H3A 3L8,514-940-1555,2013-06-18,,,2023-10-12 10:28:31,'2023-10-30 12:42:37'),builder,builder,1,0,0,0,0,0,0,0,0
2956,Redbourne Erindale Properties II Inc,"1555 Peel St, Ste 700",Montreal,Quebec,H3A 3L8,514-940-1555,2013-03-28,,,2023-10-12 10:28:31,'2023-10-30 12:42:37'),builder,builder,1,0,0,0,0,0,0,0,0
2975,Broccolini Construction IncThe Canderel Group of Companies,"130 Slater St, Ste 1300",Ottawa,Ontario,K1P 6E2,613-244-0076,2012-01-24,,,2023-10-12 10:28:32,'2023-10-30 12:42:37'),builder,builder,1,0,0,0,0,0,0,0,0
2979,Dundee Properties (GP) Inc,"30 Adelaide St E, Ste 1600",Toronto,Ontario,M5C 3H1,416-365-3535,2012-01-19,,,2023-10-12 10:28:32,'2023-10-30 12:42:37'),builder,builder,1,0,0,0,0,0,0,0,0
2984,Slate Properties Inc,"80 Richmond St W, Ste 1300",Toronto,Ontario,M5H 2S9,416-644-4264,2011-08-15,,,2023-10-12 10:28:32,'2023-10-30 12:42:37'),builder,builder,1,0,0,0,0,0,0,0,0
3003,BGS Homes,"3100 Steeles Ave W, Ste 500",Vaughan,Ontario,L4K 3V4,905-695-1953,2021-04-28,bgshomes.ae,,2023-12-02 13:19:54,'2023-10-30 12:42:37'),builder,builder,1,0,0,0,0,0,0,0,0
3007,Old Oak Properties Inc,"150 Dufferin Ave, Ste 200",London,Ontario,N6A 5N6,519-661-0215,2021-01-20,,,2023-10-12 10:28:34,'2023-10-30 12:42:37'),builder,builder,1,0,0,0,0,0,0,0,0
3008,Raamco International Properties,"1055 W Georgia St, Ste 1500",Vancouver,BC,V6E 4N7,,2020-11-30,raamco.com,,2023-12-02 13:27:14,'2023-10-30 12:42:37'),builder,builder,1,0,0,0,0,0,0,0,0
3011,Melford Developments Inc,"16 Esna Park Dr, Ste 200",Markham,Ontario,L3R 5X1,905-940-1718,2020-09-16,,,2023-10-12 10:28:34,'2023-10-30 12:42:37'),builder,builder,1,0,0,0,0,0,0,0,0
3013,Signet Realty Inc,"1858 Avenue Rd, Unit 100",Toronto,Ontario,M5M 3Z5,416-783-1600,2020-08-07,,,2023-10-12 10:28:34,'2023-10-30 12:42:37'),builder,builder,1,0,0,0,0,0,0,0,0
3026,Hermax Developments LLC,"145 King St W, Ste 2200",Toronto,Ontario,M5H 4G2,416-362-3711,2019-06-18,,,2023-10-12 10:28:34,'2023-10-30 12:42:37'),builder,builder,1,0,0,0,0,0,0,0,0
3029,Tecate Construction Company Ltd,"145 King St W, Ste 2200",Toronto,Ontario,M5H 4G2,416-362-3711,2018-11-23,,,2023-10-12 10:28:34,'2023-10-30 12:42:37'),builder,builder,1,0,0,0,0,0,0,0,0
3031,Melloul-Blamey Construction Inc,"700 Rupert St, Unit A",Waterloo,Ontario,N2V 2B5,519-886-8850,2018-05-02,hipdevelopments.com,,2023-12-06 19:45:34,'2023-10-30 12:42:37'),builder,builder,1,0,0,0,0,0,0,0,0
3038,Homes in the Hills Inc,48 Main St,,,N0B 1T0,,2022-01-31,,,2023-10-12 10:28:35,'2023-10-30 12:42:37'),builder,builder,1,0,0,0,0,0,0,0,0
3041,Reid&#039;s Heritage Homes Ltd,"6783 Wellington Rd 34, RR 22",Cambridge,Ontario,N3C 2V4more info: mi.pdf,519-658-6656,2022-01-31,reidsheritagehomes.com,,2023-12-02 13:16:41,'2023-10-30 12:42:37'),builder,builder,1,0,0,0,0,0,0,0,0
3045,Northfield Properties (GP) Inc,"40 King St W, Ste 5800",Toronto,Ontario,M5H 3S1,416-595-8500,2022-01-25,northfieldproperties.info,,2023-12-02 13:17:39,'2023-10-30 12:42:37'),builder,builder,1,0,0,0,0,0,0,0,0
3054,The Properties Group,236 Metcalfe St,Ottawa,Ontario,K2P 1R3,613-237-2425,2022-01-21,prpgrp.com,,2023-12-02 13:33:43,'2023-10-30 12:42:37'),builder,builder,1,0,0,0,0,0,0,0,0
3059,Winchester Property Group Ltd,107 Naughton Dr,,,L4C 8B3,,2022-01-19,,,2023-10-12 10:28:35,'2023-10-30 12:42:37'),builder,builder,1,0,0,0,0,0,0,0,0
3060,Beedie ON (Garrard Road) Property Ltd,3030 Gilmore Diversion,Burnaby,British Columbia,V5G 3B4,604-435-3321,2022-01-19,,,2023-10-12 10:28:35,'2023-10-30 12:42:37'),builder,builder,1,0,0,0,0,0,0,0,0
3064,Oakville Commerce Properties Inc,"1415 Bonhill Rd, Unit 1",,,L5T 1R2,,2022-01-14,,,2023-10-12 10:28:35,'2023-10-30 12:42:37'),builder,builder,1,0,0,0,0,0,0,0,0
3067,InnVest Properties Corp,"200 Bay St, Ste 2200",Toronto,Ontario,M5J 2J1,416-607-7100,2022-01-12,,,2023-10-12 10:28:35,'2023-10-30 12:42:37'),builder,builder,1,0,0,0,0,0,0,0,0
3073,400-King Road Developments Inc,,,,L4L 1T9,,2022-01-07,,,2023-10-12 10:28:36,'2023-10-30 12:42:37'),builder,builder,1,0,0,0,0,0,0,0,0
3077,Valery Homes,,Hamilton,Ontario,L8K 1W6,905-547-5056,2022-01-07,,,2023-10-12 10:28:36,'2023-10-30 12:42:37'),builder,builder,1,0,0,0,0,0,0,0,0
3080,Cheema Realty Inc,39 Classic Dr,Brampton,Ontario,L6Y 5H3,905-452-8425,2022-01-07,,,2023-10-12 10:28:36,'2023-10-30 12:42:37'),builder,builder,1,0,0,0,0,0,0,0,0
3083,Oppo Realty Inc,363 North Lake Rd,,,L4E 0H7,,2022-01-04,,,2023-10-12 10:28:36,'2023-10-30 12:42:37'),builder,builder,1,0,0,0,0,0,0,0,0
3093,Norfolk Development Inc,"68 Yorkville Ave, PH 19",Toronto,Ontario,M5R 3V7,,2022-11-29,ndchomes.com,,2023-12-09 16:45:25,'2023-10-30 12:42:37'),builder,builder,1,0,0,0,0,0,0,0,0
3094,7 Star Development Ltd,9300 Tecumseh Rd E,Windsor,Ontario,N8R 1A2,,2022-11-23,,,2023-10-12 10:28:36,'2023-10-30 12:42:37'),builder,builder,1,0,0,0,0,0,0,0,0
3098,Schnurr Home Builders Inc,730 Cedar Bend Dr,Waterloo,Ontario,N2V 2R2,519-886-0627,2022-11-15,,,2023-10-12 10:28:36,'2023-10-30 12:42:37'),builder,builder,1,0,0,0,0,0,0,0,0
3100,Innisfil Beach Development Inc,440 Dunlop St W,Barrie,Ontario,L4N 1C2,,2022-11-10,,,2023-10-12 10:28:36,'2023-10-30 12:42:37'),builder,builder,1,0,0,0,0,0,0,0,0
3103,Landmark Homes Inc,6565 Ellis Rd,Cambridge,Ontario,N3C 2V4,,2022-11-09,,,2023-10-12 10:28:36,'2023-10-30 12:42:37'),builder,builder,1,0,0,0,0,0,0,0,0
3104,New Concept Development Inc,3 Stinson Circle,East York,Ontario,M4B 2Y7,416-750-9632,2022-11-08,,,2023-10-12 10:28:36,'2023-10-30 12:42:37'),builder,builder,1,0,0,0,0,0,0,0,0
3105,Battleshield Property Group Ltd,,,,K0A 1W0,,2022-11-07,,,2023-10-12 10:28:36,'2023-10-30 12:42:37'),builder,builder,1,0,0,0,0,0,0,0,0
3113,Sierra Building Group,"1090 Don Mills Rd, Ste 300",Toronto,Ontario,M3C 3R6,416-642-0032,2022-11-04,,,2023-10-12 10:28:36,'2023-10-30 12:42:37'),builder,builder,1,0,0,0,0,0,0,0,0
3117,Windsorland Development Inc,3836 St Francis Cres,LaSalle,Ontario,N9H 0E8,,2022-10-28,,,2023-10-12 10:28:36,'2023-10-30 12:42:37'),builder,builder,1,0,0,0,0,0,0,0,0
3137,Rassoli Properties Ltd,"3 Whitehorse Rd, Units 1-3",Toronto,Ontario,M3J 3G8,,2022-09-23,,,2023-10-12 10:28:36,'2023-10-30 12:42:37'),builder,builder,1,0,0,0,0,0,0,0,0
3145,Queenston Developments Inc,1549 Rymal Rd E,Hamilton,Ontario,L8W 3N2more info: mi.pdf,,2022-09-15,,,2023-10-12 10:28:36,'2023-10-30 12:42:37'),builder,builder,1,0,0,0,0,0,0,0,0
3149,Longyard Properties Inc,30 Floral Parkway,,,L4K 4R1,,2022-08-18,,,2023-10-12 10:28:36,'2023-10-30 12:42:37'),builder,builder,1,0,0,0,0,0,0,0,0
3155,Broccolini Construction,"2680 Skymark Ave, Ste 800",Mississauga,Ontario,L4W 5L6,416-242-7772,2022-08-03,broccolini.com,,2023-12-02 13:32:12,'2023-10-30 12:42:37'),builder,builder,1,0,0,0,0,0,0,0,0
3158,Auscan Development Inc,180 Wescar Lane,,,K0A 1l0,,2022-07-22,,,2023-10-12 10:28:36,'2023-10-30 12:42:37'),builder,builder,1,0,0,0,0,0,0,0,0
3164,Essence Homes,"2345 Argentia Rd, Ste 100",Mississauga,Ontario,L5N 8K4,905-567-3993,2022-07-21,,,2023-10-12 10:28:36,'2023-10-30 12:42:37'),builder,builder,1,0,0,0,0,0,0,0,0
3167,Snowcrest Properties Inc,3135 Boomer Line,,,N0B 2M0,,2022-07-18,,,2023-10-12 10:28:36,'2023-10-30 12:42:37'),builder,builder,1,0,0,0,0,0,0,0,0
3170,Terralux General Contractors,221 Bishop Ct,Thunder Bay,Ontario,P7G 2N7,,2022-07-14,,,2023-10-12 10:28:36,'2023-10-30 12:42:37'),builder,builder,1,0,0,0,0,0,0,0,0
3190,Ted Development Canada Inc,"3100 Steeles Ave E, Ste 302",Markham,Ontario,L3R 8T3,647-501-2345,2022-06-28,,,2023-10-12 10:28:37,'2023-10-30 12:42:37'),builder,builder,1,0,0,0,0,0,0,0,0
3192,Make Space Ontario Property GP Inc,"26 Fourth St, Ste 201",New Westminster,Ontario,V3L 5M4,604-345-6732,2022-06-28,,,2023-10-12 10:28:37,'2023-10-30 12:42:37'),builder,builder,1,0,0,0,0,0,0,0,0
3208,Royal Building Supplies Ltd,125 Ormont Dr,Toronto,Ontario,M9L 2S3,416-244-2644,2022-05-31,,,2023-10-12 10:28:37,'2023-10-30 12:42:37'),builder,builder,1,0,0,0,0,0,0,0,0
3217,Cobourg Harbourpark Properties Inc,,,,,,2022-05-13,,,2023-10-12 10:28:37,'2023-10-30 12:42:37'),builder,builder,1,0,0,0,0,0,0,0,0
3231,Elite Developments,,Burlington,Ontario,L7N 3T2,289-816-1024,2022-04-14,,,2023-10-12 10:28:37,'2023-10-30 12:42:37'),builder,builder,1,0,0,0,0,0,0,0,0
3267,Granite Homes (816 Woolwich Street) Ltd,7 Edinburgh Rd S,Guelph,Ontario,N1H 5N8,519-822-3988,2022-11-30,,,2023-10-12 10:29:29,'2023-10-30 12:42:37'),builder,builder,1,0,0,0,0,0,0,0,0
3269,Core Development Group,"100 Adelaide St W, Ste 2805",Toronto,Ontario,M5H 1S3,416-966-2673,2022-11-30,coredevelopment.ca,,2023-12-05 22:10:54,'2023-10-30 12:42:37'),builder,builder,1,0,0,0,0,0,0,0,0
3272,Goldman Ellesmere 2 Developments Inc,"55 St Clair Ave W, Ste 500",,,M4V 2Y7,,2022-11-22,,,2023-10-12 10:29:29,'2023-10-30 12:42:37'),builder,builder,1,0,0,0,0,0,0,0,0
3275,1623 Wellington Street Developments Ltd,3200 Highway 7,,,L4K 5Z5,,2022-11-16,,,2023-10-12 10:29:29,'2023-10-30 12:42:37'),builder,builder,1,0,0,0,0,0,0,0,0
3276,Del Ridge Homes,"200 Cachet Woods Ct, Ste 303",Markham,Ontario,L6C 0Z8,905-479-5448,2022-11-16,,,2023-10-12 10:29:29,'2023-10-30 12:42:37'),builder,builder,1,0,0,0,0,0,0,0,0
3284,Solmar Development Corp,122 Romina Dr,Concord,Ontario,L4K 4Z7more info: mi.pdf,905-660-9222,2022-10-26,,,2023-10-12 10:29:29,'2023-10-30 12:42:37'),builder,builder,1,0,0,0,0,0,0,0,0
3291,Essence Homes,"2345 Argentia Rd, Unit 100",Mississauga,Ontario,L5N 8K4,905-567-3993,2022-10-18,essence.com,,2023-12-06 19:45:33,'2023-10-30 12:42:37'),builder,builder,1,0,0,0,0,0,0,0,0
3302,Lake Palmyra Development Inc,"5200 Finch Ave E, Unit 300",Toronto,Ontario,M1S 4Z5,,2022-09-30,,,2023-10-12 10:29:29,'2023-10-30 12:42:37'),builder,builder,1,0,0,0,0,0,0,0,0
3328,Miami Developments,"1615 North Routledge Park, Unit 11",London,Ontario,N6H 5L6,226-781-9108,2022-08-03,,,2023-10-12 10:29:29,'2023-10-30 12:42:37'),builder,builder,1,0,0,0,0,0,0,0,0
3337,RFA Developments,"1 Yonge St, Ste 2401",Toronto,Ontario,M5E 1E5,416-362-9997,2022-07-18,,,2023-10-12 10:29:29,'2023-10-30 12:42:37'),builder,builder,1,0,0,0,0,0,0,0,0
3342,Carlton Developments Inc,1350 Shawson Dr,,,L4W 1C5,,2022-06-24,,,2023-10-12 10:29:29,'2023-10-30 12:42:37'),builder,builder,1,0,0,0,0,0,0,0,0
3344,Aligroup Properties Inc,450A Kipling Ave,,,M8Z 5E1,,2022-06-17,,,2023-10-12 10:29:29,'2023-10-30 12:42:37'),builder,builder,1,0,0,0,0,0,0,0,0
3359,Berkshire Building Corp,"120 Ottawa St N, Ste 213",Kitchener,Ontario,N2H 3K5,519-748-2000,2022-05-18,,,2023-10-12 10:29:29,'2023-10-30 12:42:37'),builder,builder,1,0,0,0,0,0,0,0,0
3368,Huntington Properties,73562 Ontario Ltd&amp;nbsp; &amp;nbsp; &amp;nbsp;613-592-1818,Ottawa,Ontario,K1Y 3B2,613-592-1818,2022-04-28,huntingtonproperties.ca,,2023-12-02 13:31:59,'2023-10-30 12:42:37'),builder,builder,1,0,0,0,0,0,0,0,0
3387,JLR Developments Ltd,864 Lady Ellen Place,,,K1Z 5M2,,2022-03-01,,,2023-10-12 10:29:30,'2023-10-30 12:42:37'),builder,builder,1,0,0,0,0,0,0,0,0
3398,Thomas Cavanagh Construction Ltd,9094 Cavanagh Rd,Ashton,Ontario,K0A 1B0,613-257-2918,2022-02-01,,,2023-10-12 10:29:30,'2023-10-30 12:42:37'),builder,builder,1,0,0,0,0,0,0,0,0
3408,Valery Homes,,Hamilton,Ontario,L8K 1W6,905-547-5056,2022-01-10,,,2023-10-12 10:29:30,'2023-10-30 12:42:37'),builder,builder,1,0,0,0,0,0,0,0,0
3462,Forever Homes,,London,Ontario,N6H 5M1,519-686-3075,2022-05-16,,,2023-10-12 10:29:32,'2023-10-30 12:42:37'),builder,builder,1,0,0,0,0,0,0,0,0
3494,State Building Group,"2700 Dufferin St, Unit 34",York,Ontario,M6B 4J3,416-787-0256,2022-03-23,,,2023-10-12 10:29:32,'2023-10-30 12:42:37'),builder,builder,1,0,0,0,0,0,0,0,0
3504,Huron Heights Properties Inc,1607 Gloucester Rd,London,Ontario,N6G 2S5,519-439-9444,2022-03-14,,,2023-10-12 10:29:32,'2023-10-30 12:42:37'),builder,builder,1,0,0,0,0,0,0,0,0
3546,James Keating Construction (2004) Ltd,70 Mathieson St,Elora,Ontario,N0B 1S0,519-846-9704,2022-01-14,,,2023-10-12 10:29:33,'2023-10-30 12:42:37'),builder,builder,1,0,0,0,0,0,0,0,0
3548,Needham Mills Developments Inc,"1815 Ironstone Manor, Unit 1",Pickering,Ontario,L1W 3W9,905-839-3500,2022-01-07,,,2023-10-12 10:29:33,'2023-10-30 12:42:37'),builder,builder,1,0,0,0,0,0,0,0,0
3571,Baghai Development Ltd,"678 Sheppard Ave E, Unit A",Toronto,Ontario,M2K 1B7,416-449-5594,2022-12-02,,,2023-10-12 10:29:33,'2023-10-30 12:42:37'),builder,builder,1,0,0,0,0,0,0,0,0
3647,Tartan Homes,38 Colonnade Rd N,Ottawa,Ontario,K2E 7J6,613-238-2040,2022-09-22,,,2023-10-12 10:29:34,'2023-10-30 12:42:37'),builder,builder,1,0,0,0,0,0,0,0,0
3682,Reid&#039;s Heritage Homes Ltd,"6783 Wellington Rd 34, RR 22",Cambridge,Ontario,N3C 2V4,519-658-6656,2022-09-20,reidsheritagehomes.com,,2023-12-09 16:47:32,'2023-10-30 12:42:37'),builder,builder,1,0,0,0,0,0,0,0,0
3706,Innisfil Developments 1271 Ltd,6040 Yonge St,Toronto,Ontario,M2M 3W5,416-666-4864,2022-05-04,,,2023-10-12 10:29:37,'2023-10-30 12:42:37'),builder,builder,1,0,0,0,0,0,0,0,0
3727,Cachet Homes,"361 Connie Cres, Ste 200",Concord,Ontario,L4K 5R2,905-764-1983,2022-02-23,,,2023-10-12 10:29:38,'2023-10-30 12:42:37'),builder,builder,1,0,0,0,0,0,0,0,0
3734,Don &amp; Son Building Supplies Ltd,1289 Somerville St,,,L1G 7L5,,2022-12-22,,,2023-10-12 10:29:39,'2023-10-30 12:42:37'),builder,builder,1,0,0,0,0,0,0,0,0
3737,Vandyk Properties,1944 Fowler Dr,Mississauga,Ontario,L5K 0A1,905-823-4606,2022-12-21,,,2023-10-12 10:29:39,'2023-10-30 12:42:37'),builder,builder,1,0,0,0,0,0,0,0,0
3758,Re/Max Escarpment Golfi Realty Inc,1 Markland St,Hamilton,Ontario,L8P 2J5more info: mi.pdf,888-295-2786,2022-12-01,,,2023-10-12 10:29:39,'2023-10-30 12:42:37'),builder,builder,1,0,0,0,0,0,0,0,0
3760,Foxwood Developments (London) Inc,"759 Hyde Park Rd, Ste 252",London,Ontario,N6H 3S2,226-270-9674,2022-11-30,,,2023-10-12 10:29:39,'2023-10-30 12:42:37'),builder,builder,1,0,0,0,0,0,0,0,0
3767,Momentum Developments,"55 Northfield Dr E, Ste 285",Waterloo,Ontario,N2K 3T6,866-533-4649,2022-11-30,momentumdevelopments.ca,,2023-12-09 16:47:41,'2023-10-30 12:42:37'),builder,builder,1,0,0,0,0,0,0,0,0
3819,Focus Developments Ltd,780 Juniper Ct,Oshawa,Ontario,L1G 3C9more info: mi.pdf,,2022-10-19,,,2023-10-12 10:29:39,'2023-10-30 12:42:37'),builder,builder,1,0,0,0,0,0,0,0,0
3821,Advance Laser Properties Inc,6670 Bansbridge Cres,Mississauga,Ontario,L5N 6T5,905-785-8422,2022-10-18,,,2023-10-12 10:29:39,'2023-10-30 12:42:37'),builder,builder,1,0,0,0,0,0,0,0,0
3829,Trim Works Developments Ltd,110 Place D&#039;Orleans Blvd,Orleans,Ontario,K1C 2L9,,2022-10-13,,,2023-10-12 10:29:40,'2023-10-30 12:42:37'),builder,builder,1,0,0,0,0,0,0,0,0
3843,StateView Homes,"410 Chrislea Rd, Unit 16",Vaughan,Ontario,L4L 8B5,905-851-1849,2022-10-03,stateviewhomes.com,,2023-12-02 13:19:07,'2023-10-30 12:42:37'),builder,builder,1,0,0,0,0,0,0,0,0
3850,Sneller Property Ltd,"17 Grenfell Cres, Ste 210",Ottawa,Ontario,K2G 0G3,,2022-09-28,,,2023-10-12 10:29:40,'2023-10-30 12:42:37'),builder,builder,1,0,0,0,0,0,0,0,0
3869,SC Properties Inc,,,,L1E 1V5,,2022-09-12,scpropsm.com,,2023-12-02 13:32:49,'2023-10-30 12:42:37'),builder,builder,1,0,0,0,0,0,0,0,0
3882,Wycliffe Homes,"34 Doncaster Ave, Ste 201",Thornhill,Ontario,L3T 4S1,905-881-3040,2022-08-05,,,2023-10-12 10:29:40,'2023-10-30 12:42:37'),builder,builder,1,0,0,0,0,0,0,0,0
3888,The Ramchandani Realty Group Ltd,17 Carnegie Dr,Oakville,Ontario,L6H 0V9,905-564-0202,2022-07-21,,,2023-10-12 10:29:40,'2023-10-30 12:42:37'),builder,builder,1,0,0,0,0,0,0,0,0
3899,Beddie ON (Boundary Road) Property Ltd,3030 Gilmore Diversion,Burnaby,BC,V5G 3B4,604-435-3321,2022-07-19,,,2023-10-12 10:29:40,'2023-10-30 12:42:37'),builder,builder,1,0,0,0,0,0,0,0,0
3900,Red Lion Properties Ltd,"5611 Cooney Rd, Ste 200",Richmond,BC,V6X 3J6,,2022-07-19,,,2023-10-12 10:29:40,'2023-10-30 12:42:37'),builder,builder,1,0,0,0,0,0,0,0,0
3902,Beedie ON (Boundary Road) Property Inc,3030 Gilmore Diversion,Burnaby,BC,V5G 3B4,604-435-3321,2022-07-18,,,2023-10-12 10:29:40,'2023-10-30 12:42:37'),builder,builder,1,0,0,0,0,0,0,0,0
3904,Beedie ON (Boundary Road) Property Ltd,3030 Gilmore Diversion,Burnaby,BC,V5G 3B4,604-435-3321,2022-07-18,,,2023-10-12 10:29:40,'2023-10-30 12:42:37'),builder,builder,1,0,0,0,0,0,0,0,0
3908,Melloul Blamey Construction,"700 Rupert St, Unit A",Waterloo,Ontario,N2V 2B5,519-886-8850,2022-07-15,,,2023-10-12 10:29:40,'2023-10-30 12:42:37'),builder,builder,1,0,0,0,0,0,0,0,0
3925,Trebel Properties Inc,"5100 South Service Rd, Ste 39",,,L7L 6A5,,2022-06-27,,,2023-10-12 10:29:41,'2023-10-30 12:42:37'),builder,builder,1,0,0,0,0,0,0,0,0
3940,Syvan Developments Ltd,86 Emily St W,Newcastle,Ontario,L1B 1H1,905-987-3211,2022-06-13,,,2023-10-12 10:29:41,'2023-10-30 12:42:37'),builder,builder,1,0,0,0,0,0,0,0,0
3945,Doman Developments Inc,"2014 Valleyrun Blvd, Unit 16",London,Ontario,N6G 5N8,519-657-4305,2022-05-16,,,2023-10-12 10:29:41,'2023-10-30 12:42:37'),builder,builder,1,0,0,0,0,0,0,0,0
3946,Goderich Properties Ltd,5343 Drenkelly Ct,Mississauga,Ontario,L5M 3H8,905-286-9551,2022-05-16,,,2023-10-12 10:29:41,'2023-10-30 12:42:37'),builder,builder,1,0,0,0,0,0,0,0,0
3974,Fred Barber Construction Ltd,435 Piccadilly St,,,N5Y 3G4,,2022-03-01,,,2023-10-12 10:29:41,'2023-10-30 12:42:37'),builder,builder,1,0,0,0,0,0,0,0,0
3999,Lunamaso Developments Ltd,19 Faulkner Cres,,,M9M 2B9,,2022-12-19,,,2023-10-12 10:29:44,'2023-10-30 12:42:37'),builder,builder,1,0,0,0,0,0,0,0,0
4003,Aqua Tech Properties Ltd,331 Rodinea Rd,,,L6A 4P5,,2022-11-30,,,2023-10-12 10:29:44,'2023-10-30 12:42:37'),builder,builder,1,0,0,0,0,0,0,0,0
4004,Aquosis Properties Ltd,331 Rodinea Rd,Maple,Ontario,L6A 4P5,,2022-11-30,,,2023-10-12 10:29:44,'2023-10-30 12:42:37'),builder,builder,1,0,0,0,0,0,0,0,0
4038,Creda Real Estate Development Corp,418 Preston St,Ottawa,Ontario,K1S 4N2,613-228-4213,2022-10-28,,,2023-10-12 10:29:44,'2023-10-30 12:42:37'),builder,builder,1,0,0,0,0,0,0,0,0
4040,Newmarket Property Corp,"16775 Yonge St, Unit 307",,,L2Y 8J4,,2022-10-27,,,2023-10-12 10:29:44,'2023-10-30 12:42:37'),builder,builder,1,0,0,0,0,0,0,0,0
4044,Nico Properties Inc,"9 Burnhamthorpe Cres, Ste 710",Mississauga,Ontario,M9A 0A6,,2022-10-25,,,2023-10-12 10:29:44,'2023-10-30 12:42:37'),builder,builder,1,0,0,0,0,0,0,0,0
4089,Next Properties Inc,1857 Sawmill Rd,Conestogo,Ontario,N0B 1N0,,2022-08-03,,,2023-10-12 10:29:45,'2023-10-30 12:42:37'),builder,builder,1,0,0,0,0,0,0,0,0
4092,Richcraft Properties Ltd,"2280 St Laurent Blvd, Ste 201",Ottawa,Ontario,K1G 4K1,613-739-7111,2022-07-27,,,2023-10-12 10:29:45,'2023-10-30 12:42:37'),builder,builder,1,0,0,0,0,0,0,0,0
4093,Doman Developments Inc,"2014 Valleyrun Blvd, Unit 16",London,Ontario,N6G 5N8,519-657-4305,2022-07-22,,,2023-10-12 10:29:45,'2023-10-30 12:42:37'),builder,builder,1,0,0,0,0,0,0,0,0
4106,Terra Firma Homes Corp,592 Annette St,Toronto,Ontario,M6S 2C4,416-606-7844,2022-07-14,,,2023-10-12 10:29:45,'2023-10-30 12:42:37'),builder,builder,1,0,0,0,0,0,0,0,0
4114,St Catharines Building Supplies,176 Bunting Rd,St Catharines,Ontario,L2M 3Y1,905-688-2111,2022-07-04,,,2023-10-12 10:29:45,'2023-10-30 12:42:37'),builder,builder,1,0,0,0,0,0,0,0,0
4119,GP Realty Ltd,1241 Kerrisdale Blvd,Newmarket,Ontario,L3Y 8W1,905-898-8088,2022-06-23,,,2023-10-12 10:29:45,'2023-10-30 12:42:37'),builder,builder,1,0,0,0,0,0,0,0,0
4131,Old Orchard Homes,609 Marlee Ave,Toronto,Ontario,M6B 3J6,416-847-0388,2022-06-01,,,2023-10-12 10:29:45,'2023-10-30 12:42:37'),builder,builder,1,0,0,0,0,0,0,0,0
4133,Sagitta Development &amp; Management Inc,,Markham,Ontario,L3R 5X1,905-940-0310,2022-05-26,,,2023-10-12 10:29:45,'2023-10-30 12:42:37'),builder,builder,1,0,0,0,0,0,0,0,0
4154,Tram Developments,"128A Sterling Rd, Ste 203",Toronto,Ontario,M6R 2B7,416-644-4265,2022-03-25,oakwood.com,,2023-12-02 14:04:42,'2023-10-30 12:42:37'),builder,builder,1,0,0,0,0,0,0,0,0
4162,Co-X-Co Construction Ltd,,,,M9P 1K7,,2022-03-04,,,2023-10-12 10:29:46,'2023-10-30 12:42:37'),builder,builder,1,0,0,0,0,0,0,0,0
4170,Quaternity Properties Inc,"4017 Carling Ave, Ste 301",,,K2K 2A3,,2022-02-09,,,2023-10-12 10:29:46,'2023-10-30 12:42:37'),builder,builder,1,0,0,0,0,0,0,0,0
4171,Mazin Properties Ltd,"4017 Carling Ave, Ste 301",Ottawa,Ontario,K2K 2A3,613-831-9943,2022-02-09,ees-financial.com,,2023-12-09 16:46:47,'2023-10-30 12:42:37'),builder,builder,1,0,0,0,0,0,0,0,0
4191,Old Orchard Homes,609 Marlee Ave,North York,Ontario,N6B 3J6,416-847-0388,2022-12-15,,,2023-10-12 10:29:48,'2023-10-30 12:42:37'),builder,builder,1,0,0,0,0,0,0,0,0
4200,Ahrens Street Properties Inc,"1315 Derry Rd E, Unit 2",Mississauga,Ontario,L5T 1B6,,2022-11-29,heilind.com,,2024-04-16 14:48:35,'2023-10-30 12:42:37'),builder,builder,1,0,0,0,0,0,0,0,0
4205,Joseph Wagler Homes Inc,"6945 Line 84, RR 2",,,N4W 3G7,,2022-11-15,,,2023-10-12 10:29:48,'2023-10-30 12:42:37'),builder,builder,1,0,0,0,0,0,0,0,0
4222,Parkdale Properties Ltd,"349 Parkdale Ave, Unit 2",,,K1Y 1G7,,2022-10-27,,,2023-10-12 10:29:48,'2023-10-30 12:42:37'),builder,builder,1,0,0,0,0,0,0,0,0
4224,Brad J Lamb Realty,778 King St W,Toronto,Ontario,M5V 1N6,416-368-5262,2022-10-26,,,2023-10-12 10:29:48,'2023-10-30 12:42:37'),builder,builder,1,0,0,0,0,0,0,0,0
4246,Double A Realty Inc,,Orangeville,Ontario,L9W 2Z5,,2022-10-03,,,2023-10-12 10:29:49,'2023-10-30 12:42:37'),builder,builder,1,0,0,0,0,0,0,0,0
4248,LDD Properties Ltd,1580 Ryersie Rd,,,N5G 2W2,,2022-09-28,,,2023-10-12 10:29:49,'2023-10-30 12:42:37'),builder,builder,1,0,0,0,0,0,0,0,0
4257,Margaret-Benton Properties (Kitchener) Ltd,50 King St E,,,L8N 1A6,,2022-09-20,,,2023-10-12 10:29:49,'2023-10-30 12:42:37'),builder,builder,1,0,0,0,0,0,0,0,0
4275,Alice Developments Inc,"2668 Alta Vista Dr, Unit 1",Ottawa,Ontario,K1V 7T4,,2022-08-23,,,2023-10-12 10:29:49,'2023-10-30 12:42:37'),builder,builder,1,0,0,0,0,0,0,0,0
4279,CAGT Properties Inc,"150 Isabella St, Ste 110",Ottawa,Ontario,K1S 1V7,613-702-5001,2022-08-16,,,2023-10-12 10:29:49,'2023-10-30 12:42:37'),builder,builder,1,0,0,0,0,0,0,0,0
4287,Kinlough Properties Inc,19 Brookmount Rd,,,M4L 3N1,,2022-08-03,,,2023-10-12 10:29:49,'2023-10-30 12:42:37'),builder,builder,1,0,0,0,0,0,0,0,0
4298,Domicile Developments Inc,"371A Richmond Rd, Unit 1",Ottawa,Ontario,K2A 0E7,613-728-0388,2022-07-08,domicile.ca,,2023-12-08 11:58:18,'2023-10-30 12:42:37'),builder,builder,1,0,0,0,0,0,0,0,0
4299,Stalakowski Properties Ltd,,,,L8M 2M8,,2022-07-08,,,2023-10-12 10:29:49,'2023-10-30 12:42:37'),builder,builder,1,0,0,0,0,0,0,0,0
4329,Steelhouse Properties Inc,34 Haas Rd,Etobicoke,Ontario,M9W 3A2,416-746-6018,2022-06-17,,,2023-10-12 10:29:50,'2023-10-30 12:42:37'),builder,builder,1,0,0,0,0,0,0,0,0
4346,Doma Homes and Realty Corp,2374 Rebecca St,,,L6L 2A9,,2022-06-01,,,2023-10-12 10:29:50,'2023-10-30 12:42:37'),builder,builder,1,0,0,0,0,0,0,0,0
4357,Covet Lit Properties Inc,"1390 Clyde Ave, Ste 200",Ottawa,Ontario,K2G 3H8,613-226-1011,2022-05-30,,,2023-10-12 10:29:50,'2023-10-30 12:42:37'),builder,builder,1,0,0,0,0,0,0,0,0
4364,Papais Properties Inc,316 Thames St S,Ingersoll,Ontario,N5C 2V1,519-963-7224,2022-05-24,,,2023-10-12 10:29:50,'2023-10-30 12:42:37'),builder,builder,1,0,0,0,0,0,0,0,0
4376,Touchstone Properties Canada Inc,1610 Doe Lake Rd,,,P1P 1R3,,2022-04-27,,,2023-10-12 10:29:50,'2023-10-30 12:42:37'),builder,builder,1,0,0,0,0,0,0,0,0
4381,JEM Properties Ltd,106 North Front St,,,K8P 3B4,,2022-04-20,,,2023-10-12 10:29:50,'2023-10-30 12:42:37'),builder,builder,1,0,0,0,0,0,0,0,0
4389,Windgale Properties Inc,50 Degas Dr,,,L4J 9J3,,2022-04-11,,,2023-10-12 10:29:50,'2023-10-30 12:42:37'),builder,builder,1,0,0,0,0,0,0,0,0
4391,Executive Properties Inc,"484 Main St E, Unit 1",Hamilton,Ontario,L8N 1K6,289-270-2922,2022-04-08,,,2023-10-12 10:29:50,'2023-10-30 12:42:37'),builder,builder,1,0,0,0,0,0,0,0,0
4393,K &amp; D Homes Ltd,231 Keyrock Dr,Ottawa,Ontario,K2T 0B3,613-227-8623,2022-04-05,,,2023-10-12 10:29:50,'2023-10-30 12:42:37'),builder,builder,1,0,0,0,0,0,0,0,0
4395,Dunn South Properties Ltd,"240 Chrislea Rd, 3rd Flr",Vaughan,Ontario,L4L 8V1,,2022-04-05,,,2023-10-12 10:29:50,'2023-10-30 12:42:37'),builder,builder,1,0,0,0,0,0,0,0,0
4415,K&amp;D Homes Ltd,231 Keyrock Dr,Ottawa,Ontario,K2T 0B3,,2022-03-01,,,2023-10-12 10:29:51,'2023-10-30 12:42:37'),builder,builder,1,0,0,0,0,0,0,0,0
4418,Antilia Homes Corp,326 Churchill Ave,Ottawa,Ontario,K1Z 5B9,613-518-6488,2022-02-17,antiliahomes.com,,2023-12-09 16:47:45,'2023-10-30 12:42:37'),builder,builder,1,0,0,0,0,0,0,0,0
4425,Dan Fortier Construction Ltd,86 Dellandrea Dr,,,P1B 0B1,,2022-01-27,,,2023-10-12 10:29:51,'2023-10-30 12:42:37'),builder,builder,1,0,0,0,0,0,0,0,0
4437,Toking Properties Corp,"211 Queens Quay W, Ste 1103",,,M5J 2M6,,2022-11-30,,,2023-10-12 10:29:51,'2023-10-30 12:42:37'),builder,builder,1,0,0,0,0,0,0,0,0
4440,TCU Developments,"150 Isabella St, Ste 1207",Ottawa,Ontario,K1S 5H3,613-680-5582,2022-10-20,,,2023-10-12 10:29:51,'2023-10-30 12:42:37'),builder,builder,1,0,0,0,0,0,0,0,0
4442,Holland Homes,,Bowmanville,Ontario,L1C 1N5,,2022-09-26,hollandhomesllc.com,,2023-12-02 13:34:22,'2023-10-30 12:42:37'),builder,builder,1,0,0,0,0,0,0,0,0
4453,Smart Living Properties,226 Argyle Ave,Ottawa,Ontario,K2P 1B9,613-244-1551,2022-08-31,vocalocity.com,,2023-12-02 13:34:14,'2023-10-30 12:42:37'),builder,builder,1,0,0,0,0,0,0,0,0
4458,CRM Properties Inc,30 Northumberland Rd,London,Ontario,N6H 5H5,519-246-1976,2022-08-09,,,2023-10-12 10:29:51,'2023-10-30 12:42:37'),builder,builder,1,0,0,0,0,0,0,0,0
4480,"Canadian Hydro Developers, Inc",110 - 12th Avenue Station &quot;M&quot;,Calgary,Alberta,T2P 2M1,,2022-12-02,,,2023-10-12 10:29:54,'2023-10-30 12:42:37'),builder,builder,1,0,0,0,0,0,0,0,0
4503,Sho Developments Ltd,121 Goulbourn Ave,,,K1N 8C9,,2022-10-03,,,2023-10-12 10:29:54,'2023-10-30 12:42:37'),builder,builder,1,0,0,0,0,0,0,0,0
4527,P &amp; S Ramlochan Property Inc,10 Tomahawk Ct,,,L6P 4K4,,2022-08-25,,,2023-10-12 10:29:55,'2023-10-30 12:42:37'),builder,builder,1,0,0,0,0,0,0,0,0
4543,Four Seasons Site Development Ltd,"42 Wentworth Ct, Unit 1",Brampton,Ontario,L6K 5K6,905-670-7655,2022-06-08,,,2023-10-12 10:29:55,'2023-10-30 12:42:37'),builder,builder,1,0,0,0,0,0,0,0,0
4561,Richcraft Homes Ltd,"2280 St Laurent Blvd, Ste 201",Ottawa,Ontario,K1G 4K1,613-739-7111,2022-05-16,richcraft.com,,2023-12-02 13:30:11,'2023-10-30 12:42:37'),builder,builder,1,0,0,0,0,0,0,0,0
4563,Claridge Homes (Rivers Edge North) Inc,210 Gladstone Ave,Ottawa,Ontario,K2P 0Y2,613-233-6030,2022-04-12,,,2023-10-12 10:29:56,'2023-10-30 12:42:37'),builder,builder,1,0,0,0,0,0,0,0,0
4566,Landric MTL Road Property Inc,"1173 Cyrville Rd, Ste 202",Ottawa,Ontario,K1J 7S6more info: mi.pdf,,2022-12-22,,,2023-10-12 10:29:57,'2023-10-30 12:42:37'),builder,builder,1,0,0,0,0,0,0,0,0
4570,Durand Development Corp,32 Wilson St E,,,L9G 2B4,,2022-12-07,,,2023-10-12 10:29:57,'2023-10-30 12:42:37'),builder,builder,1,0,0,0,0,0,0,0,0
4577,BG Schickedanz Homes Inc,"3100 Steeles Ave W, Ste 500",Vaughan,Ontario,L4K 3V4,905-695-1953,2022-11-16,,,2023-10-12 10:29:57,'2023-10-30 12:42:37'),builder,builder,1,0,0,0,0,0,0,0,0
4581,The Ironstone Building Company Inc,680 Waterloo St,London,Ontario,N6A 0B3more info: mi.pdf,519-660-6006,2022-10-19,,,2023-10-12 10:29:57,'2023-10-30 12:42:37'),builder,builder,1,0,0,0,0,0,0,0,0
4582,Kingsberg Warden Development Inc,"60 Centurian Dr, Unit 120",,,L3R 8T6,,2022-10-17,,,2023-10-12 10:29:57,'2023-10-30 12:42:37'),builder,builder,1,0,0,0,0,0,0,0,0
4584,Corvinelli Construction Ltd,7740 Cedarbrook Trail,,,L1M 1L8,,2022-10-17,,,2023-10-12 10:29:57,'2023-10-30 12:42:37'),builder,builder,1,0,0,0,0,0,0,0,0
4586,Podium Development Corp,"3 Bridgman Ave, Ste 101",Toronto,Ontario,M5R 3V4,888-411-7685,2022-10-17,,,2023-10-12 10:29:57,'2023-10-30 12:42:37'),builder,builder,1,0,0,0,0,0,0,0,0
4587,Skale Developments Inc,"1000 Yonge St, Ste 400",Toronto,Ontario,M4W 2K2,416-710-9898,2022-10-07,,,2023-10-12 10:29:57,'2023-10-30 12:42:37'),builder,builder,1,0,0,0,0,0,0,0,0
4589,Alliance Homes Ltd,"6048 Highway 9, Unit 7",Schomberg,Ontario,L0G 1T0,905-761-7086,2022-10-06,alliancehomes.org.uk,,2023-12-09 16:47:29,'2023-10-30 12:42:37'),builder,builder,1,0,0,0,0,0,0,0,0
4591,Dundene Homes,"85 Collier St, Ste 100",Toronto,Ontario,M4W 1M1,416-863-6116,2022-10-05,,,2023-10-12 10:29:58,'2023-10-30 12:42:37'),builder,builder,1,0,0,0,0,0,0,0,0
4594,Streetcar Developments,1230 Dundas St E,Toronto,Ontario,M4M 1S3,416-686-9199,2022-10-03,streetcar.ca,,2023-12-02 13:29:38,'2023-10-30 12:42:37'),builder,builder,1,0,0,0,0,0,0,0,0
4598,Jodamar Properties Ltd,"22131 Bloomfield Rd, RR 3",,,N7M 5J3,,2022-09-22,,,2023-10-12 10:29:58,'2023-10-30 12:42:37'),builder,builder,1,0,0,0,0,0,0,0,0
4605,Originate Developments,"25 Adelaide St E, Ste 600",Toronto,Ontario,M5C 3A1more info: mi.pdf,416-849-2894,2022-09-20,,,2023-10-12 10:29:58,'2023-10-30 12:42:37'),builder,builder,1,0,0,0,0,0,0,0,0
4607,Argo Development Corp,"4900 Palladium Way, Ste 105",Burlington,Ontario,L7M 0W7more info: mi.pdf,905-336-5545,2022-09-15,,,2023-10-12 10:29:58,'2023-10-30 12:42:37'),builder,builder,1,0,0,0,0,0,0,0,0
4609,Alora Homes Ltd,,London,Ontario,N6P 1P9more info: mi.pdf,,2022-09-15,,,2023-10-12 10:29:58,'2023-10-30 12:42:37'),builder,builder,1,0,0,0,0,0,0,0,0
4610,Terra Firma Homes Corp,592 Annette St,Toronto,Ontario,M6S 2C4,416-606-7844,2022-09-13,,,2023-10-12 10:29:58,'2023-10-30 12:42:37'),builder,builder,1,0,0,0,0,0,0,0,0
4611,Markton Properties Ltd,340 Parkdale Ave,,,K1Y 1P2,,2022-09-12,,,2023-10-12 10:29:58,'2023-10-30 12:42:37'),builder,builder,1,0,0,0,0,0,0,0,0
4614,New Horizon Development Group,"3170 Harvester Rd, Ste 200",Burlington,Ontario,L7N 3W8,905-777-0000,2022-09-09,,,2023-10-12 10:29:58,'2023-10-30 12:42:37'),builder,builder,1,0,0,0,0,0,0,0,0
4620,Valvasori Properties,7049 Twenty Rd E,Hannon,Ontario,L0R 1P0,905-961-4771,2022-06-30,,,2023-10-12 10:29:59,'2023-10-30 12:42:37'),builder,builder,1,0,0,0,0,0,0,0,0
4621,Zeina Homes,59 Tews Lane,Dundas,Ontario,L9H 7N4,905-381-4663,2022-06-30,,,2023-10-12 10:29:59,'2023-10-30 12:42:37'),builder,builder,1,0,0,0,0,0,0,0,0
4623,St Anthony Development Group Ltd,126 McGregor Cres,Ancaster,Ontario,L9G 1B5,289-239-9942,2022-06-28,,,2023-10-12 10:29:59,'2023-10-30 12:42:37'),builder,builder,1,0,0,0,0,0,0,0,0
4624,Exquisite Bay Development Inc,"350 Burnhamthorpe Rd W, Ste 215",,,L5K 1T7,,2022-06-24,,,2023-10-12 10:29:59,'2023-10-30 12:42:37'),builder,builder,1,0,0,0,0,0,0,0,0
4628,Fram Building Group,141 Lakeshore Re E,Mississauga,Ontario,L5G 1E8,905-278-0331,2022-06-17,,,2023-10-12 10:29:59,'2023-10-30 12:42:37'),builder,builder,1,0,0,0,0,0,0,0,0
4629,Thomasfield Homes Ltd,295 Southgate Dr,Guelph,Ontario,N1G 3M5,519-836-4332,2022-06-15,,,2023-10-12 10:29:59,'2023-10-30 12:42:37'),builder,builder,1,0,0,0,0,0,0,0,0
4630,Longview Developments Inc,"19 Barbery Place, Unit 109",Toronto,Ontario,M2K 3E3,,2022-06-13,,,2023-10-12 10:29:59,'2023-10-30 12:42:37'),builder,builder,1,0,0,0,0,0,0,0,0
4632,Sphere Developments Inc,"170 Robert Speck Parkway, Ste 302",Mississauga,Ontario,L4Z 3G1,905-744-4545,2022-06-10,,,2023-10-12 10:29:59,'2023-10-30 12:42:37'),builder,builder,1,0,0,0,0,0,0,0,0
4634,IN8 Developments,44 Peter St,St Clements,Ontario,N0B 2M0,519-954-8868,2022-06-08,sagecondos.ca,,2023-12-09 16:46:27,'2023-10-30 12:42:37'),builder,builder,1,0,0,0,0,0,0,0,0
4635,Holland Homes Inc,108 King St E,Bowmanville,Ontario,L1C 1N5,905-419-2723,2022-06-06,hollandhomesllc.com,,2023-12-02 13:27:34,'2023-10-30 12:42:37'),builder,builder,1,0,0,0,0,0,0,0,0
4636,Richcraft Homes Ltd,"2280 St Laurent Blvd, Ste 201",Ottawa,Ontario,K1G 4K1,613-739-7111,2022-06-01,richcraft.com,,2023-12-09 16:46:02,'2023-10-30 12:42:37'),builder,builder,1,0,0,0,0,0,0,0,0
4642,Inverness Homes Inc,,Nepean,Ontario,K2E 8A5,613-831-9111,2022-05-13,,,2023-10-12 10:29:59,'2023-10-30 12:42:37'),builder,builder,1,0,0,0,0,0,0,0,0
4645,Laurel View Homes,,Toronto,Ontario,M3J 3R8,416-635-6663,2022-03-31,laurelviewhomes.com,,2023-12-02 13:11:00,'2023-10-30 12:42:37'),builder,builder,1,0,0,0,0,0,0,0,0
4649,Micor Realty Corp,11511 Weston Rd,Vaughan,Ontario,L3L 0C2,905-832-6000,2022-03-16,misrahirealty.com,,2024-04-16 14:51:54,'2023-10-30 12:42:37'),builder,builder,1,0,0,0,0,0,0,0,0
4651,Thomas Cavanagh Construction Ltd,9094 Cavanagh Rd,Ashton,Ontario,K0A 1B0,613-257-2918,2022-02-22,thomascavanagh.ca,,2023-12-09 16:47:43,'2023-10-30 12:42:37'),builder,builder,1,0,0,0,0,0,0,0,0
4655,Evaya Developments Inc,310 Fairway Rd S,Kitchener,Ontario,N2C 1X0,519-570-2137,2022-01-17,,,2023-10-12 10:30:00,'2023-10-30 12:42:37'),builder,builder,1,0,0,0,0,0,0,0,0
4674,Ros-Bay Developments Inc,"37 Advance Rd, Unit 101",Toronto,Ontario,M8Z 2S6,416-975-4444,2022-11-10,,,2023-10-12 10:30:03,'2023-10-30 12:42:37'),builder,builder,1,0,0,0,0,0,0,0,0
4692,Urbanlink Developments (5205 King) Ltd,15 Ridgegate Place,Stoney Creek Ontario,,L8E 6G1,,2022-10-04,urbanlink.ca,,2023-12-09 16:45:27,'2023-10-30 12:42:37'),builder,builder,1,0,0,0,0,0,0,0,0
4697,Churchterrace Developments Inc,"95 St Clair Ave W, Ste 1600",,,M4V 1N7,,2022-09-27,,,2023-10-12 10:30:04,'2023-10-30 12:42:37'),builder,builder,1,0,0,0,0,0,0,0,0
4699,Smart Living Properties,226 Argyle Ave,Ottawa,Ontario,K2P 1B9,613-244-1551,2022-09-23,,,2023-10-12 10:30:04,'2023-10-30 12:42:37'),builder,builder,1,0,0,0,0,0,0,0,0
4716,Allied Properties,"134 Peter St, Ste 1700",Toronto,Ontario,M5V 2H2,416-977-9002,2022-07-06,esplanade.org,,2024-04-16 14:48:21,'2023-10-30 12:42:37'),builder,builder,1,0,0,0,0,0,0,0,0
4719,Brandhealth Properties Inc,379 George St N,,,K9H 3R2,,2022-07-04,,,2023-10-12 10:30:04,'2023-10-30 12:42:37'),builder,builder,1,0,0,0,0,0,0,0,0
4730,Star-Wol Developments Ltd,361 Green Acres Dr,Waterloo,Ontario,N2K 1Y7,519-651-2650,2022-06-21,,,2023-10-12 10:30:04,'2023-10-30 12:42:37'),builder,builder,1,0,0,0,0,0,0,0,0
4736,Maxx Properties (No 322) Ltd,"45793 Luckakuck Way, Ste 201",,,V2R 5S3,,2022-06-15,,,2023-10-12 10:30:04,'2023-10-30 12:42:37'),builder,builder,1,0,0,0,0,0,0,0,0
4738,194 Sturgeon Falls Development Inc,19 Barnwood Ct,,,M3A 3G2,,2022-06-15,,,2023-10-12 10:30:04,'2023-10-30 12:42:37'),builder,builder,1,0,0,0,0,0,0,0,0
4742,Redpath Properties Ltd,445 Westridge Dr,Kleinburg,Ontario,L0J 1C0,416-925-8319,2022-06-13,,,2023-10-12 10:30:05,'2023-10-30 12:42:37'),builder,builder,1,0,0,0,0,0,0,0,0
4749,Broumas Developments Inc,8630 - 105th St,,,T6E 4H7,,2022-04-28,,,2023-10-12 10:30:05,'2023-10-30 12:42:37'),builder,builder,1,0,0,0,0,0,0,0,0
4761,Canadian Tire Properties Inc,2180 Yonge St,Toronto,Ontario,M4P 2V8,416-480-3000,2022-03-24,plaza.ca,,2023-12-09 16:46:15,'2023-10-30 12:42:37'),builder,builder,1,0,0,0,0,0,0,0,0
4767,Tanem Developments Ltd,137 Frederick St,Kitchener,Ontario,N2H 2M1,519-725-7000,2022-03-01,,,2023-10-12 10:30:05,'2023-10-30 12:42:37'),builder,builder,1,0,0,0,0,0,0,0,0
4780,KMCH Property Inc,513 Speers Rd,Oakville,Ontario,L6K 2G4,,2022-12-29,,,2023-10-12 10:30:07,'2023-10-30 12:42:37'),builder,builder,1,0,0,0,0,0,0,0,0
4787,Mattamy Homes,,Toronto,Ontario,M5K 1G8,416-637-0900,2022-12-13,,,2023-10-12 10:30:08,'2023-10-30 12:42:37'),builder,builder,1,0,0,0,0,0,0,0,0
4792,Solmar Development Corp,122 Romina Dr,Concord,Ontario,L4K 4Z7,905-660-9222,2022-11-30,,,2023-10-12 10:30:08,'2023-10-30 12:42:37'),builder,builder,1,0,0,0,0,0,0,0,0
4794,Yeda Development Corp,"160 East Beaver Creek Rd, Unit 15",Richmond Hill,Ontario,L4B 3L4,,2022-11-18,,,2023-10-12 10:30:08,'2023-10-30 12:42:37'),builder,builder,1,0,0,0,0,0,0,0,0
4836,Southeast Building Corp,"1255 Terwillegar Ave, Unit 202",,,L1J 7A4,,2022-05-30,,,2023-10-12 10:30:08,'2023-10-30 12:42:37'),builder,builder,1,0,0,0,0,0,0,0,0
4849,Linborough Property Corp,"189 Kent St W, Ste 213",Lindsay,Ontario,K9V 5G6,705-324-2185,2022-03-14,,,2023-10-12 10:30:09,'2023-10-30 12:42:37'),builder,builder,1,0,0,0,0,0,0,0,0
4867,BVRBDG Property Corp,18 Robert Ave,Collingwood,Ontario,L9Y 5N5,,2023-06-30,,,2023-10-12 10:30:10,'2023-10-30 12:42:37'),builder,builder,1,0,0,0,0,0,0,0,0
4888,Shree Nilkanth Properties Inc,5500 Ferry St,Niagara Falls,Ontario,L2G 1S4more info: mi.pdf,,2023-05-01,,,2023-10-12 10:30:10,'2023-10-30 12:42:37'),builder,builder,1,0,0,0,0,0,0,0,0
4904,Al-Amir Construction Inc,7 Crimson Gate,Ottawa,Ontario,K1T 1Z6,,2023-01-13,,,2023-10-12 10:30:10,'2023-10-30 12:42:37'),builder,builder,1,0,0,0,0,0,0,0,0
4920,Gatta Properties (8004 Lundy&#039;s Lane) Inc,,,,L0S 1J0,,2023-03-31,,,2023-10-12 10:30:12,'2023-10-30 12:42:37'),builder,builder,1,0,0,0,0,0,0,0,0
4932,Cripps Realty,1 Dufferin St,Cookstown,Ontario,L0L 1L0,705-726-7000,2023-01-13,crippshomes.com,,2023-12-09 16:45:27,'2023-10-30 12:42:37'),builder,builder,1,0,0,0,0,0,0,0,0
4946,"G6 Canada Hospitality Property, Inc",4001 International Pkwy,Carrollton,Texas,USA - 75007,,2022-07-13,,,2023-10-12 10:30:12,'2023-10-30 12:42:37'),builder,builder,1,0,0,0,0,0,0,0,0
4962,GNA Property Iroquois Inc,"418 Iroquois Shore Rd, Unit 203",Oakville,Ontario,L6H 0X7,,2023-07-28,,,2023-10-12 10:30:13,'2023-10-30 12:42:37'),builder,builder,1,0,0,0,0,0,0,0,0
4963,Solmar Development Corp,122 Romina Dr,Concord,Ontario,L4K 4Z7,905-660-9222,2023-07-27,solmarinc.com,,2024-04-16 14:48:12,'2023-10-30 12:42:37'),builder,builder,1,0,0,0,0,0,0,0,0
4969,Integrated Development (International) Ltd,3420 Bayview Ave,,,M2M 3S3,,2023-07-14,,,2023-10-12 10:30:13,'2023-10-30 12:42:37'),builder,builder,1,0,0,0,0,0,0,0,0
4984,Century 21 BJ Roth Realty Ltd,"355 Bayfield St, Unit 5",Barrie,Ontario,L4M 3C3,705-721-9111,2023-07-04,,,2023-10-12 10:30:13,'2023-10-30 12:42:37'),builder,builder,1,0,0,0,0,0,0,0,0
4987,Tanem Properties Ltd,"4391 King St E, Unit 2",,,N2P 2G1,,2023-06-30,,,2023-10-12 10:30:14,'2023-10-30 12:42:37'),builder,builder,1,0,0,0,0,0,0,0,0
4997,Polenta Properties Inc,"337 Queen St W, 2nd Flr",Toronto,Ontario,M5V 2A4,,2023-06-28,,,2023-10-12 10:30:14,'2023-10-30 12:42:37'),builder,builder,1,0,0,0,0,0,0,0,0
5001,Mabel Walker Development Corp,69 Dalmatian Cres,Toronto,Ontario,M1C 4W7,,2023-06-21,,,2023-10-12 10:30:14,'2023-10-30 12:42:37'),builder,builder,1,0,0,0,0,0,0,0,0
5007,K.I.B. Building Restoration Inc,5320 Bradco Blvd,Mississauga,Ontario,L4W 1G7,905-614-0002,2023-06-15,,,2023-10-12 10:30:14,'2023-10-30 12:42:37'),builder,builder,1,0,0,0,0,0,0,0,0
5016,Clinic Buildings (1979) Ltd,117 King St E,,,L1H 12B9,,2023-05-31,,,2023-10-12 10:30:14,'2023-10-30 12:42:37'),builder,builder,1,0,0,0,0,0,0,0,0
5030,Dolyn Developments Inc,888 Lady Ellen Place,,,K1Z 5L5,,2023-05-18,,,2023-10-12 10:30:14,'2023-10-30 12:42:37'),builder,builder,1,0,0,0,0,0,0,0,0
5050,Rousseau Property Maintenance,4150 Britannia Rd,Burlington,Ontario,L7M 0S2,905-691-6000,2023-05-03,,,2023-10-12 10:30:14,'2023-10-30 12:42:37'),builder,builder,1,0,0,0,0,0,0,0,0
5074,Topnotch Building Maintenance,"2450 Dunwin Dr, Unit 6",Mississauga,Ontario,L5L 1J9more info: mi.pdf,905-608-8989,2023-02-15,,,2023-10-12 10:30:15,'2023-10-30 12:42:37'),builder,builder,1,0,0,0,0,0,0,0,0
5086,WC Properties Inc,6961 McKeown Dr,,,K4P 1A2,,2023-01-19,,,2023-10-12 10:30:15,'2023-10-30 12:42:37'),builder,builder,1,0,0,0,0,0,0,0,0
5092,Sheldon Court Realty Inc,5926 Chercover Ct,Burlington,Ontario,L7L 6T1more info: mi.pdf,,2023-01-18,,,2023-10-12 10:30:15,'2023-10-30 12:42:37'),builder,builder,1,0,0,0,0,0,0,0,0
5095,Shoppers Realty Inc,1 President&#039;s Choice Circle,Brampton,Ontario,L6Y 5S5,905-459-2500,2023-01-18,loblaw.ca,,2023-12-09 16:47:24,'2023-10-30 12:42:37'),builder,builder,1,0,0,0,0,0,0,0,0
5103,Dunpar Homes,41460 Ontario Inc&amp;nbsp; &amp;nbsp; &amp;nbsp;416-236-9800,Toronto,Ontario,M8Z 2X3,416-236-9800,2023-01-11,dunpar.ca,,2023-12-02 13:13:02,'2023-10-30 12:42:37'),builder,builder,1,0,0,0,0,0,0,0,0
5147,Catau Construction Ltd,25 White Ave,,,M1C 1P1,,2022-09-29,,,2023-10-12 10:30:16,'2023-10-30 12:42:37'),builder,builder,1,0,0,0,0,0,0,0,0
5155,MG Properties Ltd,539 Riverbend Dr,,,N2K 3S3,,2022-08-02,,,2023-10-12 10:30:16,'2023-10-30 12:42:37'),builder,builder,1,0,0,0,0,0,0,0,0
5167,Ronmar Properties Inc,193 Codsell Ave,North York,Ontario,M3H 3W5,905-270-3357,2022-07-04,,,2023-10-12 10:30:16,'2023-10-30 12:42:37'),builder,builder,1,0,0,0,0,0,0,0,0
5168,Tottenham Executive Building Inc,87 Cedarholme Ave,,,L7C 3T2,,2022-06-30,,,2023-10-12 10:30:16,'2023-10-30 12:42:37'),builder,builder,1,0,0,0,0,0,0,0,0
5170,Barfoot Property Services Ltd,181 Groh Ave,,,N3C 1Y8,,2022-06-30,,,2023-10-12 10:30:16,'2023-10-30 12:42:37'),builder,builder,1,0,0,0,0,0,0,0,0
5175,Cedar City Developments,"124 Merton St, Ste 502",Toronto,Ontario,M4S 2Z2,416-306-9900,2022-06-24,,,2023-10-12 10:30:16,'2023-10-30 12:42:37'),builder,builder,1,0,0,0,0,0,0,0,0
5177,Westdale Properties,35 Lesmill Rd,Toronto,Ontario,M3B 2T3,416-703-1877,2022-06-16,,,2023-10-12 10:30:16,'2023-10-30 12:42:37'),builder,builder,1,0,0,0,0,0,0,0,0
5183,Newgen Property Ventures Ltd,3015 Jean-Gascon St,,,H4R 2X8,,2022-05-18,,,2023-10-12 10:30:17,'2023-10-30 12:42:37'),builder,builder,1,0,0,0,0,0,0,0,0
5194,Ian Cook Construction Ltd,"169 Lexington Ct, Unit B1",Waterloo,Ontario,N2J 4R3,519-746-6244,2022-03-02,,,2023-10-12 10:30:17,'2023-10-30 12:42:37'),builder,builder,1,0,0,0,0,0,0,0,0
5201,Urban Growth Developments Inc,9 Junetown Circle,Brampton,Ontario,L6X 0X6,,2022-02-23,,,2023-10-12 10:30:17,'2023-10-30 12:42:37'),builder,builder,1,0,0,0,0,0,0,0,0
5214,Finoro Developments Inc,"66 Arrow Rd, Unit 6",Guelph,Ontario,N1K 1T4,,2023-01-31,,,2023-10-12 10:30:23,'2023-10-30 12:42:37'),builder,builder,1,0,0,0,0,0,0,0,0
5226,Sean Mason Homes (Bayfield) Inc,"3100 Steeles Ave E, Ste 718",Markham,Ontario,L3R 8T3,,2023-01-31,,,2023-10-12 10:30:23,'2023-10-30 12:42:37'),builder,builder,1,0,0,0,0,0,0,0,0
5227,Palmyra Development Ltd,15 Applemore Rd,,,M1B 1R7,,2023-01-31,,,2023-10-12 10:30:23,'2023-10-30 12:42:37'),builder,builder,1,0,0,0,0,0,0,0,0
5232,Ten Lightbeam Property Inc,"1585 Britannia Rd E, Unit F10",Mississauga,Ontario,L4W 2M4,,2023-01-31,,,2023-10-12 10:30:23,'2023-10-30 12:42:37'),builder,builder,1,0,0,0,0,0,0,0,0
5247,Ibrans Developments Ltd,4 Honour Oak Cres,Brampton,Ontario,L6Y 2Y4,289-752-4963,2023-01-27,,,2023-10-12 10:30:23,'2023-10-30 12:42:37'),builder,builder,1,0,0,0,0,0,0,0,0
5262,Sandleaf Developments Inc,36 Bowan Ct,,,M2K 3A7,,2023-01-25,,,2023-10-12 10:30:24,'2023-10-30 12:42:37'),builder,builder,1,0,0,0,0,0,0,0,0
5263,Scottwood Developments Inc,"45 Southport St, Ste 1106",Toronto,Ontario,M6S 3N5,416-570-4755,2023-01-25,,,2023-10-12 10:30:24,'2023-10-30 12:42:37'),builder,builder,1,0,0,0,0,0,0,0,0
5291,Gold Ribbon Homes,"5400 Yonge St, Ste 403",Toronto,Ontario,M2N 5R5,416-623-1321,2023-01-19,goldribbonhomes.com,,2023-12-02 13:55:57,'2023-10-30 12:42:37'),builder,builder,1,0,0,0,0,0,0,0,0
5308,Wrighthaven Homes Ltd,,,,,,2023-01-18,,,2023-10-12 10:30:24,'2023-10-30 12:42:37'),builder,builder,1,0,0,0,0,0,0,0,0
5312,Ripple Developments,,Concord,Ontario,L4K 4M3,416-520-8840,2023-01-17,rippleeffect.com,,2024-04-16 14:51:00,'2023-10-30 12:42:37'),builder,builder,1,0,0,0,0,0,0,0,0
5319,Arista Homes Ltd,600 Applewood Cres,Vaughan,Ontario,L4K 4B4,905-660-5000,2023-01-16,,,2023-10-12 10:30:24,'2023-10-30 12:42:37'),builder,builder,1,0,0,0,0,0,0,0,0
5321,Dehaan Homes Inc,"704 Canboro Rd, Ste 204",Fonthill,Ontario,L0S 1C0,905-892-6518,2023-01-16,dehaanhomes.com,,2023-12-09 16:45:27,'2023-10-30 12:42:37'),builder,builder,1,0,0,0,0,0,0,0,0
5334,GRMR Woodlands Development Inc,62 Romeo Cres,,,L4L 7A1,,2023-01-16,,,2023-10-12 10:30:25,'2023-10-30 12:42:37'),builder,builder,1,0,0,0,0,0,0,0,0
5357,Glenview Homes (Cedarview) Ltd,"190 O&#039;Connor St, 11th Flr",,,K2P 2R3,,2023-01-12,,,2023-10-12 10:30:25,'2023-10-30 12:42:37'),builder,builder,1,0,0,0,0,0,0,0,0
5365,Gebnell Properties (Queen) Ltd,"1132 Bay St, PH 1",,,M5S 2Z4,,2023-01-11,,,2023-10-12 10:30:25,'2023-10-30 12:42:37'),builder,builder,1,0,0,0,0,0,0,0,0
5372,GV Building Ontario Inc,"2565 Steeles Ave E, Unit 40",Brampton,Ontario,L6T 4L6,,2023-01-11,,,2023-10-12 10:30:25,'2023-10-30 12:42:37'),builder,builder,1,0,0,0,0,0,0,0,0
5392,Woodland Homes,319 College Ave,Oshawa,Ontario,L1H 7K8,905-723-1191,2023-01-06,woodlundhomes.com,,2023-12-02 13:57:02,'2023-10-30 12:42:37'),builder,builder,1,0,0,0,0,0,0,0,0
5412,Bloor-Madison Realty Inc,,,,M2N 6K8,,2023-01-31,bloor-yorkville.com,,2023-12-02 13:12:31,'2023-10-30 12:42:37'),builder,builder,1,0,0,0,0,0,0,0,0
5414,Forever Homes,1956 Mallard Rd,London,Ontario,N6H 5M1,519-686-3075,2023-01-31,,,2023-10-12 10:30:26,'2023-10-30 12:42:37'),builder,builder,1,0,0,0,0,0,0,0,0
5435,Gatcombe Medallion Properties Inc,"10651 Keele St, Unit 1",,,L6A 3Y9,,2023-01-18,,,2023-10-12 10:30:26,'2023-10-30 12:42:37'),builder,builder,1,0,0,0,0,0,0,0,0
5444,North Bathurst Developments Ltd,"1120 Finch Ave W, Ste 100",,,M3J 1H7,,2023-01-16,,,2023-10-12 10:30:26,'2023-10-30 12:42:37'),builder,builder,1,0,0,0,0,0,0,0,0
5445,Liberty Development Corp,"3601 Highway 7 E, Ste 401",Markham,Ontario,M3R 0M3,647-642-6636,2023-01-16,libertydevelopment.ca,,2023-12-08 11:58:19,'2023-10-30 12:42:37'),builder,builder,1,0,0,0,0,0,0,0,0
5446,Greycan 6 Properties GP Inc,"185 The West Mall, Ste 860",Toronto,Ontario,M9C 5L5,416-915-1970,2023-01-16,,,2023-10-12 10:30:26,'2023-10-30 12:42:37'),builder,builder,1,0,0,0,0,0,0,0,0
5449,TCU Developments,"150 Isabella St, Ste 1207",Ottawa,Ontario,K1S 5P7,613-680-5582,2023-01-16,,,2023-10-12 10:30:26,'2023-10-30 12:42:37'),builder,builder,1,0,0,0,0,0,0,0,0
5475,Gladstone Property Inc,"4977 Gladstone Dr, RR 1",Mossley,Ontario,N0L 1V0,,2023-03-31,gladstonecommercial.com,,2023-12-09 16:45:28,'2023-10-30 12:42:37'),builder,builder,1,0,0,0,0,0,0,0,0
5520,Canvas Developments,"100 Strada Dr, Unit 1",Woodbridge,Ontario,L4L 5V7,905-264-8001,2023-03-29,,,2023-10-12 10:30:32,'2023-10-30 12:42:37'),builder,builder,1,0,0,0,0,0,0,0,0
5526,Chemy Development Inc,"45 Sheppard Ave, Ste 703",,,M2N 5W9,,2023-03-27,,,2023-10-12 10:30:32,'2023-10-30 12:42:37'),builder,builder,1,0,0,0,0,0,0,0,0
5528,Queensville Properties Development Corp,"30 Floral Parkway, Ste 300",,,L4K 4R1,,2023-03-27,,,2023-10-12 10:30:32,'2023-10-30 12:42:37'),builder,builder,1,0,0,0,0,0,0,0,0
5529,Lakeview Homes,200 Bridgeland Ave,Toronto,Ontario,M6A 1Z4,416-785-8172,2023-03-27,,,2023-10-12 10:30:32,'2023-10-30 12:42:37'),builder,builder,1,0,0,0,0,0,0,0,0
5535,Webster Boulevard Developments Inc,6 Willowbrook Rd,Toronto,Ontario,M8Z 4A7,,2023-03-24,,,2023-10-12 10:30:32,'2023-10-30 12:42:37'),builder,builder,1,0,0,0,0,0,0,0,0
5540,Loblaw Properties West Inc,1 Presidents Choice Circle,Brampton,Ontario,L6Y 5S5,905-459-2500,2023-03-22,,,2023-10-12 10:30:32,'2023-10-30 12:42:37'),builder,builder,1,0,0,0,0,0,0,0,0
5545,Falsetto Homes Inc,52 Sullivan Ave,Ottawa,Ontario,K2G 1V2,613-324-3570,2023-03-17,,,2023-10-12 10:30:32,'2023-10-30 12:42:37'),builder,builder,1,0,0,0,0,0,0,0,0
5555,Franton Homes ,396 Chrislea Rd,Woodbridge,Ontario,L4L 8A8,905-265-0540,2023-03-15,,,2023-10-12 10:30:32,'2023-10-30 12:42:37'),builder,builder,1,0,0,0,0,0,0,0,0
5562,JPD Properties Inc,7 Sir Williams Lane,Toronto,Ontario,M9A 1T8,416-531-7857,2023-03-10,,,2023-10-12 10:30:32,'2023-10-30 12:42:37'),builder,builder,1,0,0,0,0,0,0,0,0
5569,SWJ Realty Inc,14 Steeplechase Ave,Aurora,Ontario,L4G 6W4,,2023-03-07,,,2023-10-12 10:30:32,'2023-10-30 12:42:37'),builder,builder,1,0,0,0,0,0,0,0,0
5570,William Properties Inc,33 Lake Gate Dr,,,L8E 3T7,,2023-03-07,,,2023-10-12 10:30:32,'2023-10-30 12:42:37'),builder,builder,1,0,0,0,0,0,0,0,0
5571,Kerivan Properties Inc,10 Kerivan Ct,Stoney Creek,Ontario,L8E 5P6,,2023-03-07,,,2023-10-12 10:30:32,'2023-10-30 12:42:37'),builder,builder,1,0,0,0,0,0,0,0,0
5574,Losani Homes (Glen Echo) Ltd,"430 McNeilly Rd, Ste 203",Stoney Creek,Ontario,L8E 5E3more info: mi.pdf,905-561-1700,2023-03-06,,,2023-10-12 10:30:32,'2023-10-30 12:42:37'),builder,builder,1,0,0,0,0,0,0,0,0
5575,Country Wide Homes Upper,1500 Highway No 7,Concord,Ontario,L4K 5Y4,905-907-1500,2023-03-03,,,2023-10-12 10:30:32,'2023-10-30 12:42:37'),builder,builder,1,0,0,0,0,0,0,0,0
5576,Con-Elco Utility Contractors,200 Bradwick Dr,Concord,Ontario,L4K 1K8,416-798-7150,2023-03-03,,,2023-10-12 10:30:32,'2023-10-30 12:42:37'),builder,builder,1,0,0,0,0,0,0,0,0
5582,Brandt Properties Ltd,,Regina,Saskatchewan,S4P 3R8,306-791-3333,2023-03-02,,,2023-10-12 10:30:32,'2023-10-30 12:42:37'),builder,builder,1,0,0,0,0,0,0,0,0
5593,Recchia Developments Inc,,Ancaster,Ontario,L9G 4W5,,2023-03-01,,,2023-10-12 10:30:32,'2023-10-30 12:42:37'),builder,builder,1,0,0,0,0,0,0,0,0
5594,Corstate Developments Inc,,,,L4G 5V2,,2023-03-01,,,2023-10-12 10:30:32,'2023-10-30 12:42:37'),builder,builder,1,0,0,0,0,0,0,0,0
5615,Mosaik Homes,8800 Jane St,Vaughan,Ontario,L4K 2M9,905-738-6444,2023-02-22,,,2023-10-12 10:30:33,'2023-10-30 12:42:37'),builder,builder,1,0,0,0,0,0,0,0,0
5616,Beedie ON (Boundary Road) Property Ltd,3030 Gilmore Diversion,Burnaby,BC,V5G 3B4,604-435-3321,2023-02-22,,,2023-10-12 10:30:33,'2023-10-30 12:42:37'),builder,builder,1,0,0,0,0,0,0,0,0
5618,Menzies Developers Inc,,,,K0L 1Z0,,2023-02-22,,,2023-10-12 10:30:33,'2023-10-30 12:42:37'),builder,builder,1,0,0,0,0,0,0,0,0
5619,HBNG (Norwood) Developments Inc,161 Trade Valley Dr,Vaughan,Ontario,L4H 3N6,905-738-8640,2023-02-22,,,2023-10-12 10:30:33,'2023-10-30 12:42:37'),builder,builder,1,0,0,0,0,0,0,0,0
5637,Silver Oak Developers Inc,"20 Maritime Ontario Blvd, Ste 215",Brampton,Ontario,L6S 0E7,,2023-02-14,,,2023-10-12 10:30:33,'2023-10-30 12:42:37'),builder,builder,1,0,0,0,0,0,0,0,0
5639,4208 Dundas Development GP Inc,17 Nelson St,,,M5V 0G2,,2023-02-13,,,2023-10-12 10:30:33,'2023-10-30 12:42:37'),builder,builder,1,0,0,0,0,0,0,0,0
5641,Northland Properties Corp,"1755 West Broadway, Ste 310",Vancouver,BC,V6J 4S5,604-730-6610,2023-02-13,northlandresidential.com,,2024-06-03 19:46:46,'2023-10-30 12:42:37'),builder,builder,1,0,0,0,0,0,0,0,0
5642,Hallman Construction Ltd,20 Crestview Place,Kitchener,Ontario,N2B 0A2,519-744-6353,2023-02-13,,,2023-10-12 10:30:33,'2023-10-30 12:42:37'),builder,builder,1,0,0,0,0,0,0,0,0
5656,Minova Developments Inc,361 Four Valley Dr,,,L4K 5Z3,,2023-02-06,,,2023-10-12 10:30:33,'2023-10-30 12:42:37'),builder,builder,1,0,0,0,0,0,0,0,0
5660,Glenview Homes,"190 O&#039;Connor St, 11th Flr",Ottawa,Ontario,K2P 2R3more info: mi.pdf,613-748-3700,2023-02-06,,,2023-10-12 10:30:33,'2023-10-30 12:42:37'),builder,builder,1,0,0,0,0,0,0,0,0
5672,Sky Property Group,1 Steeles Ave E,Toronto,Ontario,M2M 3Y2,416-228-0000,2023-02-01,,,2023-10-12 10:30:34,'2023-10-30 12:42:37'),builder,builder,1,0,0,0,0,0,0,0,0
5674,Brad J Lamb Realty,778 King St W,Toronto,Ontario,M5V 1N6,416-368-5262,2023-01-31,,,2023-10-12 10:30:34,'2023-10-30 12:42:37'),builder,builder,1,0,0,0,0,0,0,0,0
5685,Landric Homes Inc,"1173 Cyrville Rd, Ste 202",Ottawa,Ontario,K1J 7S6,,2023-01-30,landrichomes.com,,2023-12-02 13:27:42,'2023-10-30 12:42:37'),builder,builder,1,0,0,0,0,0,0,0,0
5686,New Horizon Development Group,"3170 Harvester Rd, Ste 200",Burlington,Ontario,L7N 3W8,905-777-0000,2023-01-26,nhdg.ca,,2023-12-09 16:46:59,'2023-10-30 12:42:37'),builder,builder,1,0,0,0,0,0,0,0,0
5693,13 Goddard Developments Corp,140-142 Ryding Ave,,,M6N 1H2,,2023-01-23,,,2023-10-12 10:30:34,'2023-10-30 12:42:37'),builder,builder,1,0,0,0,0,0,0,0,0
5704,HCHG Developments Inc,8500 Warden Ave,Markham,Ontario,L6G 1A5,,2023-01-17,,,2023-10-12 10:30:34,'2023-10-30 12:42:37'),builder,builder,1,0,0,0,0,0,0,0,0
5707,Sunnycrest Nursing Homes Ltd,3581 Devitts Rd,,,L0B 1B0,,2023-01-16,,,2023-10-12 10:30:34,'2023-10-30 12:42:37'),builder,builder,1,0,0,0,0,0,0,0,0
5713,Dunpar Homes,41460 Ontario Inc&amp;nbsp; &amp;nbsp; &amp;nbsp;416-236-9800,Toronto,Ontario,M8Z 2X3,416-236-9800,2023-01-12,,,2023-10-12 10:30:34,'2023-10-30 12:42:37'),builder,builder,1,0,0,0,0,0,0,0,0
5720,Stokegrove Developments Inc,"1815 Ironstone Manor, Unit 1",,,L1W 3W9,,2023-01-10,,,2023-10-12 10:30:35,'2023-10-30 12:42:37'),builder,builder,1,0,0,0,0,0,0,0,0
5721,Petcon Realty Corp,2504 Binder Cres,Oldcastle,Ontario,N0R 1L0,519-737-1292,2023-01-10,,,2023-10-12 10:30:35,'2023-10-30 12:42:37'),builder,builder,1,0,0,0,0,0,0,0,0
5728,Losani Homes (1998) Ltd,"430 McNeilly Rd, Ste 203",Stoney Creek,Ontario,L8E 5E3,905-561-1700,2023-01-03,losanihomes.com,,2023-12-02 14:05:58,'2023-10-30 12:42:37'),builder,builder,1,0,0,0,0,0,0,0,0
5770,Pave Krete Construction,"69 Ram Forest Rd, Unit 2",Stouffville,Ontario,L4A 2G7,905-727-5555,2023-05-01,,,2023-10-12 10:30:35,'2023-10-30 12:42:37'),builder,builder,1,0,0,0,0,0,0,0,0
5779,Terden Construction Inc,"196 Blueski George Cres, Unit 70",,,L9Y 0V7,,2023-03-28,,,2023-10-12 10:30:36,'2023-10-30 12:42:37'),builder,builder,1,0,0,0,0,0,0,0,0
5791,PFM3 Properties Inc,118 Dawlish Ave,Toronto,Ontario,M4N 1H3more info: mi.pdf,,2023-03-02,,,2023-10-12 10:30:36,'2023-10-30 12:42:37'),builder,builder,1,0,0,0,0,0,0,0,0
5801,Metrus Developments,"30 Floral Pkwy, Ste 300",Concord,Ontario,L4K 4R1,905-669-9714,2023-06-05,,,2023-10-12 10:30:38,'2023-10-30 12:42:37'),builder,builder,1,0,0,0,0,0,0,0,0
5814,Pilen Construction of Canada Ltd,22 Cadetta Rd,Brampton,Ontario,L6P 0X4,905-794-0752,2023-05-04,,,2023-10-12 10:30:38,'2023-10-30 12:42:37'),builder,builder,1,0,0,0,0,0,0,0,0
5823,Berkshire Axis Development,,Toronto,Ontario,M3B 2R2,416-485-7860,2023-09-08,,,2023-10-12 10:30:40,'2023-10-30 12:42:37'),builder,builder,1,0,0,0,0,0,0,0,0
5825,KS Cambridge Properties Inc,40 King St W,Toronto,Ontario,M5H 3Y2,416-687-6700,2023-09-07,,,2023-10-12 10:30:40,'2023-10-30 12:42:37'),builder,builder,1,0,0,0,0,0,0,0,0
5834,Chana Properties Inc,15 Spain Cres,,,L6P 4G8,,2023-07-26,,,2023-10-12 10:30:40,'2023-10-30 12:42:37'),builder,builder,1,0,0,0,0,0,0,0,0
5840,Hawkestone Properties Inc,3450 Hawkestone Rd,MIssissauga,Ontario,L5C 2V1more info: mi.pdf,,2023-07-18,,,2023-10-12 10:30:40,'2023-10-30 12:42:37'),builder,builder,1,0,0,0,0,0,0,0,0
5842,Yvon Building Supply Burlington,4331 Mainway,Burlington,Ontario,L7L 5N9,905-635-8700,2023-07-12,,,2023-10-12 10:30:40,'2023-10-30 12:42:37'),builder,builder,1,0,0,0,0,0,0,0,0
5881,JPD Properties Rivermede Inc,7 Sir Williams Lane,Toronto,Ontario,M9A 1T8,416-531-7857,2023-06-01,,,2023-10-12 10:30:41,'2023-10-30 12:42:37'),builder,builder,1,0,0,0,0,0,0,0,0
5891,Miller Carmichael Properties Inc,3822 Avenue De Courtai,Montreal,Quebec,H3S 1C1,514-735-4366,2023-05-24,,,2023-10-12 10:30:41,'2023-10-30 12:42:37'),builder,builder,1,0,0,0,0,0,0,0,0
5905,St Jude Community Homes,431 Dundas St E,Toronto,Ontario,M5A 2B1,416-359-9241,2023-09-08,,,2023-10-12 10:30:44,'2023-10-30 12:42:37'),builder,builder,1,0,0,0,0,0,0,0,0
5922,Geranium Toronto Building Ltd,"181 Univesity Ave, Ste 2200",Toronto,Ontario,M5H 3M7,,2023-07-28,,,2023-10-12 10:30:44,'2023-10-30 12:42:37'),builder,builder,1,0,0,0,0,0,0,0,0
5932,WJ Properties,"7 St Denis Dr, Ste 101",Toronto,Ontario,M3C 1E4,416-429-6555,2023-07-21,wjproperties.ca,,2023-12-02 13:17:48,'2023-10-30 12:42:37'),builder,builder,1,0,0,0,0,0,0,0,0
5936,Kanitz Properties Ltd,61 Mathersfield Dr,,,M4W 3W4,,2023-07-18,,,2023-10-12 10:30:44,'2023-10-30 12:42:37'),builder,builder,1,0,0,0,0,0,0,0,0
5980,8 King Street Realty Inc,3223 Berkshire Lane,Burlington,Ontario,L7M 3Z1,,2023-06-01,,,2023-10-12 10:30:45,'2023-10-30 12:42:37'),builder,builder,1,0,0,0,0,0,0,0,0
5985,Bodean Properties Ltd,840 Siderd 15 Arran,,,N0H 2N0,,2023-05-31,,,2023-10-12 10:30:45,'2023-10-30 12:42:37'),builder,builder,1,0,0,0,0,0,0,0,0
5998,Diamond Luxury Developments,"2000 Argentia Rd, Ste 230",Mississauga,Ontario,L5N 1W1,905-813-0537,2023-05-10,,,2023-10-12 10:30:45,'2023-10-30 12:42:37'),builder,builder,1,0,0,0,0,0,0,0,0
5999,Mmashara Development Corporation Ltd,250 Sandridge Rd,,,K1L 5A2,,2023-05-09,,,2023-10-12 10:30:45,'2023-10-30 12:42:37'),builder,builder,1,0,0,0,0,0,0,0,0
6001,Bravo Construction Ltd,566 Howey Dr,Sudbury,Ontario,P3B 1G6,705-626-2334,2023-05-08,,,2023-10-12 10:30:45,'2023-10-30 12:42:37'),builder,builder,1,0,0,0,0,0,0,0,0
6015,Katvyn Properties Inc,"6-295 Queen St E, Ste 408",,,L6W 4S6,,2023-03-31,,,2023-10-12 10:30:46,'2023-10-30 12:42:37'),builder,builder,1,0,0,0,0,0,0,0,0
6022,JCD Property Ltd,72 De Vere Gardens,,,M5M 3E9,,2023-03-24,,,2023-10-12 10:30:46,'2023-10-30 12:42:37'),builder,builder,1,0,0,0,0,0,0,0,0
6035,Smart Living Properties,266 Argyle Ave,Ottawa,Ontario,K2P 1B9,613-244-1551,2023-03-03,,,2023-10-12 10:30:46,'2023-10-30 12:42:37'),builder,builder,1,0,0,0,0,0,0,0,0
6057,Bailey Developments Inc,632 Ireland Rd,,,N3Y 4K2,,2023-06-07,,,2023-10-12 10:30:47,'2023-10-30 12:42:37'),builder,builder,1,0,0,0,0,0,0,0,0
6058,Muse Properties Ltd,17 Main St N,Waterdown,Ontario,L0R 2H0,905-635-7159,2023-06-07,dickinson-wright.com,,2023-12-02 13:48:04,'2023-10-30 12:42:37'),builder,builder,1,0,0,0,0,0,0,0,0
6066,Moira West Properties Ltd,5745 Atlantic Dr,Mississauga,Ontario,L4W 1H3,,2023-05-31,,,2023-10-12 10:30:47,'2023-10-30 12:42:37'),builder,builder,1,0,0,0,0,0,0,0,0
6069,Spruce Street Properties Inc,9055 Gay St,,,V1M 2S4,,2023-05-16,,,2023-10-12 10:30:47,'2023-10-30 12:42:37'),builder,builder,1,0,0,0,0,0,0,0,0
6097,Arvia Developments 21 Inc,22295 Hoskins Lane,Rodney,Ontario,N0L 2C0,,2023-06-21,,,2023-10-12 10:30:52,'2023-10-30 12:42:37'),builder,builder,1,0,0,0,0,0,0,0,0
6109,Pauline Development Inc,521 Cranbrooke Ave,Toronto,Ontario,M5M 1N9,,2023-05-29,,,2023-10-12 10:30:52,'2023-10-30 12:42:37'),builder,builder,1,0,0,0,0,0,0,0,0
6124,Taggart Realty Management,,,,K2P 1P9,613-234-7000,2023-07-26,,,2023-10-12 10:30:53,'2023-10-30 12:42:37'),builder,builder,1,0,0,0,0,0,0,0,0
6140,LCH Developments,2229 Kingston Rd,Toronto,Ontario,M1N 1T8more info: mi.pdf,647-478-7987,2023-06-30,,,2023-10-12 10:30:53,'2023-10-30 12:42:37'),builder,builder,1,0,0,0,0,0,0,0,0
6143,Marozi Developments Inc,974 Sierra Blvd,Mississauga,Ontario,L4Y 2E5,,2023-06-26,,,2023-10-12 10:30:53,'2023-10-30 12:42:37'),builder,builder,1,0,0,0,0,0,0,0,0
6147,Perimeter Development Corp,"119 King St W, Ste 200",Kitchener,Ontario,N2G 1A7,519-745-3800,2023-06-19,,,2023-10-12 10:30:54,'2023-10-30 12:42:37'),builder,builder,1,0,0,0,0,0,0,0,0
6160,Losani Homes,"430 McNeilly Rd, Ste 203",Stoney Creek,Ontario,L8E 5E3more info: mi.pdf,905-561-1700,2023-05-25,losanihomes.com,,2023-12-02 13:27:17,'2023-10-30 12:42:37'),builder,builder,1,0,0,0,0,0,0,0,0
6165,Cirrus Developments Ltd,4090 Carriage Rd,,,N0L 1E0,,2023-03-31,,,2023-10-12 10:30:54,'2023-10-30 12:42:37'),builder,builder,1,0,0,0,0,0,0,0,0
6166,Banman Developments Inc,73 Kirk Dr,London,Ontario,N6P 1C9,519-913-2470,2023-03-31,,,2023-10-12 10:30:54,'2023-10-30 12:42:37'),builder,builder,1,0,0,0,0,0,0,0,0
6177,Clinton Green Developments Inc,"2255 Dundas St W, Ste 207",Mississauga,Ontario,L5K 1R6,,2023-03-21,chelmsford.gov.uk,,2024-04-16 14:48:51,'2023-10-30 12:42:37'),builder,builder,1,0,0,0,0,0,0,0,0
6178,Elite Developments,"3410 South Service Rd, Ste 102",Burlington,Ontario,L7N 3T2,289-816-1024,2023-03-20,,,2023-10-12 10:30:54,'2023-10-30 12:42:37'),builder,builder,1,0,0,0,0,0,0,0,0
6179,BCP Developments 1 Inc,18 Collier St,,,L4M 1G6,,2023-03-01,,,2023-10-12 10:30:54,'2023-10-30 12:42:37'),builder,builder,1,0,0,0,0,0,0,0,0
6185,Lepha Properties Inc,"2 Campbell Dr, Ste 713",,,L3P 0A3,,2023-07-20,,,2023-10-12 10:30:59,'2023-10-30 12:42:37'),builder,builder,1,0,0,0,0,0,0,0,0
6186,Oxnard Developments Group,"9140 Leslie St, Unit 210",Richmond Hill,Ontario,L4B 0A9,905-762-9200,2023-07-20,,,2023-10-12 10:30:59,'2023-10-30 12:42:37'),builder,builder,1,0,0,0,0,0,0,0,0
6187,Paradise Developments,1 Herons Hill Way,Toronto,Ontario,M2J 0G2,416-756-1972,2023-07-19,,,2023-10-12 10:30:59,'2023-10-30 12:42:37'),builder,builder,1,0,0,0,0,0,0,0,0
6190,Spacebuilders Ottawa Ltd,345C Laurier St,Rockland,Ontario,K4K 1G2,613-446-4063,2023-07-13,,,2023-10-12 10:30:59,'2023-10-30 12:42:37'),builder,builder,1,0,0,0,0,0,0,0,0
6191,Cardel Homes Inc,"301 Moodie Dr, Ste 100",Ottawa Ontario,,K2H 5A8,613-820-1959,2023-07-13,,,2023-10-12 10:30:59,'2023-10-30 12:42:37'),builder,builder,1,0,0,0,0,0,0,0,0
6192,Silvestri Homes Inc,900 Gorton Ave,Burlington,Ontario,L7T 1S3,905-631-2855,2023-07-12,,,2023-10-12 10:30:59,'2023-10-30 12:42:37'),builder,builder,1,0,0,0,0,0,0,0,0
6194,Meadowlily Developments Inc,"255 Duncan Mill Rd, Ste 203",Toronto,Ontario,M3B 3H9more info: mi.pdf,,2023-07-07,,,2023-10-12 10:30:59,'2023-10-30 12:42:37'),builder,builder,1,0,0,0,0,0,0,0,0
6196,Zancor Homes (Caledon) Ltd,221 North Rivermede Rd,Concord,Ontario,L4K 1H3,905-738-7010,2023-06-23,,,2023-10-12 10:30:59,'2023-10-30 12:42:37'),builder,builder,1,0,0,0,0,0,0,0,0
6197,Fernbrook Homes (McLaughlin One) Ltd,"2220 Highway 7, Unit 5",Concord,Ontario,L4K 1W7,416-667-0447,2023-06-22,,,2023-10-12 10:30:59,'2023-10-30 12:42:37'),builder,builder,1,0,0,0,0,0,0,0,0
6203,Pristine Homes (Belle Aire) Inc,"242 Applewood Cres, Unit 2",Concord,Ontario,L4K 4E5more info: mi.pdf,905-738-4994,2023-06-22,,,2023-10-12 10:30:59,'2023-10-30 12:42:37'),builder,builder,1,0,0,0,0,0,0,0,0
6212,Fernbrook Homes (Sunnidale 2021) Ltd,"2220 Highway 7 W, Unit 5",Concord,Ontario,L4K 1W7more info: mi.pdf,416-667-0447,2023-05-31,,,2023-10-12 10:31:00,'2023-10-30 12:42:37'),builder,builder,1,0,0,0,0,0,0,0,0
6213,Country Wide Homes,1500 Highway 7,Vaughan,Ontario,L4K 5Y4,905-907-1500,2023-05-31,,,2023-10-12 10:31:00,'2023-10-30 12:42:37'),builder,builder,1,0,0,0,0,0,0,0,0
6220,Holland Homes Inc,12 Elgin St E,Oshawa,Ontario,L1G 1S8more info: mi.pdf,905-419-2723,2023-05-12,,,2023-10-12 10:31:00,'2023-10-30 12:42:37'),builder,builder,1,0,0,0,0,0,0,0,0
6224,Ballymore Homes,"12840 Yonge St, Ste 200",Richmond Hill,Ontario,L4E 4H1,905-773-1048,2023-05-09,,,2023-10-12 10:31:00,'2023-10-30 12:42:37'),builder,builder,1,0,0,0,0,0,0,0,0
6226,Context Development Inc,"229 Yonge St, Ste 500",Toronto,Ontario,M5B 1N9more info: mi.pdf,416-863-0202,2023-05-08,context.ca,,2023-12-09 16:45:28,'2023-10-30 12:42:37'),builder,builder,1,0,0,0,0,0,0,0,0
6229,Sphere Developments Inc,"170 Robert Speck Pkwy, Unit 203",Mississauga,Ontario,L4Z 3G1,905-744-4545,2023-05-01,,,2023-10-12 10:31:00,'2023-10-30 12:42:37'),builder,builder,1,0,0,0,0,0,0,0,0
6232,Padda Homes Inc,6830 3/4 Nottawasaga Sideroad,Creemore,Ontario,L0M 1G0,,2023-03-28,,,2023-10-12 10:31:00,'2023-10-30 12:42:37'),builder,builder,1,0,0,0,0,0,0,0,0
6233,Country Wide Homes at Queensville Inc,1500 Highway 7,Concord,Ontario,L4K 5Y4,905-907-1500,2023-03-27,,,2023-10-12 10:31:00,'2023-10-30 12:42:37'),builder,builder,1,0,0,0,0,0,0,0,0
6235,Caster Custom Homes,13401 Desro Dr,Tecumseh,Ontario,N8N 2L9,519-979-9767,2023-03-27,,,2023-10-12 10:31:00,'2023-10-30 12:42:37'),builder,builder,1,0,0,0,0,0,0,0,0
6236,Argo Development Corp,,Burlington,Ontario,L7M 0W7,905-336-5545,2023-03-22,,,2023-10-12 10:31:00,'2023-10-30 12:42:37'),builder,builder,1,0,0,0,0,0,0,0,0
6237,FalconCrest Homes,"955 Wilson Ave, Unit 1",Toronto,Ontario,M3K 2A8,416-638-5980,2023-03-22,dilucagroup.com,,2023-12-02 13:13:36,'2023-10-30 12:42:37'),builder,builder,1,0,0,0,0,0,0,0,0
6239,Edenshaw Queen Developments Ltd,"129 Lakeshore Rd E, Ste 201",Mississauga,Ontario,L5G 1E5,905-990-3500,2023-03-03,,,2023-10-12 10:31:00,'2023-10-30 12:42:37'),builder,builder,1,0,0,0,0,0,0,0,0
6263,Brigil Construction Inc,98 Lois St,Gatineau,Quebec,J8Y 3R7,819-243-7392,2023-07-11,,,2023-10-12 10:31:04,'2023-10-30 12:42:37'),builder,builder,1,0,0,0,0,0,0,0,0
6266,Lee-Mar Developments ULC,"429 Spadina Rd, Ste 202",,,M5P 2W3,,2023-07-06,,,2023-10-12 10:31:04,'2023-10-30 12:42:37'),builder,builder,1,0,0,0,0,0,0,0,0
6267,Evermaks Properties Inc,1004 Woodland Cres,Belle River,Ontario,N0R 1A0,226-363-0439,2023-07-06,,,2023-10-12 10:31:04,'2023-10-30 12:42:37'),builder,builder,1,0,0,0,0,0,0,0,0
6270,Tanem Properties Ltd,"4391 King St E, Unit 2",,,N2P 2G1,,2023-07-05,,,2023-10-12 10:31:04,'2023-10-30 12:42:37'),builder,builder,1,0,0,0,0,0,0,0,0
6271,5375 Ferry Street Developments Inc,"209 Wicksteed Ave, Ste 30",Toronto,Ontario,M4G 0B1,,2023-07-05,mcdonalds.com,,2023-12-09 16:46:30,'2023-10-30 12:42:37'),builder,builder,1,0,0,0,0,0,0,0,0
6295,Kingfair Development Corp,71 Weber St E,,,N2H 1C6,,2023-06-01,,,2023-10-12 10:31:05,'2023-10-30 12:42:37'),builder,builder,1,0,0,0,0,0,0,0,0
6304,Canvas Developments,"100 Strada Dr, Unit 1",Woodbridge,Ontario,L4L 5V7,905-264-8001,2023-05-24,,,2023-10-12 10:31:05,'2023-10-30 12:42:37'),builder,builder,1,0,0,0,0,0,0,0,0
6344,King Road Properties (Oakridges) Inc,,,,L4G 1V6,,2023-07-05,,,2023-10-12 10:31:11,'2023-10-30 12:42:37'),builder,builder,1,0,0,0,0,0,0,0,0
6349,Loblaw Properties West Inc,1 Presidents Choice Circle,Brampton,Ontario,L6Y 5S5,905-459-2500,2023-06-15,,,2023-10-12 10:31:11,'2023-10-30 12:42:37'),builder,builder,1,0,0,0,0,0,0,0,0
6354,Hyson Developments Inc,42 Ballantrae Rd,Stouffville,Ontario,L4A 1M5,,2023-06-01,,,2023-10-12 10:31:11,'2023-10-30 12:42:37'),builder,builder,1,0,0,0,0,0,0,0,0
6376,WE Roth Construction Ltd,2385 Energy Dr,,,L1C 6Z9,,2022-07-27,,,2023-10-12 10:31:14,'2023-10-30 12:42:37'),builder,builder,1,0,0,0,0,0,0,0,0
6386,Beedie ON (Boundary Road) Property Inc,3030 Gilmore Diversion,Burnaby,BC,V5G 3B4,604-435-3321,2022-07-19,,,2023-10-12 10:31:14,'2023-10-30 12:42:37'),builder,builder,1,0,0,0,0,0,0,0,0
6388,Fusion Homes,500 Hanlon Creek Blvd,Guelph,Ontario,N1C 0A1,519-826-6700,2022-07-18,fusionhomes.com,,2023-12-09 16:47:41,'2023-10-30 12:42:37'),builder,builder,1,0,0,0,0,0,0,0,0
6391,RE/MAX Realty Specialists Inc,6850 Millcreek Dr,Mississauga,Ontario,L5N 4J9,905-858-3434,2022-07-18,,,2023-10-12 10:31:14,'2023-10-30 12:42:37'),builder,builder,1,0,0,0,0,0,0,0,0
6392,Edgewood Valley Developments Ltd,"4100 Yonge St, Ste 414",,,M2P 2B5,,2022-07-15,,,2023-10-12 10:31:14,'2023-10-30 12:42:37'),builder,builder,1,0,0,0,0,0,0,0,0
6397,Cachet Homes (Riverview Heights) Inc,"361 Connie Cres, Ste 200",Concord,Ontario,L4K 5R2,905-764-1983,2022-07-15,cachethomes.net,,2023-12-02 13:12:58,'2023-10-30 12:42:37'),builder,builder,1,0,0,0,0,0,0,0,0
6400,JP Tillsonburg Properties Inc,17263 Warden Ave,Stouffville,Ontario,L4A 2W1,,2022-07-14,,,2023-10-12 10:31:14,'2023-10-30 12:42:37'),builder,builder,1,0,0,0,0,0,0,0,0
6422,Claridge Homes (Walkley) Inc,210 Gladstone Ave,Ottawa,Ontario,K2P 0Y6,613-233-6030,2022-07-05,,,2023-10-12 10:31:15,'2023-10-30 12:42:37'),builder,builder,1,0,0,0,0,0,0,0,0
6428,Caster Custom Homes,13401 Desro Dr,Tecumseh,Ontario,N8N 2L9,519-979-9767,2023-07-31,,,2023-10-12 10:31:16,'2023-10-30 12:42:37'),builder,builder,1,0,0,0,0,0,0,0,0
6452,JFC Developments Ltd,"45 Cumberland Lane, Ste 803",,,L1S 7K3,,2023-07-26,,,2023-10-12 10:31:17,'2023-10-30 12:42:37'),builder,builder,1,0,0,0,0,0,0,0,0
6456,Lux Homes Design &amp; Build Inc,1593 Adelaide St,London,Ontario,N5X 4P9,,2023-07-25,,,2023-10-12 10:31:17,'2023-10-30 12:42:37'),builder,builder,1,0,0,0,0,0,0,0,0
6480,Niagara Blvd Developments Inc,1555 Nigh Rd,Fort Erie,Ontario,L2A 5M4,,2023-07-19,,,2023-10-12 10:31:18,'2023-10-30 12:42:37'),builder,builder,1,0,0,0,0,0,0,0,0
6503,New Bay Property Ltd,271 Shawnee Cir,North York,Ontario,M2H 2Y3,,2023-07-11,,,2023-10-12 10:31:19,'2023-10-30 12:42:37'),builder,builder,1,0,0,0,0,0,0,0,0
6525,Melanie Construction Inc,900 Route 500,Russell,Ontario,K4R 1E5,613-443-2402,2023-07-06,,,2023-10-12 10:31:19,'2023-10-30 12:42:37'),builder,builder,1,0,0,0,0,0,0,0,0
6529,Devron Developments,"31 Scarsdale Rd, Unit 5",Toronto,Ontario,M3B 2R2,416-471-3706,2023-07-05,,,2023-10-12 10:31:19,'2023-10-30 12:42:37'),builder,builder,1,0,0,0,0,0,0,0,0
6530,Ancon Properties Inc,1500 Highway No 7,,,L4K 5Y4,,2023-07-05,,,2023-10-12 10:31:19,'2023-10-30 12:42:37'),builder,builder,1,0,0,0,0,0,0,0,0
6531,Con-Elco Utility Contractors,200 Bradwick Dr,Concord,Ontario,L4K 1K8,416-798-7150,2023-07-05,con-way.com,,2023-12-02 13:33:45,'2023-10-30 12:42:37'),builder,builder,1,0,0,0,0,0,0,0,0
6533,Trebel Properties Inc,5360 Mainway,,,L7L 6A4,,2023-07-05,,,2023-10-12 10:31:19,'2023-10-30 12:42:37'),builder,builder,1,0,0,0,0,0,0,0,0
6545,Handcast Development Inc,"50 Yorkville St, Ste 3801",Toronto,Ontario,M4W 0A3,,2023-07-04,,,2023-10-12 10:31:19,'2023-10-30 12:42:37'),builder,builder,1,0,0,0,0,0,0,0,0
6547,U Lucchetta Construction Ltd,402 Rice Rd,Welland,Ontario,L3C 2V6,905-732-2658,2023-07-31,,,2023-10-12 10:31:19,'2023-10-30 12:42:37'),builder,builder,1,0,0,0,0,0,0,0,0
6554,Grey Forest Homes Ltd,1 Keefer Rd,St Catharines,Ontario,L2M 6K4,905-687-9416,2023-07-28,,,2023-10-12 10:31:20,'2023-10-30 12:42:37'),builder,builder,1,0,0,0,0,0,0,0,0
6561,Profile Developments,"30 Royal Crest Ct, Ste 205",Markham,Ontario,L3R 9W8,416-904-7400,2023-07-13,,,2023-10-12 10:31:20,'2023-10-30 12:42:37'),builder,builder,1,0,0,0,0,0,0,0,0
6563,Old Oak Properties Inc,"150 Dufferin Ave, Ste 200",London,Ontario,N6A 5N6,519-661-0215,2023-07-07,,,2023-10-12 10:31:20,'2023-10-30 12:42:37'),builder,builder,1,0,0,0,0,0,0,0,0
6571,Stan Klemencic Builder Ltd,499 Dundas St W,,,K8V 6C4,,2023-07-28,,,2023-10-12 10:31:20,'2023-10-30 12:42:37'),builder,builder,1,0,0,0,0,0,0,0,0
6572,Bedford Properties and Estates Ltd,"30 Eglinton Ave W, Unit 14",Mississauga,Ontario,L5R 0C1,647-537-9209,2023-07-28,,,2023-10-12 10:31:20,'2023-10-30 12:42:37'),builder,builder,1,0,0,0,0,0,0,0,0
6574,Lindvest Properties,"3625 Dufferin St, Ste 200",Toronto,Ontario,M3K 1Z2,416-635-7575,2023-07-28,lindvest.com,,2023-12-02 13:16:00,'2023-10-30 12:42:37'),builder,builder,1,0,0,0,0,0,0,0,0
6587,Greycan 10 Properties Inc,"185 The West Mall, Ste 860",185 The West Mall,Ste 860,M9C 5L5,416-915-1970,2023-07-21,,,2023-10-12 10:31:21,'2023-10-30 12:42:37'),builder,builder,1,0,0,0,0,0,0,0,0
6593,Dorsay Development Corp,"130 Adelaide St W, Ste 220",Toronto,Ontario,M5H 3P5,416-368-1460,2023-07-20,,,2023-10-12 10:31:21,'2023-10-30 12:42:37'),builder,builder,1,0,0,0,0,0,0,0,0
6617,HCN (Rosehill) Property Inc,"120 Adelaide St W, Ste 1250",,,M5H 1T1,,2023-07-10,,,2023-10-12 10:31:21,'2023-10-30 12:42:37'),builder,builder,1,0,0,0,0,0,0,0,0
6618,Originate Developments,"1500 Don Mills Rd, Ste 100",Toronto,Ontario,M3B 3K4more info: mi.pdf,416-849-2894,2023-07-10,,,2023-10-12 10:31:21,'2023-10-30 12:42:37'),builder,builder,1,0,0,0,0,0,0,0,0
6625,Akero Developments Inc,290 Lake Rd,,,L1C 4P8,,2023-07-06,,,2023-10-12 10:31:21,'2023-10-30 12:42:37'),builder,builder,1,0,0,0,0,0,0,0,0
6628,Juliana Development Inc,203 Main St W,Otterville,Ontario,N0J 1R0,,2023-07-05,,,2023-10-12 10:31:21,'2023-10-30 12:42:37'),builder,builder,1,0,0,0,0,0,0,0,0
6640,Homer Developments Corp,133 Strathallan Blvd,Toronto,Ontario,M5N 1S9,,2023-07-04,,,2023-10-12 10:31:21,'2023-10-30 12:42:37'),builder,builder,1,0,0,0,0,0,0,0,0
6646,Zinc Developments,"160 Pears Ave, Ste 312",Toronto,Ontario,M5R 3P8,647-793-5161,2022-06-30,azizidevelopments.com,,2023-12-02 13:44:35,'2023-10-30 12:42:37'),builder,builder,1,0,0,0,0,0,0,0,0
6647,Algoma Central Properties Inc,"63 Church St, Ste 600",St Catharines,Ontario,L2R 3C4,905-687-7888,2022-06-30,,,2023-10-12 10:31:23,'2023-10-30 12:42:37'),builder,builder,1,0,0,0,0,0,0,0,0
6649,Claridge Homes (1186 March Rd) Inc,210 Gladstone Ave,Ottawa,Ontario,K2P 0Y6,613-233-6030,2022-06-30,,,2023-10-12 10:31:23,'2023-10-30 12:42:37'),builder,builder,1,0,0,0,0,0,0,0,0
6650,RAAMCO International Properties,,Vancouver,British Columbia,V6E 4N7,604-635-5000,2022-06-29,,,2023-10-12 10:31:23,'2023-10-30 12:42:37'),builder,builder,1,0,0,0,0,0,0,0,0
6651,PC Kanata Developments Inc,"225 Metcalfe St, Ste 708",,,K2P 1P9,,2022-06-29,,,2023-10-12 10:31:23,'2023-10-30 12:42:37'),builder,builder,1,0,0,0,0,0,0,0,0
6657,Westdale Properties,,,,,416-703-1877,2022-06-27,westdaleproperties.com,,2023-12-09 16:45:30,'2023-10-30 12:42:37'),builder,builder,1,0,0,0,0,0,0,0,0
6659,Country Wide Homes (Caledon) Inc,1500 Highway 7,Concord,Ontario,L4K 5Y4,905-907-1500,2022-06-24,,,2023-10-12 10:31:23,'2023-10-30 12:42:37'),builder,builder,1,0,0,0,0,0,0,0,0
6663,Menkes Developments Ltd,"4711 Yonge St, Ste 1400",Toronto,Ontario,M2N 7E4,416-491-2222,2022-06-23,,,2023-10-12 10:31:23,'2023-10-30 12:42:37'),builder,builder,1,0,0,0,0,0,0,0,0
6667,Quantum Realty Management XI Inc,441 North Service Rd,,,L7P 0A3,,2022-06-21,,,2023-10-12 10:31:23,'2023-10-30 12:42:37'),builder,builder,1,0,0,0,0,0,0,0,0
6669,Paramount Properties,,Ottawa,Ontario,K2P 1M8,613-232-7368,2022-06-20,paramount-properties.co.uk,,2023-12-09 16:46:25,'2023-10-30 12:42:37'),builder,builder,1,0,0,0,0,0,0,0,0
6677,Paramount Developments (London) Inc,44 Paddington Ave,,,N6J 2S6,,2022-06-17,,,2023-10-12 10:31:23,'2023-10-30 12:42:37'),builder,builder,1,0,0,0,0,0,0,0,0
6680,Laurel View Homes,,Toronto,Ontario,M3J 2R8,,2022-06-16,,,2023-10-12 10:31:24,'2023-10-30 12:42:37'),builder,builder,1,0,0,0,0,0,0,0,0
6685,Q Residential,"161 Bay St, Ste 2100",Toronto,Ontario,M5J 2S1,416-682-9039,2022-06-15,,,2023-10-12 10:31:24,'2023-10-30 12:42:37'),builder,builder,1,0,0,0,0,0,0,0,0
6687,Thornton North Developments Ltd,5 Mead Ct,Toronto,Ontario,M2L 2A5,647-351-5522,2022-06-15,,,2023-10-12 10:31:24,'2023-10-30 12:42:37'),builder,builder,1,0,0,0,0,0,0,0,0
6689,Pheonix Homes,,Ottawa,Ontario,K2E 6T8,613-723-9227,2022-06-15,phoenixhomes.ca,,2023-12-02 13:46:45,'2023-10-30 12:42:37'),builder,builder,1,0,0,0,0,0,0,0,0
6722,JJZ Developments Inc,1575 Huron Rd,Petersburg,Ontario,N0B 2H0,,2023-06-30,,,2023-10-12 10:31:26,'2023-10-30 12:42:37'),builder,builder,1,0,0,0,0,0,0,0,0
6724,Klondike Homes Ltd,50 Kraft Dr,Waterloo,Ontario,N2J 4G8,,2023-06-30,,,2023-10-12 10:31:26,'2023-10-30 12:42:37'),builder,builder,1,0,0,0,0,0,0,0,0
6726,Reserve Properties Ltd,"110 Eglinton Ave E, Ste 500",Toronto,Ontario,M4P 2Y1,416-440-2904,2023-06-30,,,2023-10-12 10:31:26,'2023-10-30 12:42:37'),builder,builder,1,0,0,0,0,0,0,0,0
6734,Hilstone Developments Canada Ltd,"225 Duncan Mill Rd, Ste 101",Toronto,Ontario,M3B 3K9,,2023-06-29,,,2023-10-12 10:31:27,'2023-10-30 12:42:37'),builder,builder,1,0,0,0,0,0,0,0,0
6735,Prosper Living Homes Inc,819 Willowdale Ave,Toronto,Ontario,M2N 5B7,,2023-06-29,,,2023-10-12 10:31:27,'2023-10-30 12:42:37'),builder,builder,1,0,0,0,0,0,0,0,0
6739,Madison Properties,369 Rimrock Rd,Toronto,Ontario,M3J 3G2,416-661-4000,2023-06-23,madisonprop.com,,2023-12-09 16:45:29,'2023-10-30 12:42:37'),builder,builder,1,0,0,0,0,0,0,0,0
6744,Dilegge Properties Ltd,9245 Griffon St,,,L2G 3R6,,2023-06-23,,,2023-10-12 10:31:27,'2023-10-30 12:42:37'),builder,builder,1,0,0,0,0,0,0,0,0
6786,TACC Developments,600 Applewood Cres,Vaughan,Ontario,L4K 4B4,905-760-7300,2023-06-05,taccdevelopments.com,,2023-12-02 13:11:36,'2023-10-30 12:42:37'),builder,builder,1,0,0,0,0,0,0,0,0
6804,Woodstruct Construction Inc,450 Ashbourne Cres,,,K2J 0P5,,2023-06-01,,,2023-10-12 10:31:28,'2023-10-30 12:42:37'),builder,builder,1,0,0,0,0,0,0,0,0
6823,Adalan Development Corp,65 Joseph St,,,L3P 2N4,,2023-06-28,,,2023-10-12 10:31:29,'2023-10-30 12:42:37'),builder,builder,1,0,0,0,0,0,0,0,0
6831,A &amp; S Small Properties Ltd,204 King Edward St,,,N3L 3E3,,2023-06-28,,,2023-10-12 10:31:29,'2023-10-30 12:42:37'),builder,builder,1,0,0,0,0,0,0,0,0
6840,Flato Developments Inc,"3621 Highway 7 E, Ste 503",Markham,Ontario,L6R 0G6,905-479-9292,2023-06-21,,,2023-10-12 10:31:29,'2023-10-30 12:42:37'),builder,builder,1,0,0,0,0,0,0,0,0
6850,Rawson Developments Inc,93 Rawson Ave,,,L4N 6E5,,2023-06-16,rawson-developers.co.za,,2023-12-02 13:28:25,'2023-10-30 12:42:37'),builder,builder,1,0,0,0,0,0,0,0,0
6857,Bay Area Realty (Chedoke) Ltd,293 Wellington St N,,,L8L 8E7,,2023-06-09,,,2023-10-12 10:31:30,'2023-10-30 12:42:37'),builder,builder,1,0,0,0,0,0,0,0,0
6860,Upper Paradise Developments Inc,451 Mines Rd,Caledonia,Ontario,N3W 1X6,,2023-06-09,,,2023-10-12 10:31:30,'2023-10-30 12:42:37'),builder,builder,1,0,0,0,0,0,0,0,0
6863,The Ironstone Building Co,680 Waterloo St,London,Ontario,N6A 0B3,519-660-6006,2023-06-06,,,2023-10-12 10:31:30,'2023-10-30 12:42:37'),builder,builder,1,0,0,0,0,0,0,0,0
6876,Diamond Luxury Developments,"2000 Argentia Rd, Ste 230",Mississauga,Ontario,L5N 1W1,905-813-0537,2023-06-02,,,2023-10-12 10:31:30,'2023-10-30 12:42:37'),builder,builder,1,0,0,0,0,0,0,0,0
6879,Rystat Properties Ltd,1318 Rymal Rd E,Hamilton,Ontario,L8W 3N1,,2023-06-02,,,2023-10-12 10:31:30,'2023-10-30 12:42:37'),builder,builder,1,0,0,0,0,0,0,0,0
6886,Townville Realty Inc,"6201 Highway 7, Unit 10",Vaughan,Ontario,L4H 0K7,905-265-2111,2023-06-30,bing.com,,2023-12-09 16:45:29,'2023-10-30 12:42:37'),builder,builder,1,0,0,0,0,0,0,0,0
6891,1623 Wellington Street Developments Ltd,3200 Highway 7,,,L4K 5Z5,,2023-06-29,,,2023-10-12 10:31:31,'2023-10-30 12:42:37'),builder,builder,1,0,0,0,0,0,0,0,0
6898,Menkes Developments Ltd,"4711 Yonge St, Ste 1400",Toronto,Ontario,M2N 7E4,416-491-2222,2023-06-23,menkes.com,,2023-12-09 16:45:29,'2023-10-30 12:42:37'),builder,builder,1,0,0,0,0,0,0,0,0
6912,Magnum Opus Developments (Ajax) Corp,175 Sparks Ave,,,M2H 2S5,,2023-06-30,,,2023-10-12 10:31:32,'2023-10-30 12:42:37'),builder,builder,1,0,0,0,0,0,0,0,0
6931,Branthaven Homes,720 Oval Ct,Burlington,Ontario,L7L 6A9,905-333-8364,2023-06-28,bing.com,,2023-12-09 16:46:09,'2023-10-30 12:42:37'),builder,builder,1,0,0,0,0,0,0,0,0
6932,Birdland Developments Ltd,,,,N3B 2Z6,,2023-06-28,,,2023-10-12 10:31:33,'2023-10-30 12:42:37'),builder,builder,1,0,0,0,0,0,0,0,0
6933,Aecon Construction Group Inc,"20 Carlson Ct, Ste 105",Toronto,Ontario,M9W 7K6,416-297-2600,2023-06-28,,,2023-10-12 10:31:33,'2023-10-30 12:42:37'),builder,builder,1,0,0,0,0,0,0,0,0
6949,Zancor Homes,137 Bowes Rd,Concord,Ontario,L4K 1H3,905-738-7010,2023-06-22,angus.org,,2024-04-16 14:48:11,'2023-10-30 12:42:37'),builder,builder,1,0,0,0,0,0,0,0,0
6959,Glenview Homes (Succession) Ltd,"190 O&#039;Connor St, 11th Flr",Ottawa,Ontario,K2P 2R3,613-748-3700,2023-06-20,glenview.ca,,2023-12-02 13:11:27,'2023-10-30 12:42:37'),builder,builder,1,0,0,0,0,0,0,0,0
6960,Queensville Properties Development Corp,"30 Floral Pkwy, Ste 300",Concord,Ontario,L4K 4R1,905-669-9714,2023-06-20,,,2023-10-12 10:31:33,'2023-10-30 12:42:37'),builder,builder,1,0,0,0,0,0,0,0,0
6978,Alit Don Valley Property Inc,"3100 Steeles Ave E, Ste 700",,,L3R 8T3,,2023-06-15,,,2023-10-12 10:31:34,'2023-10-30 12:42:37'),builder,builder,1,0,0,0,0,0,0,0,0
6982,Warden Construction Co Ltd,,,,M9A 2P1,,2023-06-15,,,2023-10-12 10:31:34,'2023-10-30 12:42:37'),builder,builder,1,0,0,0,0,0,0,0,0
6988,Cedar City Developments,"124 Merton St, Ste 502",Toronto,Ontario,M4S 2Z2,416-306-9900,2023-06-13,,,2023-10-12 10:31:34,'2023-10-30 12:42:37'),builder,builder,1,0,0,0,0,0,0,0,0
6989,Geranium Development (Bradford) Corp,117 Woodward Ave,,,L3T 1G1,,2023-06-12,,,2023-10-12 10:31:34,'2023-10-30 12:42:37'),builder,builder,1,0,0,0,0,0,0,0,0
7004,Huada Development Ltd,2710 Fourteenth Ave,Markham,Ontario,L3R 0J1,,2023-06-06,,,2023-10-12 10:31:34,'2023-10-30 12:42:37'),builder,builder,1,0,0,0,0,0,0,0,0
7012,Roche Developments Ltd,"100 Sheppard Ave E, Ste 820",,,M2N 6N5,,2023-06-01,,,2023-10-12 10:31:34,'2023-10-30 12:42:37'),builder,builder,1,0,0,0,0,0,0,0,0
7030,Cooper Construction Ltd,"2201 Bristol Circle, Ste 600",Oakville,Ontario,L6H 0J8,905-829-0444,2022-03-31,,,2023-10-12 10:31:41,'2023-10-30 12:42:37'),builder,builder,1,0,0,0,0,0,0,0,0
7039,FDL Development Corp,343 Horner Ave Unit 100,,,M8W 1Z6,,2022-03-30,,,2023-10-12 10:31:41,'2023-10-30 12:42:37'),builder,builder,1,0,0,0,0,0,0,0,0
7040,Brada Construction Ltd,25 Advance Rd,Etobicoke,Ontario,M8Z 2S6,416-626-6289,2022-03-30,,,2023-10-12 10:31:42,'2023-10-30 12:42:37'),builder,builder,1,0,0,0,0,0,0,0,0
7043,Greycan 15 Properties Inc,"185 The West Mall, Ste 860",Toronto,Ontario,M9C 5L5,416-915-1970,2022-03-25,,,2023-10-12 10:31:42,'2023-10-30 12:42:37'),builder,builder,1,0,0,0,0,0,0,0,0
7044,Derry McLaughlin Development Corp,"8920 Woodbine Ave, Ste 403",Markham,Ontario,L3R 9W9,905-940-6008,2022-03-24,,,2023-10-12 10:31:42,'2023-10-30 12:42:37'),builder,builder,1,0,0,0,0,0,0,0,0
7045,7070 McLaughlin Road Realty Inc,"130 Adelaide St W, Ste 701",Toronto,Ontario,M5H 2K4,,2022-03-24,,,2023-10-12 10:31:42,'2023-10-30 12:42:37'),builder,builder,1,0,0,0,0,0,0,0,0
7047,ADI Development Group,"1100 Burloak Dr, PH Suite 700",Burlington,Ontario,L7L 6B2,905-335-2929,2022-03-24,adidevelopments.com,,2023-12-02 13:57:24,'2023-10-30 12:42:37'),builder,builder,1,0,0,0,0,0,0,0,0
7049,MNA Properties Inc,31 York Ridge Rd,,,M2P 1R8,,2022-03-21,,,2023-10-12 10:31:42,'2023-10-30 12:42:37'),builder,builder,1,0,0,0,0,0,0,0,0
7052,Ritchie Bros Properties Ltd,9500 Glenlyon Pkwy,Burnaby,British Columbia,V5J 0C6,778-331-5500,2022-03-17,,,2023-10-12 10:31:42,'2023-10-30 12:42:37'),builder,builder,1,0,0,0,0,0,0,0,0
7053,Oxford Properties Group,"100 Adelaide St W, Ste 900",Toronto,Ontario,M5H 0E2,416-865-8300,2022-03-17,oxfordproperties.com,,2023-12-02 13:25:20,'2023-10-30 12:42:37'),builder,builder,1,0,0,0,0,0,0,0,0
7060,Tat Yeun Development Co Ltd,9 Mossgrove Trail,,,M2L 2W2,,2022-03-15,,,2023-10-12 10:31:42,'2023-10-30 12:42:37'),builder,builder,1,0,0,0,0,0,0,0,0
7062,Jacob Developments Ltd,,Concord,Ontario,L4K 2L7,,2022-03-15,,,2023-10-12 10:31:42,'2023-10-30 12:42:37'),builder,builder,1,0,0,0,0,0,0,0,0
7065,Canada Property (Trustee) No 1 Ltd,"22 Adelaide St W, Ste 2600",Toronto,Ontario,M5H 4E3,416-304-6000,2022-03-14,,,2023-10-12 10:31:43,'2023-10-30 12:42:37'),builder,builder,1,0,0,0,0,0,0,0,0
7073,Canotek Developments Corp,45 Willard Ave,,,K1S 1T6,,2022-03-10,,,2023-10-12 10:31:43,'2023-10-30 12:42:37'),builder,builder,1,0,0,0,0,0,0,0,0
7077,King Lake Developments Inc,"3651 Major Mackenzie Dr, Ste 404",Vaughan,Ontario,L4H 0A2,416-399-3488,2022-03-07,,,2023-10-12 10:31:43,'2023-10-30 12:42:37'),builder,builder,1,0,0,0,0,0,0,0,0
7082,TACC Construction Ltd,270 Chrislea Rd,Woodbridge,Ontario,L4L 8A8,905-856-8500,2022-03-01,tacc.com,,2023-12-02 13:16:15,'2023-10-30 12:42:37'),builder,builder,1,0,0,0,0,0,0,0,0
7089,Windmill Construction,5121 First Line,Milton,Ontario,L9E 0J8,905-636-8860,2023-03-31,,,2023-10-12 10:31:46,'2023-10-30 12:42:37'),builder,builder,1,0,0,0,0,0,0,0,0
7090,Amdev Property Group,"268 Royal York Rd, 2nd Flr",Toronto,Ontario,M8V 2V9,416-792-4441,2023-03-30,,,2023-10-12 10:31:46,'2023-10-30 12:42:37'),builder,builder,1,0,0,0,0,0,0,0,0
7099,Plazacorp Properties Ltd,"10 Wanless Ave, Ste 201",Toronto,Ontario,M4N 1V6,416-481-2222,2023-03-30,,,2023-10-12 10:31:46,'2023-10-30 12:42:37'),builder,builder,1,0,0,0,0,0,0,0,0
7107,Lionfish Developments Inc,55 St Andrews Gardens,Toronto,Ontario,M4W 2C9,,2023-03-28,,,2023-10-12 10:31:47,'2023-10-30 12:42:37'),builder,builder,1,0,0,0,0,0,0,0,0
7116,Saca Land Developments (Rockland) Inc,705 Ave Des Cedres,Casselman,Ontario,K0A 1M0,,2023-03-24,,,2023-10-12 10:31:47,'2023-10-30 12:42:37'),builder,builder,1,0,0,0,0,0,0,0,0
7118,Camcos (GO King Developments) Inc,"238 Wellington St E, Ste 100",Aurora,Ontario,L4G 1J5,,2023-03-20,,,2023-10-12 10:31:48,'2023-10-30 12:42:37'),builder,builder,1,0,0,0,0,0,0,0,0
7125,Jordan Developments Inc,880 Canyon St,,,L5H 4L6,,2023-03-17,,,2023-10-12 10:31:48,'2023-10-30 12:42:37'),builder,builder,1,0,0,0,0,0,0,0,0
7147,430 Essa Developments Inc,28 Rivalda Rd,,,M9M 2M3,,2023-03-15,,,2023-10-12 10:31:48,'2023-10-30 12:42:37'),builder,builder,1,0,0,0,0,0,0,0,0
7151,J &amp; K Home Building Centre,26 North St,Mount Pleasant,Ontario,N0E 1K0,516-753-3114,2023-03-15,,,2023-10-12 10:31:48,'2023-10-30 12:42:37'),builder,builder,1,0,0,0,0,0,0,0,0
7162,MGV Developments Inc,"25 Amy Croft Dr, Unit 23B",,,N9K 1C7,,2023-03-09,,,2023-10-12 10:31:48,'2023-10-30 12:42:37'),builder,builder,1,0,0,0,0,0,0,0,0
7164,Niagara Heritage Properties Ltd,"4413 Ontario St, Ste 201",,,L3J 0A4,,2023-03-09,,,2023-10-12 10:31:49,'2023-10-30 12:42:37'),builder,builder,1,0,0,0,0,0,0,0,0
7168,Golf North Properties,400 Golf Course Rd,Conestoga,Ontario,N0B 1N0,888-833-8787,2023-03-09,,,2023-10-12 10:31:49,'2023-10-30 12:42:37'),builder,builder,1,0,0,0,0,0,0,0,0
7172,Ramm Properties Inc,3366 Cornish Hollow Rd,Cobourg,Ontario,K9A 4J9,,2023-03-08,wallispc.com,,2024-06-04 13:12:55,'2023-10-30 12:42:37'),builder,builder,1,0,0,0,0,0,0,0,0
7204,169 Cityview Developments Inc,"2499 Rutherford Rd, Unit 12",,,L4K 0J9,,2023-03-31,,,2023-10-12 10:31:50,'2023-10-30 12:42:37'),builder,builder,1,0,0,0,0,0,0,0,0
7206,Altavista Properties Inc,2100 Scotia Plaza,Toronto,Ontario,M5H 3C2,416-869-5300,2023-03-30,altavistaproperties.net,,2023-12-02 13:19:01,'2023-10-30 12:42:37'),builder,builder,1,0,0,0,0,0,0,0,0
7208,Ritchie Bros Properties Ltd,9500 Glenlyon Pkwy,Burnaby,BC,V5J 0C6more info: mi.pdf,778-331-5500,2023-03-30,,,2023-10-12 10:31:50,'2023-10-30 12:42:37'),builder,builder,1,0,0,0,0,0,0,0,0
7212,Dunsire Homes Inc,"5100 South Service Rd, Ste 64",Burlington,Ontario,L7L 6A5,888-519-2346,2023-03-30,,,2023-10-12 10:31:50,'2023-10-30 12:42:37'),builder,builder,1,0,0,0,0,0,0,0,0
7234,Dunpar Homes,105 Six Point Rd,Etobicoke,Ontario,M8Z 2X3,416-236-9800,2023-03-03,,,2023-10-12 10:31:50,'2023-10-30 12:42:37'),builder,builder,1,0,0,0,0,0,0,0,0
7236,Badner Realty Ltd,,,,M3H 6B5,,2023-03-02,,,2023-10-12 10:31:50,'2023-10-30 12:42:37'),builder,builder,1,0,0,0,0,0,0,0,0
7238,Glenview Homes,"190 O&#039;Connor St, 11th Flr",Ottawa,Ontario,K2P 2R3,613-748-3700,2023-03-02,,,2023-10-12 10:31:50,'2023-10-30 12:42:37'),builder,builder,1,0,0,0,0,0,0,0,0
7248,Hamilton Industrial Properties Inc,,,,L9G 2L1,,2023-03-01,,,2023-10-12 10:31:51,'2023-10-30 12:42:37'),builder,builder,1,0,0,0,0,0,0,0,0
7253,Trend 12909 Kennedy Developments Inc,"270 Orenda Rd, Unit 200",Brampton,Ontario,L6T 4X6,,2022-05-31,,,2023-10-12 10:31:52,'2023-10-30 12:42:37'),builder,builder,1,0,0,0,0,0,0,0,0
7257,Valery Homes,2140 King St E,Hamilton,Ontario,L8K 1W6,905-547-5056,2022-05-30,,,2023-10-12 10:31:52,'2023-10-30 12:42:37'),builder,builder,1,0,0,0,0,0,0,0,0
7268,Sheldon Stein Construction Co Ltd,16 Windley Ave,,,M6C 1N2,,2022-05-24,,,2023-10-12 10:31:53,'2023-10-30 12:42:37'),builder,builder,1,0,0,0,0,0,0,0,0
7272,Wilson-Given Developments Ltd,11 Berryman St,Toronto,Ontario,M5R 1M7,416-520-0385,2022-05-20,,,2023-10-12 10:31:53,'2023-10-30 12:42:37'),builder,builder,1,0,0,0,0,0,0,0,0
7273,Jach Development Inc,1138-1146 Wilson St W,Ancaster,Ontario,L9G 3K9,,2022-05-20,,,2023-10-12 10:31:53,'2023-10-30 12:42:37'),builder,builder,1,0,0,0,0,0,0,0,0
7282,Royalwood Developments Ltd,"50 Ruddington Dr, Unit 308",,,M2K 2J8,,2022-05-09,,,2023-10-12 10:31:54,'2023-10-30 12:42:37'),builder,builder,1,0,0,0,0,0,0,0,0
7300,Fifth Avenue Development Ltd,"4 Quinn St, RR 2",Barrie,Ontario,L4N 7K9,,2023-05-31,,,2023-10-12 10:31:56,'2023-10-30 12:42:37'),builder,builder,1,0,0,0,0,0,0,0,0
7304,Argo Development Corp,,Burlington,Ontario,L7M 0W7,905-336-5545,2023-05-30,,,2023-10-12 10:31:57,'2023-10-30 12:42:37'),builder,builder,1,0,0,0,0,0,0,0,0
7305,Valery Homes,2140 King St E,Hamilton,Ontario,L8K 1W6,905-547-5056,2023-05-30,,,2023-10-12 10:31:57,'2023-10-30 12:42:37'),builder,builder,1,0,0,0,0,0,0,0,0
7307,Silver Leaf Rock Developments Inc,"19 Amy Croft Dr, Ste 201",,,N9K 1C7,,2023-05-26,,,2023-10-12 10:31:57,'2023-10-30 12:42:37'),builder,builder,1,0,0,0,0,0,0,0,0
7318,Keith Snyder Construction Ltd,4996 Highway 21,Port Elgin,Ontario,N0H 2C5,,2023-05-24,,,2023-10-12 10:31:57,'2023-10-30 12:42:37'),builder,builder,1,0,0,0,0,0,0,0,0
7319,Land Development Group Canada Inc,"199 Bay St, Ste 5300",Toronto,Ontario,M5L 1B9,,2023-05-24,lnldt.ca,,2024-06-03 19:46:49,'2023-10-30 12:42:37'),builder,builder,1,0,0,0,0,0,0,0,0
7325,RE/MAX Realty Specialists Inc,"6850 Millcreek Dr, Unit 105",Mississauga,Ontario,L5N 4J9,905-858-3434,2023-05-18,,,2023-10-12 10:31:58,'2023-10-30 12:42:37'),builder,builder,1,0,0,0,0,0,0,0,0
7332,Broadstreet Properties Ltd,100 St Ann&#039;s Rd,Campbell River,British Columbia,V9W 4C4,866-736-8515,2023-05-17,broadstreet.ca,,2023-12-02 13:33:48,'2023-10-30 12:42:37'),builder,builder,1,0,0,0,0,0,0,0,0
7343,Pisciuneri Construction Ltd,3868 St Francis Cres,LaSalle,Ontario,N9H 0E8,,2023-05-11,,,2023-10-12 10:31:59,'2023-10-30 12:42:37'),builder,builder,1,0,0,0,0,0,0,0,0
7358,Dynex Construction Inc,80 Costa Rd,Concord,Ontario,L4K 1N2,905-669-5923,2023-05-02,,,2023-10-12 10:32:00,'2023-10-30 12:42:37'),builder,builder,1,0,0,0,0,0,0,0,0
7377,Van Iersel Properties Inc,"697 Coronation Blvd, Unit 5",,,N1R 3G5,,2023-05-24,,,2023-10-12 10:32:01,'2023-10-30 12:42:37'),builder,builder,1,0,0,0,0,0,0,0,0
7378,Vangar Properties Inc,"697 Coronation Blvd, Unit 5",Cambridge,Ontario,N1R 3G5,,2023-05-24,,,2023-10-12 10:32:01,'2023-10-30 12:42:37'),builder,builder,1,0,0,0,0,0,0,0,0
7388,Truscan Property Corp,66 Wellington St W,Toronto,Ontario,M5K 1A2,,2023-05-30,,,2023-10-12 10:32:02,'2023-10-30 12:42:37'),builder,builder,1,0,0,0,0,0,0,0,0
7412,Maestro Developments Inc,400 Creditstone Rd,,,L4K 3Z3,,2023-05-18,,,2023-10-12 10:32:02,'2023-10-30 12:42:37'),builder,builder,1,0,0,0,0,0,0,0,0
7430,30 Heritage Developments Ltd,"5400 Yonge St, 5th Flr",,,M2N 5R5,,2023-05-11,,,2023-10-12 10:32:02,'2023-10-30 12:42:37'),builder,builder,1,0,0,0,0,0,0,0,0
7439,Fieldgate Properties,"5400 Yonge St, Ste 300",Toronto,Ontario,M2N 5R5,416-221-3335,2023-05-08,,,2023-10-12 10:32:03,'2023-10-30 12:42:37'),builder,builder,1,0,0,0,0,0,0,0,0
7454,Charter Property GP Inc,25 Hunter Valley Rd,Orillia,Ontario,L3V 6R9,,2023-05-01,forsite.ca,,2024-04-16 14:48:22,'2023-10-30 12:42:37'),builder,builder,1,0,0,0,0,0,0,0,0
7456,Nearctic Properties ,14520 - 116th Avenue NW,Edmonton,Alberta,T5M 3E9more info: mi.pdf,780-414-1700,2023-05-01,,,2023-10-12 10:32:03,'2023-10-30 12:42:37'),builder,builder,1,0,0,0,0,0,0,0,0
7477,Townwood Homes,"1 Bradwick Dr, Ste 1",Concord,Ontario,L4K 2T4,905-669-1615,2022-11-30,,,2023-10-12 10:32:09,'2023-10-30 12:42:37'),builder,builder,1,0,0,0,0,0,0,0,0
7489,Torno Construction Co Ltd,"199 Bay St, Ste 2200",Toronto,Ontario,M5L 1G4,,2022-11-25,,,2023-10-12 10:32:10,'2023-10-30 12:42:37'),builder,builder,1,0,0,0,0,0,0,0,0
7493,First View Homes (Scarborough) Inc,"81 Zenway Blvd, Unit 14",Woodbridge,Ontario,L4H 0S5,905-850-0022,2022-11-24,,,2023-10-12 10:32:10,'2023-10-30 12:42:37'),builder,builder,1,0,0,0,0,0,0,0,0
7503,Couglan Homes,41449 Ontario Inc,Ajax,Ontario,L1Z 1T7,905-427-7703,2022-11-15,,,2023-10-12 10:32:10,'2023-10-30 12:42:37'),builder,builder,1,0,0,0,0,0,0,0,0
7513,Petrus Development Corp,24 Nettles Ct,,,L1P 1L5,,2022-11-14,,,2023-10-12 10:32:10,'2023-10-30 12:42:37'),builder,builder,1,0,0,0,0,0,0,0,0
7553,Brixen Developments (Lakeview) Inc,"3800 Steeles Ave W, Ste 103W",Woodbridge,Ontario,L4L 4G9more info: mi.pdf,,2022-10-28,,,2023-10-12 10:32:13,'2023-10-30 12:42:37'),builder,builder,1,0,0,0,0,0,0,0,0
7571,Cooper Construction Ltd,"2201 Bristol Circle, Ste 600",Oakville,Ontario,L6H 0J8more info: mi.pdf,905-829-0444,2022-10-19,,,2023-10-12 10:32:13,'2023-10-30 12:42:37'),builder,builder,1,0,0,0,0,0,0,0,0
7575,Foxhollow North Kent Developments Inc,"560 Wellington St, 2nd Flr",,,N6A 3R4,,2022-10-18,,,2023-10-12 10:32:13,'2023-10-30 12:42:37'),builder,builder,1,0,0,0,0,0,0,0,0
7585,Cachet Homes (Ayr II) Inc,"361 Connie Cres, Ste 200",Concord,Ontario,L4K 5R2more info: mi.pdf,905-764-1983,2022-10-14,cachethomes.net,,2023-12-02 13:14:18,'2023-10-30 12:42:37'),builder,builder,1,0,0,0,0,0,0,0,0
7596,Greycrest Homes (Oshawa) Inc,,Mississauga,Ontario,L4Z 2H7,,2022-10-12,,,2023-10-12 10:32:14,'2023-10-30 12:42:37'),builder,builder,1,0,0,0,0,0,0,0,0
7597,Landa Global Properties,"200 Burrard St, Ste 1550",Vancouver BC,,V5K 1K6,604-256-5888,2022-10-11,landaglobal.com,,2023-12-02 13:13:47,'2023-10-30 12:42:37'),builder,builder,1,0,0,0,0,0,0,0,0
7598,Queensgate Developments (Kitchener) Inc,"3800 Steeles Ave W, Ste 103W",Woodbridge,Ontario,L4L 4G9,905-264-0600,2022-10-11,,,2023-10-12 10:32:14,'2023-10-30 12:42:37'),builder,builder,1,0,0,0,0,0,0,0,0
7599,i-Squared Developments,"3800 Steeles Ave W, Ste 201W",Woodbridge,Ontario,L4L 4G9,905-850-3453,2022-10-11,sully-miller.com,,2023-12-02 14:01:41,'2023-10-30 12:42:37'),builder,builder,1,0,0,0,0,0,0,0,0
7601,Townwood Homes Inc,"1 Bradwick Dr, Units 1 &amp;amp; 2",Concord,Ontario,L4K 2T4,905-669-1615,2022-10-05,townwoodhomes.com,,2023-12-09 16:46:38,'2023-10-30 12:42:37'),builder,builder,1,0,0,0,0,0,0,0,0
7603,Union: Sustainable Development Co-Operative Inc,140 Westmount Rd N,Watertloo,Ontario,N2L 3G6,519-885-0220,2022-10-03,,,2023-10-12 10:32:14,'2023-10-30 12:42:37'),builder,builder,1,0,0,0,0,0,0,0,0
7604,Rexdale Property Inc,"433 Hackensack Ave, Ste 401",Hackensack,New Jersey,USA - 07601,,2022-09-30,,,2023-10-12 10:32:15,'2023-10-30 12:42:37'),builder,builder,1,0,0,0,0,0,0,0,0
7617,Main and Main Developments Inc,"109 Atlantic Ave, Ste 302B",Toronto,Ontario,M6K 1X4more info: mi.pdf,416-530-2438,2022-09-29,,,2023-10-12 10:32:16,'2023-10-30 12:42:37'),builder,builder,1,0,0,0,0,0,0,0,0
7618,Bayview Summit Development Ltd,1485 Whitehorse Rd,Toronto,Ontario,M3J 2Z2,416-635-2910,2022-09-28,,,2023-10-12 10:32:16,'2023-10-30 12:42:37'),builder,builder,1,0,0,0,0,0,0,0,0
7626,Regormak Construction Inc,,Toronto,Ontario,M2L 2Y4,,2022-09-28,,,2023-10-12 10:32:16,'2023-10-30 12:42:37'),builder,builder,1,0,0,0,0,0,0,0,0
7639,Achille Developments,"141 Bathurst St, Ste 101",Toronto,Ontario,M5V 2R2,416-360-8530,2022-09-22,achille.ca,,2023-12-02 13:14:01,'2023-10-30 12:42:37'),builder,builder,1,0,0,0,0,0,0,0,0
7642,Clarkone Developments Ltd,3 Browning Ct,,,L7E 5S6,,2022-09-21,,,2023-10-12 10:32:16,'2023-10-30 12:42:37'),builder,builder,1,0,0,0,0,0,0,0,0
7648,Co-Fo Concrete Forming Construction Ltd,72 Ann St,London,Ontario,N6A 1P9,519-432-2391,2022-09-20,,,2023-10-12 10:32:16,'2023-10-30 12:42:37'),builder,builder,1,0,0,0,0,0,0,0,0
7649,533 Industrial Road Development Inc,10 Giza Cres,Brampton,Ontario,L6R 2R3,,2022-09-20,,,2023-10-12 10:32:16,'2023-10-30 12:42:37'),builder,builder,1,0,0,0,0,0,0,0,0
7658,JD Development Group,"131 McNabb St, Ste 201",Markham,Ontario,L3R 5V7,905-479-9898,2022-09-15,jddevelopment.ca,,2023-12-09 16:47:44,'2023-10-30 12:42:37'),builder,builder,1,0,0,0,0,0,0,0,0
7668,Collier Owen Development Corp,100 Davenport Rd,Toronto,Ontario,M5R 1H7,416-741-7207,2022-09-08,diamantedevelopment.com,,2023-12-02 13:38:17,'2023-10-30 12:42:37'),builder,builder,1,0,0,0,0,0,0,0,0
7678,Village Developments Albert Street Inc,7686 Appleby Line,Milton,Ontario,L9E 0N1,,2022-09-01,,,2023-10-12 10:32:17,'2023-10-30 12:42:37'),builder,builder,1,0,0,0,0,0,0,0,0
7680,Crown (Bradford) Developments Inc,"85 Bloor St E, Ste 2007",Toronto,Ontario,M4W 3Y1,,2023-09-29,,,2023-10-12 10:32:19,'2023-10-30 12:42:37'),builder,builder,1,0,0,0,0,0,0,0,0
7692,Colonnade Development Inc,"16 Concourse Gate, Ste 200",,,K2E 7S8,,2023-09-29,colonnadebridgeport.ca,,2023-12-09 16:46:01,'2023-10-30 12:42:37'),builder,builder,1,0,0,0,0,0,0,0,0
7693,Oakland Properties Ltd,"2275 Upper Middle Rd E, Ste 101",Oakville,Ontario,L6H 0C3,,2023-09-29,,,2023-10-12 10:32:19,'2023-10-30 12:42:37'),builder,builder,1,0,0,0,0,0,0,0,0
7696,Kanitz Properties Ltd,61 Mathersfield Dr,,,M4W 3W4,,2023-09-29,,,2023-10-12 10:32:19,'2023-10-30 12:42:37'),builder,builder,1,0,0,0,0,0,0,0,0
7705,Tough &amp; Son Properties Ltd,96 Walnut St,,,N3L 2J7,,2023-09-29,,,2023-10-12 10:32:20,'2023-10-30 12:42:37'),builder,builder,1,0,0,0,0,0,0,0,0
7706,Losani Homes (Kensington,"430 McNeilly Rd, Ste 203",Stoney Creek,Ontario,L8E 5E3,905-561-1700,2023-09-29,,,2023-10-12 10:32:20,'2023-10-30 12:42:37'),builder,builder,1,0,0,0,0,0,0,0,0
7708,Valery Homes,2140 King St E,Hamilton,Ontario,L8K 1W6,905-547-5056,2023-09-29,valeryhomes.com,,2023-12-09 16:45:24,'2023-10-30 12:42:37'),builder,builder,1,0,0,0,0,0,0,0,0
7742,Jaks Construction Ltd,"10 Wilkinson Rd, Unit 22",,,L6T 5B1,,2023-09-27,,,2023-10-12 10:32:20,'2023-10-30 12:42:37'),builder,builder,1,0,0,0,0,0,0,0,0
7750,WNDR P Properties Inc,"15511 - 123rd Ave NW, Ste 200",Edmonton,Alberta,T5V 0C3,,2023-09-25,,,2023-10-12 10:32:20,'2023-10-30 12:42:37'),builder,builder,1,0,0,0,0,0,0,0,0
7753,Berkshire Axis Development,,Toronto,Ontario,M3B 2R2,416-485-7860,2023-09-25,,,2023-10-12 10:32:20,'2023-10-30 12:42:37'),builder,builder,1,0,0,0,0,0,0,0,0
7762,Citi Brokers Realty Inc,75 Lloyd Sanderson Dr,,,L6Y 0X3,,2023-09-22,,,2023-10-12 10:32:21,'2023-10-30 12:42:37'),builder,builder,1,0,0,0,0,0,0,0,0
7765,Jordan Road Property Inc,5071 King St,Beamsville,Ontario,L0R 1B0,,2023-09-21,,,2023-10-12 10:32:21,'2023-10-30 12:42:37'),builder,builder,1,0,0,0,0,0,0,0,0
7769,J Vand Developments Ltd,105 Kinghill Rd,Richmond Hill,Ontario,L4E 4X1,,2023-09-21,,,2023-10-12 10:32:21,'2023-10-30 12:42:37'),builder,builder,1,0,0,0,0,0,0,0,0
7772,JG Real Properties Inc,64 Spring Hill Dr,King City,Ontario,L7B 0B4,905-539-1017,2023-09-21,,,2023-10-12 10:32:21,'2023-10-30 12:42:37'),builder,builder,1,0,0,0,0,0,0,0,0
7776,Eclipse Home Buildings Inc,386 Bering Ave,Toronto,Ontario,M8Z 3A9more info: mi.pdf,,2023-09-21,,,2023-10-12 10:32:21,'2023-10-30 12:42:37'),builder,builder,1,0,0,0,0,0,0,0,0
7782,Brad J Lamb Realty,778 King St W,Toronto,Ontario,M5V 1N6,416-368-5262,2023-09-19,,,2023-10-12 10:32:21,'2023-10-30 12:42:37'),builder,builder,1,0,0,0,0,0,0,0,0
7789,Ruscio Masonry and Construction Ltd,1085 McNabb St,Sault Ste Marie,Ontario,P6B 2A1,705-949-1832,2023-09-18,,,2023-10-12 10:32:21,'2023-10-30 12:42:37'),builder,builder,1,0,0,0,0,0,0,0,0
7806,eXp Realty Brokerage,"386 St Paul St, Ste 102",St Catharines,Ontario,L2R 3N2,905-401-0141,2023-09-15,,,2023-10-12 10:32:21,'2023-10-30 12:42:37'),builder,builder,1,0,0,0,0,0,0,0,0
7818,Gawne Properties Inc,2495 No 2 Side Rd,Burlington,Ontario,L7P 0G8,,2023-09-14,,,2023-10-12 10:32:21,'2023-10-30 12:42:37'),builder,builder,1,0,0,0,0,0,0,0,0
7829,Yvon Building Supply Burlington,4331 Mainway,Burlington,Ontario,L7L 5N7,905-635-8700,2023-09-29,,,2023-10-12 10:32:23,'2023-10-30 12:42:37'),builder,builder,1,0,0,0,0,0,0,0,0
7831,Practec Realty Inc,"2441 Yonge St, 2nd Flr",,,M4P 2E7,,2023-09-29,,,2023-10-12 10:32:23,'2023-10-30 12:42:37'),builder,builder,1,0,0,0,0,0,0,0,0
7832,A1 Development,"75 Scarsdale Rd, Ste 203",Toronto,Ontario,M3B 2R2,647-242-9869,2023-09-29,,,2023-10-12 10:32:23,'2023-10-30 12:42:37'),builder,builder,1,0,0,0,0,0,0,0,0
7843,Prosper Living Homes Inc,106 Munro Blvd,Toronto,Ontario,M2P 1C6more info: mi.pdf,,2023-09-27,,,2023-10-12 10:32:23,'2023-10-30 12:42:37'),builder,builder,1,0,0,0,0,0,0,0,0
7849,Viana Development Group Ltd,74 Advance Rd,,,M8Z 2T7,,2023-09-22,,,2023-10-12 10:32:24,'2023-10-30 12:42:37'),builder,builder,1,0,0,0,0,0,0,0,0
7858,Terra Firma Homes Corp,592 Annette St,,,M6S 2C4,,2023-09-18,terrafirmahomes.com,,2023-12-09 16:46:30,'2023-10-30 12:42:37'),builder,builder,1,0,0,0,0,0,0,0,0
7859,332 High Park Property Inc,1 Yule Ave,Toronto,Ontario,M6S 1E7,,2023-09-18,,,2023-10-12 10:32:24,'2023-10-30 12:42:37'),builder,builder,1,0,0,0,0,0,0,0,0
7862,Eshva Properties Ltd,7 Canis St,Brampton,Ontario,L5B 0G1,,2023-09-15,,,2023-10-12 10:32:24,'2023-10-30 12:42:37'),builder,builder,1,0,0,0,0,0,0,0,0
7864,Mukta 98 Properties Inc,"10366 136A St, Ste 300",Surrey,British Columbia,V3T 5R3,,2023-09-15,,,2023-10-12 10:32:24,'2023-10-30 12:42:37'),builder,builder,1,0,0,0,0,0,0,0,0
7870,Sherwood Homes Ltd,"6783 Wellington Rd 34, RR 22",Cambridge,Ontario,N3C 2V4,519-220-0308,2023-09-13,nshomes.co.uk,,2023-12-02 13:33:50,'2023-10-30 12:42:37'),builder,builder,1,0,0,0,0,0,0,0,0
7877,Bro-Ham Properties (Parcel 2) Inc,"184 Front St E, Ste 201",,,M5A 4N3,,2023-09-11,,,2023-10-12 10:32:24,'2023-10-30 12:42:37'),builder,builder,1,0,0,0,0,0,0,0,0
7883,McClung Properties Ltd,125 Villarboit Cres,,,L4K 4K2,,2023-09-05,,,2023-10-12 10:32:24,'2023-10-30 12:42:37'),builder,builder,1,0,0,0,0,0,0,0,0
7898,SAV Developments Inc,785 Partridge Dr,Burlington,Ontario,L7T 2Z6,,2023-09-06,,,2023-10-12 10:32:25,'2023-10-30 12:42:37'),builder,builder,1,0,0,0,0,0,0,0,0
7903,6199 Danville Properties Inc,"390 Upper Middle Rd E, Ste 304",,,L6H 0A5,,2023-09-01,,,2023-10-12 10:32:25,'2023-10-30 12:42:37'),builder,builder,1,0,0,0,0,0,0,0,0
7907,Metropolitan Toronto Condominium,"5160 Explorer Dr, Ste 17",Mississauga,Ontario,L4W 4T7,,2023-04-28,,,2023-10-12 13:06:41,'2023-10-30 12:42:37'),builder,builder,1,0,0,0,0,0,0,0,0
7908,Lifetime Developments,"49 Jackes Ave, Ste 200",Toronto,Ontario,M4T 1E2,416-987-3344,2023-04-28,,,2023-10-12 13:06:41,'2023-10-30 12:42:37'),builder,builder,1,0,0,0,0,0,0,0,0
7913,Scottish Heather Development Inc,"351 King St E, Ste 1300",,,M5A 0L6,,2023-04-28,,,2023-10-12 13:06:42,'2023-10-30 12:42:37'),builder,builder,1,0,0,0,0,0,0,0,0
7917,Aecon Construction And Materials Ltd,"20 Carlson Ct, Ste 800",,,M9W 7K6,,2023-04-28,,,2023-10-12 13:06:42,'2023-10-30 12:42:37'),builder,builder,1,0,0,0,0,0,0,0,0
7923,"VV Demarco Properties, Ltd","40 King St W, 49th Flr",,,M5H 1H1,,2023-04-28,,,2023-10-12 13:06:42,'2023-10-30 12:42:37'),builder,builder,1,0,0,0,0,0,0,0,0
7926,Jonvic Realty Inc,31 Helen St,Thornhill,Ontario,L4J 1J6,905-597-5225,2023-04-28,,,2023-10-12 13:06:42,'2023-10-30 12:42:37'),builder,builder,1,0,0,0,0,0,0,0,0
7940,OPUS Homes,"331 Cityview Blvd, Ste 201",Vaughan,Ontario,L4H 3M3,905-832-2522,2023-04-25,,,2023-10-12 13:06:42,'2023-10-30 12:42:37'),builder,builder,1,0,0,0,0,0,0,0,0
7953,Akuna Properties Inc,"6581 Kitimat Rd, Unit 8",Mississauga,Ontario,L5N 3T5,877-692-5862,2023-04-19,,,2023-10-12 13:06:42,'2023-10-30 12:42:37'),builder,builder,1,0,0,0,0,0,0,0,0
7964,Greenpark Homes,8700 Dufferin St,Concord,Ontario,L4K 4S6,416-661-5329,2023-04-17,,,2023-10-12 13:06:42,'2023-10-30 12:42:37'),builder,builder,1,0,0,0,0,0,0,0,0
7968,Altree Developments,"2828 Bathurst St, Ste 300",Toronto,Ontario,M6B 3A7,647-715-5711,2023-04-17,,,2023-10-12 13:06:42,'2023-10-30 12:42:37'),builder,builder,1,0,0,0,0,0,0,0,0
7970,First Bay Properties Inc,"311 Richmond Hill, Ste 203",Ottawa,Ontario,K1Z 6X3,613-454-8089,2023-04-17,,,2023-10-12 13:06:42,'2023-10-30 12:42:37'),builder,builder,1,0,0,0,0,0,0,0,0
7971,Aecon Construction and Materials Ltd,"20 Carlson Ct, Ste 105",Toronto,Ontario,M9W 7K6,416-297-2600,2023-04-14,,,2023-10-12 13:06:42,'2023-10-30 12:42:37'),builder,builder,1,0,0,0,0,0,0,0,0
7975,Old Orchard Properties Inc,609 Marlee Ave,,,M6B 3J6,,2023-04-14,,,2023-10-12 13:06:42,'2023-10-30 12:42:37'),builder,builder,1,0,0,0,0,0,0,0,0
7996,Metrus Developments,"30 Floral Pkwy, Ste 300",Concord,Ontario,L4K 4R1,905-669-9714,2023-04-11,,,2023-10-12 13:06:43,'2023-10-30 12:42:37'),builder,builder,1,0,0,0,0,0,0,0,0
7998,Auburn Developments,"560 Wellington St, 2nd Flr",London,Ontario,N6A 3R4more info: mi.pdf,519-434-1808,2023-04-11,,,2023-10-12 13:06:43,'2023-10-30 12:42:37'),builder,builder,1,0,0,0,0,0,0,0,0
8002,Mountainview Homes (Niagara) Ltd,"3340 Schmon Parkway, Unit 1",Thorold,Ontario,L2V 4Y6more info: mi.pdf,905-688-3100,2023-04-05,mountainview.com,,2023-12-09 16:47:28,'2023-10-30 12:42:37'),builder,builder,1,0,0,0,0,0,0,0,0
8004,Spotlight Development,"550 Queen St E, Ste 200",Toronto,Ontario,M5A 1V2,905-695-9052,2023-04-05,,,2023-10-12 13:06:43,'2023-10-30 12:42:37'),builder,builder,1,0,0,0,0,0,0,0,0
8009,Thames Developments (XI) Inc,105B Winges Rd,,,L4L 6C2,,2023-04-04,,,2023-10-12 13:06:43,'2023-10-30 12:42:37'),builder,builder,1,0,0,0,0,0,0,0,0
8012,Valecraft Homes (2019) Ltd,"1455 Youville Dr, Ste 210",Ottawa,Ontario,K1C 6Z7,613-837-1104,2023-04-04,,,2023-10-12 13:06:43,'2023-10-30 12:42:37'),builder,builder,1,0,0,0,0,0,0,0,0
8021,Findley Creek Development Inc,"200 rue Montcalm, Ste 400",,,J8Y 3B5,,2023-04-03,,,2023-10-12 13:06:43,'2023-10-30 12:42:37'),builder,builder,1,0,0,0,0,0,0,0,0
8022,Claridge Homes (4570 Hawthorne) Inc,"5050 Preston St, 2nd Flr",Ottawa,Ontario,K1S 4N7,613-233-6030,2023-04-03,,,2023-10-12 13:06:43,'2023-10-30 12:42:37'),builder,builder,1,0,0,0,0,0,0,0,0
8044,Altree Developments,"2828 Bathurst St, Ste 300",Toronto,Ontario,M6B 3A7,647-715-5711,2023-04-17,,,2023-10-12 13:06:43,'2023-10-30 12:42:37'),builder,builder,1,0,0,0,0,0,0,0,0
8045,Old Orchard Properties Inc,609 Marlee Ave,,,M6B 3J6,,2023-04-14,,,2023-10-12 13:06:43,'2023-10-30 12:42:37'),builder,builder,1,0,0,0,0,0,0,0,0
8049,"VV Demarco Properties, Ltd","40 King St W, 49th Flr",,,M5H 1H1,,2023-04-28,,,2023-10-12 13:06:43,'2023-10-30 12:42:37'),builder,builder,1,0,0,0,0,0,0,0,0
8052,Jonvic Realty Inc,31 Helen St,Thornhill,Ontario,L4J 1J6,905-597-5225,2023-04-28,,,2023-10-12 13:06:43,'2023-10-30 12:42:37'),builder,builder,1,0,0,0,0,0,0,0,0
8067,Akuna Properties Inc,"6581 Kitimat Rd, Unit 8",Mississauga,Ontario,L5N 3T5,877-692-5862,2023-04-19,,,2023-10-12 13:06:43,'2023-10-30 12:42:37'),builder,builder,1,0,0,0,0,0,0,0,0
8074,First Bay Properties Inc,"311 Richmond Hill, Ste 203",Ottawa,Ontario,K1Z 6X3,613-454-8089,2023-04-17,,,2023-10-12 13:06:43,'2023-10-30 12:42:37'),builder,builder,1,0,0,0,0,0,0,0,0
8075,Aecon Construction and Materials Ltd,"20 Carlson Ct, Ste 105",Toronto,Ontario,M9W 7K6,416-297-2600,2023-04-14,,,2023-10-12 13:06:44,'2023-10-30 12:42:37'),builder,builder,1,0,0,0,0,0,0,0,0
8110,First Bay Properties Inc,"311 Richmond Hill, Ste 203",Ottawa,Ontario,K1Z 6X3,613-454-8089,2023-04-17,,,2023-10-12 13:06:44,'2023-10-30 12:42:37'),builder,builder,1,0,0,0,0,0,0,0,0
8123,Old Orchard Properties Inc,609 Marlee Ave,,,M6B 3J6,,2023-04-14,,,2023-10-12 13:06:44,'2023-10-30 12:42:37'),builder,builder,1,0,0,0,0,0,0,0,0
8142,OPUS Homes,"331 Cityview Blvd, Ste 201",Vaughan,Ontario,L4H 3M3,905-832-2522,2023-04-25,,,2023-10-12 13:06:44,'2023-10-30 12:42:37'),builder,builder,1,0,0,0,0,0,0,0,0
8143,Aecon Construction and Materials Ltd,"20 Carlson Ct, Ste 105",Toronto,Ontario,M9W 7K6,416-297-2600,2023-04-14,aecon.com,,2023-12-09 16:47:48,'2023-10-30 12:42:37'),builder,builder,1,0,0,0,0,0,0,0,0
8148,Metrus Developments,"30 Floral Pkwy, Ste 300",Concord,Ontario,L4K 4R1,905-669-9714,2023-04-11,,,2023-10-12 13:06:44,'2023-10-30 12:42:37'),builder,builder,1,0,0,0,0,0,0,0,0
8150,Spotlight Development,"550 Queen St E, Ste 200",Toronto,Ontario,M5A 1V2,905-695-9052,2023-04-05,,,2023-10-12 13:06:44,'2023-10-30 12:42:37'),builder,builder,1,0,0,0,0,0,0,0,0
8151,Metropolitan Toronto Condominium,"5160 Explorer Dr, Ste 17",Mississauga,Ontario,L4W 4T7,,2023-04-28,,,2023-10-12 13:06:44,'2023-10-30 12:42:37'),builder,builder,1,0,0,0,0,0,0,0,0
8152,Lifetime Developments,"49 Jackes Ave, Ste 200",Toronto,Ontario,M4T 1E2,416-987-3344,2023-04-28,lifetimedevelopments.com,,2023-12-09 16:46:22,'2023-10-30 12:42:37'),builder,builder,1,0,0,0,0,0,0,0,0
8154,OPUS Homes,"331 Cityview Blvd, Ste 201",Vaughan,Ontario,L4H 3M3,905-832-2522,2023-04-25,,,2023-10-12 13:06:44,'2023-10-30 12:42:37'),builder,builder,1,0,0,0,0,0,0,0,0
8158,Greenpark Homes,8700 Dufferin St,Concord,Ontario,L4K 4S6,416-661-5329,2023-04-17,,,2023-10-12 13:06:44,'2023-10-30 12:42:37'),builder,builder,1,0,0,0,0,0,0,0,0
8162,Metrus Developments,"30 Floral Pkwy, Ste 300",Concord,Ontario,L4K 4R1,905-669-9714,2023-04-11,,,2023-10-12 13:06:45,'2023-10-30 12:42:37'),builder,builder,1,0,0,0,0,0,0,0,0
8164,Auburn Developments,"560 Wellington St, 2nd Flr",London,Ontario,N6A 3R4more info: mi.pdf,519-434-1808,2023-04-11,,,2023-10-12 13:06:45,'2023-10-30 12:42:37'),builder,builder,1,0,0,0,0,0,0,0,0
8166,Spotlight Development,"550 Queen St E, Ste 200",Toronto,Ontario,M5A 1V2,905-695-9052,2023-04-05,,,2023-10-12 13:06:45,'2023-10-30 12:42:37'),builder,builder,1,0,0,0,0,0,0,0,0
8168,Valecraft Homes (2019) Ltd,"1455 Youville Dr, Ste 210",Ottawa,Ontario,K1C 6Z7,613-837-1104,2023-04-04,,,2023-10-12 13:06:45,'2023-10-30 12:42:37'),builder,builder,1,0,0,0,0,0,0,0,0
8169,Findley Creek Development Inc,"200 rue Montcalm, Ste 400",,,J8Y 3B5,,2023-04-03,,,2023-10-12 13:06:45,'2023-10-30 12:42:37'),builder,builder,1,0,0,0,0,0,0,0,0
8170,Claridge Homes (4570 Hawthorne) Inc,"5050 Preston St, 2nd Flr",Ottawa,Ontario,K1S 4N7,613-233-6030,2023-04-03,,,2023-10-12 13:06:45,'2023-10-30 12:42:37'),builder,builder,1,0,0,0,0,0,0,0,0
8178,Metrus Developments,"30 Floral Pkwy, Ste 300",Concord,Ontario,L4K 4R1,905-669-9714,2023-04-11,,,2023-10-12 13:06:45,'2023-10-30 12:42:37'),builder,builder,1,0,0,0,0,0,0,0,0
8183,Scottish Heather Development Inc,"351 King St E, Ste 1300",,,M5A 0L6,,2023-04-28,,,2023-10-12 13:06:45,'2023-10-30 12:42:37'),builder,builder,1,0,0,0,0,0,0,0,0
8187,Thames Developments (XI) Inc,105B Winges Rd,,,L4L 6C2,,2023-04-04,,,2023-10-12 13:06:45,'2023-10-30 12:42:37'),builder,builder,1,0,0,0,0,0,0,0,0
8191,Elison Developments Inc,"1315 Michigan Ave, Unit D",,,N7S 4M6,,2022-08-31,,,2023-10-12 13:06:45,'2023-10-30 12:42:37'),builder,builder,1,0,0,0,0,0,0,0,0
8198,Brigil Construction Inc,98 Lois St,Gatineau,Quebec,J8Y 3R7,819-243-7392,2022-08-30,,,2023-10-12 13:06:45,'2023-10-30 12:42:37'),builder,builder,1,0,0,0,0,0,0,0,0
8211,Dogliola Developments Ltd,"1681 Langstaff Rd, Unit 1",,,L4K 5T3,,2022-08-29,,,2023-10-12 13:06:45,'2023-10-30 12:42:37'),builder,builder,1,0,0,0,0,0,0,0,0
8212,Greenpark Homes,8700 Dufferin St,Concord,Ontario,L4K 4S6,416-661-5329,2022-08-29,,,2023-10-12 13:06:45,'2023-10-30 12:42:37'),builder,builder,1,0,0,0,0,0,0,0,0
8215,Perspective Developments Ltd,"3250 Bloor St W,",Toronto,Ontario,M8X 2X9,,2022-08-29,,,2023-10-12 13:06:45,'2023-10-30 12:42:37'),builder,builder,1,0,0,0,0,0,0,0,0
8216,Pianosi Bros Construction Ltd,3250 Bloor St W,Toronto,Ontario,M8X 2X9,416-231-1297,2022-08-29,,,2023-10-12 13:06:45,'2023-10-30 12:42:37'),builder,builder,1,0,0,0,0,0,0,0,0
8220,Madison Properties,369 Rimrock Rd,Toronto,Ontario,M3J 3G2,416-661-4000,2022-08-26,,,2023-10-12 13:06:45,'2023-10-30 12:42:37'),builder,builder,1,0,0,0,0,0,0,0,0
8228,Enticor Properties Inc,1 Wilkinson Rd,Brampton,Ontario,L6T 4M6,,2022-08-24,,,2023-10-12 13:06:45,'2023-10-30 12:42:37'),builder,builder,1,0,0,0,0,0,0,0,0
8230,QuadReal Property Group Ltd,"199 Bay St, Ste 4900",Toronto,Ontario,M5X 1G2,416-673-7444,2022-08-24,,,2023-10-12 13:06:45,'2023-10-30 12:42:37'),builder,builder,1,0,0,0,0,0,0,0,0
8232,Homelife Landmark Realty Inc,"7240 Woodbine Ave, Ste 103",Markham,Ontario,L3R 1A4,905-305-1600,2022-08-24,,,2023-10-12 13:06:45,'2023-10-30 12:42:37'),builder,builder,1,0,0,0,0,0,0,0,0
8234,Claridge Homes,21 Gladstone Ave,Ottawa,Ontario,K2P 0Y6,613-233-6030,2022-08-24,,,2023-10-12 13:06:45,'2023-10-30 12:42:37'),builder,builder,1,0,0,0,0,0,0,0,0
8243,Mod-Aire Homes Ltd,,Bradford,Ontario,L3Z 2B5,905-775-4881,2022-08-22,,,2023-10-12 13:06:46,'2023-10-30 12:42:37'),builder,builder,1,0,0,0,0,0,0,0,0
8246,Vanmar Developments 417 King GP Corp,145 Goddard Cres,Cambridge,Ontario,N3E 0B1,519-740-6800,2022-08-19,,,2023-10-12 13:06:46,'2023-10-30 12:42:37'),builder,builder,1,0,0,0,0,0,0,0,0
8248,Lakeview Homes,200 Bridgeland Ave,Toronto,Ontario,M6A 1Z4,416-785-8172,2022-08-19,,,2023-10-12 13:06:46,'2023-10-30 12:42:37'),builder,builder,1,0,0,0,0,0,0,0,0
8260,Adelaide Development Corp,"268 Royal York Rd, 2nd Flr",Toronto,Ontario,M8V 2V9,416-769-9900,2022-08-17,,,2023-10-12 13:06:46,'2023-10-30 12:42:37'),builder,builder,1,0,0,0,0,0,0,0,0
8262,Tricap Properties,"8688 Woodbine Ave, Ste 100",Markham,Ontario,L3R 0B9,905-470-8777,2022-08-17,,,2023-10-12 13:06:46,'2023-10-30 12:42:37'),builder,builder,1,0,0,0,0,0,0,0,0
8263,Mattamy Homes,,Toronto,Ontario,M5K 1G8,,2022-08-17,,,2023-10-12 13:06:46,'2023-10-30 12:42:37'),builder,builder,1,0,0,0,0,0,0,0,0
8277,Radha Properties Inc,25 Maclean Ave,,,M4E 2Z8,,2022-08-16,,,2023-10-12 13:06:46,'2023-10-30 12:42:37'),builder,builder,1,0,0,0,0,0,0,0,0
8296,G &amp; N Developments Inc,"401 Logan Ave, Ste 201",Toronto,Ontario,M4M 2N9,,2022-08-11,,,2023-10-12 13:06:46,'2023-10-30 12:42:37'),builder,builder,1,0,0,0,0,0,0,0,0
8297,Ron-Lou Developments Ltd,175 Kimberly Dr,,,L8K 4L2,,2022-08-11,,,2023-10-12 13:06:46,'2023-10-30 12:42:37'),builder,builder,1,0,0,0,0,0,0,0,0
8302,Brigil Construction Inc,98 Lois St,Gatineau,Quebec,J8Y 3R7,819-243-7392,2022-08-30,,,2023-10-12 13:06:46,'2023-10-30 12:42:37'),builder,builder,1,0,0,0,0,0,0,0,0
8307,Mattamy Homes,,Toronto,Ontario,M5K 1G8,,2022-08-17,mattamyhomes.com,,2023-12-09 16:46:36,'2023-10-30 12:42:37'),builder,builder,1,0,0,0,0,0,0,0,0
8309,Ron-Lou Developments Ltd,175 Kimberly Dr,,,L8K 4L2,,2022-08-11,,,2023-10-12 13:06:46,'2023-10-30 12:42:37'),builder,builder,1,0,0,0,0,0,0,0,0
8322,Enticor Properties Inc,1 Wilkinson Rd,Brampton,Ontario,L6T 4M6,,2022-08-24,,,2023-10-12 13:06:47,'2023-10-30 12:42:37'),builder,builder,1,0,0,0,0,0,0,0,0
8324,Adelaide Development Corp,"268 Royal York Rd, 2nd Flr",Toronto,Ontario,M8V 2V9,416-769-9900,2022-08-17,,,2023-10-12 13:06:47,'2023-10-30 12:42:37'),builder,builder,1,0,0,0,0,0,0,0,0
8336,Triovest Realty Advisors,"40 University Ave, Ste 1200",Toronto,Ontario,M5J 1T1,416-362-0045,2022-08-04,,,2023-10-12 13:06:47,'2023-10-30 12:42:37'),builder,builder,1,0,0,0,0,0,0,0,0
8337,Panattoni Development Co,2541681 Ontario Inc&amp;nbsp; &amp;nbsp; &amp;nbsp;416-915-1970,Toronto,Ontario,M9C 5L5,416-915-1970,2022-08-03,,,2023-10-12 13:06:47,'2023-10-30 12:42:37'),builder,builder,1,0,0,0,0,0,0,0,0
8342,Surekann Realty GP Inc,54 Fairmeadow Ave,Toronto,Ontario,M2P 1W7,,2022-08-02,,,2023-10-12 13:06:47,'2023-10-30 12:42:37'),builder,builder,1,0,0,0,0,0,0,0,0
8348,Madison Properties,369 Rimrock Rd,Toronto,Ontario,M3J 3G2,416-661-4000,2022-08-26,,,2023-10-12 13:06:47,'2023-10-30 12:42:37'),builder,builder,1,0,0,0,0,0,0,0,0
8350,Homelife Landmark Realty Inc,"7240 Woodbine Ave, Ste 103",Markham,Ontario,L3R 1A4,905-305-1600,2022-08-24,,,2023-10-12 13:06:47,'2023-10-30 12:42:37'),builder,builder,1,0,0,0,0,0,0,0,0
8355,Mod-Aire Homes Ltd,,Bradford,Ontario,L3Z 2B5,905-775-4881,2022-08-22,,,2023-10-12 13:06:47,'2023-10-30 12:42:37'),builder,builder,1,0,0,0,0,0,0,0,0
8360,Tricap Properties,"8688 Woodbine Ave, Ste 100",Markham,Ontario,L3R 0B9,905-470-8777,2022-08-17,,,2023-10-12 13:06:47,'2023-10-30 12:42:37'),builder,builder,1,0,0,0,0,0,0,0,0
8366,G &amp; N Developments Inc,"401 Logan Ave, Ste 201",Toronto,Ontario,M4M 2N9,,2022-08-11,,,2023-10-12 13:06:47,'2023-10-30 12:42:37'),builder,builder,1,0,0,0,0,0,0,0,0
8367,Panattoni Development Co,2541681 Ontario Inc&amp;nbsp; &amp;nbsp; &amp;nbsp;416-915-1970,Toronto,Ontario,M9C 5L5,416-915-1970,2022-08-03,panattoni.com,,2023-12-08 11:58:19,'2023-10-30 12:42:37'),builder,builder,1,0,0,0,0,0,0,0,0
8372,Madison Properties,369 Rimrock Rd,Toronto,Ontario,M3J 3G2,416-661-4000,2022-08-26,,,2023-10-12 13:06:47,'2023-10-30 12:42:37'),builder,builder,1,0,0,0,0,0,0,0,0
8374,Homelife Landmark Realty Inc,"7240 Woodbine Ave, Ste 103",Markham,Ontario,L3R 1A4,905-305-1600,2022-08-24,,,2023-10-12 13:06:47,'2023-10-30 12:42:37'),builder,builder,1,0,0,0,0,0,0,0,0
8378,Vanmar Developments 417 King GP Corp,145 Goddard Cres,Cambridge,Ontario,N3E 0B1,519-740-6800,2022-08-19,,,2023-10-12 13:06:47,'2023-10-30 12:42:37'),builder,builder,1,0,0,0,0,0,0,0,0
8386,G &amp; N Developments Inc,"401 Logan Ave, Ste 201",Toronto,Ontario,M4M 2N9,,2022-08-11,,,2023-10-12 13:06:47,'2023-10-30 12:42:37'),builder,builder,1,0,0,0,0,0,0,0,0
8398,QuadReal Property Group Ltd,"199 Bay St, Ste 4900",Toronto,Ontario,M5X 1G2,416-673-7444,2022-08-24,,,2023-10-12 13:06:48,'2023-10-30 12:42:37'),builder,builder,1,0,0,0,0,0,0,0,0
8400,Vanmar Developments 417 King GP Corp,145 Goddard Cres,Cambridge,Ontario,N3E 0B1,519-740-6800,2022-08-19,,,2023-10-12 13:06:48,'2023-10-30 12:42:37'),builder,builder,1,0,0,0,0,0,0,0,0
8402,Lakeview Homes,200 Bridgeland Ave,Toronto,Ontario,M6A 1Z4,416-785-8172,2022-08-19,,,2023-10-12 13:06:48,'2023-10-30 12:42:37'),builder,builder,1,0,0,0,0,0,0,0,0
8408,Adelaide Development Corp,"268 Royal York Rd, 2nd Flr",Toronto,Ontario,M8V 2V9,416-769-9900,2022-08-17,,,2023-10-12 13:06:48,'2023-10-30 12:42:37'),builder,builder,1,0,0,0,0,0,0,0,0
8418,Triple Net Realty,"4 Abacus Rd, Unit 3",Brampton,Ontario,L6T 5J6,416-571-0000,2022-08-05,,,2023-10-12 13:06:48,'2023-10-30 12:42:37'),builder,builder,1,0,0,0,0,0,0,0,0
8428,QuadReal Property Group Ltd,"199 Bay St, Ste 4900",Toronto,Ontario,M5X 1G2,416-673-7444,2022-08-24,,,2023-10-12 13:06:48,'2023-10-30 12:42:37'),builder,builder,1,0,0,0,0,0,0,0,0
8430,Claridge Homes,21 Gladstone Ave,Ottawa,Ontario,K2P 0Y6,613-233-6030,2022-08-24,,,2023-10-12 13:06:48,'2023-10-30 12:42:37'),builder,builder,1,0,0,0,0,0,0,0,0
8432,Vanmar Developments 417 King GP Corp,145 Goddard Cres,Cambridge,Ontario,N3E 0B1,519-740-6800,2022-08-19,,,2023-10-12 13:06:48,'2023-10-30 12:42:37'),builder,builder,1,0,0,0,0,0,0,0,0
8434,Lakeview Homes,200 Bridgeland Ave,Toronto,Ontario,M6A 1Z4,416-785-8172,2022-08-19,,,2023-10-12 13:06:48,'2023-10-30 12:42:37'),builder,builder,1,0,0,0,0,0,0,0,0
8442,Triple Net Realty,"4 Abacus Rd, Unit 3",Brampton,Ontario,L6T 5J6,416-571-0000,2022-08-05,,,2023-10-12 13:06:48,'2023-10-30 12:42:37'),builder,builder,1,0,0,0,0,0,0,0,0
8446,Ballymore Homes,"12840 Yonge St, Ste 200",Richmond Hill,Ontario,L4E 4H1,905-773-1048,2022-08-02,,,2023-10-12 13:06:48,'2023-10-30 12:42:37'),builder,builder,1,0,0,0,0,0,0,0,0
8448,QuadReal Property Group Ltd,"199 Bay St, Ste 4900",Toronto,Ontario,M5X 1G2,416-673-7444,2022-08-24,,,2023-10-12 13:06:48,'2023-10-30 12:42:37'),builder,builder,1,0,0,0,0,0,0,0,0
8452,Lakeview Homes,200 Bridgeland Ave,Toronto,Ontario,M6A 1Z4,416-785-8172,2022-08-19,,,2023-10-12 13:06:48,'2023-10-30 12:42:37'),builder,builder,1,0,0,0,0,0,0,0,0
8458,Ballymore Homes,"12840 Yonge St, Ste 200",Richmond Hill,Ontario,L4E 4H1,905-773-1048,2022-08-02,,,2023-10-12 13:06:48,'2023-10-30 12:42:37'),builder,builder,1,0,0,0,0,0,0,0,0
8478,J Vand Developments Ltd,105 Kingshill Rd,Richmond Hill,Ontario,L4E 4X1,,2023-08-31,,,2023-10-12 13:06:49,'2023-10-30 12:42:37'),builder,builder,1,0,0,0,0,0,0,0,0
8487,Tyrolean Property Ltd,"796455 Grey Rd 19, Unit 1",Blue Mountains,Ontario,L9Y 0N8,416-213-7437,2023-08-31,,,2023-10-12 13:06:49,'2023-10-30 12:42:37'),builder,builder,1,0,0,0,0,0,0,0,0
8490,Centennial Homes (Niagara) Inc,353 Townline Rd,Niagara-on-the-Lake,ON,L0S 1J0,905-708-0123,2023-08-31,,,2023-10-12 13:06:49,'2023-10-30 12:42:37'),builder,builder,1,0,0,0,0,0,0,0,0
8492,SJCT Properties Inc,2 Hyland Dr,Blenheim,Ontario,N0P 1A0,,2023-08-31,,,2023-10-12 13:06:49,'2023-10-30 12:42:37'),builder,builder,1,0,0,0,0,0,0,0,0
8493,"Mowbray, Wright Regional Developments Inc",18 Golf Crest Rd,,,M9A 1M3,,2023-08-31,,,2023-10-12 13:06:49,'2023-10-30 12:42:37'),builder,builder,1,0,0,0,0,0,0,0,0
8496,Attainable Realty Inc,"76 King William St, Ste 1",Huntsville,Ontario,P1H 1E4,705-789-6568,2023-08-31,,,2023-10-12 13:06:49,'2023-10-30 12:42:37'),builder,builder,1,0,0,0,0,0,0,0,0
8497,Embrun Realty Ltd,"901 Notre Dame, Unit 3",Embrun,Ontario,K0A 1W0,,2023-08-31,,,2023-10-12 13:06:49,'2023-10-30 12:42:37'),builder,builder,1,0,0,0,0,0,0,0,0
8517,Green Earth Realty Inc,126 Vanluven Rd,,,K7R 3L2,,2023-08-30,,,2023-10-12 13:06:49,'2023-10-30 12:42:37'),builder,builder,1,0,0,0,0,0,0,0,0
8520,Coletara Development,"966 Pantera Dr, Unit 22",Mississauga,Ontario,L4W 2S1,905-624-4100,2023-08-29,,,2023-10-12 13:06:49,'2023-10-30 12:42:37'),builder,builder,1,0,0,0,0,0,0,0,0
8522,JP Gravel Construction,"5440 Canotek Rd, Ste 100",Ottawa,Ontario,K1J 9G2,613-749-1311,2023-08-29,,,2023-10-12 13:06:49,'2023-10-30 12:42:37'),builder,builder,1,0,0,0,0,0,0,0,0
8524,Wrap Developments 908 Bloor West Inc,4 Riverview Rd,Alliston,Ontario,L9R 1R9,,2023-08-29,,,2023-10-12 13:06:49,'2023-10-30 12:42:37'),builder,builder,1,0,0,0,0,0,0,0,0
8538,Royal Plaza Realty Inc,490 rue Laurier,Rockland,Ontario,K4K 1E7,,2023-08-28,,,2023-10-12 13:06:49,'2023-10-30 12:42:37'),builder,builder,1,0,0,0,0,0,0,0,0
8551,Canadian Grand Developments Inc,25 Campbell St,Brantford,Ontario,N3R 1X9,,2023-08-25,,,2023-10-12 13:06:50,'2023-10-30 12:42:37'),builder,builder,1,0,0,0,0,0,0,0,0
8569,Zavala Developments Inc,"30 Floral Pkwy, Ste 300",,,L4K 4R1,,2023-08-23,,,2023-10-12 13:06:50,'2023-10-30 12:42:37'),builder,builder,1,0,0,0,0,0,0,0,0
8570,Aspen Ridge Homes,29 Floral Pkwy,Concord,Ontario,L4K 5C5,905-669-9292,2023-08-23,aspenridgehomes.com,,2023-12-02 14:05:56,'2023-10-30 12:42:37'),builder,builder,1,0,0,0,0,0,0,0,0
8573,Zavala Developments Inc,"30 Floral Pkwy, Ste 300",,,L4K 4R1,,2023-08-23,,,2023-10-12 13:06:50,'2023-10-30 12:42:37'),builder,builder,1,0,0,0,0,0,0,0,0
8574,Brookfield Residential (Ontario) Ltd,"3381 Steeles Ave E, Ste 100",Toronto,Ontario,M5H 3S7,905-477-5111,2023-08-23,,,2023-10-12 13:06:50,'2023-10-30 12:42:37'),builder,builder,1,0,0,0,0,0,0,0,0
8588,Tomar Custom Homes Ltd,54 Bert G Argue Dr,Stittsville,Ontario,K2S 2H2,,2023-08-22,,,2023-10-12 13:06:50,'2023-10-30 12:42:37'),builder,builder,1,0,0,0,0,0,0,0,0
8596,Panoramic Properties Inc,8485 Montrose Rd,Niagara Falls,Ontario,L2H 3L7more info: mi.pdf,905-371-1201,2023-08-21,butera-group.com,,2023-12-09 16:46:49,'2023-10-30 12:42:37'),builder,builder,1,0,0,0,0,0,0,0,0
8601,King Jay Developments Ltd,"351 King St E, Ste 1300",,,M5A 0L6,,2023-08-18,,,2023-10-12 13:06:50,'2023-10-30 12:42:37'),builder,builder,1,0,0,0,0,0,0,0,0
8620,Dalla Zanna Properties Inc,"6400 Roberts St, Ste 485",Burnaby,BC,V5G 4C9,,2023-08-17,,,2023-10-12 13:06:50,'2023-10-30 12:42:37'),builder,builder,1,0,0,0,0,0,0,0,0
8623,Platinum Drive Development Corp,"99 Sante Dr, Unit C",,,L4K 3C4,,2023-08-16,,,2023-10-12 13:06:50,'2023-10-30 12:42:37'),builder,builder,1,0,0,0,0,0,0,0,0
8627,Matrix North American Construction Ltd,"15 E. 15th St, Ste 1100",Tulsa,OK,USA - 74103,,2023-08-16,,,2023-10-12 13:06:51,'2023-10-30 12:42:37'),builder,builder,1,0,0,0,0,0,0,0,0
8676,Treasure Hill Homes,101 Bradwick Dr,Vaughan,Ontario,L4K 1K5,416-987-5500,2023-08-10,,,2023-10-12 13:06:51,'2023-10-30 12:42:37'),builder,builder,1,0,0,0,0,0,0,0,0
8712,Gatta Properties Inc,,Niagara-on-the-Lake,ON,L0S 1J0,,2023-08-04,cobornsinc.com,,2024-06-04 13:12:55,'2023-10-30 12:42:37'),builder,builder,1,0,0,0,0,0,0,0,0
8733,Jimmy Lapointe&#039;s Automotive Group 2020 Realty Inc,775 Pembroke St E,,,K8A 3L8,,2023-08-02,,,2023-10-12 13:06:52,'2023-10-30 12:42:37'),builder,builder,1,0,0,0,0,0,0,0,0
8734,Greenidge Realty Inc,775 Pembroke St E,Pembroke,Ontario,K8A 3L8,,2023-08-02,,,2023-10-12 13:06:52,'2023-10-30 12:42:37'),builder,builder,1,0,0,0,0,0,0,0,0
8763,Berkshire Axis Development,,Toronto,Ontario,M3B 2R2,416-485-7860,2023-08-01,,,2023-10-12 13:06:52,'2023-10-30 12:42:37'),builder,builder,1,0,0,0,0,0,0,0,0
8766,GTA Development Corp,"99 Sante Dr, Unit C",Concord,Ontario,L4K 3C4,905-738-3675,2023-08-01,,,2023-10-12 13:06:52,'2023-10-30 12:42:37'),builder,builder,1,0,0,0,0,0,0,0,0
8786,Dora Homes Inc,39 East Dr,Unionville,Ontario,L6G 1A3,905-474-0973,2023-08-31,,,2023-10-12 13:06:53,'2023-10-30 12:42:37'),builder,builder,1,0,0,0,0,0,0,0,0
8798,Georgian Drive Developments Inc,428 Big Bay Point Rd,Innisfil,Ontario,L9S 2P7,,2023-08-30,,,2023-10-12 13:06:53,'2023-10-30 12:42:37'),builder,builder,1,0,0,0,0,0,0,0,0
8803,Kahlen Properties Ltd,47 Voisin Ct,,,N0B 2M0,,2023-08-29,,,2023-10-12 13:06:53,'2023-10-30 12:42:37'),builder,builder,1,0,0,0,0,0,0,0,0
8806,Brookshore Homes (Barrie) Ltd,9980 Keele St,Maple,Ontario,L6A 3Y5,289-474-5322,2023-08-29,,,2023-10-12 13:06:53,'2023-10-30 12:42:37'),builder,builder,1,0,0,0,0,0,0,0,0
8807,Caledon Development General Partner Ltd,137 Bowes Rd,,,L4K 1H3,,2023-08-29,,,2023-10-12 13:06:53,'2023-10-30 12:42:37'),builder,builder,1,0,0,0,0,0,0,0,0
8808,Zancor Homes (Caldeon) Ltd,221 North Rivermede Rd,Concord,Ontario,L4K 1H3,905-738-7010,2023-08-29,,,2023-10-12 13:06:53,'2023-10-30 12:42:37'),builder,builder,1,0,0,0,0,0,0,0,0
8813,875 Properties Inc,"5671 Wellington Rd 86, RR 1",,,N0B 1B0,,2023-08-25,,,2023-10-12 13:06:53,'2023-10-30 12:42:37'),builder,builder,1,0,0,0,0,0,0,0,0
8819,Old Stonehenge Development,1133 Yonge St,Toronto,Ontario,M4T 2Y7,416-602-8144,2023-08-25,,,2023-10-12 13:06:53,'2023-10-30 12:42:37'),builder,builder,1,0,0,0,0,0,0,0,0
8820,Altree Developments,"2828 Bathurst St, Ste 300",Toronto,Ontario,M9B 3A7,647-715-5711,2023-08-25,,,2023-10-12 13:06:53,'2023-10-30 12:42:37'),builder,builder,1,0,0,0,0,0,0,0,0
8834,Auburn Developments,"560 Wellington,St, 2nd Flr",London,Ontario,N6A 3R4,519-434-1808,2023-08-22,auburndev.com,,2023-12-08 11:58:22,'2023-10-30 12:42:37'),builder,builder,1,0,0,0,0,0,0,0,0
8841,Taheri Properties Inc,207 Bayview Fairways Dr,,,L3T 2Z1,,2023-08-16,,,2023-10-12 13:06:53,'2023-10-30 12:42:37'),builder,builder,1,0,0,0,0,0,0,0,0
8849,Norm Lean Properties Inc,21 Doon Rd,Toronto,Ontario,M2L 1M1,416-224-2500,2023-08-14,,,2023-10-12 13:06:53,'2023-10-30 12:42:37'),builder,builder,1,0,0,0,0,0,0,0,0
8857,Piles Development (Keswick 5) Corp,"10 Queen Elizabeth Blvd, Unit 2",,,M8Z 1L8,,2023-08-10,,,2023-10-12 13:06:54,'2023-10-30 12:42:37'),builder,builder,1,0,0,0,0,0,0,0,0
8886,Zenan Glass Realty Corp,14922 Bathurst St,King City,Ontario,L7B 1K5,,2023-08-31,,,2023-10-12 13:06:54,'2023-10-30 12:42:37'),builder,builder,1,0,0,0,0,0,0,0,0
8895,InterRent International Properties Inc,"485 Bank St, Ste 207",Ottawa,Ontario,K2P 1Z2,613-569-5699,2023-08-30,,,2023-10-12 13:06:54,'2023-10-30 12:42:37'),builder,builder,1,0,0,0,0,0,0,0,0
8896,A1 Development,75 Scarsdale Rd,North York,Ontario,M3B 2R2,647-242-9869,2023-08-30,,,2023-10-12 13:06:54,'2023-10-30 12:42:37'),builder,builder,1,0,0,0,0,0,0,0,0
8904,Altree Developments,"2828 Bathurst St, Ste 300",Toronto,Ontario,M9B 3A7,647-715-5711,2023-08-25,,,2023-10-12 13:06:54,'2023-10-30 12:42:37'),builder,builder,1,0,0,0,0,0,0,0,0
8948,Megapro X Properties,"2700 Dufferin St, Unit 50",Toronto,Ontario,M6B 4J3,905-780-9610,2023-08-15,,,2023-10-12 13:06:55,'2023-10-30 12:42:37'),builder,builder,1,0,0,0,0,0,0,0,0
8960,Westdell Development Corp,"1701 Richmond St, Unit 3B",London,Ontario,N5X 3Y2,519-850-0000,2023-08-08,,,2023-10-12 13:06:55,'2023-10-30 12:42:37'),builder,builder,1,0,0,0,0,0,0,0,0
8962,Townwood Homes (Caledon) Inc,"1 Bradwick Dr, Units 1 &amp;amp; 2",Concord,Ontario,L4K 2T4more info: mi.pdf,905-669-1615,2023-08-08,,,2023-10-12 13:06:55,'2023-10-30 12:42:37'),builder,builder,1,0,0,0,0,0,0,0,0
8966,Serco Realty Group,"9 Capella Ct, Ste 200",Nepean,Ontario,K2E 8A7,613-226-2221,2023-08-04,,,2023-10-12 13:06:55,'2023-10-30 12:42:37'),builder,builder,1,0,0,0,0,0,0,0,0
8980,Royal Pine Homes,"3550 Langstaff Rd, Ste 200",Woodbridge,Ontario,L4L 9G3,905-856-2150,2023-08-01,,,2023-10-12 13:06:55,'2023-10-30 12:42:37'),builder,builder,1,0,0,0,0,0,0,0,0
9004,Serco Realty Group,"9 Capella Ct, Ste 200",Nepean,Ontario,K2E 8A7,613-226-2221,2023-08-04,,,2023-10-12 13:06:56,'2023-10-30 12:42:37'),builder,builder,1,0,0,0,0,0,0,0,0
9044,Westdell Development Corp,"1701 Richmond St, Unit 3B",London,Ontario,N5X 3Y2,519-850-0000,2023-08-08,,,2023-10-12 13:06:56,'2023-10-30 12:42:37'),builder,builder,1,0,0,0,0,0,0,0,0
9070,Megapro X Properties,"2700 Dufferin St, Unit 50",Toronto,Ontario,M6B 4J3,905-780-9610,2023-08-15,,,2023-10-12 13:06:56,'2023-10-30 12:42:37'),builder,builder,1,0,0,0,0,0,0,0,0
9082,Megapro X Properties,"2700 Dufferin St, Unit 50",Toronto,Ontario,M6B 4J3,905-780-9610,2023-08-15,,,2023-10-12 13:06:57,'2023-10-30 12:42:37'),builder,builder,1,0,0,0,0,0,0,0,0
9106,Killbear Property Corp,34 Glebe Rd,,,K0M 1S0,,2023-10-13,,,2023-10-21 20:00:55,'2023-10-30 12:42:37'),builder,builder,1,0,0,0,0,0,0,0,0
9108,Graham A Giddy Funeral Homes Ltd,280 St David St S,Fergus,Ontario,N1M 2L5,519-843-3100,2023-10-13,,,2023-10-21 20:00:55,'2023-10-30 12:42:37'),builder,builder,1,0,0,0,0,0,0,0,0
9126,Berkshire Axis Development,,Toronto,Ontario,M3B 2R2,416-485-7860,2023-10-12,,,2023-10-21 20:00:55,'2023-10-30 12:42:37'),builder,builder,1,0,0,0,0,0,0,0,0
9132,Dreamland Development Ltd,28 Overlea Blvd,Toronto,Ontario,M4H 1B6,,2023-10-12,,,2023-10-21 20:00:55,'2023-10-30 12:42:37'),builder,builder,1,0,0,0,0,0,0,0,0
9150,Amdev Property Group,"268 Royal York Rd, 2nd Flr",Toronto,Ontario,M8V 2V9,416-792-4441,2023-10-06,,,2023-10-21 20:00:56,'2023-10-30 12:42:37'),builder,builder,1,0,0,0,0,0,0,0,0
9167,Timberworx Custom Homes Inc,"275 Hanlon Creek Blvd, Unit 5",,,N1C 0A1,,2023-10-05,,,2023-10-21 20:00:56,'2023-10-30 12:42:37'),builder,builder,1,0,0,0,0,0,0,0,0
9169,Hetherell Construction Ltd,19 Trillium Cres,London,Ontario,N5Y 4T3,519-451-7393,2023-10-05,,,2023-10-21 20:00:56,'2023-10-30 12:42:37'),builder,builder,1,0,0,0,0,0,0,0,0
9184,The Properties Group,236 Metcalfe St,Ottawa,Ontario,K2P 1R3,613-237-2425,2023-10-03,prpgrp.com,,2023-12-09 16:46:28,'2023-10-30 12:42:37'),builder,builder,1,0,0,0,0,0,0,0,0
9187,Rose Hamilton Homes Inc,"145 Reynolds St, Ste 400",,,L6J 0A7,,2023-10-03,,,2023-10-21 20:00:56,'2023-10-30 12:42:37'),builder,builder,1,0,0,0,0,0,0,0,0
9204,Ban Realty Inc,355 Lake Dr N,Keswick,Ontario,L4P 3C8,,2023-10-03,,,2023-10-21 20:00:56,'2023-10-30 12:42:37'),builder,builder,1,0,0,0,0,0,0,0,0
9228,Orangeville Vision Development Centre,"310 Broadway, Ste 101",Orangeville,Ontario,L9W 1L3,519-940-8426,2023-10-02,,,2023-10-21 20:00:57,'2023-10-30 12:42:37'),builder,builder,1,0,0,0,0,0,0,0,0
9240,Lee-Mar Developments ULC,"429 Spadina Rd, Ste 202",,,M5P 2W3,,2023-10-12,,,2023-10-21 20:03:30,'2023-10-30 12:42:37'),builder,builder,1,0,0,0,0,0,0,0,0
9244,Shane Homes &amp; Development,"790 Shaver Rd, Ste B",Ancaster,Ontario,L9G 3K9,289-805-3474,2023-10-12,,,2023-10-21 20:03:30,'2023-10-30 12:42:37'),builder,builder,1,0,0,0,0,0,0,0,0
9252,Granite Homes (South River) Inc,7 Edinburgh Rd S,Guelph,Ontario,N1H 5N8,519-822-3988,2023-10-12,,,2023-10-21 20:03:30,'2023-10-30 12:42:37'),builder,builder,1,0,0,0,0,0,0,0,0
9259,Gorbern Mechanical Contractors Ltd,"80 Nashdene Rd,",Toronto,Ontario,M1V 5E4,416-292-4277,2023-10-11,,,2023-10-21 20:03:30,'2023-10-30 12:42:37'),builder,builder,1,0,0,0,0,0,0,0,0
9271,Akero Developments Inc,290 Lake Rd,,,L1C 4P8,,2023-10-10,,,2023-10-21 20:03:31,'2023-10-30 12:42:37'),builder,builder,1,0,0,0,0,0,0,0,0
9281,Dalla Zanna Properties Inc,"6400 Roberts St, Ste 485",Burnaby,Ontario,V2G 4C9,,2023-10-10,,,2023-10-21 20:03:31,'2023-10-30 12:42:37'),builder,builder,1,0,0,0,0,0,0,0,0
9290,JC Property Canada 1 Ltd,561 Bloor St W,Toronto,Ontario,M5S 1Y6,,2023-10-06,,,2023-10-21 20:03:31,'2023-10-30 12:42:37'),builder,builder,1,0,0,0,0,0,0,0,0
9294,Menkes Developments Ltd,,Toronto,Ontario,M2N 7E4,416-491-2222,2023-10-06,,,2023-10-21 20:03:31,'2023-10-30 12:42:37'),builder,builder,1,0,0,0,0,0,0,0,0
9296,P&amp;D Developments Group (Burlington) Inc,"5045 Mainway, Ste 211",,,L7L 5H9,,2023-10-06,,,2023-10-21 20:03:31,'2023-10-30 12:42:37'),builder,builder,1,0,0,0,0,0,0,0,0
9298,Skyway Construction Group Inc,6254 Skyway Rd,,,L0R 2A0,,2023-10-06,,,2023-10-21 20:03:31,'2023-10-30 12:42:37'),builder,builder,1,0,0,0,0,0,0,0,0
9307,Kaylan Properties Ltd,"310 North Queen St, Ste 105",Toronto,Ontario,M9C 5K4,,2023-10-05,,,2023-10-21 20:03:31,'2023-10-30 12:42:37'),builder,builder,1,0,0,0,0,0,0,0,0
9309,Longwood Building Corp,"1010 Polytek St, Unit 5",Ottawa,Ontario,K1J 9H8more info: mi.pdf,613-746-1300,2023-10-05,longwoodbuilders.com,,2023-12-02 13:35:45,'2023-10-30 12:42:37'),builder,builder,1,0,0,0,0,0,0,0,0
9321,Cooper Developments (1) Inc,31 Market Place,,,N5A 1A4,,2023-10-05,land.com,,2024-06-04 13:13:08,'2023-10-30 12:42:37'),builder,builder,1,0,0,0,0,0,0,0,0
9322,Farr Properties Inc,,,,M5V 3N5,,2023-10-04,,,2023-10-21 20:03:31,'2023-10-30 12:42:37'),builder,builder,1,0,0,0,0,0,0,0,0
9323,Leathertown Properties Inc,264 Main St N,Halton Hills,Ontario,L7J 1W9,,2023-10-04,,,2023-10-21 20:03:31,'2023-10-30 12:42:37'),builder,builder,1,0,0,0,0,0,0,0,0
9324,Smithcorp Realty Inc,114 Hemlock Ct,,,L9Y 0T3,,2023-10-04,,,2023-10-21 20:03:31,'2023-10-30 12:42:37'),builder,builder,1,0,0,0,0,0,0,0,0
9330,Ash &amp; Zak Developers Inc,3022 Lakeshore Rd,Burlington,Ontario,L7N 1A1,,2023-10-04,,,2023-10-21 20:03:32,'2023-10-30 12:42:37'),builder,builder,1,0,0,0,0,0,0,0,0
9342,Rock Developments Inc,"19 Amy Croft Dr, Unit 201",Lakeshore,Ontario,N9K 1C7,519-739-3900,2023-10-03,,,2023-10-21 20:03:32,'2023-10-30 12:42:37'),builder,builder,1,0,0,0,0,0,0,0,0
9357,Loca Properties (AB-ON) Inc,"30 N LaSalle St, Ste 4140",Chicago,IL,USA - 60602,,2023-10-03,,,2023-10-21 20:03:32,'2023-10-30 12:42:37'),builder,builder,1,0,0,0,0,0,0,0,0
9358,Dellray Properties Ltd,5 Mead Ct,North York,Ontario,M2L 2A5,647-351-5522,2023-10-03,,,2023-10-21 20:03:32,'2023-10-30 12:42:37'),builder,builder,1,0,0,0,0,0,0,0,0
9370,Oxford Properties Group,"100 Adealide St W, Ste 900",Toronto,Ontario,M5H 0E2,416-865-8300,2023-10-13,oxfordproperties.com,,2023-12-09 16:48:00,'2023-10-30 12:42:37'),builder,builder,1,0,0,0,0,0,0,0,0
9373,Reserve Properties Ltd,"110 Eglinton Ave E, Ste 500",Toronto,Ontario,M4P 2Y1,416-440-2904,2023-10-11,,,2023-10-21 20:06:34,'2023-10-30 12:42:37'),builder,builder,1,0,0,0,0,0,0,0,0
9378,General Cartage &amp; Express (Properties) Ltd,16 Rapallo Mews,,,L5N 1K9,,2023-10-05,,,2023-10-21 20:06:34,'2023-10-30 12:42:37'),builder,builder,1,0,0,0,0,0,0,0,0
9383,TCU Developments,"150 Iabella St, Ste 1207",Ottawa,Ontario,K1S 5P7,613-680-5582,2023-10-03,,,2023-10-21 20:06:34,'2023-10-30 12:42:37'),builder,builder,1,0,0,0,0,0,0,0,0
9392,Metrus Properties,"30 Floral Pkwy, Ste 300",Concord,Ontario,L4K 4R1,905-669-9714,2020-01-31,metrusproperties.com,,2023-12-02 13:35:58,'2023-10-30 12:42:37'),builder,builder,1,0,0,0,0,0,0,0,0
9393,Panattoni Developments Co,"185 The West Mall, Ste 860",Toronto,Ontario,M9C 5L5,416-915-1970,2020-01-31,,,2023-10-21 22:03:21,'2023-10-30 12:42:37'),builder,builder,1,0,0,0,0,0,0,0,0
9398,Chiapson Development (Canada) Inc,234 Valentina Dr,Markham,Ontario,L3R 4R4,,2021-10-05,,,2023-10-21 22:05:18,'2023-10-30 12:42:37'),builder,builder,1,0,0,0,0,0,0,0,0
9412,Horner Developments Ltd,313 Horner Ave,Toronto,Ontario,M8W 1Z5,416-252-2226,2017-11-30,,,2023-10-21 22:14:58,'2023-10-30 12:42:37'),builder,builder,1,0,0,0,0,0,0,0,0
9415,Freshstone Brands Properties 1604 Inc,"1111 West Hastings St, Ste 200",Vancouver,BC,V6E 2J3,,2017-06-09,keybrand.com,,2023-12-09 16:46:33,'2023-10-30 12:42:37'),builder,builder,1,0,0,0,0,0,0,0,0
9423,Lars Properties Inc,3770 Victoria Park Ave,Toronto,Ontario,M2H 3M6,416-493-2627,2019-06-27,,,2023-10-21 22:15:56,'2023-10-30 12:42:37'),builder,builder,1,0,0,0,0,0,0,0,0
9428,Corlb Properties 2018 Inc,"65 Cedar Pointe Dr, Ste 217",Barrie,Ontario,L4N 9R3,,2019-01-08,,,2023-10-21 22:15:56,'2023-10-30 12:42:37'),builder,builder,1,0,0,0,0,0,0,0,0
9434,Niran Construction Ltd,333 Humberline Dr,Toronto,Ontario,M9W 5X3,416-675-6550,2018-12-18,,,2023-10-23 20:25:54,'2023-10-30 12:42:37'),builder,builder,1,0,0,0,0,0,0,0,0
9442,Metcalfe Realty Company Ltd,"130 Albert St, Ste 210",Ottawa,Ontario,K1P 5G4,,2018-11-30,,,2023-10-23 20:25:54,'2023-10-30 12:42:37'),builder,builder,1,0,0,0,0,0,0,0,0
9450,Greycan 8 Properties Inc,"185 The West Mall, Ste 860",Toronto,Ontario,M9C 5L5,416-915-1970,2018-10-25,,,2023-10-23 20:25:54,'2023-10-30 12:42:37'),builder,builder,1,0,0,0,0,0,0,0,0
9454,Panattoni Development Company,"185 The West Mall, Ste 860",Toronto,Ontario,M6C 5L5,416-915-1970,2018-10-04,,,2023-10-23 20:25:54,'2023-10-30 12:42:37'),builder,builder,1,0,0,0,0,0,0,0,0
9455,Warehouse Properties Ltd,4 Tippett Rd,Toronto,Ontario,M3H 2V1,416-463-2114,2018-09-28,warehouseproperties.com,,2023-12-09 16:45:47,'2023-10-30 12:42:37'),builder,builder,1,0,0,0,0,0,0,0,0
9457,Mile Hill Developments Inc,925 Rest Acres Rd,Paris,Ontario,N3L 3E3,,2018-09-28,,,2023-10-23 20:25:54,'2023-10-30 12:42:37'),builder,builder,1,0,0,0,0,0,0,0,0
9458,Losani Homes (Paris) Ltd,430 McNeilly Rd,Stoney Creek,Ontario,L8E 5E3,905-561-1700,2018-09-28,,,2023-10-23 20:25:54,'2023-10-30 12:42:37'),builder,builder,1,0,0,0,0,0,0,0,0
9459,Z Realty,"1135 Adelaide St N, 3rd Flr",London,Ontario,N5Y 5K7,519-673-1730,2018-09-20,gn-holdings.com,,2023-12-09 16:47:41,'2023-10-30 12:42:37'),builder,builder,1,0,0,0,0,0,0,0,0
9464,Invar Building Corp,"220 Duncan Mill Rd, Ste 301",Toronto,Ontario,M3B 3J5,416-441-9855,2018-08-03,invar.nyc,,2023-12-02 13:38:02,'2023-10-30 12:42:37'),builder,builder,1,0,0,0,0,0,0,0,0
9477,Inside Edge Properties Ltd,"464 Bank St, Ste 200",Ottawa,Ontario,K2P 1Z3,613-226-9902,2018-07-06,,,2023-10-23 20:25:55,'2023-10-30 12:42:37'),builder,builder,1,0,0,0,0,0,0,0,0
9478,Jadco Construction,345 Samson Blvd,Laval,Quebec,H7N 2Z7,888-445-2326,2018-05-31,jadcoconstructionservices.com,,2023-12-02 13:38:00,'2023-10-30 12:42:37'),builder,builder,1,0,0,0,0,0,0,0,0
9481,Asa Development Inc,6 Cortleigh Ct,Richmond Hill,Ontario,L4B 3G9,905-737-8220,2018-05-14,,,2023-10-23 20:25:55,'2023-10-30 12:42:37'),builder,builder,1,0,0,0,0,0,0,0,0
9484,Lark Properties #1 Inc,"220 Duncan Mill Rd, Ste 615",Toronto,Ontario,M3B 3J5,416-444-0544,2018-05-01,,,2023-10-23 20:25:55,'2023-10-30 12:42:37'),builder,builder,1,0,0,0,0,0,0,0,0
9487,The Erin Mills Development Corp,"2300 Steeles Ave W, Ste 220",Vaughan,Ontario,L4K 5X6,905-820-4200,2018-04-17,,,2023-10-23 20:25:55,'2023-10-30 12:42:37'),builder,builder,1,0,0,0,0,0,0,0,0
9488,Minuk Construction &amp; Engineering Co,"99 Sante Dr, Unit C",Concord,Ontario,L4K 1C4,905-738-3675,2018-04-17,,,2023-10-23 20:25:55,'2023-10-30 12:42:37'),builder,builder,1,0,0,0,0,0,0,0,0
9508,Weslie Creek Development Inc,59 Sylvadene Pkwy,Woodbridge,Ontario,L4L 2M5,905-850-2220,2018-01-26,,,2023-10-23 20:25:56,'2023-10-30 12:42:37'),builder,builder,1,0,0,0,0,0,0,0,0
9528,Stafford Homes Ltd,"55 St Clair Ave W, Ste 200",Toronto,Ontario,M4V 2Y7,416-461-6100,2019-11-12,,,2023-10-23 20:27:00,'2023-10-30 12:42:37'),builder,builder,1,0,0,0,0,0,0,0,0
9539,Parkmount Building Corp,"23 Lesmill Rd, Ste 111",Toronto,Ontario,M3B 3P6,416-291-1613,2019-10-18,,,2023-10-23 20:27:00,'2023-10-30 12:42:37'),builder,builder,1,0,0,0,0,0,0,0,0
9540,Minuk Construction &amp; Engineering Co,"99 Sante Dr, Unit C",Concord,Ontario,L4K 3C4,905-738-3675,2019-10-18,,,2023-10-23 20:27:00,'2023-10-30 12:42:37'),builder,builder,1,0,0,0,0,0,0,0,0
9541,Silverstar Boulevard Properties Inc,81 Marc Santi Blvd,Vaughan,Ontario,L6K 0K3,,2019-10-15,,,2023-10-23 20:27:00,'2023-10-30 12:42:37'),builder,builder,1,0,0,0,0,0,0,0,0
9555,Lionston Developments Inc,8 Erica Rd,Thornhill,Ontario,L4J 2G1,,2019-08-29,,,2023-10-23 20:27:01,'2023-10-30 12:42:37'),builder,builder,1,0,0,0,0,0,0,0,0
9582,Elias Bros Construction Ltd,4929 Dundas St W,Toronto,Ontario,M9A 1B6,416-234-0144,2019-05-14,,,2023-10-23 20:27:01,'2023-10-30 12:42:37'),builder,builder,1,0,0,0,0,0,0,0,0
9611,JvN Developments,"110 Adelaide St E, 4th Flr",Toronto,Ontario,M5C 1K9,416-907-7224,2019-01-31,,,2023-10-23 20:27:02,'2023-10-30 12:42:37'),builder,builder,1,0,0,0,0,0,0,0,0
9625,James Dick Construction Ltd,,Bolton,Ontario,L7E 5T4,888-535-3333,2020-12-08,jamesdick.com,,2023-12-02 13:38:08,'2023-10-30 12:42:37'),builder,builder,1,0,0,0,0,0,0,0,0
9627,Lamezia Construction Ltd,"1 Steinway Blvd, Unit 11",Toronto,Ontario,M9W 6H9,905-679-9616,2020-12-01,,,2023-10-23 20:27:31,'2023-10-30 12:42:37'),builder,builder,1,0,0,0,0,0,0,0,0
9629,Uniform Urban Developments Ltd,"117 Centrepointe Dr, Ste 300",Ottawa,Ontario,K2G 5X3,613-225-0770,2020-12-01,,,2023-10-23 20:27:31,'2023-10-30 12:42:37'),builder,builder,1,0,0,0,0,0,0,0,0
9634,Penta Properties Inc,4480 Paletta Ct,Burlington,Ontario,L7L 5R2,905-632-6036,2020-11-25,,,2023-10-23 20:27:31,'2023-10-30 12:42:37'),builder,builder,1,0,0,0,0,0,0,0,0
9635,Auroconstruction Ltd,"2150 Steeles Ave E, Ste 8A",Brampton,Ontario,L6T 1A7,833-266-0367,2020-11-24,,,2023-10-23 20:27:31,'2023-10-30 12:42:37'),builder,builder,1,0,0,0,0,0,0,0,0
9639,Brookvalley Developments,137 Bowes Rd,Concord,Ontario,L4K 1H3,905-738-8001,2020-11-04,vdevelopments.net,,2023-12-02 13:38:08,'2023-10-30 12:42:37'),builder,builder,1,0,0,0,0,0,0,0,0
9644,Edsco Properties Inc,443 Silver Birch Dr,Tiny,Ontario,L9M 0M5,705-533-2976,2020-11-02,,,2023-10-23 20:27:31,'2023-10-30 12:42:37'),builder,builder,1,0,0,0,0,0,0,0,0
9661,Haven Developments,"1275 Finch Ave W, Ste 803",Toronto,Ontario,M3J 0L5,905-851-1010,2020-09-25,,,2023-10-23 20:27:31,'2023-10-30 12:42:37'),builder,builder,1,0,0,0,0,0,0,0,0
9674,Nortown Electrical Contractors Associates,"3845 Bathurst St, Ste 102",Toronto,Ontario,M3H 3N2,416-638-6700,2020-09-09,,,2023-10-23 20:27:32,'2023-10-30 12:42:37'),builder,builder,1,0,0,0,0,0,0,0,0
9679,Oldcastle Building Products Canada Inc,"400 Perimeter Centre Terrace, ste 1000",Alanta,GA,USA - 30346,,2020-08-28,,,2023-10-23 20:27:32,'2023-10-30 12:42:37'),builder,builder,1,0,0,0,0,0,0,0,0
9680,"Greycan 6 Properties GP, Inc","185 The West Mall, Ste 860",Toronto,Ontario,M6C 5L5,905-282-9041,2020-08-28,,,2023-10-23 20:27:32,'2023-10-30 12:42:37'),builder,builder,1,0,0,0,0,0,0,0,0
9681,Metrus Properties,30 Floral Pkwy,Concord,Ontario,L4K 4R1,905-669-9714,2020-08-24,metrusproperties.com,,2023-12-02 13:38:03,'2023-10-30 12:42:37'),builder,builder,1,0,0,0,0,0,0,0,0
9682,Beedie ON (Superior Court) Property Ltd,3030 Gilmore Diversion,Burnaby,British Columbia,V5G 3B4,604-435-3321,2020-08-24,,,2023-10-23 20:27:32,'2023-10-30 12:42:37'),builder,builder,1,0,0,0,0,0,0,0,0
9692,Horner Developments Ltd,313 Horner Ave,Toronto,Ontario,M8W 1Z5,416-252-2226,2020-07-02,,,2023-10-23 20:27:32,'2023-10-30 12:42:37'),builder,builder,1,0,0,0,0,0,0,0,0
9701,CentreCourt Developments Inc,"134 Peter St, Ste 200",Toronto,Ontario,M5V 2H2,416-324-5400,2020-06-04,,,2023-10-23 20:27:32,'2023-10-30 12:42:37'),builder,builder,1,0,0,0,0,0,0,0,0
9710,AIK Construction,"1140 Sheppard Ave W, Unit 17",Toronto,Ontario,M3K 2A2,416-636-2767,2020-04-01,axiomcco.com,,2023-12-02 13:38:09,'2023-10-30 12:42:37'),builder,builder,1,0,0,0,0,0,0,0,0
9714,Triple Properties Inc,,Toronto,Ontario,M4A 1E1,416-751-4242,2020-03-24,,,2023-10-23 20:27:32,'2023-10-30 12:42:37'),builder,builder,1,0,0,0,0,0,0,0,0
9718,Osgoode Properties,1284 Wellington St,Ottawa,Ontario,K1Y 3A9,613-729-0656,2020-02-21,osgoode.ca,,2023-12-02 13:36:01,'2023-10-30 12:42:37'),builder,builder,1,0,0,0,0,0,0,0,0
9721,Yonge Woodlawn Developments Ltd,2811 Dufferin St,Toronto,Ontario,M6B 3R9,416-635-7424,2020-02-05,,,2023-10-23 20:27:33,'2023-10-30 12:42:37'),builder,builder,1,0,0,0,0,0,0,0,0
9723,Maywood Property Corp,"1055 Dunsmuir St, Ste 3500",Vancouver,BC,V7X 1H3,,2020-02-03,,,2023-10-23 20:27:33,'2023-10-30 12:42:37'),builder,builder,1,0,0,0,0,0,0,0,0
9731,Algonquins of Ontario Realty Corp,"31 Riverside Dr, Ste 101",Pembroke,Ontario,K8A 8R6,855-735-3759,2020-01-27,,,2023-10-23 20:27:33,'2023-10-30 12:42:37'),builder,builder,1,0,0,0,0,0,0,0,0
9742,Hengda Development Ltd,67 Baldry Ave,Maple,Ontario,L6A 4X9,,2020-01-10,,,2023-10-23 20:27:33,'2023-10-30 12:42:37'),builder,builder,1,0,0,0,0,0,0,0,0
9748,Rabco Realty Ltd,,Toronto,Ontario,M5H 3S5,,2021-06-30,,,2023-10-23 20:28:01,'2023-10-30 12:42:37'),builder,builder,1,0,0,0,0,0,0,0,0
9753,Prince Charles North Developments Inc,"2 Sheppard Ave E, Ste 1505",Toronto,Ontario,M2N 5Y7,416-304-9089,2021-06-25,,,2023-10-23 20:28:01,'2023-10-30 12:42:37'),builder,builder,1,0,0,0,0,0,0,0,0
9758,Surface Developments,88 Spadina Ave,Ottawa,Ontario,K1Y 2C1,613-233-4210,2021-06-17,,,2023-10-23 20:28:01,'2023-10-30 12:42:37'),builder,builder,1,0,0,0,0,0,0,0,0
9759,1655 Carling Development Inc,"2535 Halpern St, Ste 1",Montreal,Quebec,H4S 1R9,,2021-06-17,,,2023-10-23 20:28:01,'2023-10-30 12:42:37'),builder,builder,1,0,0,0,0,0,0,0,0
9780,Minuk Construction &amp; Engineering Co,"99 Sante Dr, Unit C",Concord,Ontario,L4K 3C4,905-738-3675,2021-05-31,,,2023-10-23 20:28:01,'2023-10-30 12:42:37'),builder,builder,1,0,0,0,0,0,0,0,0
9781,Rego Developments &amp; Construction Ltd,"75 Eglinton Ave W, Ste 2802",Mississauga,Ontario,L5R 0E5,289-232-5185,2021-05-31,,,2023-10-23 20:28:02,'2023-10-30 12:42:37'),builder,builder,1,0,0,0,0,0,0,0,0
9785,Royal Mimico Developments Ltd,388 Cortleigh Bvd,Toronto,Ontario,M5N 1R5,416-227-9005,2021-05-28,fieldgatehomes.com,,2023-12-06 19:45:31,'2023-10-30 12:42:37'),builder,builder,1,0,0,0,0,0,0,0,0
9795,Premium Properties 77 Inc  416-4833400,"36 Eglinton Ave W, 7th Flr",Toronto,Ontario,M4R 1A1,,2021-05-14,,,2023-10-23 20:28:02,'2023-10-30 12:42:37'),builder,builder,1,0,0,0,0,0,0,0,0
9805,Valecraft Homes,"1455 Youville Dr, Ste 210",Ottawa,Ontario,K1C 6Z7,613-837-1104,2021-05-07,,,2023-10-23 20:28:02,'2023-10-30 12:42:37'),builder,builder,1,0,0,0,0,0,0,0,0
9810,NTA Development Corp,"640 Orly Ave, Ste 160",Dorval,Quebec,H9P 1E9,514-420-1414,2021-05-03,,,2023-10-23 20:28:02,'2023-10-30 12:42:37'),builder,builder,1,0,0,0,0,0,0,0,0
9817,Design Properties (Ontario) Ltd,"40 King St W, Ste 3100",Toronto,Ontario,M5H 3Y2,905-230-2969,2021-04-19,,,2023-10-23 20:28:02,'2023-10-30 12:42:37'),builder,builder,1,0,0,0,0,0,0,0,0
9818,Markham Executive Centre Building No 2 Ltd,"5155 Yonge St, Ste 700",North York,Ontario,M2N 6P4,905-738-3675,2021-04-15,,,2023-10-23 20:28:02,'2023-10-30 12:42:37'),builder,builder,1,0,0,0,0,0,0,0,0
9831,First Gulf Properties Ltd,"7898 North Fraser Way, Unit 1",Burnaby,BC,V5J 0C7,604-255-9200,2021-03-31,,,2023-10-23 20:28:03,'2023-10-30 12:42:37'),builder,builder,1,0,0,0,0,0,0,0,0
9851,Sierra Homes,"1090 Don Mills Rd, Ste 300",Toronto,Ontario,M3C 3R6,416-642-0032,2021-03-01,,,2023-10-23 20:28:03,'2023-10-30 12:42:37'),builder,builder,1,0,0,0,0,0,0,0,0
9854,First Gulf Homes,3751 Victoria Park Ave,Toronto,Ontario,M1W 3Z4,416-449-1340,2021-02-26,,,2023-10-23 20:28:03,'2023-10-30 12:42:37'),builder,builder,1,0,0,0,0,0,0,0,0
9855,Claridge Homes (Baseline) Inc,210 Gladstone Ave,Ottawa,Ontario,K2P 0Y6,613-233-6030,2021-02-19,,,2023-10-23 20:28:03,'2023-10-30 12:42:37'),builder,builder,1,0,0,0,0,0,0,0,0
9859,Taggart Construction Ltd,3187 Albion Rd S,Ottawa,Ontario,K1V 8Y3,613-521-3000,2021-02-10,taggart.ca,,2023-12-09 16:47:38,'2023-10-30 12:42:37'),builder,builder,1,0,0,0,0,0,0,0,0
9865,Filoselle Properties Ltd,94 Harbord St,Toronto,Ontario,M5S 1G6,,2021-02-05,,,2023-10-23 20:28:04,'2023-10-30 12:42:37'),builder,builder,1,0,0,0,0,0,0,0,0
9867,401 and Dixon Properties Inc,37A Stoffel Dr,Toronto,Ontario,M9W 6A8,,2021-02-05,,,2023-10-23 20:28:04,'2023-10-30 12:42:37'),builder,builder,1,0,0,0,0,0,0,0,0
9876,Fieldgate Properties Ltd,"5400 Yonge St, Ste 300",Toronto,Ontario,M2N 5R5,416-221-3335,2021-01-21,,,2023-10-23 20:28:04,'2023-10-30 12:42:37'),builder,builder,1,0,0,0,0,0,0,0,0
9888,Signet Realty Inc,"1858 Avenue Rd, Ste 100",Toronto,Ontario,M5M 3Z5,416-783-1600,2021-12-22,,,2023-10-23 20:29:49,'2023-10-30 12:42:37'),builder,builder,1,0,0,0,0,0,0,0,0
9894,Emery Homes,"620 Wilson Ave, Ste 401",Toronto,Ontario,M3K 1Z3,416-630-6927,2021-12-16,,,2023-10-23 20:29:49,'2023-10-30 12:42:37'),builder,builder,1,0,0,0,0,0,0,0,0
9912,ONE Properties,"333 Bay St, Ste 2710",Toronto,Ontario,M5H 2R2,647-256-1014,2021-11-12,oneproperties.com,,2023-12-02 13:36:46,'2023-10-30 12:42:37'),builder,builder,1,0,0,0,0,0,0,0,0
9920,Greycan 14 Properties Inc,"185 The West Mall, Ste 860",Toronto,Ontario,M9C 5L5,416-915-1970,2021-10-25,,,2023-10-23 20:29:50,'2023-10-30 12:42:37'),builder,builder,1,0,0,0,0,0,0,0,0
9924,Voisin Properties,"245 The Boardwalk, Ste 303",Waterloo,Ontario,N2T 0A6,519-589-0770,2021-10-21,,,2023-10-23 20:29:50,'2023-10-30 12:42:37'),builder,builder,1,0,0,0,0,0,0,0,0
9929,Mayflower Properties Inc,1 Erinville Dr,Erin,Ontario,N0B 1T0,,2021-10-14,politicaldata.com,,2023-12-09 16:47:14,'2023-10-30 12:42:37'),builder,builder,1,0,0,0,0,0,0,0,0
9948,Business Realty Concepts Inc,"2404 Haines Rd, Units 14",Mississauga,Ontario,L4Y 4B8,,2021-09-14,,,2023-10-23 20:29:51,'2023-10-30 12:42:37'),builder,builder,1,0,0,0,0,0,0,0,0
9954,Bellai Freres Construction Ltee,30 rue Adrien Robert,Gatineau,Quebec,J8Y 3S2,819-771-7704,2021-08-31,,,2023-10-23 20:29:51,'2023-10-30 12:42:37'),builder,builder,1,0,0,0,0,0,0,0,0
9960,Concert Properties Ltd,"1190 Hornby St, 8th Flr",Vancouver,BC,V6Z 2K5,604-688-9460,2021-08-23,,,2023-10-23 20:29:51,'2023-10-30 12:42:37'),builder,builder,1,0,0,0,0,0,0,0,0
9967,Intercity Realty Inc,"163 Buttermill Ave, Unit 12",Concord,Ontario,L4K 3X8,416-798-7070,2021-08-06,,,2023-10-23 20:29:52,'2023-10-30 12:42:37'),builder,builder,1,0,0,0,0,0,0,0,0
9968,Shannondale Developments,"21 Booth Ave, Ste 200",Toronto,Ontario,M4M 2M3,416-461-1515,2021-08-06,,,2023-10-23 20:29:52,'2023-10-30 12:42:37'),builder,builder,1,0,0,0,0,0,0,0,0
9970,Phoenix Homes,18A Bentley Ave,Ottawa,Ontario,K2E 6T8,613-723-9227,2021-08-06,,,2023-10-23 20:29:52,'2023-10-30 12:42:37'),builder,builder,1,0,0,0,0,0,0,0,0
9971,Minuk Construction &amp; Engineering Co,"99 Sante Dr, Unit C",Concord,Ontario,L4K 3C4,905-738-3675,2021-08-05,,,2023-10-23 20:29:52,'2023-10-30 12:42:37'),builder,builder,1,0,0,0,0,0,0,0,0
9988,VanMar Developments 10 Duke GP Corp,145 Goddard Cres,Cambridge,Ontario,N3E 0B1,519-740-6800,2021-07-14,,,2023-10-23 20:29:52,'2023-10-30 12:42:37'),builder,builder,1,0,0,0,0,0,0,0,0
9991,Bayview Sheppard Developments Ltd,"145 King St W, Ste 2200",Toronto,Ontario,M5H 4G2,416-227-9005,2021-07-07,,,2023-10-23 20:29:53,'2023-10-30 12:42:37'),builder,builder,1,0,0,0,0,0,0,0,0
9996,Big Foot Realty Inc,16 Commerce Rd,Orangeville,Ontario,L9W 2X7,905-451-5800,2021-07-05,,,2023-10-23 20:29:53,'2023-10-30 12:42:37'),builder,builder,1,0,0,0,0,0,0,0,0
10008,Oxford Properties Industrian GP Inc,"200 Bay St, Ste 900",Toronto,Ontario,M5J 2J2,416-865-8300,2013-11-29,,,2023-10-24 14:27:32,'2023-10-30 12:42:37'),builder,builder,1,0,0,0,0,0,0,0,0
10013,GWL Realty Advisors Inc,"330 University Ave, Ste 300",Toronto,Ontario,M5G 1R8,416-552-5959,2013-11-15,,,2023-10-24 14:27:32,'2023-10-30 12:42:37'),builder,builder,1,0,0,0,0,0,0,0,0
10021,York Heritage Properties,"67 Mowat Ave, Ste 340",Toronto,Ontario,M6K 3E3,416-484-1250,2013-10-16,,,2023-10-24 14:27:32,'2023-10-30 12:42:37'),builder,builder,1,0,0,0,0,0,0,0,0
10026,Bridgewater Lakeshore Developer Inc,"420 Main St E, Ste 598",Milton,Ontario,L9T 5G3,,2013-09-13,,,2023-10-24 14:27:32,'2023-10-30 12:42:37'),builder,builder,1,0,0,0,0,0,0,0,0
10034,Bentall Kennedy Prime Canadian Property Fund Ltd,"55 University Ave, Ste 300",Toronto,Ontario,M5J 2H7,416-681-3400,2013-08-14,,,2023-10-24 14:27:33,'2023-10-30 12:42:37'),builder,builder,1,0,0,0,0,0,0,0,0
10038,T&amp;T Properties,"1020 Lawrence Ave W, Ste 300",Toronto,Ontario,M6A 1C8,416-787-1135,2013-07-26,,,2023-10-24 14:27:33,'2023-10-30 12:42:37'),builder,builder,1,0,0,0,0,0,0,0,0
10041,International Paving &amp; Construction Ltd,4 Holland Dr,Bolton,Ontario,L7E 1G1,905-951-1616,2013-07-18,,,2023-10-24 14:27:33,'2023-10-30 12:42:37'),builder,builder,1,0,0,0,0,0,0,0,0
10043,Hopewell Developments (Ontario) Inc,"1122 Fourth St SW, Ste 600",Calgary,Alberta,T2R 1M1,403-232-8821,2013-07-18,,,2023-10-24 14:27:33,'2023-10-30 12:42:37'),builder,builder,1,0,0,0,0,0,0,0,0
10053,Country Homes Ltd,111 Strada Dr,Woodbridge,Ontario,L4L 5V9,416-213-7191,2013-06-10,countryhomes.ca,,2023-12-02 13:38:12,'2023-10-30 12:42:37'),builder,builder,1,0,0,0,0,0,0,0,0
10071,First Gulf Industrial Developments Inc,3751 Victoria Park Ave,Toronto,Ontario,M1W 3Z4,416-491-7778,2013-04-18,,,2023-10-24 14:27:34,'2023-10-30 12:42:37'),builder,builder,1,0,0,0,0,0,0,0,0
10096,Mady Development Corp,"8791 Woodbine Ave, Ste 100",Markham,Ontario,L3R 0P4,905-944-0907,2013-01-29,,,2023-10-24 14:27:34,'2023-10-30 12:42:37'),builder,builder,1,0,0,0,0,0,0,0,0
10099,Steinfeld Properties Ltd,,Toronto,Ontario,M2N 6A3,,2013-01-18,,,2023-10-24 14:27:35,'2023-10-30 12:42:37'),builder,builder,1,0,0,0,0,0,0,0,0
10101,Cardel Homes,3368 Carling Ave,Ottawa,Ontario,K2H 5A8,613-820-1959,2013-01-15,,,2023-10-24 14:27:35,'2023-10-30 12:42:37'),builder,builder,1,0,0,0,0,0,0,0,0
10111,Newvest Realty Corp,55 University Ave,Toronto,Ontario,M5J 2H7,416-681-3400,2014-12-22,,,2023-10-24 14:27:56,'2023-10-30 12:42:37'),builder,builder,1,0,0,0,0,0,0,0,0
10113,4G Properties Inc,"1380 Rodick Rd, Ste 110",Markham,Ontario,L3R 4G5,905-477-1605,2014-12-19,,,2023-10-24 14:27:56,'2023-10-30 12:42:37'),builder,builder,1,0,0,0,0,0,0,0,0
10117,Mizrahi Development Group,126 Hazelton Ave,Toronto,Ontario,M5R 2E5,416-922-4200,2014-12-18,,,2023-10-24 14:27:56,'2023-10-30 12:42:37'),builder,builder,1,0,0,0,0,0,0,0,0
10120,Novaho Realty Ltd,"55 University Ave, Ste 300",Toronto,Ontario,M5J 2H7,416-681-3400,2014-12-17,,,2023-10-24 14:27:56,'2023-10-30 12:42:37'),builder,builder,1,0,0,0,0,0,0,0,0
10123,HomeLife Broadway Realty Inc,,Richmond Hill,Ontario,L4B 4W5,905-881-3661,2014-12-04,,,2023-10-24 14:27:56,'2023-10-30 12:42:37'),builder,builder,1,0,0,0,0,0,0,0,0
10129,E-Lane Properties (King) Inc,485 Claywood Ct,Waterloo,Ontario,N2T 2C6,519-746-9945,2014-11-27,,,2023-10-24 14:27:57,'2023-10-30 12:42:37'),builder,builder,1,0,0,0,0,0,0,0,0
10132,Bridgeport Realty Management,100 Argyle Ave,Ottawa,Ontario,K2P 1B6,613-739-1057,2014-11-25,,,2023-10-24 14:27:57,'2023-10-30 12:42:37'),builder,builder,1,0,0,0,0,0,0,0,0
10148,Corebridge Development,3928 Highway 7 E,Markham,Ontario,L3R 1L3,416-800-3718,2014-09-29,,,2023-10-24 14:27:57,'2023-10-30 12:42:37'),builder,builder,1,0,0,0,0,0,0,0,0
10153,Fortress Real Developments,"25 Brodie St, Unit 1",Richmond Hill,Ontario,L4B 3K7,905-787-9266,2014-09-15,fortressdevelopment.com,,2024-04-16 14:49:01,'2023-10-30 12:42:37'),builder,builder,1,0,0,0,0,0,0,0,0
10158,Harhay Construction Management Ltd,540 Richmond St W,Toronto,Ontario,M5V 1Y4,416-626-7141,2014-09-08,,,2023-10-24 14:27:57,'2023-10-30 12:42:37'),builder,builder,1,0,0,0,0,0,0,0,0
10170,Monarch Berczy Glen Development Ltd,"2550 Victoria Park Ave, Ste 200",Toronto,Ontario,M2J 5A9,416-491-7440,2014-08-15,,,2023-10-24 14:27:57,'2023-10-30 12:42:37'),builder,builder,1,0,0,0,0,0,0,0,0
10176,Brad Lamb Realty,778 King St W,Toronto,Ontario,M5V 1N6,416-368-5262,2014-07-31,,,2023-10-24 14:27:58,'2023-10-30 12:42:37'),builder,builder,1,0,0,0,0,0,0,0,0
10177,BRL Realty Ltd,5905 Campus Rd,Mississauga,Ontario,L4V 1P9,905-676-1248,2014-07-25,betsson.com,,2023-12-02 14:07:21,'2023-10-30 12:42:37'),builder,builder,1,0,0,0,0,0,0,0,0
10207,GPM Real Property (9) Ltd,"70 University Ave, Ste 1200",Toronto,Ontario,M5J 2M4,416-864-0040,2014-05-01,,,2023-10-24 14:27:58,'2023-10-30 12:42:37'),builder,builder,1,0,0,0,0,0,0,0,0
10209,Metrus Developments Inc,30 Floral Pkwy,Concord,Ontario,L4K 4R1,905-669-9714,2014-03-14,,,2023-10-24 14:27:58,'2023-10-30 12:42:37'),builder,builder,1,0,0,0,0,0,0,0,0
10210,Runnymede Development Corp Ltd,1051 Tapscott Rd,Toronto,Ontario,M1X 1A1,416-298-0066,2014-03-10,,,2023-10-24 14:27:58,'2023-10-30 12:42:37'),builder,builder,1,0,0,0,0,0,0,0,0
10223,Minto Developments Inc,"180 Kent St, Ste 200",Ottawa,Ontario,K1P 0B6,613-230-7051,2014-01-20,minto.com,,2023-12-02 13:38:15,'2023-10-30 12:42:37'),builder,builder,1,0,0,0,0,0,0,0,0
10225,Halton Hills Industrial Development GP Inc,"40 University Ave, Ste 1200",Toronto,Ontario,M5J 1T1,416-362-0045,2014-01-20,,,2023-10-24 14:27:59,'2023-10-30 12:42:37'),builder,builder,1,0,0,0,0,0,0,0,0
10228,Royalcliff Homes Countryside Inc,"100 Regina Rd, Unit 3",Woodbridge,Ontario,L4L 8M7,905-265-1611,2014-01-16,,,2023-10-24 14:27:59,'2023-10-30 12:42:37'),builder,builder,1,0,0,0,0,0,0,0,0
10231,Country Homes Ltd,111 Strada Dr,Woodbridge,Ontario,L4L 5V9,416-213-7191,2014-01-15,,,2023-10-24 14:27:59,'2023-10-30 12:42:37'),builder,builder,1,0,0,0,0,0,0,0,0
10263,Pelmorex Properties Inc,2655 Bristol Circle,Oakville,Ontario,L6H 7W1,905-829-1159,2015-10-05,,,2023-10-24 14:28:20,'2023-10-30 12:42:37'),builder,builder,1,0,0,0,0,0,0,0,0
10266,Dunpar Developments Inc,105 Six Point Rd,Etobicoke,Ontario,M8Z 2X3,416-236-9800,2015-10-02,,,2023-10-24 14:28:20,'2023-10-30 12:42:37'),builder,builder,1,0,0,0,0,0,0,0,0
10285,Archangels Properties Inc,,Toronto,Ontario,M9A 4R1,,2015-09-01,,,2023-10-24 14:28:20,'2023-10-30 12:42:37'),builder,builder,1,0,0,0,0,0,0,0,0
10293,Elevator Bay Development Ltd,"100 King St W, Ste 6600",Toronto,Ontario,M5X 1B8,416-362-2111,2015-08-04,baybenjamin.com,,2023-12-09 16:45:57,'2023-10-30 12:42:37'),builder,builder,1,0,0,0,0,0,0,0,0
10294,Kingston Waterfront Developments Ltd,"80 Carlauren Rd, Ste 23",Woodbridge,Ontario,L4L 7Z9,,2015-08-04,,,2023-10-24 14:28:21,'2023-10-30 12:42:37'),builder,builder,1,0,0,0,0,0,0,0,0
10295,Albamor Construction &amp; Engineering,,Windsor,Ontario,N8Y 2N7,519-257-8077,2015-07-31,,,2023-10-24 14:28:21,'2023-10-30 12:42:37'),builder,builder,1,0,0,0,0,0,0,0,0
10298,Yonge &amp; Scollard Developments Inc,"56 The Esplanade, Ste 308",Toronto,Ontario,M5E 1A7,416-777-2489,2015-07-15,,,2023-10-24 14:28:21,'2023-10-30 12:42:37'),builder,builder,1,0,0,0,0,0,0,0,0
10305,Menkes Developments,"4711 Yonge St, Ste 1400",Toronto,Ontario,M2N 7E4,416-491-2222,2015-06-26,,,2023-10-24 14:28:21,'2023-10-30 12:42:37'),builder,builder,1,0,0,0,0,0,0,0,0
10319,Mountainview Homes,"3350 Merrittville Hwy, Unit 9",Thorold,Ontario,L2V 4Y6,905-688-3100,2015-05-11,mountainview.com,,2023-12-02 13:38:23,'2023-10-30 12:42:37'),builder,builder,1,0,0,0,0,0,0,0,0
10325,Mizrahi Development Group (The One) Inc,126 Hazelton Ave,Toronto,Ontario,M5R 2E5,416-922-4200,2015-04-17,,,2023-10-24 14:28:22,'2023-10-30 12:42:37'),builder,builder,1,0,0,0,0,0,0,0,0
10327,Hollyburn Properties Ltd,"1650 Alberni St, Suite 300",Vancouver,BC,V6G 1B1,604-662-7345,2015-04-07,hollyburn.com,,2023-12-02 13:38:23,'2023-10-30 12:42:37'),builder,builder,1,0,0,0,0,0,0,0,0
10328,Diamondcorp and Fernbrook Homes,"2220 Highway 7 W, Unit 5",Concord,Ontario,L4K 1W7,416-667-0447,2015-04-01,,,2023-10-24 14:28:22,'2023-10-30 12:42:37'),builder,builder,1,0,0,0,0,0,0,0,0
10346,Mayfield Developments Inc,71 Buttermill Ave,Vaughan,Ontario,L4K 3X2,905-738-8640,2015-01-15,,,2023-10-24 14:28:22,'2023-10-30 12:42:37'),builder,builder,1,0,0,0,0,0,0,0,0
10348,Mizrahi Development Group,126 Hazelton Ave,Toronto,Ontario,M5R 2E5,416-922-4200,2015-01-06,,,2023-10-24 14:28:22,'2023-10-30 12:42:37'),builder,builder,1,0,0,0,0,0,0,0,0
10354,Starward Homes,"2000 Garth St, Ste 201",Hamilton,Ontario,L9B 0C1,905-667-8800,2016-12-22,,,2023-10-24 14:28:40,'2023-10-30 12:42:37'),builder,builder,1,0,0,0,0,0,0,0,0
10357,Fortress Real Developments,"25 Brodie Dr, Unit 1",Richmond Hill,Ontario,L4B 3K7,905-787-9266,2016-11-30,,,2023-10-24 14:28:40,'2023-10-30 12:42:37'),builder,builder,1,0,0,0,0,0,0,0,0
10359,Diamante Development Corp,100 Davenport Rd,Toronto,Ontario,M5R 1H7,416-741-7207,2016-11-16,,,2023-10-24 14:28:40,'2023-10-30 12:42:37'),builder,builder,1,0,0,0,0,0,0,0,0
10366,GLE Properties Inc,5652 Steeles Ave W,Milton,Ontario,L9T 2Y1,,2016-10-28,gle.co.uk,,2023-12-02 13:38:17,'2023-10-30 12:42:37'),builder,builder,1,0,0,0,0,0,0,0,0
10367,T &amp; T Properties,"1020 Lawrence Ave W, Ste 300",Toronto,Ontario,M6A 1C8,416-787-1135,2016-10-28,,,2023-10-24 14:28:40,'2023-10-30 12:42:37'),builder,builder,1,0,0,0,0,0,0,0,0
10370,"Greycan 6 Properties Gp, Inc",5025 Orbitor Dr,Mississauga,Ontario,L4W 4Y5,905-282-9041,2016-10-25,,,2023-10-24 14:28:40,'2023-10-30 12:42:37'),builder,builder,1,0,0,0,0,0,0,0,0
10383,Woodcliffe Landmark PropertiesMOD Developments,"10 Price St, Ste 200",Toronto,Ontario,M4W 1Z4,416-361-5000,2016-09-08,,,2023-10-24 14:28:40,'2023-10-30 12:42:37'),builder,builder,1,0,0,0,0,0,0,0,0
10386,Berkley Developments Inc,"20 Rivermede Rd, Ste 204",Concord,Ontario,L4K 3N3,905-669-8399,2016-09-01,carlyle.com,,2024-04-16 14:48:18,'2023-10-30 12:42:37'),builder,builder,1,0,0,0,0,0,0,0,0
10392,WAM Development Group,"121 King St W, Ste 1770",Toronto,Ontario,M5H 3T9,647-256-1014,2016-08-03,oneproperties.com,,2023-12-02 13:38:17,'2023-10-30 12:42:37'),builder,builder,1,0,0,0,0,0,0,0,0
10395,Time Development Group,"7100 Woodbine Ave, Ste 206",Markham,Ontario,L3R 5J2,905-604-5766,2016-07-07,,,2023-10-24 14:28:41,'2023-10-30 12:42:37'),builder,builder,1,0,0,0,0,0,0,0,0
10400,Graywood Developments,200 King St W,Toronto,Ontario,M5H 3T4,416-599-1930,2016-06-28,graywoodgroup.com,,2023-12-09 16:46:41,'2023-10-30 12:42:37'),builder,builder,1,0,0,0,0,0,0,0,0
10417,Craft Development Corp,"10 Queen Elizabeth Blvd, Unit 2",Etobicoke,Ontario,M8Z 1L8,416-979-9996,2016-04-08,craftdev.com,,2023-12-09 16:45:59,'2023-10-30 12:42:37'),builder,builder,1,0,0,0,0,0,0,0,0
10419,Five &amp; Five Properties Inc,26 Tavistock Ct,Markham,Ontario,L3P 6H1,,2016-04-08,,,2023-10-24 14:28:41,'2023-10-30 12:42:37'),builder,builder,1,0,0,0,0,0,0,0,0
10426,Southern Properties Corp,237 Grand Vellore Cres,Vaughan,Ontario,L4N 0N8,,2016-02-12,,,2023-10-24 14:28:42,'2023-10-30 12:42:37'),builder,builder,1,0,0,0,0,0,0,0,0
10453,Highcastle Homes,"7600 Highway 27, Ste 1",Woodbridge,Ontario,L4H 5P8,905-264-5565,2017-09-27,highcastlehomes.com,,2023-12-02 13:38:24,'2023-10-30 12:42:37'),builder,builder,1,0,0,0,0,0,0,0,0
10474,Jaffari Team ReMax Hallmark Realty Ltd,6040 Yonge St,Toronto,Ontario,M2M 3W5,416-622-8589,2017-07-20,,,2023-10-24 14:29:07,'2023-10-30 12:42:37'),builder,builder,1,0,0,0,0,0,0,0,0
10483,Triovest Realty Advisors Inc,"40 University Ave, Ste 1200",Toronto,Ontario,M5J 1T1,416-362-0045,2017-06-26,,,2023-10-24 14:29:07,'2023-10-30 12:42:37'),builder,builder,1,0,0,0,0,0,0,0,0
10484,Blue Top Properties (Whitby) Inc,"280 Victoria St N, Unit 5",Kitchener,Ontario,N2H 5E2,519-579-2650,2017-06-26,,,2023-10-24 14:29:07,'2023-10-30 12:42:37'),builder,builder,1,0,0,0,0,0,0,0,0
10488,Morguard Industrial Properties (1) Inc,"55 City Centre Dr, Ste 800",Mississauga,Ontario,L5B 1M3,905-281-3800,2017-06-01,,,2023-10-24 14:29:07,'2023-10-30 12:42:37'),builder,builder,1,0,0,0,0,0,0,0,0
10494,Valiant Rental Properties Ltd,"177 Nonquon Rd, 20th Flr",Oshawa,Ontario,L1G 3S2,905-579-1626,2017-05-04,,,2023-10-24 14:29:07,'2023-10-30 12:42:37'),builder,builder,1,0,0,0,0,0,0,0,0
10498,Panattoni Development Group,"185 The West Mall, Ste 860",Toronto,Ontario,M9C 5L5,905-282-9041,2017-04-26,,,2023-10-24 14:29:08,'2023-10-30 12:42:37'),builder,builder,1,0,0,0,0,0,0,0,0
10501,Glenview Homes (Innes) Ltd,"190 O&#039;Connor St, 11th Flr",Ottawa,Ontario,K2P 2R3,613-748-3700,2017-04-10,,,2023-10-24 14:29:08,'2023-10-30 12:42:37'),builder,builder,1,0,0,0,0,0,0,0,0
10506,Sunningdale Developments Inc,560 Wellington St,London,Ontario,N6A 3R4,519-434-1808,2017-03-31,,,2023-10-24 14:29:08,'2023-10-30 12:42:37'),builder,builder,1,0,0,0,0,0,0,0,0
10508,College Street Properties Ltd,2 Penwood Cres,Toronto,Ontario,M3B 2B9,,2017-03-23,,,2023-10-24 14:29:08,'2023-10-30 12:42:37'),builder,builder,1,0,0,0,0,0,0,0,0
10516,Laurier Homes,"150 Connie Cres, Unit 4",Concord,Ontario,L4K 1L9,905-738-2009,2017-03-16,,,2023-10-24 14:29:08,'2023-10-30 12:42:37'),builder,builder,1,0,0,0,0,0,0,0,0
10518,Ottawa Community Lands Development Corp,"110 Laurier Ave W, 5th Flr",Ottawa,Ontario,K1P 1J1,613-580-2400,2017-03-09,,,2023-10-24 14:29:08,'2023-10-30 12:42:37'),builder,builder,1,0,0,0,0,0,0,0,0
10519,Canoe Bay Development Inc,51 Cortleigh Dr,Ottawa,Ontario,K2J 3Z8,,2017-03-09,,,2023-10-24 14:29:08,'2023-10-30 12:42:37'),builder,builder,1,0,0,0,0,0,0,0,0
10522,Evral Properties Ltd,,,,,,2017-02-23,,,2023-10-24 14:29:08,'2023-10-30 12:42:37'),builder,builder,1,0,0,0,0,0,0,0,0
10538,Server Farm Realty,"999 N Sepulveda Blvd, Ste 600",El Segundo,CA,USA - 90245,310-563-1700,2012-12-24,,,2023-10-24 14:30:25,'2023-10-30 12:42:37'),builder,builder,1,0,0,0,0,0,0,0,0
10539,Haessler Properties Inc,"305 King St W, Ste 604",Kitchener,Ontario,N2G 1B9,,2012-12-20,,,2023-10-24 14:30:25,'2023-10-30 12:42:37'),builder,builder,1,0,0,0,0,0,0,0,0
10542,Milner and Morningside Property Inc,"700 Applewood Cres, Ste 300",Vaughan,Ontario,L4K 5X3,416-741-7999,2012-12-13,,,2023-10-24 14:30:25,'2023-10-30 12:42:37'),builder,builder,1,0,0,0,0,0,0,0,0
10550,Vogue Development Group,"1118 Centre St, Ste 208",Thornhill,Ontario,L4J 7R9,905-886-8500,2012-11-08,,,2023-10-24 14:30:26,'2023-10-30 12:42:37'),builder,builder,1,0,0,0,0,0,0,0,0
10551,Claridge Homes Inc,"210 Gladstone Ave, Ste 2001",Ottawa,Ontario,K2P 0Y6,613-233-6030,2012-11-08,,,2023-10-24 14:30:26,'2023-10-30 12:42:37'),builder,builder,1,0,0,0,0,0,0,0,0
10552,Minuk Construction Co,99 Sante Dr,Concord,Ontario,L4K 3C4,905-738-3675,2012-11-08,,,2023-10-24 14:30:26,'2023-10-30 12:42:37'),builder,builder,1,0,0,0,0,0,0,0,0
10557,Fernbrook Homes (Strachan) Ltd,"2220 Highway 7 W, Unit 5",Concord,Ontario,L4K 1W7,416-667-0447,2012-10-29,,,2023-10-24 14:30:26,'2023-10-30 12:42:37'),builder,builder,1,0,0,0,0,0,0,0,0
10575,Ganz Realty Ltd,One Pearce Rd,Woodbridge,Ontario,L4L 3T2,905-851-6661,2012-07-26,,,2023-10-24 14:30:26,'2023-10-30 12:42:37'),builder,builder,1,0,0,0,0,0,0,0,0
10580,Sunup Realty Inc,470 Midwest Rd,Toronto,Ontario,M1P 4Y5,416-288-9968,2012-06-25,,,2023-10-24 14:30:27,'2023-10-30 12:42:37'),builder,builder,1,0,0,0,0,0,0,0,0
10581,Thomas Cavanagh Construction,9094 Cavanagh Rd,Ashton,Ontario,K0A 1B0,613-257-2918,2012-06-21,,,2023-10-24 14:30:27,'2023-10-30 12:42:37'),builder,builder,1,0,0,0,0,0,0,0,0
10583,Killam Properties Inc,"3700 Kempt Rd, Ste 100",Halifax,NS,B3K 4X8,902-453-9000,2012-05-31,,,2023-10-24 14:30:27,'2023-10-30 12:42:37'),builder,builder,1,0,0,0,0,0,0,0,0
10588,Runymede Development Corp Ltd,1051 Tapscott Rd,Scarborough,Ontario,M1X 1A1,416-298-0066,2012-05-02,,,2023-10-24 14:30:27,'2023-10-30 12:42:37'),builder,builder,1,0,0,0,0,0,0,0,0
10593,Fieldgate Homes Ltd,"5400 Yonge St, Ste 501",Toronto,Ontario,M2N 5R5,416-227-2220,2012-04-05,,,2023-10-24 14:30:27,'2023-10-30 12:42:37'),builder,builder,1,0,0,0,0,0,0,0,0
10602,C2C Industrial Properties (GTA) Ltd,"2 Bloor St W, Ste 1001",Toronto,Ontario,M4W 3E2,416-642-5548,2012-02-28,,,2023-10-24 14:30:27,'2023-10-30 12:42:37'),builder,builder,1,0,0,0,0,0,0,0,0
10604,Can-Industrial Properties I Inc,"475 West Georgia St, Ste 950",Vancouver,British Columbia,V6B 4M9,,2012-02-15,,,2023-10-24 14:30:27,'2023-10-30 12:42:37'),builder,builder,1,0,0,0,0,0,0,0,0
10610,7181MD Property Ltd,"151 West Esplanade, Ste 204",North Vancouver,British Columbia,V7M 3H9,604-661-2800,2012-01-23,,,2023-10-24 14:30:28,'2023-10-30 12:42:37'),builder,builder,1,0,0,0,0,0,0,0,0
10611,Great Gulf Homes,3751 Victoria Park Ave,Toronto,Ontario,M1W 3Z4,416-449-1340,2012-01-20,,,2023-10-24 14:30:28,'2023-10-30 12:42:37'),builder,builder,1,0,0,0,0,0,0,0,0
10630,Solmar Development Group,122 Romina Dr,Concord,Ontario,L4K 4Z7,905-660-9222,2011-10-28,solmar.ca,,2023-12-02 13:38:29,'2023-10-30 12:42:37'),builder,builder,1,0,0,0,0,0,0,0,0
10631,Stonehaven Realty Management Inc,"2289 Fairview St, Ste 206",Burlington,Ontario,L7R 2E3,905-634-5444,2011-10-28,,,2023-10-26 13:31:06,'2023-10-30 12:42:37'),builder,builder,1,0,0,0,0,0,0,0,0
10637,Devlan Construction Ltd,54 Monarch Rd,Guelph,Ontario,N1K 1S3,519-763-5800,2011-08-31,,,2023-10-26 13:31:06,'2023-10-30 12:42:37'),builder,builder,1,0,0,0,0,0,0,0,0
10639,Rudy Properties ULC,360 North Crescent Dr,Beverly Hills,California,USA - 90210,,2011-08-09,,,2023-10-26 13:31:06,'2023-10-30 12:42:37'),builder,builder,1,0,0,0,0,0,0,0,0
10651,Cherry Hill Park Developments Inc,"149 Rowntree Dairy Rd, Unit 2B",Vaughan,Ontario,L4L 6E1,905-851-0300,2011-01-31,,,2023-10-26 13:31:07,'2023-10-30 12:42:37'),builder,builder,1,0,0,0,0,0,0,0,0
10665,Intercity Properties Ltd,421 Heath St E,Toronto,Ontario,M4G 1B6,,2010-09-15,,,2023-10-26 13:31:07,'2023-10-30 12:42:37'),builder,builder,1,0,0,0,0,0,0,0,0
10673,Cherry Hill Park Development Group Ltd,7700 Pine Valley Dr,Woodbridge,Ontario,L4L 9S4,905-851-0300,2010-06-11,,,2023-10-26 13:31:07,'2023-10-30 12:42:37'),builder,builder,1,0,0,0,0,0,0,0,0
10674,Dicaro Properties Inc,"70 Silton Rd, Unit 5",Woodbridge,Ontario,L4L 8B9,,2010-04-15,,,2023-10-26 13:31:07,'2023-10-30 12:42:37'),builder,builder,1,0,0,0,0,0,0,0,0
10676,Michelin Construction Group,"117 Planchet Rd, Unit 3",Concord,Ontario,L4K 2C6,416-736-9388,2010-02-24,michelin.com,,2023-12-09 15:38:34,'2023-10-30 12:42:37'),builder,builder,1,0,0,0,0,0,0,0,0
10692,Ambros Developments 7 Ltd,26 Newbury Cres,Brampton,Ontario,L6S 5M2,,2009-06-15,,,2023-10-26 13:31:08,'2023-10-30 12:42:37'),builder,builder,1,0,0,0,0,0,0,0,0
10701,7009 Lundy&#039;s Lane Property Ltd,"181 Bay St, Ste 2810",Toronto,Ontario,M5J 2T3,416-947-0389,2008-08-11,,,2023-10-26 13:31:08,'2023-10-30 12:42:37'),builder,builder,1,0,0,0,0,0,0,0,0
10703,284 Glendale Avenue Property Ltd,"181 Bay St, Ste 2810",Toronto,Ontario,M5J 2T3,416-947-0389,2008-08-11,,,2023-10-26 13:31:08,'2023-10-30 12:42:37'),builder,builder,1,0,0,0,0,0,0,0,0
10704,381 Ontario Street Property Ltd,"181 Bay St, Ste 2810",Toronto,Ontario,M5J 2T3,416-947-0389,2008-08-11,,,2023-10-26 13:31:08,'2023-10-30 12:42:37'),builder,builder,1,0,0,0,0,0,0,0,0
10705,3430 Tecumseh Road East Property Ltd,"181 Bay St, Ste 2810",Toronto,Ontario,M5J 2T3,416-947-0389,2008-08-11,,,2023-10-26 13:31:08,'2023-10-30 12:42:37'),builder,builder,1,0,0,0,0,0,0,0,0
10717,Northtech Land Development Inc,"495 Richmond Rd, Ste 100",Ottawa,Ontario,K2A 4B2,613-738-9899,2007-11-13,,,2023-10-26 13:31:09,'2023-10-30 12:42:37'),builder,builder,1,0,0,0,0,0,0,0,0
10737,Highpark Development Inc,"34 Golden Gate Ct, Ste 6",Scarborough,Ontario,M1P 4M8,,2006-11-17,,,2023-10-26 13:31:09,'2023-10-30 12:42:37'),builder,builder,1,0,0,0,0,0,0,0,0
10743,Icon Developments Ltd,"3800 Steeles Ave W, Ste 200",Woodbridge,Ontario,L4L 4G9,,2006-08-14,,,2023-10-26 13:31:09,'2023-10-30 12:42:37'),builder,builder,1,0,0,0,0,0,0,0,0
10754,Mason Homes Ltd,"30 Pennsylvania Ave, Unit 6",Concord,Ontario,L4K 4A5,905-761-2050,2005-12-16,,,2023-10-26 13:31:10,'2023-10-30 12:42:37'),builder,builder,1,0,0,0,0,0,0,0,0
10760,Hawthorne Realty (Ottawa) Ltd,"1 Nicholas St, Ste 1516",Ottawa,Ontario,K1N 7B7,613-241-0411,2005-07-22,,,2023-10-26 13:31:10,'2023-10-30 12:42:37'),builder,builder,1,0,0,0,0,0,0,0,0
10771,The Ontario Road Builders Association,"365 Brunel Rd, Unit 1",Mississauga,Ontario,L4Z 1Z5,905-507-1107,2004-10-08,,,2023-10-26 13:31:10,'2023-10-30 12:42:37'),builder,builder,1,0,0,0,0,0,0,0,0
10774,Penex Property (Trafalgar) Ltd,"370 King St W, Ste 400",Toronto,Ontario,M5V 1J9,416-408-3080,2004-07-28,,,2023-10-26 13:31:10,'2023-10-30 12:42:37'),builder,builder,1,0,0,0,0,0,0,0,0
10777,PAZ Properties Corp,5135 Tomken Rd,Mississauga,Ontario,L4W 1P1,905-624-8233,2004-07-06,,,2023-10-26 13:31:10,'2023-10-30 12:42:37'),builder,builder,1,0,0,0,0,0,0,0,0
10783,650 Finley Property Inc,"1075 Bay St, Ste 400",Toronto,Ontario,M5S 2B1,416-593-6366,2003-07-28,,,2023-10-26 13:31:10,'2023-10-30 12:42:37'),builder,builder,1,0,0,0,0,0,0,0,0
10784,Foxspar Realty Ltd,1623 Chemin St Andre,Embrun,Ontario,K0A 1W0,613-596-1323,2003-07-08,,,2023-10-26 13:31:10,'2023-10-30 12:42:37'),builder,builder,1,0,0,0,0,0,0,0,0
10787,Charles E. Blais Construction Management Ltd,,LaSalle,Ontario,N9J 3E5,519-258-6565,2003-04-14,,,2023-10-26 13:31:10,'2023-10-30 12:42:37'),builder,builder,1,0,0,0,0,0,0,0,0
10794,Atherton Homes (1987) Inc,16 Greenfield Dr,Ancaster,Ontario,L9G 4X5,,2002-09-08,,,2023-10-26 13:31:11,'2023-10-30 12:42:37'),builder,builder,1,0,0,0,0,0,0,0,0
10802,Cabbage Patch Developments Inc,250 Lesmill Rd,Toronto,Ontario,M3B 2T5,416-449-1340,2001-12-07,,,2023-10-26 13:31:11,'2023-10-30 12:42:37'),builder,builder,1,0,0,0,0,0,0,0,0
10804,1075 Bay Street Property Inc,"250 Dundas St W, Ste 302",Toronto,Ontario,M5T 2Z5,416-593-6366,2001-05-01,,,2023-10-26 13:31:11,'2023-10-30 12:42:37'),builder,builder,1,0,0,0,0,0,0,0,0
10807,Ryder Properties Ltd,360 Evans Ave,Toronto,Ontario,M8Z 1k5,416-259-7841,2000-12-02,,,2023-10-26 13:31:11,'2023-10-30 12:42:37'),builder,builder,1,0,0,0,0,0,0,0,0
10809,Queen West Building Corp,"3550 Victoria Park Ave, Ste 105",Toronto,Ontario,M2H 2N5,416-733-7784,2000-11-21,,,2023-10-26 13:31:11,'2023-10-30 12:42:37'),builder,builder,1,0,0,0,0,0,0,0,0
10821,D&#039;Angelo (P&amp;G) Homes Ltd,"1255 Terwillegar Ave, Unit 202",Oshawa,Ontario,L1J 7A4,,2021-12-07,,,2023-10-26 13:31:36,'2023-10-30 12:42:37'),builder,builder,1,0,0,0,0,0,0,0,0
10836,Westlund Properties Five Corp,"10388 Whalley Blvd, Ste 200",Surrey,BC,V3T 4H4,,2020-09-17,,,2023-10-26 13:31:37,'2023-10-30 12:42:37'),builder,builder,1,0,0,0,0,0,0,0,0
10842,Pratt Homes,301 King St,Barrie,Ontario,L4N 6B5,705-792-3883,2020-08-19,hansengroupinc.com,,2024-06-04 13:12:49,'2023-10-30 12:42:37'),builder,builder,1,0,0,0,0,0,0,0,0
10845,Jadco Construction,"345 boul Samson, Ste 100",Laval,QC,H7X 2Z7,888-445-2326,2020-03-05,,,2023-10-26 13:31:37,'2023-10-30 12:42:37'),builder,builder,1,0,0,0,0,0,0,0,0
10856,Brushworth Properties Ltd,"699 Balliol St, Ste 100",Toronto,Ontario,M4S 1E6,,2019-06-26,,,2023-10-26 13:31:38,'2023-10-30 12:42:37'),builder,builder,1,0,0,0,0,0,0,0,0
10865,Zevest Development Corp,"607 King St W, Ste 205A",Kitchener,Ontario,N2G 1C7,519-576-2233,2018-10-15,,,2023-10-26 13:31:38,'2023-10-30 12:42:37'),builder,builder,1,0,0,0,0,0,0,0,0
10866,VanMar Constructors Inc,"766 Old Hespeler Rd, Ste 304",Cambridge,Ontario,N3H 5L8,519-740-6800,2018-10-15,,,2023-10-26 13:31:38,'2023-10-30 12:42:37'),builder,builder,1,0,0,0,0,0,0,0,0
10891,Lamb Development Corp,778 King St W,Toronto,Ontario,M5V 1N4,416-368-5262,2017-05-18,,,2023-10-26 13:31:38,'2023-10-30 12:42:37'),builder,builder,1,0,0,0,0,0,0,0,0
10902,Huron Building Inc,2 Vernham Ave,Toronto,Ontario,M2L 2B2,416-449-5256,2016-10-07,,,2023-10-26 13:31:39,'2023-10-30 12:42:37'),builder,builder,1,0,0,0,0,0,0,0,0
10906,Stinson Developments Inc,"200 Stinson St, Unit 202",Hamilton,Ontario,L8N 4J5,289-389-1377,2016-06-08,,,2023-10-26 13:31:39,'2023-10-30 12:42:37'),builder,builder,1,0,0,0,0,0,0,0,0
10908,Chelsandy Developments Ltd,"100 Richmond St W, Ste 447",Toronto,Ontario,M5H 3K6,416-364-4894,2016-04-11,pyrophobic.com,,2024-04-16 14:48:26,'2023-10-30 12:42:37'),builder,builder,1,0,0,0,0,0,0,0,0
10914,TTM Canada Realty Inc,975 Martin Grove Rd,Toronto,Ontario,M9W 4V6,,2015-11-25,ttm.com,,2023-12-09 16:46:05,'2023-10-30 12:42:37'),builder,builder,1,0,0,0,0,0,0,0,0
10915,Ace Developments,"37 Sandiford Dr, Ste 400",Stouffville,Ontario,L4A 7X5,905-201-2282,2015-10-05,,,2023-10-26 13:31:39,'2023-10-30 12:42:37'),builder,builder,1,0,0,0,0,0,0,0,0
10943,Fernbrook Homes (Milton Go) Ltd,"2220 Highway 7 W, Ste 5",Concord,Ontario,L4K 1W7,416-667-0447,2018-11-29,,,2023-10-26 19:27:23,'2023-10-30 12:42:37'),builder,builder,1,0,0,0,0,0,0,0,0
10945,Edgehill Properties Ltd,166 Woolwich St,Guelph,Ontario,N1H 3V3,519-822-8532,2018-11-15,,,2023-10-26 19:27:23,'2023-10-30 12:42:37'),builder,builder,1,0,0,0,0,0,0,0,0
10946,WrightHaven Homes,11 Spencer Dr,Elora,Ontario,N0B 1S0,519-787-6699,2018-11-15,,,2023-10-26 19:27:23,'2023-10-30 12:42:37'),builder,builder,1,0,0,0,0,0,0,0,0
10953,Lofts Development Group Inc,146 Lakeshore Rd W,Oakville,Ontario,L6K 0B3,,2018-09-25,,,2023-10-26 19:27:23,'2023-10-30 12:42:37'),builder,builder,1,0,0,0,0,0,0,0,0
10956,Staikos Homes (2014) Ltd,12 Applewood Ct,Trenton,Ontario,K8V 6J4,613-967-6560,2018-09-12,,,2023-10-26 19:27:23,'2023-10-30 12:42:37'),builder,builder,1,0,0,0,0,0,0,0,0
10962,Claridge Homes (Mer Bleue Phase 6) Inc,210 Gladstone Ave,Ottawa,Ontario,K2P 0Y6,613-233-6030,2018-08-08,,,2023-10-26 19:27:23,'2023-10-30 12:42:37'),builder,builder,1,0,0,0,0,0,0,0,0
10965,770 Brookfield Properties Ltd,"90 Durie Lane, Ste 700",Toronto,Ontario,L3T 5H5,,2018-06-29,,,2023-10-26 19:27:24,'2023-10-30 12:42:37'),builder,builder,1,0,0,0,0,0,0,0,0
10972,Tricar Properties Ltd,3800 Colonel Talbot Rd,London,Ontario,N6P 1H5,519-652-8900,2018-06-12,,,2023-10-26 19:27:24,'2023-10-30 12:42:37'),builder,builder,1,0,0,0,0,0,0,0,0
10974,Crystal Homes Corp,161 Rebecca St,Hamilton,Ontario,L8R 1B9,905-574-4859,2018-06-11,,,2023-10-26 19:27:24,'2023-10-30 12:42:37'),builder,builder,1,0,0,0,0,0,0,0,0
10976,Gold Park Developer Inc,"55 Silton Rd, Unit 2",Woodbridge,Ontario,L4L 7Z8,905-856-2400,2018-05-31,woodbridgepacific.com,,2024-04-16 14:48:15,'2023-10-30 12:42:37'),builder,builder,1,0,0,0,0,0,0,0,0
10979,Menkes Coronation Homes Ltd,"4711 Yonge St, Ste 1400",Toronto,Ontario,M2N 7E4,416-491-2222,2018-05-28,,,2023-10-26 19:27:24,'2023-10-30 12:42:37'),builder,builder,1,0,0,0,0,0,0,0,0
10989,Fernbrook Homes,"2220 Highway 7 W, Unit 5",Concord,Ontario,L4K 1W7,416-667-0447,2018-04-12,,,2023-10-26 19:27:24,'2023-10-30 12:42:37'),builder,builder,1,0,0,0,0,0,0,0,0
10991,Vicano Construction Ltd,225 Paris Rd,Brantford,Ontario,N3R 1J2,519-759-4120,2018-03-28,,,2023-10-26 19:27:25,'2023-10-30 12:42:37'),builder,builder,1,0,0,0,0,0,0,0,0
10993,Remington Homes,"7501 Keele St, Ste 100",Vaughan,Ontario,L4K 1Y2,905-761-8200,2018-02-28,,,2023-10-26 19:27:25,'2023-10-30 12:42:37'),builder,builder,1,0,0,0,0,0,0,0,0
10998,Karn Road Land Development Corp,240 Briarhill Rd,Woodstock,Ontario,N4S 7T3,519-533-3636,2018-01-31,,,2023-10-26 19:27:25,'2023-10-30 12:42:37'),builder,builder,1,0,0,0,0,0,0,0,0
11000,LIV Developments Ltd,"1005 Skyview Dr, Ste 301",Burlington,Ontario,L7P 5B1,289-245-1300,2018-01-16,,,2023-10-26 19:27:25,'2023-10-30 12:42:37'),builder,builder,1,0,0,0,0,0,0,0,0
11010,Melloul-Blamey Construction Inc,700 Rupert St,Waterloo,Ontario,N2V 2B5,519-886-8850,2020-10-20,,,2023-10-26 19:27:49,'2023-10-30 12:42:37'),builder,builder,1,0,0,0,0,0,0,0,0
11013,TDC Medical Properties Inc,"1137 Centre St, Ste 302",Thornhill,Ontario,L4J 3M6,416-822-5953,2020-09-11,,,2023-10-26 19:27:49,'2023-10-30 12:42:37'),builder,builder,1,0,0,0,0,0,0,0,0
11016,Aseldev Developments Inc,"55 City Centre Dr, Ste 1000",Mississauga,Ontario,L5B 1M3,905-281-3800,2020-08-17,,,2023-10-26 19:27:49,'2023-10-30 12:42:37'),builder,builder,1,0,0,0,0,0,0,0,0
11019,Pegah Construction Ltd,"5050 Dufferin St, Unit 120",Toronto,Ontario,M3H 5T5,416-739-9300,2020-08-04,pegah.ca,,2023-12-02 13:39:28,'2023-10-30 12:42:37'),builder,builder,1,0,0,0,0,0,0,0,0
11020,1190 Lorne Park Road Development Inc,"361 Connie Cres, Ste 200",Concord,Ontario,L4K 5R2,905-738-6110,2020-08-04,,,2023-10-26 19:27:49,'2023-10-30 12:42:37'),builder,builder,1,0,0,0,0,0,0,0,0
11022,Hullmark Developments Inc,"474 Wellington St W, Ste 200",Toronto,Ontario,M5V 1E3,416-510-1700,2020-07-22,,,2023-10-26 19:27:49,'2023-10-30 12:42:37'),builder,builder,1,0,0,0,0,0,0,0,0
11025,Valery Homes Paris Ltd,2140 King St E,Hamilton,Ontario,L8K 1W6,905-547-5056,2020-06-16,,,2023-10-26 19:27:49,'2023-10-30 12:42:37'),builder,builder,1,0,0,0,0,0,0,0,0
11030,Crystal Homes,2031 James St,Burlington,Ontario,L7R 1H2,905-574-4859,2020-05-29,,,2023-10-26 19:27:49,'2023-10-30 12:42:37'),builder,builder,1,0,0,0,0,0,0,0,0
11036,Becknell Development LLC,,Champaign,Illinois,USA - 61824,,2020-04-01,,,2023-10-26 19:27:50,'2023-10-30 12:42:37'),builder,builder,1,0,0,0,0,0,0,0,0
11037,Mid South Land Development Corp,"3235 Electricity Dr, Unit 2",Windsor,Ontario,N8W 5J1,519-944-4466,2020-04-01,midsouth.ca,,2023-12-02 13:39:31,'2023-10-30 12:42:37'),builder,builder,1,0,0,0,0,0,0,0,0
11040,Stateview Homes (Main &amp; Co) Inc,"410 Chrislea Rd, Unit 16",Woodbridge,Ontario,L4L 8B5,905-851-1849,2020-01-31,stateviewhomes.com,,2023-12-02 14:05:58,'2023-10-30 12:42:37'),builder,builder,1,0,0,0,0,0,0,0,0
11043,Minto Properties Inc,"4101 Yonge St, Ste 600",Toronto,Ontario,M2P 1N6,416-977-0777,2020-01-16,,,2023-10-26 19:27:50,'2023-10-30 12:42:37'),builder,builder,1,0,0,0,0,0,0,0,0
11044,Insoho Developments,35 Alvin Ave,Toronto,Ontario,M4T 2A7,416-920-8880,2019-12-18,insohodevelopments.com,,2023-12-09 16:46:07,'2023-10-30 12:42:37'),builder,builder,1,0,0,0,0,0,0,0,0
11048,Corlon Properties,"200 Village Walk Blvd, Ste 400",London,Ontario,N6G 0W8,519-660-6200,2019-11-20,,,2023-10-26 19:27:50,'2023-10-30 12:42:37'),builder,builder,1,0,0,0,0,0,0,0,0
11049,Tricar Properties Ltd,3800 Colonel Talbot Rd,London,Ontario,N6P 1H5,519-652-8900,2019-11-20,,,2023-10-26 19:27:50,'2023-10-30 12:42:37'),builder,builder,1,0,0,0,0,0,0,0,0
11051,Village Developments Inc,7686 Appleby Line,Milton,Ontario,L9E 0N1,,2019-11-19,,,2023-10-26 19:27:50,'2023-10-30 12:42:37'),builder,builder,1,0,0,0,0,0,0,0,0
11052,Rosehaven Homes,"145 Reynolds St, Ste 300",Oakville,Ontario,L6J 0A7,905-849-1166,2019-11-18,,,2023-10-26 19:27:50,'2023-10-30 12:42:37'),builder,builder,1,0,0,0,0,0,0,0,0
11055,National Homes Group,"291 Edgeley Blvd, Ste 1",Concord,Ontario,L4K 3Z4,905-669-9199,2019-10-31,homes.com,,2024-04-16 14:48:14,'2023-10-30 12:42:37'),builder,builder,1,0,0,0,0,0,0,0,0
11060,Marydel Homes (STCC) Inc,100 Caster Ave,Woodbridge,Ontario,L4L 5Y9,905-264-5564,2019-09-24,marydelhomes.com,,2023-12-02 13:40:09,'2023-10-30 12:42:37'),builder,builder,1,0,0,0,0,0,0,0,0
11063,Theodopolis Development Corp,83 Navy Wharf Ct,Toronto,Ontario,M5V 3S1,647-892-6636,2019-09-13,,,2023-10-26 19:27:51,'2023-10-30 12:42:37'),builder,builder,1,0,0,0,0,0,0,0,0
11064,Cachet Developments (Cam West) Inc,"361 Connie Cres, Ste 200",Concord,Ontario,L4K 5R2,905-764-1983,2019-08-06,cachetdevelopments.com,,2023-12-02 13:39:41,'2023-10-30 12:42:37'),builder,builder,1,0,0,0,0,0,0,0,0
11066,Lanterra 234 Simcoe Realty Ltd,2811 Dufferin St,Toronto,Ontario,M6B 3R9,416-635-7424,2019-06-26,,,2023-10-26 19:27:51,'2023-10-30 12:42:37'),builder,builder,1,0,0,0,0,0,0,0,0
11070,Ormsby Realty Ltd,209 Soudan Ave,Toronto,Ontario,M4S 1W2,416-487-7237,2019-05-30,,,2023-10-26 19:27:51,'2023-10-30 12:42:37'),builder,builder,1,0,0,0,0,0,0,0,0
11072,Ariss Glen Developments Ltd,"295 Southgate Dr, Unit 1",Guelph,Ontario,N1G 3M5,519-836-4332,2019-04-29,,,2023-10-26 19:27:51,'2023-10-30 12:42:37'),builder,builder,1,0,0,0,0,0,0,0,0
11076,Sierra Construction Ltd,1401 Dundas St,Woodstock,Ontario,N4S 8X8,519-421-7413,2019-04-24,sierraind.com,,2023-12-09 16:46:08,'2023-10-30 12:42:37'),builder,builder,1,0,0,0,0,0,0,0,0
11086,Ashley Oaks Homes Inc,"918 Dundas St E, Unit 500",Mississauga,Ontario,L4Y 4H9,905-276-9980,2019-03-04,,,2023-10-26 19:27:52,'2023-10-30 12:42:37'),builder,builder,1,0,0,0,0,0,0,0,0
11090,Country Homes Ltd,111 Strada Dr,Woodbridge,Ontario,L4L 5V9,416-213-7191,2019-02-13,,,2023-10-26 19:27:52,'2023-10-30 12:42:37'),builder,builder,1,0,0,0,0,0,0,0,0
11094,Claridge Homes (Bridlewood,210 Gladstone Ave,Ottawa,Ontario,K2P 0Y6,613-233-6030,2019-01-18,,,2023-10-26 19:27:52,'2023-10-30 12:42:37'),builder,builder,1,0,0,0,0,0,0,0,0
11096,Valleymede Building AMA Corp,"18 Wynford Dr, Ste 603",Toronto,Ontario,M3C 3S2,416-385-3000,2021-12-22,,,2023-10-26 19:28:10,'2023-10-30 12:42:37'),builder,builder,1,0,0,0,0,0,0,0,0
11097,Stateview Homes (Nao Towns) Inc,"410 Chrislea Rd, Unit 16",Woodbridge,Ontario,L4L 8B5,905-851-1849,2021-12-22,,,2023-10-26 19:28:10,'2023-10-30 12:42:37'),builder,builder,1,0,0,0,0,0,0,0,0
11107,Hastings Riverside Developments Inc,"2255 Dundas St W, Ste 207",Mississauga,Ontario,L5K 1R6,416-801-3095,2021-11-15,,,2023-10-26 19:28:10,'2023-10-30 12:42:37'),builder,builder,1,0,0,0,0,0,0,0,0
11110,Huron Creek Developments,"35 Trillium Dr, Unit 1",Kitchener,Ontario,N2E 0H2,226-240-3737,2021-10-20,,,2023-10-26 19:28:10,'2023-10-30 12:42:37'),builder,builder,1,0,0,0,0,0,0,0,0
11115,Kingwood Homes,"2345 Stanfield Rd, Ste 204",Mississauga,Ontario,L4Y 3Y3,416-363-3137,2021-10-07,kingwoodhomes.ca,,2023-12-02 13:40:13,'2023-10-30 12:42:37'),builder,builder,1,0,0,0,0,0,0,0,0
11116,Cachet Developments (Riverwalk) Inc,"361 Connie Cres, Ste 200",Concord,Ontario,L4K 5R2,905-764-1983,2021-10-07,,,2023-10-26 19:28:10,'2023-10-30 12:42:37'),builder,builder,1,0,0,0,0,0,0,0,0
11117,LIV Developments Ltd,"1005 Skyview Dr, Ste 301",Burlington,Ontario,L7P 5B1,289-245-1300,2021-10-06,,,2023-10-26 19:28:10,'2023-10-30 12:42:37'),builder,builder,1,0,0,0,0,0,0,0,0
11124,1867 Alta Vista Development GP Corp,116 Highland Cres,Toronto,Ontario,M2L 1H1,613-247-0888,2021-09-20,,,2023-10-26 19:28:11,'2023-10-30 12:42:37'),builder,builder,1,0,0,0,0,0,0,0,0
11138,Metrus Properties,30 Floral Pkwy,Concord,Ontario,L4K 4R1,905-669-9714,2021-07-30,metrusproperties.com,,2023-12-09 16:47:57,'2023-10-30 12:42:37'),builder,builder,1,0,0,0,0,0,0,0,0
11139,Marycroft Homes,"71 Marycroft Ave, Unit 6",Woodbridge,Ontario,L4L 5Y6,905-850-9941,2021-07-30,marycrofthomes.com,,2023-12-09 16:46:09,'2023-10-30 12:42:37'),builder,builder,1,0,0,0,0,0,0,0,0
11143,Old School Development Inc,"91 Delta Park Blvd, Unit 4",Brampton,Ontario,L6T 5E7,905-799-3979,2021-07-16,,,2023-10-26 19:28:12,'2023-10-30 12:42:37'),builder,builder,1,0,0,0,0,0,0,0,0
11144,One Old School Development Inc,"91 Delta Park Blvd, Unit 4",Brampton,Ontario,L6T 5E7,905-799-3979,2021-07-15,,,2023-10-26 19:28:12,'2023-10-30 12:42:37'),builder,builder,1,0,0,0,0,0,0,0,0
11147,Olympus Property Inc,"505 Apple Creek Blvd, Ste 2",Markham,Ontario,L3R 5B1,902-947-2087,2021-06-29,olympusproperty.com,,2023-12-02 13:40:11,'2023-10-30 12:42:37'),builder,builder,1,0,0,0,0,0,0,0,0
11148,J1S1 Developments Inc,"30 Old Mill Rd, Ste 1004",Etobicoke,Ontario,M8X 0A5,,2021-06-24,,,2023-10-26 19:28:12,'2023-10-30 12:42:37'),builder,builder,1,0,0,0,0,0,0,0,0
11164,Umbria Developers Inc,37 Hawkridge Trail,Brampton,Ontario,L6P 2T4,905-915-3218,2021-05-31,umbriadevelopers.com,,2023-12-09 16:46:10,'2023-10-30 12:42:37'),builder,builder,1,0,0,0,0,0,0,0,0
11166,Tricar Properties Ltd,3800 Colonel Talbot Rd,London,Ontario,N6P 1H5,519-652-8900,2021-05-27,,,2023-10-26 19:28:12,'2023-10-30 12:42:37'),builder,builder,1,0,0,0,0,0,0,0,0
11167,Sundial Homes (Sheridan) Ltd,"4576 Yonge St, Ste 500",Toronto,Ontario,M2N 6N4,416-224-1200,2021-05-14,,,2023-10-26 19:28:13,'2023-10-30 12:42:37'),builder,builder,1,0,0,0,0,0,0,0,0
11168,Queensgate Homes,"3800 Steeles Ave W, Ste 400W",Woodbridge,Ontario,L4L 4G9,905-264-0600,2021-05-14,,,2023-10-26 19:28:13,'2023-10-30 12:42:37'),builder,builder,1,0,0,0,0,0,0,0,0
11175,Domicile Urban Developments Inc,"371A Richmond Rd, Unit 1",Ottawa,Ontario,K2A 0E7,613-728-0388,2021-04-28,,,2023-10-26 19:28:13,'2023-10-30 12:42:37'),builder,builder,1,0,0,0,0,0,0,0,0
11193,Panattoni Development Company,"185 The West Mall, Ste 860",Toronto,Ontario,M9C 5L5,416-915-1970,2021-03-15,,,2023-10-26 19:28:13,'2023-10-30 12:42:37'),builder,builder,1,0,0,0,0,0,0,0,0
11197,Ledgemark Homes Inc,"7800 Kennedy Rd, Unit 107",Markham,Ontario,L3R 2C7,905-479-6446,2021-03-15,,,2023-10-26 19:28:13,'2023-10-30 12:42:37'),builder,builder,1,0,0,0,0,0,0,0,0
11207,33 Developments Inc,26 Austin Ave,Toronto,Ontario,M4M 1V6,647-838-3731,2021-02-02,,,2023-10-26 19:28:14,'2023-10-30 12:42:37'),builder,builder,1,0,0,0,0,0,0,0,0
11212,Altona (Bathurst) Developments Inc,"11 Progress Ave, Unit 5",Toronto,Ontario,M1P 4S7,416-623-4903,2021-01-29,ontario.ca,,2024-04-16 14:48:12,'2023-10-30 12:42:37'),builder,builder,1,0,0,0,0,0,0,0,0
11220,Street Properties ,"1858 Avenue Rd, Ste 200",Toronto,Ontario,M5M 3Z5,416-739-7758,2022-03-25,,,2023-10-26 19:28:42,'2023-10-30 12:42:37'),builder,builder,1,0,0,0,0,0,0,0,0
11221,Morguard Industrial Properties (1) Inc,,Mississauga,Ontario,L5B 1M3,905-281-3800,2017-12-22,,,2023-10-27 15:28:53,'2023-10-30 12:42:37'),builder,builder,1,0,0,0,0,0,0,0,0
11223,Poplar Developments Inc,143 Dennis St,Rockwood,Ontario,N0B 2K0,,2017-12-19,charlestonhomesomaha.com,,2023-12-08 11:58:21,'2023-10-30 12:42:37'),builder,builder,1,0,0,0,0,0,0,0,0
11227,C&amp;H Properties Inc,"485, 708 - 11th Ave SW",Calgary,Alberta,T2R 0E4,,2017-12-06,,,2023-10-27 15:28:53,'2023-10-30 12:42:37'),builder,builder,1,0,0,0,0,0,0,0,0
11236,Marquee Stone Developments Inc,67 Rodinea Rd,Maple,Ontario,L6A 1R3,,2017-08-02,,,2023-10-27 15:28:54,'2023-10-30 12:42:37'),builder,builder,1,0,0,0,0,0,0,0,0
11260,Craft Development Corp,"10 Queen Elizabeth Blvd, Unit 2",Etobicoke,Ontario,M8Z 1L8,416-979-9996,2017-01-05,,,2023-10-27 15:28:55,'2023-10-30 12:42:37'),builder,builder,1,0,0,0,0,0,0,0,0
11269,Bozco JMB Development Ltd,16 Lake Woods Dr,Stouffville,Ontario,L4A 1P1,,2018-11-30,,,2023-10-27 15:29:45,'2023-10-30 12:42:37'),builder,builder,1,0,0,0,0,0,0,0,0
11295,Cook Homes Ltd,"169 Lexington Ct, Unit B1",Waterloo,Ontario,N2J 4R3,519-746-6244,2018-06-13,,,2023-10-27 15:29:46,'2023-10-30 12:42:37'),builder,builder,1,0,0,0,0,0,0,0,0
11301,MOD Developments (Charles) Inc,"8 Price St, 4th Flr",Torontoi,Ontario,M4W 1Z4,647-748-2022,2018-05-03,,,2023-10-27 15:29:46,'2023-10-30 12:42:37'),builder,builder,1,0,0,0,0,0,0,0,0
11313,Facilities Commercial Realty Inc,"720 Belfast Rd, Ste 210",Ottawa,Ontario,K1G 0Z5,613-723-8944,2018-02-20,,,2023-10-27 15:29:47,'2023-10-30 12:42:37'),builder,builder,1,0,0,0,0,0,0,0,0
11316,1000 Islands Mall Property Corp,"2 Bloor St W, Ste 1001",Toronto,Ontario,M4W 3E2,416-922-5553,2018-01-11,,,2023-10-27 15:29:47,'2023-10-30 12:42:37'),builder,builder,1,0,0,0,0,0,0,0,0
11349,Granite Property Nominee 2 Inc,"77 King St W, Ste 4010",Toronto,Ontario,M5K 1H1,647-925-7500,2021-12-13,,,2023-10-27 15:30:28,'2023-10-30 12:42:37'),builder,builder,1,0,0,0,0,0,0,0,0
11366,Celta Construction Ltd,,,,,,2021-07-26,,,2023-10-27 15:32:04,'2023-10-30 12:42:37'),builder,builder,1,0,0,0,0,0,0,0,0
11391,Granite Property Nominee Inc,"77 King St W, Ste 4010",Toronto,Ontario,M5K 1H1,647-925-7500,2022-08-19,,,2023-10-27 15:32:32,'2023-10-30 12:42:37'),builder,builder,1,0,0,0,0,0,0,0,0
11395,Brantford Eichler Properties Ltd,506 Jarvis St,,,M4Y 2H6,,2022-05-25,,,2023-10-27 15:32:33,'2023-10-30 12:42:37'),builder,builder,1,0,0,0,0,0,0,0,0
11408,Lanterra Developments,2811 Dufferin St,Toronto,Ontario,M6B 3R9,416-635-7424,2019-10-07,,,2023-10-27 15:33:34,'2023-10-30 12:42:37'),builder,builder,1,0,0,0,0,0,0,0,0
11409,Local Properties (AB-ON) Inc,"125 S Wacker Dr, Ste 1220",Chicago,IL,USA - 60606,,2019-10-01,,,2023-10-27 15:33:34,'2023-10-30 12:42:37'),builder,builder,1,0,0,0,0,0,0,0,0
11411,loca Properties (AB-ON) Inc,"125 S Wacker Dr, Ste 1220",Chicago,IL,USA - 60606,,2019-10-01,,,2023-10-27 15:33:35,'2023-10-30 12:42:37'),builder,builder,1,0,0,0,0,0,0,0,0
11415,EmTwo Properties Inc,"6 Adelaide St E, Ste 700",Toronto,Ontario,M5C 1H6,416-603-9900,2019-09-12,,,2023-10-27 15:33:35,'2023-10-30 12:42:37'),builder,builder,1,0,0,0,0,0,0,0,0
11424,Canderel Residential Inc,"1075 Bay St, Ste 400",Toronto,Ontario,M5S 2B1,416-593-6366,2019-04-24,,,2023-10-27 15:33:35,'2023-10-30 12:42:37'),builder,builder,1,0,0,0,0,0,0,0,0
11429,Sundial Homes (Ajax) Ltd,"4576 Yonge St, Ste 500",Toronto,Ontario,M2N 6N4,416-224-1200,2019-03-01,,,2023-10-27 15:33:35,'2023-10-30 12:42:37'),builder,builder,1,0,0,0,0,0,0,0,0
11438,Northwest Healthcare Properties,"284 King St E, Ste 100",Toronto,Ontario,M5A 1K4,416-366-2000,2013-12-20,nwhreit.com,,2023-12-02 13:40:53,'2023-10-30 12:42:37'),builder,builder,1,0,0,0,0,0,0,0,0
11460,RMM Bowmanville Property Inc,"700 Applewood Cres, Ste 300",Vaughan,Ontario,L4K 5X3,416-741-7999,2013-06-06,,,2023-10-29 16:27:49,'2023-10-30 12:42:37'),builder,builder,1,0,0,0,0,0,0,0,0
11462,RMM Norfolk Property Inc,"700 Applewood Cres, Ste 300",Vaughan,Ontario,L4K 5X3,416-741-7999,2013-06-06,,,2023-10-29 16:27:49,'2023-10-30 12:42:37'),builder,builder,1,0,0,0,0,0,0,0,0
11469,Wilmslow Properties,"3365 Harvester Rd, Ste 108",Burlington,Ontario,L7N 3N2,905-635-7159,2013-03-28,,,2023-10-29 16:27:50,'2023-10-30 12:42:37'),builder,builder,1,0,0,0,0,0,0,0,0
11482,Mount Pleasant Properties Inc,666 Wilson Ave,Toronto,Ontario,M3K 1E1,416-739-7200,2014-12-11,,,2023-10-29 16:29:05,'2023-10-30 12:42:37'),builder,builder,1,0,0,0,0,0,0,0,0
11499,J Frisch Construction &amp; Development Ltd,,St Thomas,Ontario,N5P 3S9,,2014-09-05,,,2023-10-29 16:29:06,'2023-10-30 12:42:37'),builder,builder,1,0,0,0,0,0,0,0,0
11500,Francis Lake Properties,41 Hagerman Cres,St Thomas,Ontario,N5R 6K2more info: mi.pdf,519-637-1536,2014-09-05,,,2023-10-29 16:29:06,'2023-10-30 12:42:37'),builder,builder,1,0,0,0,0,0,0,0,0
11502,Wah Walker Development Inc,"3075 Fourteenth Ave, Ste 210",Markham,Ontario,L3R 0G9,416-238-5100,2014-08-18,,,2023-10-29 16:29:06,'2023-10-30 12:42:37'),builder,builder,1,0,0,0,0,0,0,0,0
11507,DiCenzo Homes,"205 Quigley Rd, Unit 2",Hamilton,Ontario,L8K 5M8,905-561-3767,2014-07-28,dicenzogroup.com,,2023-12-02 13:41:02,'2023-10-30 12:42:37'),builder,builder,1,0,0,0,0,0,0,0,0
11509,Freed Developments,"552 Wellington St W, Ste 1500",Toronto,Ontario,M5V 2V5,416-781-5699,2014-06-19,,,2023-10-29 16:29:06,'2023-10-30 12:42:37'),builder,builder,1,0,0,0,0,0,0,0,0
11512,Andemot Properties Inc,518 10th St A West,Owen Sound,Ontario,N4K 1M5,,2014-06-06,,,2023-10-29 16:29:07,'2023-10-30 12:42:37'),builder,builder,1,0,0,0,0,0,0,0,0
11513,ENBO Properties Inc,1625 Feldspar Ct,Pickering,Ontario,L1W 3R7,,2014-06-03,,,2023-10-29 16:29:07,'2023-10-30 12:42:37'),builder,builder,1,0,0,0,0,0,0,0,0
11519,InnVest Properties Huntsville GP Ltd,"5090 Explorer Dr, Ste 700",Mississauga,Ontario,L4W 4T9,905-206-7100,2014-03-31,,,2023-10-29 16:29:07,'2023-10-30 12:42:37'),builder,builder,1,0,0,0,0,0,0,0,0
11537,Rutledge Development Corp ,"16 Four Seasons Place, Ste 212",Toronto,Ontario,M9B 6E5,416-622-2400,2015-08-11,,,2023-10-29 16:29:25,'2023-10-30 12:42:37'),builder,builder,1,0,0,0,0,0,0,0,0
11554,Linder Realty Inc,30 Barrydale Cres,North York,Ontario,M3B 3E2,416-449-3336,2015-01-27,,,2023-10-29 16:29:26,'2023-10-30 12:42:37'),builder,builder,1,0,0,0,0,0,0,0,0
11559,Beaver Avenue Properties Inc,45 Wellington St,Beaverton,Ontario,L0K 1A0,,2016-12-22,,,2023-10-29 16:29:48,'2023-10-30 12:42:37'),builder,builder,1,0,0,0,0,0,0,0,0
11572,KRP Properties ,"555 Legget Dr, Ste 206",Kanata,Ontario,K2K 2X3,613-591-0594,2016-08-02,,,2023-10-29 16:29:48,'2023-10-30 12:42:37'),builder,builder,1,0,0,0,0,0,0,0,0
11573,Colonnade Realty,"16 Concourse Gate, Ste 200",Ottawa,Ontario,K2E 7S8,613-225-8118,2016-07-29,,,2023-10-29 16:29:48,'2023-10-30 12:42:37'),builder,builder,1,0,0,0,0,0,0,0,0
11592,First Avenue Properties,"5451 Highway 7, Ste 200",Woodbridge,Ontario,L4L 0B2,905-856-3031,2016-02-24,,,2023-10-29 16:29:50,'2023-10-30 12:42:37'),builder,builder,1,0,0,0,0,0,0,0,0
11617,Parliament Castle Builders of Canada (2004) Ltd,"250 Webb Dr, Ste 614",Mississauga,Ontario,L5B 3Z4,,2004-11-30,,,2023-10-29 16:55:01,'2023-10-30 12:42:37'),builder,builder,1,0,0,0,0,0,0,0,0
11630,Palladium Development (Ottawa) Corp,1 Laser St,Nepean,Ontario,K2E 7V1,613-226-2992,2003-11-27,,,2023-10-29 16:55:01,'2023-10-30 12:42:37'),builder,builder,1,0,0,0,0,0,0,0,0
11632,Joseph Morgan Construction Ltd,"1111 Finch Ave W, Ste 450",Downsview,Ontario,M3J 2E5,,2003-09-10,,,2023-10-29 16:55:01,'2023-10-30 12:42:37'),builder,builder,1,0,0,0,0,0,0,0,0
11633,Minking Properties Ltd,"1111 Finch Ave W, Ste 451",Downsview,Ontario,M3J 2E5,,2003-09-10,,,2023-10-29 16:55:01,'2023-10-30 12:42:37'),builder,builder,1,0,0,0,0,0,0,0,0
11634,Joseph Morgan Construction,"1111 Finch Ave W, Ste 450",Downsview,Ontario,M3J 2E5,416-661-0118,2003-09-10,,,2023-10-29 16:55:01,'2023-10-30 12:42:37'),builder,builder,1,0,0,0,0,0,0,0,0
11635,Midking Properties Ltd,"1111 Finch Ave W, Ste 451",Downsview,Ontario,M3J 2E5,,2003-09-10,,,2023-10-29 16:55:01,'2023-10-30 12:42:37'),builder,builder,1,0,0,0,0,0,0,0,0
11644,RTS Homes Ltd,732 Holly View Place,Waterloo,Ontario,N2V 2N1,,2002-06-24,,,2023-10-29 16:55:02,'2023-10-30 12:42:37'),builder,builder,1,0,0,0,0,0,0,0,0
11645,Cyrel Properties Inc,"393 University Ave, Ste 1610",Toronto,Ontario,M5G 1E6,416-971-5102,2001-11-16,,,2023-10-29 16:55:02,'2023-10-30 12:42:37'),builder,builder,1,0,0,0,0,0,0,0,0
11650,"Kaysush Developments Ltd, in Trust",955 Richmond Rd,Ottawa,Ontario,K2B 6R1,,2000-04-14,,,2023-10-29 16:55:02,'2023-10-30 12:42:37'),builder,builder,1,0,0,0,0,0,0,0,0
11663,Trustcan Property Corp,161 Bay Street,Toronto,Ontario,M5J 2T2,,1997-01-23,,,2023-10-29 16:55:02,'2023-10-30 12:42:37'),builder,builder,1,0,0,0,0,0,0,0,0
11671,Niagara Centre Land Development Ltd,125 Hager St,Welland,Ontario,L3B 5V9,,2005-09-21,primewaygroup.com,,2024-06-04 13:12:51,'2023-10-30 12:42:37'),builder,builder,1,0,0,0,0,0,0,0,0
11679,First London North Developments Inc,"700 Applewood Cres, Ste 100",Vaughan,Ontario,L4K 5X3,905-760-6230,2005-07-11,,,2023-10-29 16:55:17,'2023-10-30 12:42:37'),builder,builder,1,0,0,0,0,0,0,0,0
11690,First Bolton Developments Ltd,"700 Applewood Cres, Ste 100",Vaughan,Ontario,L4K 5X3,905-760-6230,2005-03-15,,,2023-10-29 16:55:17,'2023-10-30 12:42:37'),builder,builder,1,0,0,0,0,0,0,0,0
11692,204 King Properties Inc,370 King St W,Toronto,Ontario,M5V 1J9,416-408-2525,2005-02-25,,,2023-10-29 16:55:17,'2023-10-30 12:42:37'),builder,builder,1,0,0,0,0,0,0,0,0
11693,O &amp; Y Properties Inc,1 First Canadian Place,Toronto,Ontario,M5X 1B1,,2005-01-20,,,2023-10-29 16:55:17,'2023-10-30 12:42:37'),builder,builder,1,0,0,0,0,0,0,0,0
11695,Nu Globe Developments Ltd,"211 St Patrick St, Ste 509",Toronto,Ontario,M5T 2Y9,,2006-12-18,,,2023-10-29 16:55:26,'2023-10-30 12:42:37'),builder,builder,1,0,0,0,0,0,0,0,0
11699,WC-401 Developments Ltd,"700 Applewood Cres, Ste 100",Vaughan,Ontario,L4K 5X3,,2006-12-11,,,2023-10-29 16:55:26,'2023-10-30 12:42:37'),builder,builder,1,0,0,0,0,0,0,0,0
11701,Noble Cherry Developments Ltd,"700 Applewood Cres, Ste 100",Vaughan,Ontario,L4K 5X3,,2006-12-11,,,2023-10-29 16:55:26,'2023-10-30 12:42:37'),builder,builder,1,0,0,0,0,0,0,0,0
11707,Whitby Northeast Developments Inc,"700 Applewood Cres, Ste 100",Vaughan,Ontario,L4K 5X3,,2006-12-11,,,2023-10-29 16:55:26,'2023-10-30 12:42:37'),builder,builder,1,0,0,0,0,0,0,0,0
11724,Spinoni Developments Ltd,"170 The Donway W, Ste 307",Toronto,Ontario,M3C 2G3,416-444-7391,2006-09-01,,,2023-10-29 16:55:27,'2023-10-30 12:42:37'),builder,builder,1,0,0,0,0,0,0,0,0
11729,Riotrin Properties (Kirkham) Inc,"130 King St W, Ste 700",Toronto,Ontario,M5X 1E2,416-866-3033,2006-06-27,,,2023-10-29 16:55:27,'2023-10-30 12:42:37'),builder,builder,1,0,0,0,0,0,0,0,0
11733,Corktown-King Development (2004) Ltd,"512 King St E, Ste 310",Toronto,Ontario,M5A 1M1,,2006-05-31,,,2023-10-29 16:55:27,'2023-10-30 12:42:37'),builder,builder,1,0,0,0,0,0,0,0,0
11763,First Gulf Milton West Developments Inc,"6860 Century Ave, Ste 1000",Mississauga,Ontario,L5N 2W5,905-814-6860,2007-06-29,,,2023-10-29 16:55:56,'2023-10-30 12:42:37'),builder,builder,1,0,0,0,0,0,0,0,0
11788,Leimerk Developments Ltd,"39 Robertson Rd, Ste 202",Nepean,Ontario,K2H 8R2,613-596-6333,2007-03-06,,,2023-10-29 16:55:57,'2023-10-30 12:42:37'),builder,builder,1,0,0,0,0,0,0,0,0
11799,Conundrum Residential Property Income Fund,161 Bay St,Toronto,Ontario,M5J 2S1,416-444-5229,2008-11-18,,,2023-10-29 16:56:12,'2023-10-30 12:42:37'),builder,builder,1,0,0,0,0,0,0,0,0
11805,Midking Properties Ltd,"298 Sheppard Ave W, Ste 150",Toronto,Ontario,M2N 1N5,,2008-09-03,,,2023-10-29 16:56:12,'2023-10-30 12:42:37'),builder,builder,1,0,0,0,0,0,0,0,0
11843,Innisfil Beach Road Developments Ltd,"700 Applewood Cres, Ste 100",Vaughan,Ontario,L4K 5X3,,2009-04-30,,,2023-10-29 16:56:30,'2023-10-30 12:42:37'),builder,builder,1,0,0,0,0,0,0,0,0
11847,HKR Properties Ltd,43 Elizabeth Cres,Whitby,Ontario,L1N 3R8,,2009-03-11,,,2023-10-29 16:56:30,'2023-10-30 12:42:37'),builder,builder,1,0,0,0,0,0,0,0,0
11848,Conundrum Residential Property Income Fund,161 Bay St,Toronto,Ontario,M5J 2S1,416-444-5229,2009-03-03,,,2023-10-29 16:56:30,'2023-10-30 12:42:37'),builder,builder,1,0,0,0,0,0,0,0,0
11858,Ardcraig Developments Ltd,"277 Lakeshore Rd E, Ste 203",Oakville,Ontario,L6J 1H9,,2010-12-24,,,2023-10-29 16:56:45,'2023-10-30 12:42:37'),builder,builder,1,0,0,0,0,0,0,0,0
11860,Welland Medical Developments Ltd,"277 Lakeshore Rd E, Ste 203",Oakville,Ontario,L6J 1H9,,2010-12-24,,,2023-10-29 16:56:45,'2023-10-30 12:42:37'),builder,builder,1,0,0,0,0,0,0,0,0
11861,TACC Construction,270 Chrislea Rd,Woodbridge,Ontario,L4L 8A8,905-760-7300,2010-12-16,,,2023-10-29 16:56:45,'2023-10-30 12:42:37'),builder,builder,1,0,0,0,0,0,0,0,0
11867,Panattoni Construction,"185 The West Mall, Ste 905",Toronto,Ontario,M9C 5L5,416-620-0000,2010-10-15,,,2023-10-29 16:56:46,'2023-10-30 12:42:37'),builder,builder,1,0,0,0,0,0,0,0,0
11874,Littlewood Properties 3 Inc,"12 - 16715 Yonge St, Ste 172",Newmarket,Ontario,L3X 1X4,,2010-08-12,,,2023-10-29 16:56:46,'2023-10-30 12:42:37'),builder,builder,1,0,0,0,0,0,0,0,0
11888,Slate Properties Inc,"80 Richmond St W, Ste 1300",Toronto,Ontario,M5H 2S9,416-644-4264,2011-08-16,,,2023-10-29 16:56:58,'2023-10-30 12:42:37'),builder,builder,1,0,0,0,0,0,0,0,0
11900,SCP Properties Ltd,"2100 Matheson Blvd E, Ste 200",Mississauga,Ontario,L4W 5E1,905-624-0022,2011-06-30,,,2023-10-29 16:56:59,'2023-10-30 12:42:37'),builder,builder,1,0,0,0,0,0,0,0,0
11905,Links Living Properties Inc,44 Zorra St,Toronto,Ontario,M8Z 4Z7,,2011-05-05,,,2023-10-29 16:57:00,'2023-10-30 12:42:37'),builder,builder,1,0,0,0,0,0,0,0,0
11914,Davidson Court Property Inc,"700 Applewood Cres, Ste 300",Vaughan,Ontario,L4K 5X3,416-741-7999,2012-12-20,,,2023-10-29 16:57:15,'2023-10-30 12:42:37'),builder,builder,1,0,0,0,0,0,0,0,0
11918,O&#039;Brien Road Property Inc,"700 Applewood Cres, Ste 300",Vaughan,Ontario,L4K 5X3,416-741-7999,2012-12-13,,,2023-10-29 16:57:15,'2023-10-30 12:42:37'),builder,builder,1,0,0,0,0,0,0,0,0
11927,Huntington Properties Inc,"245 Stafford Rd W, Ste 310",Ottawa,Ontario,K2H 9E8,613-592-1818,2012-10-12,,,2023-10-29 16:57:16,'2023-10-30 12:42:37'),builder,builder,1,0,0,0,0,0,0,0,0
11930,Wyndon Properties Ltd,"885 Don Mills Rd, Unit 102",Toronto,Ontario,M3C 1V9,416-229-2950,2012-08-31,,,2023-10-29 16:57:17,'2023-10-30 12:42:37'),builder,builder,1,0,0,0,0,0,0,0,0
11941,Midking Properties Ltd,298 Sheppard Ave W,Toronto,Ontario,M2N 1N5,416-665-1458,2012-06-14,,,2023-10-29 16:57:18,'2023-10-30 12:42:37'),builder,builder,1,0,0,0,0,0,0,0,0
11953,Romlex (2007) Developments Ltd,472 Springbank Dr,London,Ontario,N6J 1G8,519-435-0010,2012-03-30,,,2023-10-29 16:57:19,'2023-10-30 12:42:37'),builder,builder,1,0,0,0,0,0,0,0,0
11955,Amberley Properties Ltd,,Goderich,Ontario,N7A 3Y5,519-395-5908,2012-03-08,,,2023-10-29 16:57:19,'2023-10-30 12:42:37'),builder,builder,1,0,0,0,0,0,0,0,0
11956,Interrent International Properties Inc,"485 Bank St, Ste 207",Ottawa,Ontario,K2P 1Z2,613-569-5699,2012-03-07,,,2023-10-29 16:57:19,'2023-10-30 12:42:37'),builder,builder,1,0,0,0,0,0,0,0,0
11965,Maurice-Garden Developments Inc,"401 Bay St, Ste 2410",Toronto,Ontario,M5H 2Y4,905-580-5196,2021-04-29,,,2023-11-01 16:28:53,'2023-11-01 16:28:53'),builder,builder,1,0,0,0,0,0,0,0,0
11984,Ydenberg Properties Ltd,6596 238th St,Langley,BC,V7Y 2H5,778-370-2299,2021-04-13,,,2023-11-01 16:28:54,'2023-11-01 16:28:54'),builder,builder,1,0,0,0,0,0,0,0,0
11989,"YEC Realty Company 460, ULC","100 Wellington St W, Ste 2300",Toronto,Ontario,M4K 1A1,,2021-04-06,,,2023-11-01 16:28:55,'2023-11-01 16:28:55'),builder,builder,1,0,0,0,0,0,0,0,0
11994,J &amp; L Properties Ltd,271 Brock St,Peterborough,Ontario,K9H 2P8,705-927-5480,2021-03-29,,,2023-11-01 16:28:55,'2023-11-01 16:28:55'),builder,builder,1,0,0,0,0,0,0,0,0
11995,Centurion Apartment Properties,"25 Sheppard Ave W, Ste 1800",Toronto,Ontario,M2N 6S6,416-733-5600,2021-03-26,,,2023-11-01 16:28:55,'2023-11-01 16:28:55'),builder,builder,1,0,0,0,0,0,0,0,0
12002,Peak Developments Ltd,,Brighton,Ontario,K0K 1H0,,2021-03-22,,,2023-11-01 16:28:55,'2023-11-01 16:28:55'),builder,builder,1,0,0,0,0,0,0,0,0
12010,Accu Properties Inc,2900 Portland Dr,Oakville,Ontario,L6H 5W8,905-829-2505,2021-03-02,,,2023-11-01 16:28:56,'2023-11-01 16:28:56'),builder,builder,1,0,0,0,0,0,0,0,0
12014,NGPV Innes Realty Ltd,4 Foothills Dr,Ottawa,Ontario,K2H 6K3,,2021-02-26,,,2023-11-01 16:28:56,'2023-11-01 16:28:56'),builder,builder,1,0,0,0,0,0,0,0,0
12020,Edcon Properties Ltd,"209 Wicksteed Ave, Unit 54",East York,Ontario,M4G 2C1,,2021-02-25,,,2023-11-01 16:28:56,'2023-11-01 16:28:56'),builder,builder,1,0,0,0,0,0,0,0,0
12036,Reserve Properties,"110 Eglinton Ave E, Ste 500",Toronto,Ontario,M4P 2Y1,416-440-2904,2021-02-16,,,2023-11-01 16:28:57,'2023-11-01 16:28:57'),builder,builder,1,0,0,0,0,0,0,0,0
12047,LightPoint Properties Inc,,Toronto,Ontario,M5H 2V1,416-420-0837,2021-02-03,,,2023-11-01 16:28:57,'2023-11-01 16:28:57'),builder,builder,1,0,0,0,0,0,0,0,0
12052,Boulet Construction,"900 Boulevard de la Carriere, Ste 206",Gatineau,QC,J8Y 6T5,819-682-8288,2021-02-02,bouletconstruction.com,,2023-12-09 16:46:24,'2023-11-01 16:28:57'),builder,builder,1,0,0,0,0,0,0,0,0
12054,Gardenview Properties Ltd,,Hamilton,Ontario,L8P 1T3,,2021-02-01,,,2023-11-01 16:28:57,'2023-11-01 16:28:57'),builder,builder,1,0,0,0,0,0,0,0,0
12064,West Wind Properties Inc,364496 McBeth Rd,Salford,Ontario,N0J 1W0,519-425-0079,2021-01-26,,,2023-11-01 16:28:58,'2023-11-01 16:28:58'),builder,builder,1,0,0,0,0,0,0,0,0
12075,Hersh Developments Ltd,504 Russell Hill Rd,Toronto,Ontario,M5P 2S9,,2021-01-15,,,2023-11-01 16:28:58,'2023-11-01 16:28:58'),builder,builder,1,0,0,0,0,0,0,0,0
12084,Aplomb Properties Inc,1151 Dundas St W,Mississauga,Ontario,L5C 1C6,905-270-0330,2022-04-07,,,2023-11-01 16:30:13,'2023-11-01 16:30:13'),builder,builder,1,0,0,0,0,0,0,0,0
12115,Braebury Development Corp,"366 King St, Ste 400",Kingston,Ontario,K7K 6Y3,613-546-3400,2021-08-25,,,2023-11-01 16:30:43,'2023-11-01 16:30:43'),builder,builder,1,0,0,0,0,0,0,0,0
12116,Braebury Properties Co,"366 King St E, Ste 400",Kingston,Ontario,K7K 6Y3,613-546-3400,2021-08-25,,,2023-11-01 16:30:43,'2023-11-01 16:30:43'),builder,builder,1,0,0,0,0,0,0,0,0
12128,Bernor Properties Inc,"50 Ritin Lane, Ste 4",Concord,Ontario,L4K 4C9,416-514-1050,2021-08-19,,,2023-11-01 16:30:43,'2023-11-01 16:30:43'),builder,builder,1,0,0,0,0,0,0,0,0
12139,Carmic Oshawa Developments Inc,"162 Cumberland St, Ste 300",Toronto,Ontario,M5R 3N5,,2021-08-05,,,2023-11-01 16:30:44,'2023-11-01 16:30:44'),builder,builder,1,0,0,0,0,0,0,0,0
12153,Drygas Properties Inc,,Thorndale,Ontario,N0M 2P0,519-317-7592,2021-07-30,,,2023-11-01 16:30:44,'2023-11-01 16:30:44'),builder,builder,1,0,0,0,0,0,0,0,0
12155,Resicom Properties Inc,,Bracebridge,Ontario,P1L 1T9,705-640-1258,2021-07-30,resicomproperties.ca,,2023-12-09 16:46:25,'2023-11-01 16:30:44'),builder,builder,1,0,0,0,0,0,0,0,0
12164,Skyview Realty Ltd,"220 Duncan Mill Rd, Ste 419",Toronto,Ontario,M3B 3J5,416-444-6545,2021-07-29,skyview-realty.com,,2023-12-09 16:46:25,'2023-11-01 16:30:45'),builder,builder,1,0,0,0,0,0,0,0,0
12166,Gismondi Construction Ltd,"1 High Meadow Place, Suite 14",Toronto,Ontario,M9L 0A3,905-856-7297,2021-07-29,,,2023-11-01 16:30:45,'2023-11-01 16:30:45'),builder,builder,1,0,0,0,0,0,0,0,0
12167,HomeLife Professionals Realty Inc,1632 Upper James St,Hamilton,Ontario,L9B 1K4,905-574-6400,2021-07-29,,,2023-11-01 16:30:45,'2023-11-01 16:30:45'),builder,builder,1,0,0,0,0,0,0,0,0
12173,KIB Building Restoration Inc,5320 Bradco Blvd,Mississauga,Ontario,L4W 1G7,905-614-0002,2021-07-27,,,2023-11-01 16:30:45,'2023-11-01 16:30:45'),builder,builder,1,0,0,0,0,0,0,0,0
12175,Bricklane Residential Inc,7158 Baskerville Run,Mississauga,Ontario,L5W 1W3,,2021-07-27,fortispm.com,,2024-06-04 13:13:01,'2023-11-01 16:30:45'),builder,builder,1,0,0,0,0,0,0,0,0
12178,Adamson Properties Inc,,West Guilford,Ontario,K0M 2S0,226-203-4892,2021-07-22,,,2023-11-01 16:30:45,'2023-11-01 16:30:45'),builder,builder,1,0,0,0,0,0,0,0,0
12183,Byron Rental Properties Ltd,"1701 Woodward Dr, Ste 116",Ottawa,Ontario,K2C 0R4,613-565-4500,2021-07-14,,,2023-11-01 16:30:45,'2023-11-01 16:30:45'),builder,builder,1,0,0,0,0,0,0,0,0
12191,Cresford Developments,,Toronto,Ontario,M3S 1B1,416-971-7557,2021-07-02,,,2023-11-01 16:30:46,'2023-11-01 16:30:46'),builder,builder,1,0,0,0,0,0,0,0,0
12199,Gillin Engineering and Construction Ltd,"141 Laurier Ave W, Ste 1200",Ottawa,Ontario,K1P 5J3,613-232-1143,2021-06-30,,,2023-11-01 16:30:46,'2023-11-01 16:30:46'),builder,builder,1,0,0,0,0,0,0,0,0
12201,SIC Property (Windsor) Ltd,80 Glenheron Cres,Maple,Ontario,L6A 1W7,,2021-06-30,,,2023-11-01 16:30:46,'2023-11-01 16:30:46'),builder,builder,1,0,0,0,0,0,0,0,0
12218,Squareco Properties Inc,"1550 Kingston Rd, Ste 300",Pickering,Ontario,L1V 1C3,905-839-0000,2021-06-24,,,2023-11-01 16:30:47,'2023-11-01 16:30:47'),builder,builder,1,0,0,0,0,0,0,0,0
12223,Sierra Homes,"1090 Don Mills Rd, Ste 300",Toronto,Ontario,M3C 3R6,416-642-0032,2021-06-22,,,2023-11-01 16:30:47,'2023-11-01 16:30:47'),builder,builder,1,0,0,0,0,0,0,0,0
12237,UID Development Inc,"18 James St, Ste 903",Waterloo,Ontario,N2J 2S9,,2021-06-02,,,2023-11-01 16:30:47,'2023-11-01 16:30:47'),builder,builder,1,0,0,0,0,0,0,0,0
12240,Markdale Developments Inc,"1500 Woodbine Ave, Ste 3055",Toronto,Ontario,M6C 5J2,416-335-0090,2021-06-01,,,2023-11-01 16:30:48,'2023-11-01 16:30:48'),builder,builder,1,0,0,0,0,0,0,0,0
12256,Carere Residential Inc,"147 Wyndham St, Ste 401",Guelph,Ontario,N1H 4E9,519-821-4610,2022-12-19,,,2023-11-01 16:31:34,'2023-11-01 16:31:34'),builder,builder,1,0,0,0,0,0,0,0,0
12263,Hometown Properties Inc,176 Elm St,,,L3K 4N6,,2022-11-04,,,2023-11-01 16:31:35,'2023-11-01 16:31:35'),builder,builder,1,0,0,0,0,0,0,0,0
12283,Inside Edge Properties,"464 Bank St, Ste 200",Ottawa,Ontario,K2P 1Z3,613-226-9902,2021-12-22,ieproperties.com,,2023-12-09 16:46:26,'2023-11-01 19:36:43'),builder,builder,1,0,0,0,0,0,0,0,0
12290,Silver Star Property Inc,103 Selwyn Rd,Richmond Hill,Ontario,L4E 5E2,416-537-2526,2021-12-10,bing.com,,2023-12-09 16:46:26,'2023-11-01 19:36:44'),builder,builder,1,0,0,0,0,0,0,0,0
12300,Harding Properties Ltd,39 Margaret Dr,St George,Ontario,N0E 1N0,,2021-11-22,,,2023-11-01 19:36:44,'2023-11-01 19:36:44'),builder,builder,1,0,0,0,0,0,0,0,0
12305,Gallagher Property Services Inc,105 Locharron Cres,Carp,Ontario,K0A 1L0,613-407-9922,2021-11-19,,,2023-11-01 19:36:45,'2023-11-01 19:36:45'),builder,builder,1,0,0,0,0,0,0,0,0
12321,Dellray Developments Ltd,5 Mead Ct,North York,Ontario,M2L 2A5,416-529-7548,2021-11-08,,,2023-11-01 19:36:45,'2023-11-01 19:36:45'),builder,builder,1,0,0,0,0,0,0,0,0
12329,Glebe Yonge Properties Inc,850 A Adelaide St W,Toronto,Ontario,M6G 2K9,,2021-11-03,,,2023-11-01 19:36:45,'2023-11-01 19:36:45'),builder,builder,1,0,0,0,0,0,0,0,0
12333,Onurb Construction Ltd,22 Adelaide St W,Toronto,Ontario,M5H 4E3,,2021-10-29,,,2023-11-01 19:36:45,'2023-11-01 19:36:45'),builder,builder,1,0,0,0,0,0,0,0,0
12338,Canadian Properties Group Inc,"688 Chrislea Rd, Suite 200",Vaughan,Ontario,L4L 8K9,905-264-9340,2021-10-27,,,2023-11-01 19:36:45,'2023-11-01 19:36:45'),builder,builder,1,0,0,0,0,0,0,0,0
12342,Ram Community Properties Inc,14 Sir Angelo Way,Maple,Ontario,L6A 0G4,,2021-10-27,,,2023-11-01 19:36:46,'2023-11-01 19:36:46'),builder,builder,1,0,0,0,0,0,0,0,0
12349,D&#039;Angelo (P &amp; G) Homes Ltd,"1255 Terwillegar Ave, Unit 202",Oshawa,Ontario,L1J 7A4,,2021-10-21,,,2023-11-01 19:36:46,'2023-11-01 19:36:46'),builder,builder,1,0,0,0,0,0,0,0,0
12357,Gord Properties Inc,"2800 Skymark Ave, Unit 39",Mississauga,Ontario,L4W 5A6,905-624-2412,2021-10-12,,,2023-11-01 19:36:46,'2023-11-01 19:36:46'),builder,builder,1,0,0,0,0,0,0,0,0
12379,RioTrin Properties (Merivale) Inc,"2300 Yonge St, Ste 500",Toronto,Ontario,M4P 1E4,800-465-2733,2021-09-17,,,2023-11-01 19:36:47,'2023-11-01 19:36:47'),builder,builder,1,0,0,0,0,0,0,0,0
12380,Dawn Victoria Homes,"1550 Yorkton Ct, Unit 28",Burlington,Ontario,L7P 5B7,905-637-1777,2021-09-15,,,2023-11-01 19:36:47,'2023-11-01 19:36:47'),builder,builder,1,0,0,0,0,0,0,0,0
12381,Richfield Custom Homes (London) Inc,1836 Upper West Ave,London,Ontario,N6K 0H9,519-878-7966,2021-09-15,,,2023-11-01 19:36:47,'2023-11-01 19:36:47'),builder,builder,1,0,0,0,0,0,0,0,0
12389,Sanmar Properties Inc,170 Morse St,Toronto,Ontario,M4M 2P8,416-577-4119,2019-04-30,sanmarprop.com,,2023-12-02 13:42:14,'2023-11-02 17:54:46'),builder,builder,1,0,0,0,0,0,0,0,0
12393,Brad Lamb Realty,778 King St W,Toronto,Ontario,M5V 1N6,416-368-5262,2019-04-30,,,2023-11-02 17:54:46,'2023-11-02 17:54:46'),builder,builder,1,0,0,0,0,0,0,0,0
12396,Krieger Developments Inc,30 Floral Pkwy,Concord,Ontario,L4K 4R1,905-669-5400,2019-04-30,,,2023-11-02 17:54:46,'2023-11-02 17:54:46'),builder,builder,1,0,0,0,0,0,0,0,0
12408,Canadian Commercial Realty,484 Waterloo St,London,Ontario,N6B 2P6,519-672-7490,2019-04-25,,,2023-11-02 17:54:47,'2023-11-02 17:54:47'),builder,builder,1,0,0,0,0,0,0,0,0
12434,Northstone Properties Inc,662 Montego Cres,Burlington,Ontario,L7N 2Z1,905-681-2263,2019-04-03,,,2023-11-02 17:54:48,'2023-11-02 17:54:48'),builder,builder,1,0,0,0,0,0,0,0,0
12437,Haessler Properties Inc,,Stratford,Ontario,N5A 0B4,519-208-5200,2019-04-02,,,2023-11-02 17:54:48,'2023-11-02 17:54:48'),builder,builder,1,0,0,0,0,0,0,0,0
12452,Olala Developments Inc,,Cedar Valley,Ontario,L0G 1E0,,2019-04-01,,,2023-11-02 17:54:48,'2023-11-02 17:54:48'),builder,builder,1,0,0,0,0,0,0,0,0
12472,Gateway Residential and Community,176 King St W,Welland,Ontario,L3B 3J5,905-735-4445,2019-03-08,,,2023-11-02 17:54:49,'2023-11-02 17:54:49'),builder,builder,1,0,0,0,0,0,0,0,0
12492,Vanguard Realty Brokerage Corp,"501 Rowntree Dairy Rd, Unit 2",Vaughan,Ontario,L4L 8H1,905-856-8111,2019-03-01,vanguardrealty.ca,,2023-12-02 13:42:20,'2023-11-02 17:54:50'),builder,builder,1,0,0,0,0,0,0,0,0
12497,Springwells Commercial Properties Ltd,3417 Jorie Cres,Mississauga,Ontario,L5G 7G6,647-768-9041,2019-02-28,,,2023-11-02 17:54:50,'2023-11-02 17:54:50'),builder,builder,1,0,0,0,0,0,0,0,0
12506,Horner Development Ltd,313 Horner Ave,Toronto,Ontario,M8W 1Z5,416-252-2226,2019-02-14,,,2023-11-02 17:54:50,'2023-11-02 17:54:50'),builder,builder,1,0,0,0,0,0,0,0,0
12519,Westboro Properties Inc,,Ottawa,Ontario,K2A 1V5,,2019-02-01,,,2023-11-02 17:54:51,'2023-11-02 17:54:51'),builder,builder,1,0,0,0,0,0,0,0,0
12522,Bick Properties Inc,1616 Champlain Dr,Peterborough,Ontario,K9L 1N6,705-740-1992,2019-02-01,,,2023-11-02 17:54:51,'2023-11-02 17:54:51'),builder,builder,1,0,0,0,0,0,0,0,0
12527,Gemstone Homes,252 Argyle Ave,Ottawa,Ontario,K2P 1B9,613-248-8999,2019-01-31,mihomes.com,,2023-12-02 13:44:32,'2023-11-02 17:54:51'),builder,builder,1,0,0,0,0,0,0,0,0
12530,BRS Homes Inc,25 Annis Rd,Scarborough,Ontario,M1M 2Y8,,2019-01-31,,,2023-11-02 17:54:51,'2023-11-02 17:54:51'),builder,builder,1,0,0,0,0,0,0,0,0
12536,Iroquois Ridge Properties Inc,"2345 Yonge St, Ste 301",Toronto,Ontario,M4P 2E5,416-221-9348,2019-01-25,,,2023-11-02 17:54:51,'2023-11-02 17:54:51'),builder,builder,1,0,0,0,0,0,0,0,0
12558,Den Hollander Properties Inc,"71447 McTaggart Line, RR 3",Exeter,Ontario,N0M 1S5,519-235-0249,2019-01-10,,,2023-11-02 17:54:52,'2023-11-02 17:54:52'),builder,builder,1,0,0,0,0,0,0,0,0
12563,Homestead Developments Corp,,Ottawa,Ontario,K1Y 4V1,613-729-2339,2019-01-09,,,2023-11-02 17:54:52,'2023-11-02 17:54:52'),builder,builder,1,0,0,0,0,0,0,0,0
12570,Blue Bay Properties Inc,"100 Wellington St W, Ste 3150",Toronto,Ontario,M5K 1A1,,2020-06-30,,,2023-11-02 18:11:51,'2023-11-02 18:11:51'),builder,builder,1,0,0,0,0,0,0,0,0
12574,Brad Lamb Realty,778 King St W,Toronto,Ontario,M5V 1N6,416-368-5262,2020-06-30,,,2023-11-02 18:11:51,'2023-11-02 18:11:51'),builder,builder,1,0,0,0,0,0,0,0,0
12581,Woodlawn Seniors Development Corp,"30 Malta Ave, Ste 1709",Brampton,Ontario,L6Y 4S5,,2020-06-26,,,2023-11-02 18:11:51,'2023-11-02 18:11:51'),builder,builder,1,0,0,0,0,0,0,0,0
12596,Bluestone Properties Inc,"130 Dufferin Ave, Ste 105",London,Ontario,N6A 5R2,519-433-0391,2020-06-10,bluestone-prop.com,,2023-12-02 13:42:33,'2023-11-02 18:11:52'),builder,builder,1,0,0,0,0,0,0,0,0
12608,Blake Blvd Properties Ltd,"197 Spadina Ave, Ste 500",Toronto,Ontario,M5T 2C8,416-977-7781,2020-05-14,,,2023-11-02 18:11:52,'2023-11-02 18:11:52'),builder,builder,1,0,0,0,0,0,0,0,0
12613,LDC Logistics Development Corp,"1002 Sherbrooke St W, Ste 2000",Montreal,Quebec,H3A 3L6,514-333-5500,2020-05-04,,,2023-11-02 18:11:52,'2023-11-02 18:11:52'),builder,builder,1,0,0,0,0,0,0,0,0
12621,Speed and Precision Construction,,Toronto,Ontario,M8Z 3L2,416-232-2002,2020-04-30,,,2023-11-02 18:11:53,'2023-11-02 18:11:53'),builder,builder,1,0,0,0,0,0,0,0,0
12624,Pell Homes Real Estate Inc,"4667 Portage Rd, Ste 13",Niagara Falls,Ontario,L2E 6A9,905-371-2152,2020-04-30,,,2023-11-02 18:11:53,'2023-11-02 18:11:53'),builder,builder,1,0,0,0,0,0,0,0,0
12626,Tonmar Developments Ltd,"221 Hanlan Rd, Unit 9",Woddbridge,Ontario,L4L 3R7,905-851-2244,2020-04-30,,,2023-11-02 18:11:53,'2023-11-02 18:11:53'),builder,builder,1,0,0,0,0,0,0,0,0
12640,Clarissa Developments Inc,"668 Millway Ave, Unit 7",Concord,Ontario,L4K 3V2,,2020-04-15,,,2023-11-02 18:11:53,'2023-11-02 18:11:53'),builder,builder,1,0,0,0,0,0,0,0,0
12659,Harmony Homes Oshawa Ltd,12 Regentview Dr,Brampton,Ontario,L6Z 3G2,,2020-03-24,,,2023-11-02 18:11:54,'2023-11-02 18:11:54'),builder,builder,1,0,0,0,0,0,0,0,0
12695,Indwell Community Homes,1430 Main St E,Hamilton,Ontario,L8K 1C3,905-529-0454,2020-02-21,,,2023-11-02 18:11:55,'2023-11-02 18:11:55'),builder,builder,1,0,0,0,0,0,0,0,0
12706,O&#039;Neil Niagara Properties Inc,17263 Warden Ave,Stouffville,Ontario,L4A 2W1,,2020-02-10,,,2023-11-02 18:11:56,'2023-11-02 18:11:56'),builder,builder,1,0,0,0,0,0,0,0,0
12718,Clare Welland Properties Inc,49 Yorkleigh Ave,Toronto,Ontario,M9P 1Y3,416-242-8471,2020-01-30,,,2023-11-02 18:11:56,'2023-11-02 18:11:56'),builder,builder,1,0,0,0,0,0,0,0,0
12725,Vicano Construction Ltd,225 Paris Rd,Brantford,Ontario,N3R 1J2,519-759-4120,2020-01-29,,,2023-11-02 18:11:56,'2023-11-02 18:11:56'),builder,builder,1,0,0,0,0,0,0,0,0
12727,Nellwood Construction Corp,66 Young St,Innerkip,Ontario,N0J 1M0,519-469-3657,2020-01-27,,,2023-11-02 18:11:56,'2023-11-02 18:11:56'),builder,builder,1,0,0,0,0,0,0,0,0
12730,Alethinos Properties Ltd,,Vancouver,BC,V6S 1N3,604-739-1448,2020-01-24,,,2023-11-02 18:11:57,'2023-11-02 18:11:57'),builder,builder,1,0,0,0,0,0,0,0,0
12734,Minto Properties Inc,"180 Kent St, Ste 200",Ottawa,Ontario,K1P 0B6,613-230-7051,2020-01-22,,,2023-11-02 18:11:57,'2023-11-02 18:11:57'),builder,builder,1,0,0,0,0,0,0,0,0
12740,Osgoode Properties Ltd,1284 Wellington St,Ottawa,Ontario,K1Y 3A9,613-729-0656,2020-01-17,,,2023-11-02 18:11:57,'2023-11-02 18:11:57'),builder,builder,1,0,0,0,0,0,0,0,0
12754,College Properties (Kitchener) Ltd,"242 Main St E, Ste 200",Hamilton,Ontario,L8N 1H5,905-528-8956,2019-09-30,,,2023-11-02 18:15:26,'2023-11-02 18:15:26'),builder,builder,1,0,0,0,0,0,0,0,0
12768,SerCo Construction Ltd,"9 Capella Ct, Ste 200",Ottawa,Ontario,K2E 8A7,613-526-4611,2019-09-23,,,2023-11-02 18:15:27,'2023-11-02 18:15:27'),builder,builder,1,0,0,0,0,0,0,0,0
12774,Royal LePage West Realty Group Ltd,5110 Dundas St W,Toronto,Ontario,M9A 1C2,416-233-6276,2019-09-19,,,2023-11-02 18:15:27,'2023-11-02 18:15:27'),builder,builder,1,0,0,0,0,0,0,0,0
12789,Patry Parslow Properties Inc,1309 Princess St,Kingston,Ontario,K7M 3E3,613-634-6813,2019-09-16,,,2023-11-02 18:15:28,'2023-11-02 18:15:28'),builder,builder,1,0,0,0,0,0,0,0,0
12791,Roof Over Head Developments,197 Preston St,Ottawa,Ontario,K1R 7P8,613-227-3448,2019-09-16,,,2023-11-02 18:15:28,'2023-11-02 18:15:28'),builder,builder,1,0,0,0,0,0,0,0,0
12793,Cardel Homes,"301 Moodie Dr, Ste 100",Ottawa,Ontario,K2H 9C4,613-820-1959,2019-09-13,,,2023-11-02 18:15:28,'2023-11-02 18:15:28'),builder,builder,1,0,0,0,0,0,0,0,0
12798,District Realty Corp,,Ottawa,Ontario,K1Y 2E9,613-759-8383,2019-09-12,,,2023-11-02 18:15:28,'2023-11-02 18:15:28'),builder,builder,1,0,0,0,0,0,0,0,0
12799,Holland Properties Association,35 Waller St,Ottawa,Ontario,K1N 7G4,613-234-1144,2019-09-12,,,2023-11-02 18:15:28,'2023-11-02 18:15:28'),builder,builder,1,0,0,0,0,0,0,0,0
12801,Bonnie T Developments (2019) Inc,16 Mariners Haven,Collingwood,Ontario,L9Y 5B5,705-444-5476,2019-09-12,,,2023-11-02 18:15:28,'2023-11-02 18:15:28'),builder,builder,1,0,0,0,0,0,0,0,0
12803,7145 West Creek Developments Inc,"2 Sheppard Ave E, Ste 1505",Toronto,Ontario,M2N 5Y7,416-221-9348,2019-09-12,,,2023-11-02 18:15:28,'2023-11-02 18:15:28'),builder,builder,1,0,0,0,0,0,0,0,0
12814,Pace Properties Ltd,1-920 69 Ave SW,Calgary,Alberta,T2V 0P4,403-253-2666,2019-09-06,paceproperties.com,,2023-12-02 13:43:02,'2023-11-02 18:15:28'),builder,builder,1,0,0,0,0,0,0,0,0
12816,Lars Development  Inc,79 Abner Miles Dr,Maple,Ontario,L6A 4X5,,2019-09-06,,,2023-11-02 18:15:28,'2023-11-02 18:15:28'),builder,builder,1,0,0,0,0,0,0,0,0
12818,Romi Properties Ltd,2337 Jefferson Ave,West Vancouver,BC,V7V 2B1,,2019-09-06,,,2023-11-02 18:15:29,'2023-11-02 18:15:29'),builder,builder,1,0,0,0,0,0,0,0,0
12820,Dandylion Cannon Realty Corp,4460 Romfield Cres,Mississauga,Ontario,L5M 4K8,,2019-09-06,,,2023-11-02 18:15:29,'2023-11-02 18:15:29'),builder,builder,1,0,0,0,0,0,0,0,0
12826,Rovinelli Construction Inc,"4540 Eastgate Pkwy, Unit 8",Mississauga,Ontario,L4W 3W6,905-624-4426,2019-09-05,,,2023-11-02 18:15:29,'2023-11-02 18:15:29'),builder,builder,1,0,0,0,0,0,0,0,0
12837,First Commercial Realty,,Scarborough,Ontario,M1H 3G3,416-431-6888,2019-08-30,,,2023-11-02 18:15:29,'2023-11-02 18:15:29'),builder,builder,1,0,0,0,0,0,0,0,0
12844,Bassi Construction,107 Pretoria Ave,Ottawa,Ontario,K1S 1W8,613-695-6767,2019-08-27,,,2023-11-02 18:15:29,'2023-11-02 18:15:29'),builder,builder,1,0,0,0,0,0,0,0,0
12845,Facilities Commercial Realty Inc,"720 Belfast Rd, Ste 210",Ottawa,Ontario,K1G 0Z5,613-723-8944,2019-08-27,,,2023-11-02 18:15:29,'2023-11-02 18:15:29'),builder,builder,1,0,0,0,0,0,0,0,0
12852,VI Realty Ellesmere Corp,51 Elderberry Trail,Aurora,Ontario,L4G 6X1,905-726-8692,2019-08-15,,,2023-11-02 18:15:30,'2023-11-02 18:15:30'),builder,builder,1,0,0,0,0,0,0,0,0
12855,CMA Realty Ltd,"82 Weber St E, Ste 201",Kitchener,Ontario,N2H 1C7,519-578-0337,2019-08-15,,,2023-11-02 18:15:30,'2023-11-02 18:15:30'),builder,builder,1,0,0,0,0,0,0,0,0
12858,Clarke Properties Ltd,"21 Concourse Gate, Unit 11",Ottawa,Ontario,K2E 7S4,613-224-6148,2019-08-14,,,2023-11-02 18:15:30,'2023-11-02 18:15:30'),builder,builder,1,0,0,0,0,0,0,0,0
12872,Northwest Healthcare Properties,"180 Dundas St W, Ste 1100",Toronto,Ontario,M5G 1Z8,416-366-2000,2019-08-09,,,2023-11-02 18:15:30,'2023-11-02 18:15:30'),builder,builder,1,0,0,0,0,0,0,0,0
12889,Paramax Realty Corp,689 Bloor St E,Toronto,Ontario,M4W 1J3,416-410-4331,2019-07-31,,,2023-11-02 18:15:31,'2023-11-02 18:15:31'),builder,builder,1,0,0,0,0,0,0,0,0
12912,Otis Properties Ltd,3338 Dufferin St,Toronto,Ontario,M6A 3A4,416-489-2833,2019-07-25,,,2023-11-02 18:15:31,'2023-11-02 18:15:31'),builder,builder,1,0,0,0,0,0,0,0,0
12916,Littlewood Properties 3 Inc,"172, 12-16715 Yonge St",Newmarket,Ontario,L3X 1X4,,2019-07-24,,,2023-11-02 18:15:32,'2023-11-02 18:15:32'),builder,builder,1,0,0,0,0,0,0,0,0
12921,OJCR Construction Ltd,3695 Dufferin St,Toronto,Ontario,M3K 1N9,416-633-0464,2019-07-15,,,2023-11-02 18:15:32,'2023-11-02 18:15:32'),builder,builder,1,0,0,0,0,0,0,0,0
12938,Regent Properties (London) Inc,"470 Dundas St, Ste 106",London,Ontario,N6B 1W3,519-432-2690,2019-07-08,regentproperties.com,,2023-12-02 13:43:27,'2023-11-02 18:15:32'),builder,builder,1,0,0,0,0,0,0,0,0
12943,RioTrin Properties (Gloucester) Inc,"2300 Yonge St, Ste 500",Toronto,Ontario,M4P 1E4,416-866-3033,2019-07-04,,,2023-11-02 18:15:33,'2023-11-02 18:15:33'),builder,builder,1,0,0,0,0,0,0,0,0
12955,204 Kingston Birch Properties Inc,35 Alvin Ave,Toronto,Ontario,M4T 2V4,416-920-8880,2020-12-29,,,2023-11-02 18:15:33,'2023-11-02 18:15:33'),builder,builder,1,0,0,0,0,0,0,0,0
12959,Allstreet Property Inc,"620 Richmond St, Ste 201",London,Ontario,N6A 5J9,519-645-6666,2020-12-23,,,2023-11-02 18:15:33,'2023-11-02 18:15:33'),builder,builder,1,0,0,0,0,0,0,0,0
12962,Triovest Realty Advisors Inc,"40 University Ave, Ste 1200",Toronto,Ontario,M5J 1T1,416-362-0045,2020-12-22,,,2023-11-02 18:15:33,'2023-11-02 18:15:33'),builder,builder,1,0,0,0,0,0,0,0,0
12973,OJCR Construction Ltd,3695 Dufferin St,Toronto,Ontario,M3K 1N9,416-633-0464,2020-12-15,,,2023-11-02 18:15:34,'2023-11-02 18:15:34'),builder,builder,1,0,0,0,0,0,0,0,0
12981,Bishop Street Property Corp,11 Edgehill Rd,Toronto,Ontario,M9A 4M1,,2020-12-10,,,2023-11-02 18:15:34,'2023-11-02 18:15:34'),builder,builder,1,0,0,0,0,0,0,0,0
12985,Flagship Property Ventures Corp,"40 Raglan Ave, Ste 103",Toronto,Ontario,M6C 2L2,416-651-3700,2020-11-30,,,2023-11-02 18:15:34,'2023-11-02 18:15:34'),builder,builder,1,0,0,0,0,0,0,0,0
12986,NCP Properties Inc,126 Glenora St,Ottawa,Ontario,K1S 1J3,,2020-11-30,,,2023-11-02 18:15:34,'2023-11-02 18:15:34'),builder,builder,1,0,0,0,0,0,0,0,0
12990,Klein Developments Ltd,6279 Huggins St,Niagara Falls,Ontario,L2J 1H2,,2020-11-30,,,2023-11-02 18:15:34,'2023-11-02 18:15:34'),builder,builder,1,0,0,0,0,0,0,0,0
12997,West Rose Construction Ltd,1137 Kingdale Rd,Newmarket,Ontario,L3Y 4W1,905-895-6261,2020-11-25,,,2023-11-02 18:15:35,'2023-11-02 18:15:35'),builder,builder,1,0,0,0,0,0,0,0,0
13019,Hyde Construction Ltd,258 Burritt St,Stratford,Ontario,N5A 0E7,519-271-1771,2020-11-02,rwhyde.com,,2023-12-02 13:44:33,'2023-11-02 18:15:35'),builder,builder,1,0,0,0,0,0,0,0,0
13033,Hall Oshawa Properties Inc,17263 Warden Ave,Stouffville,Ontario,L4A 2W1,416-825-6462,2020-10-21,,,2023-11-02 18:15:36,'2023-11-02 18:15:36'),builder,builder,1,0,0,0,0,0,0,0,0
13038,Windale Properties Inc,"2904 South Sheridan Way, Ste 103",Oakville,Ontario,L6J 7L7,905-829-1500,2020-10-15,,,2023-11-02 18:15:36,'2023-11-02 18:15:36'),builder,builder,1,0,0,0,0,0,0,0,0
13042,Palomar Properties Ltd,"701 Evans Ave, Ste 706",Toronto,Ontario,M6C 1A3,416-622-6202,2020-10-14,palomarproperties.net,,2023-12-09 16:46:31,'2023-11-02 18:15:36'),builder,builder,1,0,0,0,0,0,0,0,0
13055,Sun Space Properties Ltd,372 Darling St,Brantford,Ontario,N3S 3Y5,647-248-6716,2020-10-02,,,2023-11-02 18:15:37,'2023-11-02 18:15:37'),builder,builder,1,0,0,0,0,0,0,0,0
13091,First Avenue Properties,"5451 Highway 7, Ste 200",Woodbridge,Ontario,L4L 0B2,905-856-3031,2020-08-13,,,2023-11-02 18:15:38,'2023-11-02 18:15:38'),builder,builder,1,0,0,0,0,0,0,0,0
13096,Allen&#039;s Residential Services Inc,37 Oakridge Blvd,Belleville,Ontario,K8N 5W1,613-967-1395,2020-07-31,,,2023-11-02 18:15:39,'2023-11-02 18:15:39'),builder,builder,1,0,0,0,0,0,0,0,0
13117,Myzu Properties Inc,52 Anne Blvd,Milton,Ontario,L9T 3Y6,,2019-06-27,,,2023-11-02 18:15:40,'2023-11-02 18:15:40'),builder,builder,1,0,0,0,0,0,0,0,0
13132,C&amp;H Properties Inc,2700 Edmonton Tower,Edmonton,Alberta,T5J 0J4,780-429-2369,2019-06-24,,,2023-11-02 18:15:40,'2023-11-02 18:15:40'),builder,builder,1,0,0,0,0,0,0,0,0
13138,Savic Homes,26 Idle Ridge Ct,Kitchener,Ontario,N2A 3W3,519-635-7707,2019-06-20,savichomes.com,,2023-12-02 13:43:55,'2023-11-02 18:15:40'),builder,builder,1,0,0,0,0,0,0,0,0
13139,Cook Homes Ltd,"169 Lexington Ct, Unit B1",Waterloo,Ontario,N2J 4R3,519-746-6244,2019-06-20,,,2023-11-02 18:15:40,'2023-11-02 18:15:40'),builder,builder,1,0,0,0,0,0,0,0,0
13151,Incompro Realty Ltd,"7050 Weston Rd, Ste 304",Woodbridge,Ontario,L4L 8G7,905-850-5500,2019-06-12,,,2023-11-02 18:15:41,'2023-11-02 18:15:41'),builder,builder,1,0,0,0,0,0,0,0,0
13155,Century Building Restoration Inc,"395 Steelcase Rd E, Ste C",Markham,Ontario,L3R 1G3,905-415-7793,2019-06-06,,,2023-11-02 18:15:41,'2023-11-02 18:15:41'),builder,builder,1,0,0,0,0,0,0,0,0
13157,Prinzen Properties Ltd,15 George Pipher Lane,Stouffville,Ontario,L4A 1M4,905-591-5321,2019-06-03,,,2023-11-02 18:15:41,'2023-11-02 18:15:41'),builder,builder,1,0,0,0,0,0,0,0,0
13159,Albatros Properties Inc,201 Ringewood Rd,Peterborough,Ontario,K9J 1P2,519-616-9794,2019-06-03,,,2023-11-02 18:15:42,'2023-11-02 18:15:42'),builder,builder,1,0,0,0,0,0,0,0,0
13168,CCPS Land Development Ltd,389 Kenora Ave,Hamilton,Ontario,L8E 2W3,905-522-0522,2019-05-31,,,2023-11-02 18:15:42,'2023-11-02 18:15:42'),builder,builder,1,0,0,0,0,0,0,0,0
13169,Citified Property Initiative Inc,47 Gruhn St,Kitchener,Ontario,N2G 1S5,,2019-05-31,,,2023-11-02 18:15:42,'2023-11-02 18:15:42'),builder,builder,1,0,0,0,0,0,0,0,0
13187,Medical Arts Building (Welland) Ltd,83 St Lawrence Dr,Welland,Ontario,L3C 7H3,289-820-7468,2019-05-31,,,2023-11-02 18:15:43,'2023-11-02 18:15:43'),builder,builder,1,0,0,0,0,0,0,0,0
13192,Neoteric Developments 2.0 Inc,856 Melwood Ave,Ottawa,Ontario,K2A 3C3,613-722-5175,2019-05-31,,,2023-11-02 18:15:43,'2023-11-02 18:15:43'),builder,builder,1,0,0,0,0,0,0,0,0
13199,Bancroft Hastings Properties Ltd,236 Metcalfe St,Ottawa,Ontario,K2P 1R3,613-237-2425,2019-05-27,,,2023-11-02 18:15:43,'2023-11-02 18:15:43'),builder,builder,1,0,0,0,0,0,0,0,0
13202,Wingold Properties Ltd,1 Riderwood Dr,Toronto,Ontario,M2L 2X4,416-449-8199,2019-05-24,,,2023-11-02 18:15:43,'2023-11-02 18:15:43'),builder,builder,1,0,0,0,0,0,0,0,0
13212,Lanbal Construction Ltd,"2800 John St, Unit 22",Markham,Ontario,L3R 0E2,905-470-2463,2019-05-15,,,2023-11-02 18:15:43,'2023-11-02 18:15:43'),builder,builder,1,0,0,0,0,0,0,0,0
13221,BSD Properties Ltd,571 Forest Gate Cres,Waterloo,Ontario,N2V 2X2,,2019-05-15,,,2023-11-02 18:15:44,'2023-11-02 18:15:44'),builder,builder,1,0,0,0,0,0,0,0,0
13223,Jove Property Services Inc,6529 Beatty Line N,Fergus,Ontario,N1M 2W3,226-820-1413,2019-05-15,,,2023-11-02 18:15:44,'2023-11-02 18:15:44'),builder,builder,1,0,0,0,0,0,0,0,0
13238,Golden Age Development Inc,"2405 Lake Shore Blvd W, Ste 308",Toronto,Ontario,M8V 1C5,,2019-05-09,,,2023-11-02 18:15:44,'2023-11-02 18:15:44'),builder,builder,1,0,0,0,0,0,0,0,0
13240,Watson Properties,"613 King St W, 2nd Flr",Toronto,Ontario,M5V 1M5,416-703-0330,2019-05-07,watsonpm.co.uk,,2023-12-09 16:46:32,'2023-11-02 18:15:44'),builder,builder,1,0,0,0,0,0,0,0,0
13242,Lupine Properties Ltd,2800 Woodhull Rd,London,Ontario,N6K 4S5,519-641-3063,2019-05-07,,,2023-11-02 18:15:44,'2023-11-02 18:15:44'),builder,builder,1,0,0,0,0,0,0,0,0
13253,Amexon Properties Corp,"1200 Eglinton Ave E, Ste 200",Toronto,Ontario,M3C 1H9,416-494-7204,2019-12-17,,,2023-11-02 18:15:45,'2023-11-02 18:15:45'),builder,builder,1,0,0,0,0,0,0,0,0
13258,Syndicau Development Inc,,Ottawa,Ontario,K2J 5B1,,2019-12-12,,,2023-11-02 18:15:45,'2023-11-02 18:15:45'),builder,builder,1,0,0,0,0,0,0,0,0
13265,Canadian Commercial Realty,484 Waterloo St,London,Ontario,N6B 2P6,519-672-7490,2019-12-11,,,2023-11-02 18:15:45,'2023-11-02 18:15:45'),builder,builder,1,0,0,0,0,0,0,0,0
13268,600 Princess Street Developments Inc,"2 Sheppard Ave E, Ste 1505",Toronto,Ontario,M2N 5Y7,416-304-9089,2019-12-10,,,2023-11-02 18:15:46,'2023-11-02 18:15:46'),builder,builder,1,0,0,0,0,0,0,0,0
13270,Blaze Properties Inc,673 Belmont Ave W,Kitchener,Ontario,N2M 1N8,519-747-1030,2019-12-05,,,2023-11-02 18:15:46,'2023-11-02 18:15:46'),builder,builder,1,0,0,0,0,0,0,0,0
13272,Parkview Homes,,Peterborough,Ontario,K9J 7J6,705-741-1281,2019-12-05,parkviewhomes.ca,,2023-12-04 13:19:05,'2023-11-02 18:15:46'),builder,builder,1,0,0,0,0,0,0,0,0
13284,IC Properties Ltd,41795 Sparta Line,Union,Ontario,N0L 2L0,519-633-2469,2019-11-29,,,2023-11-02 18:15:46,'2023-11-02 18:15:46'),builder,builder,1,0,0,0,0,0,0,0,0
13286,Core Property Solutions Inc,2596 Weston Rd,Toronto,Ontario,M9N 2A9,416-245-4545,2019-11-28,,,2023-11-02 18:15:46,'2023-11-02 18:15:46'),builder,builder,1,0,0,0,0,0,0,0,0
13289,Ashiba Property Inc,190 Maplewood Rd,Mississauga,Ontario,L5G 2M6,,2019-11-22,,,2023-11-02 18:15:46,'2023-11-02 18:15:46'),builder,builder,1,0,0,0,0,0,0,0,0
13290,Moore Construction Maple Ridge Ltd,25011 Ferguson Ave,Maple Ridge,British Columbia,V2W 1H4,604-838-0430,2019-11-21,,,2023-11-02 18:15:46,'2023-11-02 18:15:46'),builder,builder,1,0,0,0,0,0,0,0,0
13311,DEK Landcorp Properties Inc,133 Green Vista Dr,Cambridge,Ontario,N1T 1Y8,,2019-11-15,,,2023-11-02 18:15:47,'2023-11-02 18:15:47'),builder,builder,1,0,0,0,0,0,0,0,0
13314,Puddy Properties Ltd,210 Lisgar St,Toronto,Ontario,M6J 3G5,,2019-11-12,,,2023-11-02 18:15:47,'2023-11-02 18:15:47'),builder,builder,1,0,0,0,0,0,0,0,0
13320,Marioca Properties Inc,"70 Roehampton Ave, Ste 2415",Toronto,Ontario,M4P 1R2,,2019-11-06,,,2023-11-02 18:15:47,'2023-11-02 18:15:47'),builder,builder,1,0,0,0,0,0,0,0,0
13326,Araz Developments Inc,,Toronto,Ontario,L3T 2C4,,2019-11-04,,,2023-11-02 18:15:47,'2023-11-02 18:15:47'),builder,builder,1,0,0,0,0,0,0,0,0
13330,Saichel Developments Inc,"20 Leslie St, Ste 201",Toronto,Ontario,M4M 3L4,416-461-6524,2019-11-01,,,2023-11-02 18:15:47,'2023-11-02 18:15:47'),builder,builder,1,0,0,0,0,0,0,0,0
13331,A &amp; M Construction Ltd,7 Bachelor Place,Toronto,Ontario,M2L 1W9,,2019-11-01,,,2023-11-02 18:15:47,'2023-11-02 18:15:47'),builder,builder,1,0,0,0,0,0,0,0,0
13332,Grandview Homes,24 Executive Place,Kitchener,Ontario,N2P 2N4,519-748-2800,2019-11-01,,,2023-11-02 18:15:48,'2023-11-02 18:15:48'),builder,builder,1,0,0,0,0,0,0,0,0
13358,Safe Haven Properties Ltd,,L1G 1L9,,,,2019-10-30,,,2023-11-02 18:15:49,'2023-11-02 18:15:49'),builder,builder,1,0,0,0,0,0,0,0,0
13368,Galifi Developments Inc,,Vaughan,Ontario,L4K 5Y6,,2019-10-25,,,2023-11-02 18:15:49,'2023-11-02 18:15:49'),builder,builder,1,0,0,0,0,0,0,0,0
13395,Churchill Property Corp,"1040 West Georgia St W, Ste 1010",Vancouver,BC,V6E 4H1,604-689-8500,2017-04-28,,,2023-11-04 16:35:41,'2023-11-04 16:35:41'),builder,builder,1,0,0,0,0,0,0,0,0
13406,Sealink Properties Ltd,17 Main St N,Waterdown,Ontario,L0R 2H0,905-635-7159,2017-04-27,,,2023-11-04 16:35:42,'2023-11-04 16:35:42'),builder,builder,1,0,0,0,0,0,0,0,0
13413,Herman Damore Builders Ltd,7651 Cameron Ct,Niagara Falls,Ontario,L2H 3G9,,2017-04-20,,,2023-11-04 16:35:42,'2023-11-04 16:35:42'),builder,builder,1,0,0,0,0,0,0,0,0
13417,Rankin Construction Inc,"222 Martindale Rd, RR 3",St Catharines,Ontario,L2R 6P9,905-684-1111,2017-04-18,rankinconstruction.ca,,2023-12-02 13:44:46,'2023-11-04 16:35:42'),builder,builder,1,0,0,0,0,0,0,0,0
13419,Centre Oshawa Properties Inc,17263 Warden Ave,Stouffville,Ontario,L4A 2W1,416-836-2161,2017-04-18,,,2023-11-04 16:35:42,'2023-11-04 16:35:42'),builder,builder,1,0,0,0,0,0,0,0,0
13421,Gatta Homes Inc,"454 Mississauga St, Ste 172",Niagara-on-the-Lake,ON,L0S 1J0,905-468-8867,2017-04-07,gattahomes.com,,2023-12-09 16:46:33,'2023-11-04 16:35:42'),builder,builder,1,0,0,0,0,0,0,0,0
13427,Sylvester Property Corp,30 Caledonia St,Stratford,Ontario,N5A 5W5,,2017-04-04,,,2023-11-04 16:35:43,'2023-11-04 16:35:43'),builder,builder,1,0,0,0,0,0,0,0,0
13439,MFS Property Services Inc,"8920 Woodbine Ave, Ste 403",Markham,Ontario,L3R 9W9,905-940-6008,2017-03-31,mfsproperty.com,,2023-12-09 16:46:33,'2023-11-04 16:35:43'),builder,builder,1,0,0,0,0,0,0,0,0
13466,Rymall Construction,25 High Meadow Place,Toronto,Ontario,M9L 0A3,416-745-0707,2017-03-02,,,2023-11-04 16:35:45,'2023-11-04 16:35:45'),builder,builder,1,0,0,0,0,0,0,0,0
13490,Brunel Development Corp,400 Brunel Rd,Mississauga,Ontario,L4Z 2C2,905-507-5227,2017-02-27,,,2023-11-04 16:35:46,'2023-11-04 16:35:46'),builder,builder,1,0,0,0,0,0,0,0,0
13492,Elbain Properties Inc,"2045 Lake Shore Blvd W, Ste 4503",Toronto,Ontario,M8V 2Z6,416-259-3104,2017-02-24,,,2023-11-04 16:35:46,'2023-11-04 16:35:46'),builder,builder,1,0,0,0,0,0,0,0,0
13498,Farr Developments Ltd,7395 Side Road 10,Innisfil,Ontario,L9S 4S9,,2017-02-22,,,2023-11-04 16:35:46,'2023-11-04 16:35:46'),builder,builder,1,0,0,0,0,0,0,0,0
13500,Canewood Properties Inc,,London,Ontario,N6G 2N5,519-433-4757,2017-02-22,,,2023-11-04 16:35:46,'2023-11-04 16:35:46'),builder,builder,1,0,0,0,0,0,0,0,0
13501,Onyx Property Group,,Kitchener,Ontario,N2P 2S3,226-444-6021,2017-02-17,,,2023-11-04 16:35:46,'2023-11-04 16:35:46'),builder,builder,1,0,0,0,0,0,0,0,0
13509,Lowe Properties Ltd,1440 Queensville Sideroad,Queensville,Ontario,L0G 1R0,905-478-1616,2017-02-16,,,2023-11-04 16:35:46,'2023-11-04 16:35:46'),builder,builder,1,0,0,0,0,0,0,0,0
13522,CPS Properties Inc,225 George St N,Peterborough,Ontario,K9J 3G7,,2017-02-09,,,2023-11-04 16:35:47,'2023-11-04 16:35:47'),builder,builder,1,0,0,0,0,0,0,0,0
13532,J Romaniuk Properties Ltd,"445 Eastchester Ave, Unit 2",St Catharines,Ontario,L2M 6S2,905-688-9777,2017-02-03,,,2023-11-04 16:35:47,'2023-11-04 16:35:47'),builder,builder,1,0,0,0,0,0,0,0,0
13549,Sar-Gin Developments (Sault) Ltd,218B Industrial Park Dr,Sault Ste Marie,Ontario,P6B 5P2,705-942-7141,2017-02-01,,,2023-11-04 16:35:48,'2023-11-04 16:35:48'),builder,builder,1,0,0,0,0,0,0,0,0
13550,Astute Realty Inc,30 Bucksaw Dr,Woodbridge,Ontario,L4H 2H6,905-832-0693,2017-02-01,astuterealtyinc.com,,2023-12-09 16:46:34,'2023-11-04 16:35:48'),builder,builder,1,0,0,0,0,0,0,0,0
13556,Northern Sun Properties Inc,181 Sandringham Dr,Toronto,Ontario,M3H 1E7,416-398-9779,2017-01-31,,,2023-11-04 16:35:48,'2023-11-04 16:35:48'),builder,builder,1,0,0,0,0,0,0,0,0
13583,CaraCo Development Corp,,Glenburnie,Ontario,K0H 1S0,613-542-8400,2017-01-12,,,2023-11-04 16:35:49,'2023-11-04 16:35:49'),builder,builder,1,0,0,0,0,0,0,0,0
13599,Jordan Properties Inc,2144 Cornwall St,Regina,SK,S4P 2K7,306-757-8102,2018-04-30,,,2023-11-04 16:35:49,'2023-11-04 16:35:49'),builder,builder,1,0,0,0,0,0,0,0,0
13605,Lockser Properties Inc,697 Lansdowne Ave,Woodstock,Ontario,N4T 1K1,,2018-04-17,,,2023-11-04 16:35:49,'2023-11-04 16:35:49'),builder,builder,1,0,0,0,0,0,0,0,0
13606,Kennedy Properties Ltd,1910 Kennedy Rd,Toronto,Ontario,M1P 2L8,,2018-04-13,,,2023-11-04 16:35:49,'2023-11-04 16:35:49'),builder,builder,1,0,0,0,0,0,0,0,0
13618,Jeh Development Corp,2450 Carrington Place,Oakville,Ontario,L6J 6C5,,2018-04-06,solotel.com.au,,2023-12-09 16:47:17,'2023-11-04 16:35:50'),builder,builder,1,0,0,0,0,0,0,0,0
13621,Urban Native Homes Inc,"350 King St E, Ste 110",Hamilton,Ontario,L8N 3Y3,905-546-3901,2018-04-05,,,2023-11-04 16:35:50,'2023-11-04 16:35:50'),builder,builder,1,0,0,0,0,0,0,0,0
13624,Royal LePage Signature Realty,"8 Sampson Mews, Unit 201",Toronto,Ontario,M3C 0H3,416-443-0300,2018-04-05,,,2023-11-04 16:35:50,'2023-11-04 16:35:50'),builder,builder,1,0,0,0,0,0,0,0,0
13625,Aenos Irving Avenue Realty Inc,6422 Gordon Pratt Cres,Ottawa,Ontario,K4P 1P9,613-821-0913,2018-04-05,,,2023-11-04 16:35:50,'2023-11-04 16:35:50'),builder,builder,1,0,0,0,0,0,0,0,0
13658,Stayner Clearview Townhomes Inc,,Brampton,Ontario,L6S 5K8,,2018-03-15,,,2023-11-04 16:35:51,'2023-11-04 16:35:51'),builder,builder,1,0,0,0,0,0,0,0,0
13676,Canuck Properties Ltd,"95 St Clair Ave W, Ste 1403",Toronto,Ontario,M4H 1N6,416-961-5556,2018-02-15,,,2023-11-04 16:35:52,'2023-11-04 16:35:52'),builder,builder,1,0,0,0,0,0,0,0,0
13679,Fernan Realty Inc,"50 Fleming Dr, Ste 1",Cambridge,Ontario,N1T 2B1,519-623-7000,2018-02-14,,,2023-11-04 16:35:52,'2023-11-04 16:35:52'),builder,builder,1,0,0,0,0,0,0,0,0
13684,Dah Tung Property Ltd,"5189 Gaston St, Unit 506",Vancouver,BC,V5R 6C7,519-919-1500,2018-02-07,,,2023-11-04 16:35:52,'2023-11-04 16:35:52'),builder,builder,1,0,0,0,0,0,0,0,0
13686,Kamex Properties Inc,155 Battaglini Ave,Richmond Hill,Ontario,L4C 0L1,905-737-1347,2018-02-07,,,2023-11-04 16:35:52,'2023-11-04 16:35:52'),builder,builder,1,0,0,0,0,0,0,0,0
13711,Heinrich Property Corp,1000 Yonge St,Walkerton,Ontario,N0G 2V0,519-881-0110,2018-01-26,,,2023-11-04 16:35:53,'2023-11-04 16:35:53'),builder,builder,1,0,0,0,0,0,0,0,0
13722,Bathclair Properties Inc,111 Park Rd,Toronto,Ontario,M4W 2N8,,2018-01-23,,,2023-11-04 16:35:53,'2023-11-04 16:35:53'),builder,builder,1,0,0,0,0,0,0,0,0
13739,Vernon Ingemar Developments Corp,7440 Wellington Rd 30,Guelph,Ontario,N1H 6J2,519-824-7438,2018-01-12,,,2023-11-04 16:35:54,'2023-11-04 16:35:54'),builder,builder,1,0,0,0,0,0,0,0,0
13740,113 Vaughan Property Inc,2162 Bader Cres,Burlington,Ontario,L4P 4N5,,2018-01-10,,,2023-11-04 16:35:54,'2023-11-04 16:35:54'),builder,builder,1,0,0,0,0,0,0,0,0
13746,Tapcore Properties Inc,919 Water St,Warsaw,Ontario,K0L 3A0,705-750-5421,2018-01-10,,,2023-11-04 16:35:54,'2023-11-04 16:35:54'),builder,builder,1,0,0,0,0,0,0,0,0
13747,Parthenion Development Corp,3026 Quail Run Ave,Ottawa,Ontario,K1T 3S1,613-739-3823,2018-01-09,,,2023-11-04 16:35:54,'2023-11-04 16:35:54'),builder,builder,1,0,0,0,0,0,0,0,0
13750,Lakeview Properties Ltd,1046 West Porters Lake Rd,Porters Lake,Nova Scotia,B3E 1K9,902-827-4644,2018-01-08,,,2023-11-04 16:35:54,'2023-11-04 16:35:54'),builder,builder,1,0,0,0,0,0,0,0,0
13751,Granborough Developments Ltd,"7030 Woodbine Ave, Ste 201",Markham,Ontario,L3R 6G2,,2018-01-08,,,2023-11-04 16:35:54,'2023-11-04 16:35:54'),builder,builder,1,0,0,0,0,0,0,0,0
13758,Karanda Properties Ltd,"55 Fleming Dr, Unit 3",Cambridge,Ontario,N1T 2A9,519-624-3835,2017-08-31,,,2023-11-04 16:35:55,'2023-11-04 16:35:55'),builder,builder,1,0,0,0,0,0,0,0,0
13760,Summit View Homes Ltd,"1 West Pearce St, Ste 111",Toronto,Ontario,L4B 3K3,905-886-8287,2017-08-31,,,2023-11-04 16:35:55,'2023-11-04 16:35:55'),builder,builder,1,0,0,0,0,0,0,0,0
13763,Greycrest Homes,"61 Sharer Rd, Ste 1",Woodbridge,Ontario,L4L 8Z3,905-264-1709,2017-08-31,greycresthomes.com,,2023-12-02 13:45:23,'2023-11-04 16:35:55'),builder,builder,1,0,0,0,0,0,0,0,0
13764,Rice Development Corp,7735 Kennedy Rd S,Brampton,Ontario,L6W 0B9,905-796-3630,2017-08-31,,,2023-11-04 16:35:55,'2023-11-04 16:35:55'),builder,builder,1,0,0,0,0,0,0,0,0
13773,Gateway Properties,"1131A Leslie St, Ste 500",Toronto,Ontario,M3C 3L8,416-907-7420,2017-08-24,,,2023-11-04 16:35:55,'2023-11-04 16:35:55'),builder,builder,1,0,0,0,0,0,0,0,0
13783,Tribute Homes,"1815 Ironstone Manor, Unit 1",Pickering,Ontario,L1W 3W9,905-839-3500,2017-08-11,greybrook.com,,2023-12-02 14:04:36,'2023-11-04 16:35:56'),builder,builder,1,0,0,0,0,0,0,0,0
13789,F-F Construction Company Ltd,"1135 Crestlawn Dr, Unit 43",Mississauga,Ontario,L4W 4Z7,,2017-08-10,,,2023-11-04 16:35:56,'2023-11-04 16:35:56'),builder,builder,1,0,0,0,0,0,0,0,0
13793,Stan Davies &amp; Son Construction Ltd,"309 Kleiner Rd, RR 3",Wainfleet,Ontario,L0S 1V0,905-735-2869,2017-08-08,,,2023-11-04 16:35:56,'2023-11-04 16:35:56'),builder,builder,1,0,0,0,0,0,0,0,0
13811,Blue Region Developments Inc,2925 Hwy 11 N,North Bay,Ontario,P1B 8G3,,2017-08-08,,,2023-11-04 16:35:57,'2023-11-04 16:35:57'),builder,builder,1,0,0,0,0,0,0,0,0
13823,Goodburn Construction Company Ltd,,Toronto,Ontario,M3B 2E9,,2017-08-01,,,2023-11-04 16:35:57,'2023-11-04 16:35:57'),builder,builder,1,0,0,0,0,0,0,0,0
13824,Marchurst Development Group Inc,6066 Perth St,Richmond,Ontario,K0A 2Z0,,2017-08-01,,,2023-11-04 16:35:57,'2023-11-04 16:35:57'),builder,builder,1,0,0,0,0,0,0,0,0
13832,Lesso Mall Development (Milliken) Ltd,55 Freshway Dr,Vaughan,Ontario,L4K 1S1,416-321-9172,2017-07-18,,,2023-11-04 16:35:58,'2023-11-04 16:35:58'),builder,builder,1,0,0,0,0,0,0,0,0
13837,EM and Son Realty Inc,"55 Halton St, Ste 207",Toronto,Ontario,M6J 1R5,,2017-07-17,,,2023-11-04 16:35:58,'2023-11-04 16:35:58'),builder,builder,1,0,0,0,0,0,0,0,0
13843,Littlewood Properties 6 Inc,"12-16715 Yonge St, Ste 172",Newmarket,Ontario,L3X 1X4,,2017-07-12,,,2023-11-04 16:35:58,'2023-11-04 16:35:58'),builder,builder,1,0,0,0,0,0,0,0,0
13849,Copia Developments,26 Shaftesbury Ave,London,Ontario,N6C 2Y6,519-435-6439,2017-07-07,,,2023-11-04 16:35:58,'2023-11-04 16:35:58'),builder,builder,1,0,0,0,0,0,0,0,0
13852,Northern Sun Properties Inc,181 Sandringham Dr,Toronto,Ontario,M3H 1E7,416-398-9779,2017-07-06,,,2023-11-04 16:35:58,'2023-11-04 16:35:58'),builder,builder,1,0,0,0,0,0,0,0,0
13859,Ottawa Retail Properties Ltd,878 Boyd Ave,Ottawa,Ontario,K2A 2E3,613-592-1818,2017-06-30,,,2023-11-04 16:35:58,'2023-11-04 16:35:58'),builder,builder,1,0,0,0,0,0,0,0,0
13872,bcIMC Realty Corporation,"330 University Ave, Ste 300",Toronto,Ontario,M5G 1R8,416-552-5959,2017-06-28,,,2023-11-04 16:35:59,'2023-11-04 16:35:59'),builder,builder,1,0,0,0,0,0,0,0,0
13875,Papke Properties Ltd,135 Matheson Blvd E,Mississauga,Ontario,L4Z 1R2,,2017-06-26,,,2023-11-04 16:35:59,'2023-11-04 16:35:59'),builder,builder,1,0,0,0,0,0,0,0,0
13889,Merkur Realty Ltd,"2788 Bathurst St, Ste 301",Toronto,Ontario,M6B 3A3,416-789-4646,2017-06-16,,,2023-11-04 16:35:59,'2023-11-04 16:35:59'),builder,builder,1,0,0,0,0,0,0,0,0
13904,Forest Contractors,8 Cadetta Rd,Brampton,Ontario,L6P 0X4,905-913-9291,2017-06-06,,,2023-11-04 16:36:00,'2023-11-04 16:36:00'),builder,builder,1,0,0,0,0,0,0,0,0
13927,Mikenston Realty Inc,1435 Manotick Station,Ottawa,Ontario,K4P 0E2,,2017-05-01,milestonerealtyinc.com,,2023-12-02 13:48:04,'2023-11-04 16:36:01'),builder,builder,1,0,0,0,0,0,0,0,0
13929,Norlena Realty Inc,"50 Fleming Dr, Ste 1",Cambridge,Ontario,N1T 2B1,,2017-05-01,,,2023-11-04 16:36:01,'2023-11-04 16:36:01'),builder,builder,1,0,0,0,0,0,0,0,0
13935,MacKinnon Development Corp,196 Union St W,Kingston,Ontario,K7L 2P6,613-531-4498,2018-08-31,mackinnondev.ca,,2023-12-02 13:45:45,'2023-11-04 16:36:01'),builder,builder,1,0,0,0,0,0,0,0,0
13951,Vanac Development Corp,"1661 West 2nd Ave, Ste 200",Vancouver,BC,V6J 1H2,604-732-4407,2018-08-16,,,2023-11-04 16:36:02,'2023-11-04 16:36:02'),builder,builder,1,0,0,0,0,0,0,0,0
13952,Sussex Lanes Properties Ltd,236 Metcalfe St,Ottawa,Ontario,K2P 1R3,613-237-2425,2018-08-15,,,2023-11-04 16:36:02,'2023-11-04 16:36:02'),builder,builder,1,0,0,0,0,0,0,0,0
13961,Huht Properties Ltd,666 Colby Dr,Waterloo,Ontario,N2V 1A2,519-577-2598,2018-08-13,,,2023-11-04 16:36:02,'2023-11-04 16:36:02'),builder,builder,1,0,0,0,0,0,0,0,0
13973,HM Properties Ltd,"296331 29th Line, RR 3",Lakeside,Ontario,N0M 2G0,519-283-6665,2018-07-31,hmproperties.com,,2023-12-09 16:46:36,'2023-11-04 16:36:02'),builder,builder,1,0,0,0,0,0,0,0,0
13978,Vanguard Developments Corp,89 Somerset Cres,Waterloo,Ontario,N2L 1N1,,2018-07-30,,,2023-11-04 16:36:03,'2023-11-04 16:36:03'),builder,builder,1,0,0,0,0,0,0,0,0
13986,Inside Edge Properties Ltd,"464 Bank St, Ste 200",Ottawa,Ontario,K2P 1Z3,613-226-9902,2018-07-26,,,2023-11-04 16:36:03,'2023-11-04 16:36:03'),builder,builder,1,0,0,0,0,0,0,0,0
14016,Alre Properties Inc,1652 Sherbrooke St W,Montreal,Quebec,H3H 1C9,514-508-5800,2018-06-29,,,2023-11-04 16:36:04,'2023-11-04 16:36:04'),builder,builder,1,0,0,0,0,0,0,0,0
14019,Territorial Land Development Corp,,Windsor,Ontario,N8W 2V6,519-252-1299,2018-06-29,,,2023-11-04 16:36:04,'2023-11-04 16:36:04'),builder,builder,1,0,0,0,0,0,0,0,0
14041,Royal LePage - Signature Realty,"8 Sampson Mews, Ste 201",Toronto,Ontario,M3C 0H5,416-443-0300,2018-06-26,,,2023-11-04 16:36:05,'2023-11-04 16:36:05'),builder,builder,1,0,0,0,0,0,0,0,0
14042,Royal LePage Signature Realty,"8 Sampson Mews, Unit 201",Toronto,Ontario,M3C 0H5,416-443-0300,2018-06-26,,,2023-11-04 16:36:05,'2023-11-04 16:36:05'),builder,builder,1,0,0,0,0,0,0,0,0
14044,TFG Realty Ltd,319 College Ave,Oshawa,Ontario,L1J 1S2,905-240-7300,2018-06-20,,,2023-11-04 16:36:05,'2023-11-04 16:36:05'),builder,builder,1,0,0,0,0,0,0,0,0
14045,ICORR Properties,"700 Richmond St, Ste 100",London,Ontario,N6A 5C7,519-432-1888,2018-06-15,icorr.com,,2023-12-02 13:45:59,'2023-11-04 16:36:05'),builder,builder,1,0,0,0,0,0,0,0,0
14046,Auburn Developments Inc,560 Wellington St,London,Ontario,N6A 3R4,519-434-1808,2018-06-15,,,2023-11-04 16:36:05,'2023-11-04 16:36:05'),builder,builder,1,0,0,0,0,0,0,0,0
14048,Senator Homes,250 Lesmill Rd,North York,Ontario,M3B 2T5,416-445-8552,2018-06-15,,,2023-11-04 16:36:05,'2023-11-04 16:36:05'),builder,builder,1,0,0,0,0,0,0,0,0
14052,Hollyburn Properties Ltd,"1650 Alberni St, Ste 300",Vancouver,BC,V6G 1B1,604-662-7345,2018-06-04,,,2023-11-04 16:36:05,'2023-11-04 16:36:05'),builder,builder,1,0,0,0,0,0,0,0,0
14056,Pearson Properties Inc,963 Bonnieview Ave,Burlington,Ontario,L7T 1T6,,2018-06-01,pearson.com,,2023-12-02 13:52:14,'2023-11-04 16:36:06'),builder,builder,1,0,0,0,0,0,0,0,0
14064,Canadian Commercial Development Group,484 Waterloo St,London,Ontario,N6B 2P6,519-672-7490,2018-05-31,,,2023-11-04 16:36:06,'2023-11-04 16:36:06'),builder,builder,1,0,0,0,0,0,0,0,0
14068,Shamin Realty Inc,1370 Birchmount Rd,Toronto,Ontario,M1P 2E3,,2018-05-31,,,2023-11-04 16:36:06,'2023-11-04 16:36:06'),builder,builder,1,0,0,0,0,0,0,0,0
14076,SNS General Contractor Inc,12385 Weston Rd,Woodbridge,Ontario,L4H 1G6,905-833-0300,2018-05-31,,,2023-11-04 16:36:06,'2023-11-04 16:36:06'),builder,builder,1,0,0,0,0,0,0,0,0
14080,41 - 45 Spadina Road Property Inc,"1200 Bay St, Ste 813",Toronto,Ontario,M5R 2A5,416-637-4651,2018-05-16,,,2023-11-04 16:36:07,'2023-11-04 16:36:07'),builder,builder,1,0,0,0,0,0,0,0,0
14084,Queijo Properties Inc,1 Crowling Ct,Richmond Hill,Ontario,L4E 3Y5,,2018-05-10,,,2023-11-04 16:36:07,'2023-11-04 16:36:07'),builder,builder,1,0,0,0,0,0,0,0,0
14130,Edenbridge Homes Inc,"418 Hanlan Rd, Unit 3",Woodbridge,Ontario,L4L 4Z1,905-597-0227,2017-12-01,,,2023-11-04 16:36:09,'2023-11-04 16:36:09'),builder,builder,1,0,0,0,0,0,0,0,0
14135,Strashin Developments Ltd,"501 Alliance Ave, Unit 401",Toronto,Ontario,M6N 2J1,416-504-0077,2017-11-29,,,2023-11-04 16:36:09,'2023-11-04 16:36:09'),builder,builder,1,0,0,0,0,0,0,0,0
14169,Paramount Properties ,366 Elgin St,Ottawa,Ontario,K2P 1M8,613-233-1222,2017-11-01,paramount-properties.co.uk,,2023-12-02 13:48:06,'2023-11-04 16:36:11'),builder,builder,1,0,0,0,0,0,0,0,0
14179,Manor Care Homes Inc,"710 Spring Gardens Rd, Unit 103",Burlington,Ontario,L7T 4K7,,2017-11-01,,,2023-11-04 16:36:11,'2023-11-04 16:36:11'),builder,builder,1,0,0,0,0,0,0,0,0
14191,Evendrew Developments Ltd,,Ottawa,Ontario,K1P 5P6,,2017-10-27,,,2023-11-04 16:36:11,'2023-11-04 16:36:11'),builder,builder,1,0,0,0,0,0,0,0,0
14192,Forwarders Properties Ltd,342 River Rd,Ottawa,Ontario,K1V 1H2,,2017-10-27,,,2023-11-04 16:36:11,'2023-11-04 16:36:11'),builder,builder,1,0,0,0,0,0,0,0,0
14199,Camwood Properties Ltd,"269 Richmond St W, Ste 300",Toronto,Ontario,M5V 1X1,416-598-3345,2017-10-18,,,2023-11-04 16:36:11,'2023-11-04 16:36:11'),builder,builder,1,0,0,0,0,0,0,0,0
14212,Titan Homes,"101 Duncan Mill Rd, Ste 406",Toronto,Ontario,M3B 1Z3,416-391-1220,2017-10-02,,,2023-11-04 16:36:12,'2023-11-04 16:36:12'),builder,builder,1,0,0,0,0,0,0,0,0
14224,Queen Street East Developments Ltd,2072 Lawrence Ave E,Toronto,Ontario,M1R 2Z5,416-755-5297,2017-09-20,,,2023-11-04 16:36:12,'2023-11-04 16:36:12'),builder,builder,1,0,0,0,0,0,0,0,0
14226,Seagrave Developments Inc,153 Juno Cres,Woodstock,Ontario,N4T 0H6,519-537-2783,2017-09-19,core-group.com,,2024-04-16 14:51:26,'2023-11-04 16:36:12'),builder,builder,1,0,0,0,0,0,0,0,0
14236,GNK Properties Ltd,"325 West St, Ste A 100",Brantford,Ontario,N3R 3V6,519-756-5385,2017-09-13,,,2023-11-04 16:36:13,'2023-11-04 16:36:13'),builder,builder,1,0,0,0,0,0,0,0,0
14250,South Point Property Inc,"100 Antibes Dr, Ste 2801",Toronto,Ontario,M2R 3N1,,2017-09-07,,,2023-11-04 16:36:13,'2023-11-04 16:36:13'),builder,builder,1,0,0,0,0,0,0,0,0
14264,Econ Development Inc,"521 Nottinghill Rd, Unit 7",London,Ontario,N6K 4L4,519-657-2510,2017-09-01,bigskyeconomicdevelopment.org,,2023-12-02 13:46:25,'2023-11-04 16:36:14'),builder,builder,1,0,0,0,0,0,0,0,0
14268,Corvatsch Developments Ltd,,,,,,2018-12-27,,,2023-11-04 16:36:14,'2023-11-04 16:36:14'),builder,builder,1,0,0,0,0,0,0,0,0
14270,Jamesway Construction Group,"274 Shirley Ave, Ste 201",Kitchener,Ontario,N2B 2E1,519-745-6417,2018-12-21,,,2023-11-04 16:36:14,'2023-11-04 16:36:14'),builder,builder,1,0,0,0,0,0,0,0,0
14283,FFH Properties Ltd,851 Ridge Rd E,Stoney Creek,Ontario,L8J 2Y4,905-643-3071,2018-12-18,,,2023-11-04 16:36:14,'2023-11-04 16:36:14'),builder,builder,1,0,0,0,0,0,0,0,0
14298,Marvest Property Corp,"13700 Nine Mile Rd, RR 3",Ilderton,Ontario,N0M 2A0,519-666-3860,2018-12-07,,,2023-11-04 16:36:15,'2023-11-04 16:36:15'),builder,builder,1,0,0,0,0,0,0,0,0
14299,KNH Properties Ltd,"162 Wortley Rd, Unit 1D",London,Ontario,N6C 3P7,519-641-6868,2018-12-07,,,2023-11-04 16:36:15,'2023-11-04 16:36:15'),builder,builder,1,0,0,0,0,0,0,0,0
14311,Adrimar Realty Corp,117 Gregory Scott Dr,Vaughan,Ontario,L4H 1K7,,2018-11-30,,,2023-11-04 16:36:16,'2023-11-04 16:36:16'),builder,builder,1,0,0,0,0,0,0,0,0
14315,Chatelet Fine Homes Inc,139 Beresford Ave,Toronto,Ontario,M6S 3B3,416-844-3920,2018-11-30,,,2023-11-04 16:36:16,'2023-11-04 16:36:16'),builder,builder,1,0,0,0,0,0,0,0,0
14321,Valleygate Developments Inc,"598 Falconbridge Rd, Unit 1A",Sudbury,Ontario,P3A 5K6,705-525-2200,2018-11-30,,,2023-11-04 16:36:16,'2023-11-04 16:36:16'),builder,builder,1,0,0,0,0,0,0,0,0
14333,781 Birch Properties Inc,35 Alvin Ave,Toronto,Ontario,M4T 2A7,416-920-8880,2018-11-28,,,2023-11-04 16:36:17,'2023-11-04 16:36:17'),builder,builder,1,0,0,0,0,0,0,0,0
14341,Canadian Commercial Development Group,484 Waterloo St,London,Ontario,N6B 2P6,519-672-7490,2018-11-22,,,2023-11-04 16:36:17,'2023-11-04 16:36:17'),builder,builder,1,0,0,0,0,0,0,0,0
14344,GNK Properties Ltd,"325 West St, Ste A100",Brantford,Ontario,N3T 6J7,519-756-5385,2018-11-22,,,2023-11-04 16:36:17,'2023-11-04 16:36:17'),builder,builder,1,0,0,0,0,0,0,0,0
14348,Properties R&#039;Us Group,223 King St E,Cambridge,Ontario,N1H 7M7,,2018-11-15,,,2023-11-04 16:36:17,'2023-11-04 16:36:17'),builder,builder,1,0,0,0,0,0,0,0,0
14356,Laurier Homes,"150 Connie Cres, Ste 4",Concord,Ontario,L4K 1L9,905-738-2009,2018-11-05,,,2023-11-04 16:36:17,'2023-11-04 16:36:17'),builder,builder,1,0,0,0,0,0,0,0,0
14380,Nonquon Oshawa Properties Inc,17263 Warden Ave,Stouffville,Ontario,L4A 2W1,416-444-6545,2018-10-31,,,2023-11-04 16:36:18,'2023-11-04 16:36:18'),builder,builder,1,0,0,0,0,0,0,0,0
14389,122 Kinghigh Development Corp,122 King High Dr,Thornhill,Ontario,L4J 3N4,289-597-2831,2018-10-24,,,2023-11-04 16:36:18,'2023-11-04 16:36:18'),builder,builder,1,0,0,0,0,0,0,0,0
14392,THMR Development Inc,"4789 Yonge St, Ste 904",Toronto,Ontario,M2N 0G3,647-347-8998,2018-10-17,,,2023-11-04 16:36:19,'2023-11-04 16:36:19'),builder,builder,1,0,0,0,0,0,0,0,0
14400,Claridge Homes (March Rd. Phase 4) Inc,210 Gladstone Ave,Ottawa,Ontario,K2P 0Y6,613-233-6030,2018-10-11,,,2023-11-04 16:36:19,'2023-11-04 16:36:19'),builder,builder,1,0,0,0,0,0,0,0,0
14424,DCR/Phoenix Development Corp Ltd,18 Bentley Ave,Ottawa,Ontario,K2E 6T8,613-723-9227,2018-09-26,,,2023-11-04 16:36:20,'2023-11-04 16:36:20'),builder,builder,1,0,0,0,0,0,0,0,0
14437,MacDonell Properties,18 Macdonell St,Guelph,Ontario,N1E 4R9,519-767-0908,2018-09-05,,,2023-11-04 16:36:21,'2023-11-04 16:36:21'),builder,builder,1,0,0,0,0,0,0,0,0
14441,Land Cross Realty Inc,943 Thrush Court,Ottawa,Ontario,K1J 9M5,613-739-3088,2018-09-04,,,2023-11-04 16:36:21,'2023-11-04 16:36:21'),builder,builder,1,0,0,0,0,0,0,0,0
14445,ECPA Properties Ltd,,Toronto,Ontario,M3C 0H5,,2015-04-30,,,2023-11-06 12:06:58,'2023-11-06 12:06:58'),builder,builder,1,0,0,0,0,0,0,0,0
14468,Revel Development Corp,"170 Victoria St S, Unit A",Kitchener,Ontario,N2G 2B9,519-279-9871,2015-04-08,,,2023-11-06 12:06:58,'2023-11-06 12:06:58'),builder,builder,1,0,0,0,0,0,0,0,0
14486,Melridge Properties Inc,124 Haskell Rd,Cambridge,Ontario,N1P 1J3,,2015-04-01,,,2023-11-06 12:06:59,'2023-11-06 12:06:59'),builder,builder,1,0,0,0,0,0,0,0,0
14492,Lower Baseline Properties Corp,822 South Avenue W,Westfield,New Jersey,USA - 07090,,2015-03-31,,,2023-11-06 12:06:59,'2023-11-06 12:06:59'),builder,builder,1,0,0,0,0,0,0,0,0
14499,Beaux Properties International Inc,"5140 Yonge St, Ste 2360",Toronto,Ontario,M2N 6L7,416-222-7882,2015-03-31,beckgroup.com,,2023-12-02 13:54:50,'2023-11-06 12:06:59'),builder,builder,1,0,0,0,0,0,0,0,0
14500,Kasco Properties Ltd,"214 Maple Ave S, RR 2",Burford,Ontario,N0E 1A0,519-449-1682,2015-03-31,,,2023-11-06 12:06:59,'2023-11-06 12:06:59'),builder,builder,1,0,0,0,0,0,0,0,0
14504,Verdone Homes ,336 Speedvale Ave W,Guelph,Ontario,N1H 7W7,519-824-5311,2015-03-30,,,2023-11-06 12:07:00,'2023-11-06 12:07:00'),builder,builder,1,0,0,0,0,0,0,0,0
14512,Aimhigh Developments Group Ltd,,Don Mills,Ontario,M3C 2M2,,2015-03-25,,,2023-11-06 12:07:00,'2023-11-06 12:07:00'),builder,builder,1,0,0,0,0,0,0,0,0
14515,Sismet South Properties Inc,"668 Millway Ave, Unit 7",Vaughan,Ontario,L4K 3V2,905-913-9291,2015-03-25,,,2023-11-06 12:07:00,'2023-11-06 12:07:00'),builder,builder,1,0,0,0,0,0,0,0,0
14520,Northern Vista Development Corp,1646 Victoria Park Ave,Toronto,Ontario,M1R 1P7,416-750-4500,2015-03-23,,,2023-11-06 12:07:00,'2023-11-06 12:07:00'),builder,builder,1,0,0,0,0,0,0,0,0
14524,Woodlawn Design &amp; Development Ltd,35 Alvin Ave,Toronto,Ontario,M4T 2A7,,2015-03-20,,,2023-11-06 12:07:00,'2023-11-06 12:07:00'),builder,builder,1,0,0,0,0,0,0,0,0
14527,Jovic Developments Ltd,27 Brandy Ct,Don Mills,Ontario,M3B 3L3,416-733-3755,2015-03-18,,,2023-11-06 12:07:01,'2023-11-06 12:07:01'),builder,builder,1,0,0,0,0,0,0,0,0
14535,K &amp; A Realty Inc,1926 Mapleridge Dr,Peterborough,Ontario,K9K 2E4,705-761-5081,2015-03-13,waystone.com,,2024-06-04 13:12:48,'2023-11-06 12:07:01'),builder,builder,1,0,0,0,0,0,0,0,0
14546,Mid-South Land Developments Corp,,Windsor,Ontario,N8W 5J1,519-944-4466,2015-03-03,,,2023-11-06 12:07:01,'2023-11-06 12:07:01'),builder,builder,1,0,0,0,0,0,0,0,0
14547,Tomar Realty Corp,10075 Ilderton Rd,Ilderton,Ontario,N0M 2A0,519-644-2444,2015-03-03,,,2023-11-06 12:07:01,'2023-11-06 12:07:01'),builder,builder,1,0,0,0,0,0,0,0,0
14549,Fjaka Properties Inc,662 Montego Cres,Burlington,Ontario,L7N 2Z1,905-681-2263,2015-03-02,,,2023-11-06 12:07:01,'2023-11-06 12:07:01'),builder,builder,1,0,0,0,0,0,0,0,0
14552,Clovergate Developments Inc,"253 Jevlan Dr, Unit 15",Woodbridge,Ontario,L4L 7Z6,905-851-6718,2015-02-27,,,2023-11-06 12:07:02,'2023-11-06 12:07:02'),builder,builder,1,0,0,0,0,0,0,0,0
14553,Essavalle Developments Inc,"3171 Wolfedale Rd, Unit 1",Mississauga,Ontario,L5C 1V8,,2015-02-27,,,2023-11-06 12:07:02,'2023-11-06 12:07:02'),builder,builder,1,0,0,0,0,0,0,0,0
14571,ACW Properties Inc,8 Erb St W,Waterloo,Ontario,N2L 1S7,519-883-8255,2015-02-20,,,2023-11-06 12:07:02,'2023-11-06 12:07:02'),builder,builder,1,0,0,0,0,0,0,0,0
14576,Nedo Custom Builders Ltd,"3055 Lenworth Dr, Unit 1",Mississauga,Ontario,L4X 2G3,905-625-4667,2015-02-17,,,2023-11-06 12:07:02,'2023-11-06 12:07:02'),builder,builder,1,0,0,0,0,0,0,0,0
14577,3289 Lenworth Properties Ltd,3257 Lenworth Dr,Mississauga,Ontario,L4X 2G5,,2015-02-17,,,2023-11-06 12:07:02,'2023-11-06 12:07:02'),builder,builder,1,0,0,0,0,0,0,0,0
14588,Royal LePage - Your Community Realty,8854 Yonge St,Richmond Hill,Ontario,L4C 0T4,905-731-2000,2015-02-09,,,2023-11-06 12:07:03,'2023-11-06 12:07:03'),builder,builder,1,0,0,0,0,0,0,0,0
14604,Grey Bruce Property Rentals Inc,,Allenford,Ontario,N0H 1A0,519-371-9920,2015-01-30,,,2023-11-06 12:07:03,'2023-11-06 12:07:03'),builder,builder,1,0,0,0,0,0,0,0,0
14606,V &amp; R Properties Corp,,Milford,Ontario,K0K 2P0,,2015-01-30,,,2023-11-06 12:07:04,'2023-11-06 12:07:04'),builder,builder,1,0,0,0,0,0,0,0,0
14622,Ponterio Developments Inc,"1351 C Kelly Lake Rd, Unit 10",Sudbury,Ontario,P3E 5P5,705-523-9389,2015-01-28,,,2023-11-06 12:07:04,'2023-11-06 12:07:04'),builder,builder,1,0,0,0,0,0,0,0,0
14626,Pilon &amp; Gilbert Development Inc,141 Hickson Ave,Kingston,Ontario,K7K 2N7,613-507-9090,2015-01-26,,,2023-11-06 12:07:04,'2023-11-06 12:07:04'),builder,builder,1,0,0,0,0,0,0,0,0
14631,Atlin Family Building Inc,"145 King St W, Ste 2200",Toronto,Ontario,M5H 4G2,416-362-3711,2015-01-19,,,2023-11-06 12:07:04,'2023-11-06 12:07:04'),builder,builder,1,0,0,0,0,0,0,0,0
14638,Kendall Property Inc,147 Winding Way,Ottawa,Ontario,K2C 3H1,,2015-01-16,,,2023-11-06 12:07:05,'2023-11-06 12:07:05'),builder,builder,1,0,0,0,0,0,0,0,0
14640,New Hillmount Construction Company Ltd,4343 Rutherford Rd,Woodbridge,Ontario,L4L 1A6,,2015-01-15,,,2023-11-06 12:07:05,'2023-11-06 12:07:05'),builder,builder,1,0,0,0,0,0,0,0,0
14645,Gardos Development Corp Ltd,729 Upper Belmont,Westmount,Quebec,H3Y 1K1,514-483-4589,2015-01-15,,,2023-11-06 12:07:05,'2023-11-06 12:07:05'),builder,builder,1,0,0,0,0,0,0,0,0
14651,Glencree Developments Inc,,,,,,2015-01-06,,,2023-11-06 12:07:05,'2023-11-06 12:07:05'),builder,builder,1,0,0,0,0,0,0,0,0
14663,ARC Properties Ltd,"130 Adelaide St W, Ste 3300",Toronto,Ontario,M5H 3P5,416-777-0100,2016-04-28,,,2023-11-06 12:07:05,'2023-11-06 12:07:05'),builder,builder,1,0,0,0,0,0,0,0,0
14687,Valleymede Building Corp,"18 Wynford Dr, Ste 103",Toronto,Ontario,M3C 2S2,416-385-3000,2016-04-19,columbus.gov,,2024-04-16 14:48:17,'2023-11-06 12:07:06'),builder,builder,1,0,0,0,0,0,0,0,0
14727,OpTrust Multi-Residential Inc,"77 Bloor Street West, Ste 2000",Toronto,Ontario,M5S 1M2,416-923-2950,2016-03-31,,,2023-11-06 12:07:08,'2023-11-06 12:07:08'),builder,builder,1,0,0,0,0,0,0,0,0
14728,Terrace Creek Developments Ltd,"33 Memorial Dr, Ste 101",Brantford,Ontario,N3R 5R8,,2016-03-31,,,2023-11-06 12:07:08,'2023-11-06 12:07:08'),builder,builder,1,0,0,0,0,0,0,0,0
14729,Bedford Oshawa Properties Ltd,"30 Eglinton Ave W, Ste 14",Mississauga,Ontario,L5R 0C1,905-362-1486,2016-03-31,,,2023-11-06 12:07:08,'2023-11-06 12:07:08'),builder,builder,1,0,0,0,0,0,0,0,0
14749,Weswin Developments Ltd,"40 Holly St, Ste 104",Toronto,Ontario,M4S 3C3,416-545-1200,2016-03-11,,,2023-11-06 12:07:09,'2023-11-06 12:07:09'),builder,builder,1,0,0,0,0,0,0,0,0
14753,J-Der Properties Inc,143 Arthur St,Ottawa,Ontario,K1R 7C1,,2016-03-11,,,2023-11-06 12:07:09,'2023-11-06 12:07:09'),builder,builder,1,0,0,0,0,0,0,0,0
14754,Schiedel Construction Inc,405 Queen St W,Cambridge,Ontario,N3C 1G6,519-658-9317,2016-03-11,scheidelconstructionllc.com,,2023-12-02 13:54:50,'2023-11-06 12:07:09'),builder,builder,1,0,0,0,0,0,0,0,0
14763,Ottawa General Contractors,"1886 Merivale Rd, Ste 200",Ottawa,Ontario,K2G 1E6,613-604-9776,2016-03-07,ottawa.ca,,2023-12-02 13:54:43,'2023-11-06 12:07:09'),builder,builder,1,0,0,0,0,0,0,0,0
14764,Polo II Properties Inc,2120 Woodcrest Rd,Ottawa,Ontario,K1H 6H8,613-232-0023,2016-03-07,,,2023-11-06 12:07:09,'2023-11-06 12:07:09'),builder,builder,1,0,0,0,0,0,0,0,0
14775,Bella Terra Developments Inc,"516 Brant Rd, RR 5",Cambridge,Ontario,N1R 5S6,,2016-03-01,,,2023-11-06 12:07:10,'2023-11-06 12:07:10'),builder,builder,1,0,0,0,0,0,0,0,0
14776,PJ Realty Inc,48 Zokol Cres,Ottawa,Ontario,K2K 2K4,613-599-8233,2016-03-01,,,2023-11-06 12:07:10,'2023-11-06 12:07:10'),builder,builder,1,0,0,0,0,0,0,0,0
14789,Mari-Gabi Developments Inc,"328 Queenston Rd, Unit 4",Cambridge,Ontario,N3H 3J4,519-219-2232,2016-02-29,,,2023-11-06 12:07:11,'2023-11-06 12:07:11'),builder,builder,1,0,0,0,0,0,0,0,0
14795,Dorsay Realty Corp,"150 York St, Ste 1701",Toronto,Ontario,M5H 3S5,416-368-1460,2016-02-23,,,2023-11-06 12:07:11,'2023-11-06 12:07:11'),builder,builder,1,0,0,0,0,0,0,0,0
14804,First Rock Properties Ltd,17 Main St N,Waterdown,Ontario,L0R 2H0,905-635-7159,2016-02-10,,,2023-11-06 12:07:11,'2023-11-06 12:07:11'),builder,builder,1,0,0,0,0,0,0,0,0
14818,EcoDevelopments - 2015 Inc,541 Kerr Cres,Belle River,Ontario,N0A 1A0,519-566-7630,2016-02-02,,,2023-11-06 12:07:12,'2023-11-06 12:07:12'),builder,builder,1,0,0,0,0,0,0,0,0
14823,Ardency Development Inc,"202 Grand River Ave, 2nd Flr",Brantford,Ontario,N3T 4X9,519-756-8431,2016-01-29,,,2023-11-06 12:07:12,'2023-11-06 12:07:12'),builder,builder,1,0,0,0,0,0,0,0,0
14825,York Richmond Properties Corp,17103 Innis Lake Rd,Caledon,Ontario,L7K 2K9,905-584-1117,2016-01-28,,,2023-11-06 12:07:12,'2023-11-06 12:07:12'),builder,builder,1,0,0,0,0,0,0,0,0
14827,Cubecom Commercial Realty Inc,"370 Queens Quay W, Ste 202",Toronto,Ontario,M5V 3J3,647-943-2823,2016-01-27,,,2023-11-06 12:07:12,'2023-11-06 12:07:12'),builder,builder,1,0,0,0,0,0,0,0,0
14829,KBB Properties Inc,217 Edgewater Cres,Kitchener,Ontario,N2A 4M2,519-208-0127,2016-01-27,,,2023-11-06 12:07:13,'2023-11-06 12:07:13'),builder,builder,1,0,0,0,0,0,0,0,0
14836,Elderwood Townhomes II Inc,79 Truman Rd,Toronto,Ontario,M2L 2L7,905-738-7830,2016-01-18,,,2023-11-06 12:07:13,'2023-11-06 12:07:13'),builder,builder,1,0,0,0,0,0,0,0,0
14850,Multi-Area Developments Inc,"301 Fruitland Rd, Unit 10",Stoney Creek,Ontario,L8E 5M1,905-643-9400,2016-01-13,,,2023-11-06 12:07:13,'2023-11-06 12:07:13'),builder,builder,1,0,0,0,0,0,0,0,0
14857,Barrieview Realty Corp,277 Spring Gate Blvd,Thornhill,Ontario,L4J 3G3,,2016-01-07,,,2023-11-06 12:07:14,'2023-11-06 12:07:14'),builder,builder,1,0,0,0,0,0,0,0,0
14870,NorthWest Healthcare Properties,"284 King St E, Ste 100",Toronto,Ontario,M5A 1K4,416-366-2000,2015-09-22,,,2023-11-06 12:07:14,'2023-11-06 12:07:14'),builder,builder,1,0,0,0,0,0,0,0,0
14871,Carriage Homes,"421 Brant St, Ste 201",Burlington,Ontario,L7R 2G3,,2015-09-22,,,2023-11-06 12:07:14,'2023-11-06 12:07:14'),builder,builder,1,0,0,0,0,0,0,0,0
14874,Krusselbrink Construction,"7839 Highway 21, RR 2",Allenford,Ontario,N0H 1A0,519-371-9920,2015-09-16,,,2023-11-06 12:07:14,'2023-11-06 12:07:14'),builder,builder,1,0,0,0,0,0,0,0,0
14875,Kam Brothers Realty Inc,3987 Woodchuck Lane,Mississauga,Ontario,L5L 2T5,905-286-0991,2015-09-11,,,2023-11-06 12:07:14,'2023-11-06 12:07:14'),builder,builder,1,0,0,0,0,0,0,0,0
14877,Revel Development Group,"170 Victoria St S, Unit A",Kitchener,Ontario,N2G 2B9,519-279-9871,2015-09-08,,,2023-11-06 12:07:15,'2023-11-06 12:07:15'),builder,builder,1,0,0,0,0,0,0,0,0
14886,Sam Rizzo Properties Inc,,Brantford,Ontario,N3T 5H8,519-758-0007,2015-09-02,,,2023-11-06 12:07:15,'2023-11-06 12:07:15'),builder,builder,1,0,0,0,0,0,0,0,0
14888,Clifton Blake Realty Advisors,"890 Yonge St, Ste 602",Toronto,Ontario,M4W 3P4,416-850-6809,2015-09-01,,,2023-11-06 12:07:15,'2023-11-06 12:07:15'),builder,builder,1,0,0,0,0,0,0,0,0
14890,400 Michener Properties Inc,"1338 Prince Albert Ct, Ste 2",Mississauga,Ontario,L5H 3S1,905-278-1302,2015-09-01,,,2023-11-06 12:07:15,'2023-11-06 12:07:15'),builder,builder,1,0,0,0,0,0,0,0,0
14899,Greycrest Homes Ltd,61 Sharer Rd,Woodbridge,Ontario,L4L 8Z3,905-264-1709,2015-08-31,,,2023-11-06 12:07:15,'2023-11-06 12:07:15'),builder,builder,1,0,0,0,0,0,0,0,0
14902,ZFPA Properties Inc,527 Scenic Dr,Hamilton,Ontario,L9C 1G9,,2015-08-31,,,2023-11-06 12:07:16,'2023-11-06 12:07:16'),builder,builder,1,0,0,0,0,0,0,0,0
14919,Lima Properties Ltd,5246 Mississauga Rd,Mississauga,Ontario,L5M 4Z2,416-247-1762,2015-08-17,,,2023-11-06 12:07:16,'2023-11-06 12:07:16'),builder,builder,1,0,0,0,0,0,0,0,0
14929,MLT Properties Ltd,"60 St Clair Ave E, Ste 905",Toronto,Ontario,M4T 1N5,416-921-7902,2015-08-10,,,2023-11-06 12:07:17,'2023-11-06 12:07:17'),builder,builder,1,0,0,0,0,0,0,0,0
14931,Pars Properties Inc,,Kingston,Ontario,K7M 8W5,,2015-08-07,,,2023-11-06 12:07:17,'2023-11-06 12:07:17'),builder,builder,1,0,0,0,0,0,0,0,0
14934,Potestas Properties Inc,163 Jardin Dr,Concord,Ontario,L4K 1X5,,2015-08-06,,,2023-11-06 12:07:17,'2023-11-06 12:07:17'),builder,builder,1,0,0,0,0,0,0,0,0
14939,Dom-Meridian Construction Ltd,"1021 Meyerside Dr, Unit 10",Mississauga,Ontario,L5T 1J6,905-564-5594,2015-08-04,,,2023-11-06 12:07:17,'2023-11-06 12:07:17'),builder,builder,1,0,0,0,0,0,0,0,0
14944,Albern Realty Company,79 Huntsmill Blvd,Scarborough,Ontario,M1W 2Z8,416-493-1048,2015-07-31,,,2023-11-06 12:07:18,'2023-11-06 12:07:18'),builder,builder,1,0,0,0,0,0,0,0,0
14946,Youth Drug and Alcohol Residential,786 Bronson Ave,Ottawa,Ontario,K1S 4G4,613-594-8333,2015-07-31,,,2023-11-06 12:07:18,'2023-11-06 12:07:18'),builder,builder,1,0,0,0,0,0,0,0,0
14958,Aristo Properties Inc,57 Manning Ct,Ottawa,Ontario,K2K 3N2,613-592-6308,2015-07-27,,,2023-11-06 12:07:18,'2023-11-06 12:07:18'),builder,builder,1,0,0,0,0,0,0,0,0
14959,GranVal Construction Inc,35 Lingard Rd,Cambridge,Ontario,N1T 2H6,519-621-2970,2015-07-24,,,2023-11-06 12:07:18,'2023-11-06 12:07:18'),builder,builder,1,0,0,0,0,0,0,0,0
14966,S &amp; N Property Inc,310 Aylesworth Ave,Toronto,Ontario,M1N 2K2,,2015-07-24,,,2023-11-06 12:07:18,'2023-11-06 12:07:18'),builder,builder,1,0,0,0,0,0,0,0,0
14975,Camwood Properties,"269 Richmond St W, Ste 300",Toronto,Ontario,M5V 1X1,416-598-3345,2015-07-21,,,2023-11-06 12:07:19,'2023-11-06 12:07:19'),builder,builder,1,0,0,0,0,0,0,0,0
14976,Tre Memovia Developments Ltd,34 Ashall Blvd,East York,Ontario,M4B 3C1,,2015-07-21,,,2023-11-06 12:07:19,'2023-11-06 12:07:19'),builder,builder,1,0,0,0,0,0,0,0,0
15012,Solid General Contractors Inc,2832 16th Ave,Markham,Ontario,L3R 0K8,905-475-0707,2015-07-15,,,2023-11-06 12:07:20,'2023-11-06 12:07:20'),builder,builder,1,0,0,0,0,0,0,0,0
15023,Old Stonehenge Development Corp,"890 Yonge St, Ste 602",Toronto,Ontario,M4W 3P4,416-850-6809,2015-07-13,cliftonblake.com,,2023-12-09 16:47:41,'2023-11-06 12:07:20'),builder,builder,1,0,0,0,0,0,0,0,0
15029,Minto Multi-Residential Income,"180 Kent St, Ste 300",Ottawa,Ontario,K1P 0B6,613-230-7051,2015-07-09,,,2023-11-06 12:07:20,'2023-11-06 12:07:20'),builder,builder,1,0,0,0,0,0,0,0,0
15030,Nedo Custom Builders Ltd,3055 Lenworth Dr,Mississauga,Ontario,L4X 2G3,905-625-4667,2015-07-09,,,2023-11-06 12:07:20,'2023-11-06 12:07:20'),builder,builder,1,0,0,0,0,0,0,0,0
15033,Di Gregorio International Paving &amp; Construction Ltd,4 Holland Dr,Bolton,Ontario,L7E 1G1,905-951-1616,2015-07-08,,,2023-11-06 12:07:20,'2023-11-06 12:07:20'),builder,builder,1,0,0,0,0,0,0,0,0
15041,Randb Realty Inc,5 Belsize Dr,Toronto,Ontario,M4S 1L3,,2015-07-06,,,2023-11-06 12:07:21,'2023-11-06 12:07:21'),builder,builder,1,0,0,0,0,0,0,0,0
15050,Danedco Land Development Inc,2120 Regent St,Sudbury,Ontario,P3E 3Z9,,2015-07-02,,,2023-11-06 12:07:21,'2023-11-06 12:07:21'),builder,builder,1,0,0,0,0,0,0,0,0
15051,Nicolas Properties Inc,1087 Moss St,Sudbury,Ontario,P3A 2H6,705-675-8064,2015-07-02,,,2023-11-06 12:07:21,'2023-11-06 12:07:21'),builder,builder,1,0,0,0,0,0,0,0,0
15054,Sanderling Developments Ltd,"40 Wynford Dr, Ste 109",Toronto,Ontario,M3C 1J5,416-484-7786,2015-06-30,,,2023-11-06 12:07:21,'2023-11-06 12:07:21'),builder,builder,1,0,0,0,0,0,0,0,0
15057,Old Oak Properties,"465 Richmond St, Ste 600",London,Ontario,N6A 5P4,519-661-0215,2015-06-30,,,2023-11-06 12:07:21,'2023-11-06 12:07:21'),builder,builder,1,0,0,0,0,0,0,0,0
15062,C &amp; D Properties Inc,"2441 Yonge St, 2nd Flr",Toronto,Ontario,M4P 2E7,416-486-4611,2015-06-30,,,2023-11-06 12:07:21,'2023-11-06 12:07:21'),builder,builder,1,0,0,0,0,0,0,0,0
15078,Klemencic Homes,499 Dundas St W,Trenton,Ontario,K8V 6C4,613-392-7839,2015-06-26,,,2023-11-06 12:07:22,'2023-11-06 12:07:22'),builder,builder,1,0,0,0,0,0,0,0,0
15083,Anat Construction Ltd,"14 Prince Arthur Ave, Ste 305",Toronto,Ontario,M5R 1A9,,2015-06-25,,,2023-11-06 12:07:22,'2023-11-06 12:07:22'),builder,builder,1,0,0,0,0,0,0,0,0
15084,Hamzo Properties Inc,324 Donald St,Ottawa,Ontario,K1K 1M5,613-667-9937,2015-06-25,,,2023-11-06 12:07:22,'2023-11-06 12:07:22'),builder,builder,1,0,0,0,0,0,0,0,0
15087,Jaws Professional Building Inc,120 Flynn St,Niagara-on-the-Lake,ON,L0S 1J0,905-468-7746,2015-06-24,,,2023-11-06 12:07:23,'2023-11-06 12:07:23'),builder,builder,1,0,0,0,0,0,0,0,0
15089,Soria Property Inc,32 Gordon Rowe Cres,Richmond Hill,Ontario,L4C 8R8,,2015-06-24,,,2023-11-06 12:07:23,'2023-11-06 12:07:23'),builder,builder,1,0,0,0,0,0,0,0,0
15094,Buckingham Properties Inc,717 Queen St E,Toronto,Ontario,M4M 1H1,,2015-06-18,buckprop.com,,2023-12-02 13:54:51,'2023-11-06 12:07:23'),builder,builder,1,0,0,0,0,0,0,0,0
15103,Canbridge Property Inc,300 Empress Ave,Toronto,Ontario,M2N 3V4,647-349-1883,2015-06-15,,,2023-11-06 12:07:23,'2023-11-06 12:07:23'),builder,builder,1,0,0,0,0,0,0,0,0
15104,King&#039;s &amp; Queen&#039;s Homes Inc,1938 Avenue Rd,Toronto,Ontario,M5M 4A1,416-780-0475,2015-06-15,,,2023-11-06 12:07:23,'2023-11-06 12:07:23'),builder,builder,1,0,0,0,0,0,0,0,0
15116,Landmart Realty Corp,"911 Golf Links Rd, Ste 307",Ancaster,Ontario,L9K 1H9,905-304-6459,2015-06-08,,,2023-11-06 12:07:24,'2023-11-06 12:07:24'),builder,builder,1,0,0,0,0,0,0,0,0
15123,Cavallo Realty Group Inc,"6175 Highway 7, 2nd Flr",Vaughan,Ontario,L4H 0P6,905-264-0484,2015-06-04,,,2023-11-06 12:07:24,'2023-11-06 12:07:24'),builder,builder,1,0,0,0,0,0,0,0,0
15126,Royal LePage RCR Realty,,Orangeville,Ontario,L9W 2E7,519-941-5151,2015-06-02,,,2023-11-06 12:07:24,'2023-11-06 12:07:24'),builder,builder,1,0,0,0,0,0,0,0,0
15130,Trevi 73 Properties Inc,"7222 Clayton Walk, Unit 2",London,Ontario,N6P 1W1,,2015-06-02,,,2023-11-06 12:07:24,'2023-11-06 12:07:24'),builder,builder,1,0,0,0,0,0,0,0,0
15131,Georgian Properties Corp,"1175 Meyerside Dr, Ste 2",Mississauga,Ontario,L5T 1H3,905-405-7272,2015-06-01,,,2023-11-06 12:07:24,'2023-11-06 12:07:24'),builder,builder,1,0,0,0,0,0,0,0,0
15142,Limestone Homes &amp; Construction,362 Perth Rd,Westport,Ontario,K0G 1X0,613-273-9075,2015-06-01,,,2023-11-06 12:07:25,'2023-11-06 12:07:25'),builder,builder,1,0,0,0,0,0,0,0,0
15162,J/Fin Realty Inc,107 St Johns Rd,Toronto,Ontario,M6P 1V1,416-766-6737,2015-05-25,,,2023-11-06 12:07:25,'2023-11-06 12:07:25'),builder,builder,1,0,0,0,0,0,0,0,0
15171,5336 IND Properties Inc,30 Gardiner Cres,Richmond Hill,Ontario,L4B 2G7,905-770-9255,2015-05-21,atproperties.com,,2023-12-09 16:46:43,'2023-11-06 12:07:26'),builder,builder,1,0,0,0,0,0,0,0,0
15187,Escalade Property Corp,,London,Ontario,N6P 1P9,519-319-5170,2015-05-08,,,2023-11-06 12:07:26,'2023-11-06 12:07:26'),builder,builder,1,0,0,0,0,0,0,0,0
15213,801 Development Corp,"8201 Islington Ave, Ste PH 5",Vaughan,Ontario,L4L 9S6,,2016-08-18,,,2023-11-06 12:07:27,'2023-11-06 12:07:27'),builder,builder,1,0,0,0,0,0,0,0,0
15214,New Canadians Lumber &amp; Building Supply Ltd,804 Dupont St,Toronto,Ontario,M6G 1Z6,416-531-3525,2016-08-18,newcanadianslumber.com,,2023-12-02 13:54:46,'2023-11-06 12:07:27'),builder,builder,1,0,0,0,0,0,0,0,0
15217,MacPherson Realty,253 Hunter St W,Peterborough,Ontario,K9H 2L4,705-743-3532,2016-08-18,,,2023-11-06 12:07:28,'2023-11-06 12:07:28'),builder,builder,1,0,0,0,0,0,0,0,0
15220,Soben Properties Inc,46 Birch Ave,Richmond Hill,Ontario,L4C 6C6,905-888-6742,2016-08-18,,,2023-11-06 12:07:28,'2023-11-06 12:07:28'),builder,builder,1,0,0,0,0,0,0,0,0
15226,Linden Property Group Inc,10 Suffolk St E,Guelph,Ontario,N1H 2H6,519-836-0223,2016-08-11,lindenpropertygroup.com,,2023-12-02 13:54:00,'2023-11-06 12:07:28'),builder,builder,1,0,0,0,0,0,0,0,0
15230,VV DeMarco Properties Ltd,"130 King St W, 20th Flr",Toronto,Ontario,M5X 1K1,416-933-3141,2016-08-08,,,2023-11-06 12:07:28,'2023-11-06 12:07:28'),builder,builder,1,0,0,0,0,0,0,0,0
15235,Lakeshore Realty Ltd,,Concord,Ontario,L4K 4L6,905-695-3100,2016-08-04,,,2023-11-06 12:07:28,'2023-11-06 12:07:28'),builder,builder,1,0,0,0,0,0,0,0,0
15238,Northwood Developments Inc,890 Brock Rd S,Pickering,Ontario,L1W 1Z9,905-426-9301,2016-07-29,,,2023-11-06 12:07:28,'2023-11-06 12:07:28'),builder,builder,1,0,0,0,0,0,0,0,0
15240,Morgan Wilshire Developments,"1867 Yonge St, Ste 900",Toronto,Ontario,M4S 1Y5,416-975-0454,2016-07-29,morganwilshire.com,,2023-12-09 16:46:44,'2023-11-06 12:07:29'),builder,builder,1,0,0,0,0,0,0,0,0
15246,Beaux Properties International Inc,"5140 Yonge St, Ste 2360",Toronto,Ontario,N2N 6L7,416-222-7882,2016-07-28,,,2023-11-06 12:07:29,'2023-11-06 12:07:29'),builder,builder,1,0,0,0,0,0,0,0,0
15259,South Sun Properties Inc,11 Rousseau Rd,Toronto,Ontario,M3H 3G1,416-590-7609,2016-07-12,,,2023-11-06 12:07:30,'2023-11-06 12:07:30'),builder,builder,1,0,0,0,0,0,0,0,0
15262,C Squared Properties 580 King Inc,"333 Bloor St E, 10th Flr",Toronto,Ontario,M4W 1C9,,2016-07-07,,,2023-11-06 12:07:30,'2023-11-06 12:07:30'),builder,builder,1,0,0,0,0,0,0,0,0
15263,C Squared Properties 160 John Inc,"333 Bloor St E, 10th Flr",Toronto,Ontario,M4W 1C9,,2016-07-07,,,2023-11-06 12:07:30,'2023-11-06 12:07:30'),builder,builder,1,0,0,0,0,0,0,0,0
15267,Malla Properties Ltd,"3200 Dufferin St, Ste 407",Toronto,Ontario,M6A 3B2,,2016-06-30,,,2023-11-06 12:07:30,'2023-11-06 12:07:30'),builder,builder,1,0,0,0,0,0,0,0,0
15278,McKnight Construction Ltd,,Kingston,Ontario,K7L 4Y5,,2016-06-24,,,2023-11-06 12:07:31,'2023-11-06 12:07:31'),builder,builder,1,0,0,0,0,0,0,0,0
15281,Woodcliffe Landmark Properties,10 Price St,Toronto,Ontario,M4W 1Z4,416-361-5000,2016-06-16,,,2023-11-06 12:07:31,'2023-11-06 12:07:31'),builder,builder,1,0,0,0,0,0,0,0,0
15286,Famous Construction Ltd,"2255 Queen St E, Ste 243",Toronto,Ontario,M4E 1G3,,2016-06-09,,,2023-11-06 12:07:31,'2023-11-06 12:07:31'),builder,builder,1,0,0,0,0,0,0,0,0
15302,Intercity Properties Ltd,431 Heath St E,Toronto,Ontario,M4G 1B6,416-425-1305,2016-05-26,,,2023-11-06 12:07:32,'2023-11-06 12:07:32'),builder,builder,1,0,0,0,0,0,0,0,0
15305,Quex Property Corp,230 Daly Ave,Ottawa,Ontario,K1N 6G2,613-789-0077,2016-05-24,,,2023-11-06 12:07:32,'2023-11-06 12:07:32'),builder,builder,1,0,0,0,0,0,0,0,0
15339,185 Windale Developments Inc,27 McDougall Rd,Waterloo,Ontario,N2L 2W4,,2016-05-03,,,2023-11-06 12:07:33,'2023-11-06 12:07:33'),builder,builder,1,0,0,0,0,0,0,0,0
15342,PKS Development Group Inc,11 Honeywell Place,North York,Ontario,M2L 1Y2,416-221-1666,2016-05-03,,,2023-11-06 12:07:33,'2023-11-06 12:07:33'),builder,builder,1,0,0,0,0,0,0,0,0
15370,H Properties Ltd,,Toronto,Ontario,M4R 1M2,416-489-4520,2015-12-16,,,2023-11-06 12:07:34,'2023-11-06 12:07:34'),builder,builder,1,0,0,0,0,0,0,0,0
15374,Huronia Point Developments Inc,417 Huronia Rd,Barrie,Ontario,L4M 6E7,705-726-5012,2015-12-15,,,2023-11-06 12:07:34,'2023-11-06 12:07:34'),builder,builder,1,0,0,0,0,0,0,0,0
15380,Albert Orillia Properties Inc,19 Rochester Hill St,Richmond Hill,Ontario,L4S 2M6,905-508-4546,2015-12-15,,,2023-11-06 12:07:35,'2023-11-06 12:07:35'),builder,builder,1,0,0,0,0,0,0,0,0
15381,Rye Lake Developments Inc,34 Eagle St,Newmarket,Ontario,L3Y 1J1,,2015-12-14,,,2023-11-06 12:07:35,'2023-11-06 12:07:35'),builder,builder,1,0,0,0,0,0,0,0,0
15385,Paradigm Properties Inc,1400 Wellington St W,Ottawa,Ontario,K1Y 2X2,613-728-4111,2015-12-10,paradigmprop.com,,2023-12-02 13:54:14,'2023-11-06 12:07:35'),builder,builder,1,0,0,0,0,0,0,0,0
15398,CRS Properties Corp,,,,,,2015-12-01,,,2023-11-06 12:07:35,'2023-11-06 12:07:35'),builder,builder,1,0,0,0,0,0,0,0,0
15403,Clarence Properties Inc,301 Grangeover Ave,London,Ontario,N6G 4L1,519-858-1267,2015-12-01,,,2023-11-06 12:07:35,'2023-11-06 12:07:35'),builder,builder,1,0,0,0,0,0,0,0,0
15414,Vector Management (Realty) Ltd,"25 Imperial St, Ste 500",Toronto,Ontario,M5P 1B9,416-483-8018,2015-11-23,,,2023-11-06 12:07:36,'2023-11-06 12:07:36'),builder,builder,1,0,0,0,0,0,0,0,0
15424,Kingston&#039;s Best Homes,110 Railway St,Kingston,Ontario,K7K 2L9,613-544-5222,2015-11-16,,,2023-11-06 12:07:36,'2023-11-06 12:07:36'),builder,builder,1,0,0,0,0,0,0,0,0
15441,Ashley Oaks Homes,,Mississauga,Ontario,L4Y 4H9,905-276-9980,2015-11-03,,,2023-11-06 12:07:37,'2023-11-06 12:07:37'),builder,builder,1,0,0,0,0,0,0,0,0
15446,Shivam Realty Ltd,1150 Pontiac Dr,Sarnia,Ontario,N7S 3A7,,2015-11-02,,,2023-11-06 12:07:37,'2023-11-06 12:07:37'),builder,builder,1,0,0,0,0,0,0,0,0
15465,King Industrial Properties Inc,1901 Fieldgate Dr,Burlington,Ontario,L7P 3H4,905-332-8499,2015-10-26,,,2023-11-06 12:07:38,'2023-11-06 12:07:38'),builder,builder,1,0,0,0,0,0,0,0,0
15466,Apple Pie Properties Inc,"27 Vanier Dr, Ste 1005",N1G 2L1,,,,2015-10-23,,,2023-11-06 12:07:38,'2023-11-06 12:07:38'),builder,builder,1,0,0,0,0,0,0,0,0
15468,Donora Property Inc,153 Forman Ave,Toronto,Ontario,M4S 2R9,416-899-7995,2015-10-23,,,2023-11-06 12:07:38,'2023-11-06 12:07:38'),builder,builder,1,0,0,0,0,0,0,0,0
15482,South Glen Properties Ltd,117 Devins Dr,Aurora,Ontario,L4G 2Z5,905-841-7666,2015-10-20,,,2023-11-06 12:07:38,'2023-11-06 12:07:38'),builder,builder,1,0,0,0,0,0,0,0,0
15492,Marydel Homes ,100 Caster Ave,Woodbridge,Ontario,L4L 5Y9,905-264-5564,2015-10-02,,,2023-11-06 12:07:39,'2023-11-06 12:07:39'),builder,builder,1,0,0,0,0,0,0,0,0
15494,Lisgar Development Ltd,"277 Lakeshore Rd E, Ste 300",Oakville,Ontario,L6J 1H9,905-842-3691,2015-10-01,,,2023-11-06 12:07:39,'2023-11-06 12:07:39'),builder,builder,1,0,0,0,0,0,0,0,0
15499,Mason Homes Ltd,"30 Pennsylvania Ave, Unit 6",Concord,Ontario,L4K 4A5,905-761-2050,2015-10-01,,,2023-11-06 12:07:39,'2023-11-06 12:07:39'),builder,builder,1,0,0,0,0,0,0,0,0
15510,Rye Lake Developments Inc,34 Eagle St,Newmarket,Ontario,L3Y 1J1,,2016-12-29,,,2023-11-06 12:07:40,'2023-11-06 12:07:40'),builder,builder,1,0,0,0,0,0,0,0,0
15514,Montrose Realty Associates Corp,437 Mississauga St,Niagara-on-the-Lake,ON,L0S 1J0,716-631-8000,2016-12-22,,,2023-11-06 12:07:40,'2023-11-06 12:07:40'),builder,builder,1,0,0,0,0,0,0,0,0
15521,Auburn Development Group,"560 Wellington St, 2nd Flr",London,Ontario,N6A 3R4,519-434-1808,2016-12-21,,,2023-11-06 12:07:40,'2023-11-06 12:07:40'),builder,builder,1,0,0,0,0,0,0,0,0
15534,Cook Homes,"169 Lexington Ct, Unit B1",Waterloo,Ontario,N2J 4R3,519-746-6244,2016-12-15,,,2023-11-06 12:07:40,'2023-11-06 12:07:40'),builder,builder,1,0,0,0,0,0,0,0,0
15545,Neuhaus Developments Ltd,220 King Rd,Richmond Hill,Ontario,L4E 2W1,289-234-9300,2016-12-13,,,2023-11-06 12:07:41,'2023-11-06 12:07:41'),builder,builder,1,0,0,0,0,0,0,0,0
15548,Homeswell Asset &amp; Management Inc,"945 Midland Ave, Ste 100",Toronto,Ontario,M1K 4G5,,2016-12-08,,,2023-11-06 12:07:41,'2023-11-06 12:07:41'),builder,builder,1,0,0,0,0,0,0,0,0
15549,Prestigious Properties Four Inc,"743 Railway Ave, Ste 912",Canmore,AB,T1W 1P2,877-434-4345,2016-12-07,,,2023-11-06 12:07:41,'2023-11-06 12:07:41'),builder,builder,1,0,0,0,0,0,0,0,0
15554,City View Development Corp,24 Bethridge Rd,Etobicoke,Ontario,M9W 1N1,416-749-2010,2016-12-01,,,2023-11-06 12:07:41,'2023-11-06 12:07:41'),builder,builder,1,0,0,0,0,0,0,0,0
15571,Reserve Properties ,"110 Eglinton Ave E, Ste 500",Toronto,Ontario,M4P 2Y1,416-440-2904,2016-11-21,,,2023-11-06 12:07:42,'2023-11-06 12:07:42'),builder,builder,1,0,0,0,0,0,0,0,0
15580,Beaux Properties International Inc,"5140 Yonge St, Ste 2360",Toronto,Ontario,M2N 6L7,416-662-1110,2016-11-16,,,2023-11-06 12:07:43,'2023-11-06 12:07:43'),builder,builder,1,0,0,0,0,0,0,0,0
15583,Movengo Corp &amp; Lamb Development Corp,,Hamilton,Ontario,L8E 1H8,905-383-6683,2016-11-15,,,2023-11-06 12:07:43,'2023-11-06 12:07:43'),builder,builder,1,0,0,0,0,0,0,0,0
15602,Trafalgar Senior Homes Ltd,30 Normandy Place,Oakville,Ontario,L6K 3V2,905-842-5095,2016-10-31,,,2023-11-06 12:07:43,'2023-11-06 12:07:43'),builder,builder,1,0,0,0,0,0,0,0,0
15606,Re/Max Realtron Realty Inc,88 Konrad Cres,Markham,Ontario,L3R 8T7,905-944-8800,2016-10-28,,,2023-11-06 12:07:44,'2023-11-06 12:07:44'),builder,builder,1,0,0,0,0,0,0,0,0
15614,Oak Bridge Properties,,Kitchener,Ontario,N2C 1L4,519-745-4050,2016-10-27,oakbridgeproperties.com,,2023-12-02 13:54:35,'2023-11-06 12:07:44'),builder,builder,1,0,0,0,0,0,0,0,0
15616,Mount Carmel Homes K-W Inc,15 Bannockburn Rd,Kitchener,Ontario,N2R 1M1,,2016-10-26,,,2023-11-06 12:07:44,'2023-11-06 12:07:44'),builder,builder,1,0,0,0,0,0,0,0,0
15624,First Rock Properties Ltd,17 Main St N,Waterdown,Ontario,L0R 2H0,905-635-7159,2016-10-21,,,2023-11-06 12:07:44,'2023-11-06 12:07:44'),builder,builder,1,0,0,0,0,0,0,0,0
15631,MLT Properties ULC,725 Briar Hill Ave,Toronto,Ontario,M6B 1L6,416-787-7277,2016-10-14,,,2023-11-06 12:07:44,'2023-11-06 12:07:44'),builder,builder,1,0,0,0,0,0,0,0,0
15632,Jofian Properties Inc,115 Autumn Grove Ct,Kleinburg,Ontario,L0J 1C0,,2016-10-12,,,2023-11-06 12:07:45,'2023-11-06 12:07:45'),builder,builder,1,0,0,0,0,0,0,0,0
15664,United Republic of Properties Ltd,"211 St Patrick St, Ste 304C",Toronto,Ontario,M5H 3T9,,2016-09-23,,,2023-11-06 12:07:46,'2023-11-06 12:07:46'),builder,builder,1,0,0,0,0,0,0,0,0
15684,Littlewood Properties 4 Inc,"12-16715 Yonge St, Ste 172",Newmarket,Ontario,L3X 1X4,,2016-09-12,,,2023-11-06 12:07:47,'2023-11-06 12:07:47'),builder,builder,1,0,0,0,0,0,0,0,0
15687,Reid&#039;s Heritage Homes,"6783 Wellington Rd 34, RR 22",Cambridge,Ontario,N3C 2V4,519-658-6656,2016-09-08,heritagehomes.com,,2023-12-02 13:54:49,'2023-11-06 12:07:47'),builder,builder,1,0,0,0,0,0,0,0,0
15693,Revel Development Corp,"170 Victoria St S, Unit A",Kitchener,Ontario,N2G 2B9,519-279-9871,2016-09-07,,,2023-11-06 12:07:47,'2023-11-06 12:07:47'),builder,builder,1,0,0,0,0,0,0,0,0
15694,Coach House Development Corp,130 Avalon Place,Kitchener,Ontario,N2M 4N7,416-580-0775,2016-09-07,,,2023-11-06 12:07:47,'2023-11-06 12:07:47'),builder,builder,1,0,0,0,0,0,0,0,0
15721,Aquicon Construction Co Ltd,131 Delta Park Blvd,Brampton,Ontario,L6T 5M8,905-458-1313,2013-04-17,,,2023-11-07 11:35:42,'2023-11-07 11:35:42'),builder,builder,1,0,0,0,0,0,0,0,0
15724,Marz Homes ,"115 Highway 8, Ste 204",Stoney Creek,Ontario,L8G 1C1,905-662-3039,2013-02-14,,,2023-11-07 11:35:42,'2023-11-07 11:35:42'),builder,builder,1,0,0,0,0,0,0,0,0
15748,Nuvo Building Corp,,Bradford,Ontario,L3Z 2A9,,2007-01-08,,,2023-11-07 11:35:43,'2023-11-07 11:35:43'),builder,builder,1,0,0,0,0,0,0,0,0
15751,Dixie-Court Developments,"4711 Yonge St, Ste 1400",Toronto,Ontario,M2N 7E4,416-491-2222,2005-03-10,,,2023-11-07 11:35:43,'2023-11-07 11:35:43'),builder,builder,1,0,0,0,0,0,0,0,0
15774,John Clark Building Enterprises Ltd,,New Liskeard,Ontario,P0J 1P0,,2014-08-29,,,2023-11-07 11:35:45,'2023-11-07 11:35:45'),builder,builder,1,0,0,0,0,0,0,0,0
15778,"Lakewood Properties, Inc",46 Stormont Ave,Toronto,Ontario,M5N 2B9,416-783-2996,2014-08-29,,,2023-11-07 11:35:45,'2023-11-07 11:35:45'),builder,builder,1,0,0,0,0,0,0,0,0
15779,Krishna Properties Inc,,Mississauga,Ontario,L5M 0K7,,2014-08-29,,,2023-11-07 11:35:45,'2023-11-07 11:35:45'),builder,builder,1,0,0,0,0,0,0,0,0
15783,Charis Developments Ltd,,Collingwood,Ontario,L9Y 3Z7,705-445-7694,2014-08-28,,,2023-11-07 11:35:45,'2023-11-07 11:35:45'),builder,builder,1,0,0,0,0,0,0,0,0
15787,Huntington Property Group Inc,878 Boyd Ave,Ottawa,Ontario,K2A 2E3,613-592-1818,2014-08-28,,,2023-11-07 11:35:45,'2023-11-07 11:35:45'),builder,builder,1,0,0,0,0,0,0,0,0
15796,SHI Properties Inc,170 Midwest Rd,Toronto,Ontario,M1P 3A9,416-751-9445,2014-08-22,,,2023-11-07 11:35:46,'2023-11-07 11:35:46'),builder,builder,1,0,0,0,0,0,0,0,0
15799,Centrebrook Properties (Smiths Falls) Ltd,81 Howard Ave,Oakville,Ontario,M6L 3Y4,905-845-9385,2014-08-15,,,2023-11-07 11:35:46,'2023-11-07 11:35:46'),builder,builder,1,0,0,0,0,0,0,0,0
15804,Amberley Properties Ltd,,Goderich,Ontario,N7A 3Y5,519-525-2222,2014-08-14,,,2023-11-07 11:35:46,'2023-11-07 11:35:46'),builder,builder,1,0,0,0,0,0,0,0,0
15805,Atra Jasmine Properties Ltd,"1095 Jalna Blvd, Ste 48",London,Ontario,N6E 2Y7,,2014-08-14,,,2023-11-07 11:35:46,'2023-11-07 11:35:46'),builder,builder,1,0,0,0,0,0,0,0,0
15807,KJC Properties Inc,,Toronto,Ontario,M1T 3J4,416-565-2377,2014-08-11,kjcproperties.com,,2023-12-02 13:55:05,'2023-11-07 11:35:46'),builder,builder,1,0,0,0,0,0,0,0,0
15812,Hughson Development Corp,125 Duff St,Kingston,Ontario,K7K 2L6,613-548-8497,2014-08-08,,,2023-11-07 11:35:46,'2023-11-07 11:35:46'),builder,builder,1,0,0,0,0,0,0,0,0
15815,VMP Properties Inc,2975 Kingston Rd,Toronto,Ontario,M1M 1P1,,2014-08-01,,,2023-11-07 11:35:46,'2023-11-07 11:35:46'),builder,builder,1,0,0,0,0,0,0,0,0
15817,Taber Road Realty Ltd,773 Cummer Ave,Toronto,Ontario,M2H 1E8,416-221-1320,2014-08-01,,,2023-11-07 11:35:46,'2023-11-07 11:35:46'),builder,builder,1,0,0,0,0,0,0,0,0
15828,Runnymede Development Corp Ltd,1051 Tapscott Rd,Toronto,Ontario,M1X 1A1,416-298-0066,2014-07-29,,,2023-11-07 11:35:47,'2023-11-07 11:35:47'),builder,builder,1,0,0,0,0,0,0,0,0
15855,Abus Properties Inc,35 Lemonwood Pl,Cambridge,Ontario,N3C 4P5,519-249-1409,2014-07-09,,,2023-11-07 11:35:48,'2023-11-07 11:35:48'),builder,builder,1,0,0,0,0,0,0,0,0
15866,Prime Canadian Properties Inc,13838 Woodbine Ave,Gormley,Ontario,L0H 1G0,905-727-9888,2014-07-04,,,2023-11-07 11:35:49,'2023-11-07 11:35:49'),builder,builder,1,0,0,0,0,0,0,0,0
15875,Southbridge Properties Inc,181 Bay St,Toronto,Ontario,M5J 2T3,416-901-6613,2014-06-30,,,2023-11-07 11:35:49,'2023-11-07 11:35:49'),builder,builder,1,0,0,0,0,0,0,0,0
15884,Valery Construction Ltd,2140 King St E,Stoney Creek,Ontario,L8K 1W6,905-547-5056,2014-06-27,,,2023-11-07 11:35:49,'2023-11-07 11:35:49'),builder,builder,1,0,0,0,0,0,0,0,0
15890,Dauphine Welland Properties Inc,63 Verdi Rd,Richmond Hill,Ontario,L4E 4P7,289-234-0414,2014-06-24,,,2023-11-07 11:35:50,'2023-11-07 11:35:50'),builder,builder,1,0,0,0,0,0,0,0,0
15902,Madison Properties Inc,369 Rimrock Dr,Toronto,Ontario,M3J 3G2,416-661-4000,2014-06-12,,,2023-11-07 11:35:50,'2023-11-07 11:35:50'),builder,builder,1,0,0,0,0,0,0,0,0
15906,C-G Properties Inc,"111 Zenway Blvd, Ste 36",Woodbridge,Ontario,L4H 3H9,905-264-6234,2014-06-11,,,2023-11-07 11:35:50,'2023-11-07 11:35:50'),builder,builder,1,0,0,0,0,0,0,0,0
15908,Starline Properties Inc,1395 Devon Rd,Oakville,Ontario,L6J 2M2,905-845-8897,2014-06-05,,,2023-11-07 11:35:50,'2023-11-07 11:35:50'),builder,builder,1,0,0,0,0,0,0,0,0
15911,Nuteck Homes Ltd,1844 Appleview Rd,Pickering,Ontario,L1V 1T8,905-509-9891,2014-06-04,,,2023-11-07 11:35:51,'2023-11-07 11:35:51'),builder,builder,1,0,0,0,0,0,0,0,0
15912,Sharos Properties,"2985 Drew Rd, Ste 221",Mississauga,Ontario,L4T 0A4,905-670-5440,2014-06-03,,,2023-11-07 11:35:51,'2023-11-07 11:35:51'),builder,builder,1,0,0,0,0,0,0,0,0
15926,Nid Properties Inc,30 Gardiner Cres,Richmond Hill,Ontario,L4B 2G7,905-770-9255,2014-05-29,,,2023-11-07 11:35:51,'2023-11-07 11:35:51'),builder,builder,1,0,0,0,0,0,0,0,0
15941,Dema Homes Ltd,4466 Sawmill Valley Dr,Mississauga,Ontario,L5L 3N2,905-569-9476,2014-04-30,,,2023-11-07 11:35:52,'2023-11-07 11:35:52'),builder,builder,1,0,0,0,0,0,0,0,0
15946,Homestead Christian Care,"249 Caroline St S, Unit A",Hamilton,Ontario,L8P 3L6,905-529-0454,2014-04-28,,,2023-11-07 11:35:52,'2023-11-07 11:35:52'),builder,builder,1,0,0,0,0,0,0,0,0
15963,Bedford Major Construction Inc,634 Sunset Beach Rd,Richmond Hill,Ontario,L4E 3G2,905-773-5858,2014-03-28,,,2023-11-07 11:35:52,'2023-11-07 11:35:52'),builder,builder,1,0,0,0,0,0,0,0,0
15968,G &amp; P Properties Corp,65 Willowbank Blvd,Toronto,Ontario,M5N 1G7,416-519-7671,2014-03-17,,,2023-11-07 11:35:53,'2023-11-07 11:35:53'),builder,builder,1,0,0,0,0,0,0,0,0
15979,RCD Developments Inc,8 Westie Rd,Brantford,Ontario,N3T 5L4,519-756-2333,2014-02-28,,,2023-11-07 11:35:53,'2023-11-07 11:35:53'),builder,builder,1,0,0,0,0,0,0,0,0
15986,Britannia Development Inc,2300 Yonge St,Toronto,Ontario,M4P 1E4,416-593-6543,2014-01-24,britanniadevelopment.com,,2023-12-02 13:55:21,'2023-11-07 11:35:53'),builder,builder,1,0,0,0,0,0,0,0,0
15990,Corso Heights Developments Ltd,44 Lauder Ave,Toronto,Ontario,M6H 3E3,416-651-4207,2014-01-10,,,2023-11-07 11:35:53,'2023-11-07 11:35:53'),builder,builder,1,0,0,0,0,0,0,0,0
15992,Mady Developmant Corp,"8791 Woodbine Ave, Ste 100",Markham,Ontario,L3R 0P4,905-944-0907,2014-12-30,,,2023-11-07 11:35:53,'2023-11-07 11:35:53'),builder,builder,1,0,0,0,0,0,0,0,0
16023,Blue Heron Properties Inc,910 Dover St S,Cambridge,Ontario,N3H 5B7,,2014-12-10,blueheron.com,,2023-12-09 16:46:48,'2023-11-07 11:35:55'),builder,builder,1,0,0,0,0,0,0,0,0
16028,Litera Properties Inc,"720 Proudfoot Lane, Unit 6",London,Ontario,N6H 5G5,,2014-12-05,literagroup.ca,,2023-12-02 13:55:42,'2023-11-07 11:35:55'),builder,builder,1,0,0,0,0,0,0,0,0
16029,Cameo Homes (K-W) Ltd,"2178 Shantz Station Rd, RR 2",Breslau,Ontario,N0B 1M0,,2014-12-05,,,2023-11-07 11:35:55,'2023-11-07 11:35:55'),builder,builder,1,0,0,0,0,0,0,0,0
16055,University District Properties Inc,1136 Seale Ct,Kingston,Ontario,K7P 0A2,613-549-6291,2014-11-27,,,2023-11-07 11:35:57,'2023-11-07 11:35:57'),builder,builder,1,0,0,0,0,0,0,0,0
16058,Victory Property Corp,,Toronto,Ontario,M4L 1A1,416-465-2135,2014-11-25,,,2023-11-07 11:35:57,'2023-11-07 11:35:57'),builder,builder,1,0,0,0,0,0,0,0,0
16059,Mountforest Properties Inc,156 Weybridge Trail,Brampton,Ontario,L6V 3W2,,2014-11-25,,,2023-11-07 11:35:57,'2023-11-07 11:35:57'),builder,builder,1,0,0,0,0,0,0,0,0
16073,Bluemont Realty Corp,12 Westpoint Court,Richmond Hill,Ontario,L4B 2V6,905-737-8575,2014-11-14,,,2023-11-07 11:35:57,'2023-11-07 11:35:57'),builder,builder,1,0,0,0,0,0,0,0,0
16076,Hurben Properties Ltd,397 Geddes St,Elora,Ontario,N0B 1S0,519-846-0029,2014-11-14,,,2023-11-07 11:35:58,'2023-11-07 11:35:58'),builder,builder,1,0,0,0,0,0,0,0,0
16077,Asta Properties Inc,"50 Ritin Lane, Unit 4",Concord,Ontario,L4K 4C9,,2014-11-14,,,2023-11-07 11:35:58,'2023-11-07 11:35:58'),builder,builder,1,0,0,0,0,0,0,0,0
16082,Varsovia Properties Ltd,14 Winder Grove,London,Ontario,N6K 4K6,519-471-0567,2014-11-12,,,2023-11-07 11:35:58,'2023-11-07 11:35:58'),builder,builder,1,0,0,0,0,0,0,0,0
16091,Allegra Construction Inc,"42 Dufflaw Rd, Ste 201",Toronto,Ontario,M6A 2W1,416-781-4118,2014-11-07,,,2023-11-07 11:35:58,'2023-11-07 11:35:58'),builder,builder,1,0,0,0,0,0,0,0,0
16093,Context Developments,"229 Yonge St, Ste 500",Toronto,Ontario,M5B 1N9,416-863-0202,2014-11-06,,,2023-11-07 11:35:58,'2023-11-07 11:35:58'),builder,builder,1,0,0,0,0,0,0,0,0
16094,Calm Trust &amp; Properties Inc,712 Massimo Cres,Windsor,Ontario,N9G 3C4,,2014-11-06,,,2023-11-07 11:35:58,'2023-11-07 11:35:58'),builder,builder,1,0,0,0,0,0,0,0,0
16101,Carlaw Properties Inc,,Richmond Hill,Ontario,L4B 1B9,,2014-11-04,,,2023-11-07 11:35:58,'2023-11-07 11:35:58'),builder,builder,1,0,0,0,0,0,0,0,0
16104,Holyburn Properties Ltd,"1650 Alberni St, Ste 300",Vancouver,British Columbia,V6G 1B1,604-662-7345,2014-11-03,,,2023-11-07 11:35:58,'2023-11-07 11:35:58'),builder,builder,1,0,0,0,0,0,0,0,0
16118,Mayfair Realty Inc,"181 University Ave, Ste 2100",Toronto,Ontario,M5H 3M7,416-863-1010,2014-10-31,,,2023-11-07 11:35:59,'2023-11-07 11:35:59'),builder,builder,1,0,0,0,0,0,0,0,0
16134,Dagmar Constructions Inc,7350 Markham Rd,Markham,Ontario,L3P 3R1,905-294-7480,2014-10-23,,,2023-11-07 11:36:00,'2023-11-07 11:36:00'),builder,builder,1,0,0,0,0,0,0,0,0
16145,HGTA Realty Inc,"399 Adelaide St W, Ste 613",Toronto,Ontario,M5V 1S1,,2014-10-17,,,2023-11-07 11:36:00,'2023-11-07 11:36:00'),builder,builder,1,0,0,0,0,0,0,0,0
16186,Shahukar Properties Corp,3274 Morning Star Dr,Mississauga,Ontario,L4T 1X5,905-672-6159,2014-10-03,,,2023-11-07 11:36:01,'2023-11-07 11:36:01'),builder,builder,1,0,0,0,0,0,0,0,0
16192,Brimax Properties Ltd,24 Maple Manor Ct,Kitchener,Ontario,N2P 2M1,519-650-1441,2014-10-01,,,2023-11-07 11:36:02,'2023-11-07 11:36:02'),builder,builder,1,0,0,0,0,0,0,0,0
16210,Mar-Cot Developments Inc,56 Kirkby Ct,Guelph,Ontario,N1G 5E1,519-780-0835,2014-10-01,,,2023-11-07 11:36:03,'2023-11-07 11:36:03'),builder,builder,1,0,0,0,0,0,0,0,0
16211,MRL Developments Inc,54 Monticello Cres,Guelph,Ontario,N1G 4P3,519-836-6519,2014-10-01,,,2023-11-07 11:36:03,'2023-11-07 11:36:03'),builder,builder,1,0,0,0,0,0,0,0,0
16220,Thalen Bros Properties Ltd,6899 Wellington Rd 7,Elora,Ontario,N0B 1S0,519-846-2629,2014-10-01,,,2023-11-07 11:36:03,'2023-11-07 11:36:03'),builder,builder,1,0,0,0,0,0,0,0,0
16224,Trio Properties Inc,353 Chabanel St W,Montreal,Quebec,H2N 2G1,,2014-09-30,trioproperties.com,,2023-12-09 16:46:48,'2023-11-07 11:36:03'),builder,builder,1,0,0,0,0,0,0,0,0
16231,Award Construction (North Bay) Ltd,"33 Memorial Dr, Ste 101",Brantford,Ontario,N3R 5B8,519-752-0557,2014-09-30,award-inc.com,,2023-12-09 16:46:48,'2023-11-07 11:36:03'),builder,builder,1,0,0,0,0,0,0,0,0
16240,Neumann Powell Properties Inc,11 Haney Dr,Guelph,Ontario,N1L 1N7,519-821-3600,2014-09-30,,,2023-11-07 11:36:04,'2023-11-07 11:36:04'),builder,builder,1,0,0,0,0,0,0,0,0
16271,Alness Developments Ltd,22 Riverside Blvd,Thornhill,Ontario,L4J 1H3,416-564-7447,2014-09-10,,,2023-11-07 11:36:05,'2023-11-07 11:36:05'),builder,builder,1,0,0,0,0,0,0,0,0
16274,Applewood Realty Corp,"86 Cloverleaf Dr, RR 5",Belleville,Ontario,K8Z 4Z5,613-968-4415,2014-09-08,,,2023-11-07 11:36:05,'2023-11-07 11:36:05'),builder,builder,1,0,0,0,0,0,0,0,0
16288,Bridge Street Properties Inc,,Casselman,Ontario,K0A 1M0,,2014-09-04,,,2023-11-07 11:36:05,'2023-11-07 11:36:05'),builder,builder,1,0,0,0,0,0,0,0,0
16290,Forty Three Property Ltd,,,,,613-258-0849,2014-09-03,,,2023-11-07 11:36:05,'2023-11-07 11:36:05'),builder,builder,1,0,0,0,0,0,0,0,0
16296,Copp&#039;s Building Materials Ltd,45 York St,London,Ontario,N6A 1A4,519-679-9000,2014-09-02,,,2023-11-07 11:36:06,'2023-11-07 11:36:06'),builder,builder,1,0,0,0,0,0,0,0,0
16301,TT &amp; H Montgomery Construction,,Niagara Falls,Ontario,L2J 1K4,905-357-7614,2021-10-29,,,2023-11-07 15:13:03,'2023-11-07 15:13:03'),builder,builder,1,0,0,0,0,0,0,0,0
16307,Regent North Properties Inc,9582 Beaverdams Rd,Niagara Falls,Ontario,L2H 0P8,905-371-1201,2019-03-14,,,2023-11-07 15:13:03,'2023-11-07 15:13:03'),builder,builder,1,0,0,0,0,0,0,0,0
16313,Tribute Properties Inc,9582 Beaverdams Rd,Niagara Falls,Ontario,L2Y 0P8,905-371-1201,2018-02-06,,,2023-11-07 15:13:04,'2023-11-07 15:13:04'),builder,builder,1,0,0,0,0,0,0,0,0
16322,Fal Construction Ltd,,Hamilton,Ontario,L8P 3K6,905-850-8908,2013-11-29,,,2023-11-07 15:13:04,'2023-11-07 15:13:04'),builder,builder,1,0,0,0,0,0,0,0,0
16330,Panoramic Properties,9582 Beaverdams Rd,Niagara Falls,Ontario,L2E 6S4,905-371-1201,2013-07-15,,,2023-11-07 15:13:05,'2023-11-07 15:13:05'),builder,builder,1,0,0,0,0,0,0,0,0
16343,RA Properties Inc,3370 Pharmacy Ave,Toronto,Ontario,M1W 3K4,,2009-08-10,,,2023-11-07 15:13:06,'2023-11-07 15:13:06'),builder,builder,1,0,0,0,0,0,0,0,0
16345,Alfa Properties Inc,"1131A Leslie St, Ste 101",Toronto,Ontario,M3C 2K6,416-449-9500,2008-04-15,,,2023-11-07 15:13:06,'2023-11-07 15:13:06'),builder,builder,1,0,0,0,0,0,0,0,0
16354,4230 Meadowvale Realty Ltd,9582 Beaverdams Rd,Niagara Falls,Ontario,L2E 6S4,905-371-1201,2006-12-07,,,2023-11-07 15:13:07,'2023-11-07 15:13:07'),builder,builder,1,0,0,0,0,0,0,0,0
16375,Gold Ribbon Homes,"5400 Yonge St, Ste 403",Toronto,Ontario,M5N 5R5,416-623-1321,2023-11-03,,,2023-11-10 12:57:17,'2023-11-10 12:57:17'),builder,builder,1,0,0,0,0,0,0,0,0
16377,Auburn Developments,"560 Wellington St, 2nd Flr",London,Ontario,N6A 3R4,519-434-1808,2023-11-03,auburndev.com,,2023-12-09 16:47:40,'2023-11-10 12:57:17'),builder,builder,1,0,0,0,0,0,0,0,0
16383,Stafford Homes,"55 St Clair Ave W, Ste 200",Toronto,Ontario,M5J 2S1,416-461-6100,2023-11-02,staffordowens.com,,2023-12-02 13:57:01,'2023-11-10 12:57:18'),builder,builder,1,0,0,0,0,0,0,0,0
16386,Centerfield Properties Inc,"30 Floral Pkwy, Ste 300",,,L4K 4R1,,2023-11-02,,,2023-11-10 12:57:18,'2023-11-10 12:57:18'),builder,builder,1,0,0,0,0,0,0,0,0
16387,Country Wide Homes,1500 Highway No 7,Vaughan,Ontario,L4K 5Y4more info: mi.pdf,905-907-1500,2023-11-02,,,2023-11-10 12:57:18,'2023-11-10 12:57:18'),builder,builder,1,0,0,0,0,0,0,0,0
16388,Syvan Developments Ltd,86 Emily St W,Newcastle,Ontario,L1B 1H1,905-987-3211,2023-11-02,,,2023-11-10 12:57:18,'2023-11-10 12:57:18'),builder,builder,1,0,0,0,0,0,0,0,0
16389,JPD Properties Inc,7 Sir Williams Ltd,Toronto,Ontario,M9A 1T8more info: mi.pdf,416-531-7857,2023-11-02,,,2023-11-10 12:57:18,'2023-11-10 12:57:18'),builder,builder,1,0,0,0,0,0,0,0,0
16398,James Dick Construction Ltd,14442 Highway 50,Bolton,Ontario,L7E 5T4,905-857-3500,2023-11-02,,,2023-11-10 12:57:18,'2023-11-10 12:57:18'),builder,builder,1,0,0,0,0,0,0,0,0
16406,Graham Construction,"1260 2nd Ave E, Unit 2",Owen Sound,Ontario,N4K 2J3,519-371-5228,2023-11-02,grahambuilds.com,,2023-12-02 13:56:01,'2023-11-10 12:57:18'),builder,builder,1,0,0,0,0,0,0,0,0
16425,Tamprop Development ULC,"777 Dunsmuir St, Ste 1700",Vancouver,British Columbia,V7Y 1K4,,2023-11-01,,,2023-11-10 12:57:19,'2023-11-10 12:57:19'),builder,builder,1,0,0,0,0,0,0,0,0
16436,Ontario Underwriting Properties Inc,"220 Industrial Pkwy S, Unit 21",,,L4G 3V6,,2023-11-01,,,2023-11-10 12:57:19,'2023-11-10 12:57:19'),builder,builder,1,0,0,0,0,0,0,0,0
16442,A1 Development,"75 Scarsdale Rd, Ste 203",Toronto,Ontario,M3B 2R2,647-242-9869,2023-11-01,a1development.ca,,2024-04-16 14:48:41,'2023-11-10 12:57:19'),builder,builder,1,0,0,0,0,0,0,0,0
16453,NAL3 Property Inc,452 Maple Grove Dr,,,L6J 4W1,,2023-11-01,,,2023-11-10 12:57:20,'2023-11-10 12:57:20'),builder,builder,1,0,0,0,0,0,0,0,0
16454,Black Eyed Pig Realty Inc,"10 Park Lawn Rd, Ste 1004",Toronto,Ontario,M8V 0H9,,2023-11-01,,,2023-11-10 12:57:20,'2023-11-10 12:57:20'),builder,builder,1,0,0,0,0,0,0,0,0
16473,Randall Realty Inc,204 Oakwood Cres,,,L9W 4N1,,2023-10-27,,,2023-11-10 12:57:21,'2023-11-10 12:57:21'),builder,builder,1,0,0,0,0,0,0,0,0
16521,Pristine Homes Inc,"242 Applewood Cres, Unit 2",Vaughan,Ontario,L4K 4E5,905-738-4994,2023-10-25,,,2023-11-10 12:57:22,'2023-11-10 12:57:22'),builder,builder,1,0,0,0,0,0,0,0,0
16535,HS Properties Inc,"463 Eglinton Ave W, Ste 240",Toronto,Ontario,M5N 1A7,,2023-10-24,,,2023-11-10 12:57:22,'2023-11-10 12:57:22'),builder,builder,1,0,0,0,0,0,0,0,0
16564,OSSTF Properties Inc,,,,M4A 1H7,,2023-10-20,,,2023-11-10 12:57:23,'2023-11-10 12:57:23'),builder,builder,1,0,0,0,0,0,0,0,0
16565,Simcoe Early Education and Development Services Co-Operative Inc,"51 King St, Units 6 &amp;amp; 7",Barrie,Ontario,L4N 6B5,705-726-3770,2023-10-20,,,2023-11-10 12:57:23,'2023-11-10 12:57:23'),builder,builder,1,0,0,0,0,0,0,0,0
16574,Springfield Building Components Ltd,51276 Ron McNeil Line,Springfield,Ontario,N0L 2J0,,2023-10-20,,,2023-11-10 12:57:23,'2023-11-10 12:57:23'),builder,builder,1,0,0,0,0,0,0,0,0
16576,Rayn Homes Toronto Inc,30 Violetridge Ct,Brampton,Ontario,L6P 2W4,,2023-10-19,,,2023-11-10 12:57:24,'2023-11-10 12:57:24'),builder,builder,1,0,0,0,0,0,0,0,0
16582,65 Roses Properties Inc,262 Fairway Rd,Woodstock,Ontario,N4T 0A4,,2023-10-19,,,2023-11-10 12:57:24,'2023-11-10 12:57:24'),builder,builder,1,0,0,0,0,0,0,0,0
16587,Black Creek Property 4 Corp,4209 Manser Rd,Linwood,Ontario,N0B 2A0,,2023-10-18,,,2023-11-10 12:57:24,'2023-11-10 12:57:24'),builder,builder,1,0,0,0,0,0,0,0,0
16590,KB Civil Constructors Inc,10 Broadview Ave,,,L5H 2S9,,2023-10-18,,,2023-11-10 12:57:24,'2023-11-10 12:57:24'),builder,builder,1,0,0,0,0,0,0,0,0
16593,GLH (2022) Properties Ltd,195 Roe Ave,North York,Ontario,M5M 2J1,,2023-10-17,,,2023-11-10 12:57:24,'2023-11-10 12:57:24'),builder,builder,1,0,0,0,0,0,0,0,0
16599,Fairpark Homes Inc,2561 Stouffville Rd,Gormley,Ontario,L0H 1G0,905-642-1600,2023-10-17,,,2023-11-10 12:57:24,'2023-11-10 12:57:24'),builder,builder,1,0,0,0,0,0,0,0,0
16602,Headgate Developments Inc,"85 Curlew Dr, Ste 100",Toronto,Ontario,M3A 2P8,416-447-8505,2023-10-17,,,2023-11-10 12:57:25,'2023-11-10 12:57:25'),builder,builder,1,0,0,0,0,0,0,0,0
16603,Woodland Homes,319 College Ave,Oshawa,Ontario,L1H 7K8,905-723-1191,2023-10-17,,,2023-11-10 12:57:25,'2023-11-10 12:57:25'),builder,builder,1,0,0,0,0,0,0,0,0
16617,Huntington Properties,"1306 Wellington St W, Ste 200",Ottawa,Ontario,K1Y 3B2,613-592-1818,2023-10-16,,,2023-11-10 12:57:25,'2023-11-10 12:57:25'),builder,builder,1,0,0,0,0,0,0,0,0
16618,H Bye Construction Ltd,395 Church St N,,,N0G 2L2,,2023-10-16,,,2023-11-10 12:57:25,'2023-11-10 12:57:25'),builder,builder,1,0,0,0,0,0,0,0,0
16628,Braydon Properties Ltd,42 Wishing Well Ct,,,L0J 1C0,,2023-10-31,,,2023-11-10 12:57:29,'2023-11-10 12:57:29'),builder,builder,1,0,0,0,0,0,0,0,0
16630,Rosedale Ravine View Properties Inc,"650 Mount Pleasant Rd, Unit 613",,,M4S 2N5,,2023-10-31,,,2023-11-10 12:57:29,'2023-11-10 12:57:29'),builder,builder,1,0,0,0,0,0,0,0,0
16646,333 Jarvis Realty Inc,"77 Bloor St W, Ste 600",,,M5S 1M2,,2023-10-31,,,2023-11-10 12:57:29,'2023-11-10 12:57:29'),builder,builder,1,0,0,0,0,0,0,0,0
16647,BJK Developments Ltd,"1075 West Georgia St, Ste 1200",Vancouver,BC,V6E 3C9,,2023-10-31,,,2023-11-10 12:57:29,'2023-11-10 12:57:29'),builder,builder,1,0,0,0,0,0,0,0,0
16653,Ballymore Building (Bolton) Corp,"12840 Yonge St, Ste 200",Richmond Hill,Ontario,L4E 4H1,905-773-1048,2023-10-27,,,2023-11-10 12:57:29,'2023-11-10 12:57:29'),builder,builder,1,0,0,0,0,0,0,0,0
16657,Alliance Homes,"6048 Highway 9, Unit 7",Schomberg,Ontario,L0G 1T0,905-761-7086,2023-10-27,alliancehomes.org.uk,,2023-12-02 13:57:00,'2023-11-10 12:57:29'),builder,builder,1,0,0,0,0,0,0,0,0
16664,Metacor Realty Inc,23 Barr Rd,,,L1S 3Y1,,2023-10-26,,,2023-11-10 12:57:30,'2023-11-10 12:57:30'),builder,builder,1,0,0,0,0,0,0,0,0
16667,State Building Group,"2700 Dufferin St, Unit 34",Toronto,Ontario,M6B 4J3,416-787-0256,2023-10-25,,,2023-11-10 12:57:30,'2023-11-10 12:57:30'),builder,builder,1,0,0,0,0,0,0,0,0
16672,Ashley Park Developments (Sharon) Inc,32 Danbury Ct,,,L3R 7S1,,2023-10-25,,,2023-11-10 12:57:30,'2023-11-10 12:57:30'),builder,builder,1,0,0,0,0,0,0,0,0
16673,Rodeo Homes Sharon Phase 3 Inc,"70 Gibson Dr, Unit 13",Markham,Ontario,L3R 4C2,905-475-7893,2023-10-25,,,2023-11-10 12:57:30,'2023-11-10 12:57:30'),builder,builder,1,0,0,0,0,0,0,0,0
16682,Tonlu Properties,,Woodbridge,Ontario,L4H 3B5,905-851-6616,2023-10-23,tonluproperties.ca,,2023-12-02 13:56:31,'2023-11-10 12:57:30'),builder,builder,1,0,0,0,0,0,0,0,0
16684,Durham Building Corp,"2800 Highway 7 W, Ste 301",,,L4K 1W8,,2023-10-20,,,2023-11-10 12:57:30,'2023-11-10 12:57:30'),builder,builder,1,0,0,0,0,0,0,0,0
16685,Pristine Homes (Lily Lake) Inc,"242 Applewood Cres, Unit 2",Concord,Ontario,L4K 4E5more info: mi.pdf,905-738-4994,2023-10-20,,,2023-11-10 12:57:30,'2023-11-10 12:57:30'),builder,builder,1,0,0,0,0,0,0,0,0
16712,Sifton Properties Ltd,"1295 Riverbend Rd, Ste 300",London,Ontario,N6K 0G2,519-434-1000,2023-10-17,sifton.com,,2023-12-09 16:47:29,'2023-11-10 12:57:31'),builder,builder,1,0,0,0,0,0,0,0,0
16715,SerCo Realty Group,"9 Capella Ct, Unit 200",Ottawa,Ontario,K2E 8A7,613-226-2221,2023-10-16,,,2023-11-10 12:57:31,'2023-11-10 12:57:31'),builder,builder,1,0,0,0,0,0,0,0,0
16737,Dairy Properties Ltd,236 Metcalfe St,,,K2P 1R3,,2023-10-31,,,2023-11-10 12:57:33,'2023-11-10 12:57:33'),builder,builder,1,0,0,0,0,0,0,0,0
16759,JH Prosperity Developments Inc,"825946 Township Rd 8, RR 1",Innerkip,Ontario,N0J 1M0,,2023-10-30,,,2023-11-10 12:57:34,'2023-11-10 12:57:34'),builder,builder,1,0,0,0,0,0,0,0,0
16776,RPR Kramer Development Ltd,35 Country Lane,,,K8H 3E2,,2023-10-27,,,2023-11-10 12:57:34,'2023-11-10 12:57:34'),builder,builder,1,0,0,0,0,0,0,0,0
16790,Stremma Developments (Port Hope) Inc,"91 Caldari Rd, Unit 1",Concord,Ontario,L4K 3Z9,,2023-10-26,,,2023-11-10 12:57:35,'2023-11-10 12:57:35'),builder,builder,1,0,0,0,0,0,0,0,0
16798,MRL Developments Inc,54 Monticello Cres,,,N1G 4P3,,2023-10-25,,,2023-11-10 12:57:35,'2023-11-10 12:57:35'),builder,builder,1,0,0,0,0,0,0,0,0
16802,Fernbrook Homes (Sunnidale) 2021 Ltd,"2220 Highway 7 W, Unit 5",Concord,Ontario,L4K 1W7,416-667-0447,2023-10-25,,,2023-11-10 12:57:35,'2023-11-10 12:57:35'),builder,builder,1,0,0,0,0,0,0,0,0
16806,Bobcaygeon Heights Developments Inc,"2030 Pebble Dr, Unit 124",Victoria,BC,V9B 0T4,,2023-10-24,,,2023-11-10 12:57:35,'2023-11-10 12:57:35'),builder,builder,1,0,0,0,0,0,0,0,0
16810,Fortune Real Estate Development Inc,"330 Highway 7 E, Ste 201",,,L4B 3P8,,2023-10-24,,,2023-11-10 12:57:35,'2023-11-10 12:57:35'),builder,builder,1,0,0,0,0,0,0,0,0
16812,Miele Developments Inc,1677 Blythe Rd,Mississauga,Ontario,L5H 2C3,,2023-10-24,,,2023-11-10 12:57:35,'2023-11-10 12:57:35'),builder,builder,1,0,0,0,0,0,0,0,0
16820,Barrwood Development Ltd,100 Collier St,Barrie,Ontario,L4M 4V3,705-728-5591,2023-10-20,,,2023-11-10 12:57:36,'2023-11-10 12:57:36'),builder,builder,1,0,0,0,0,0,0,0,0
16836,Indwell Community Homes,1430 Main St E,Hamilton,Ontario,L8K 1C3,866-529-0454,2023-10-19,,,2023-11-10 12:57:36,'2023-11-10 12:57:36'),builder,builder,1,0,0,0,0,0,0,0,0
16862,TJ Watson Land Development Inc,"3235 Electricity Dr, Unit B",,,N8W 5J1,,2023-10-16,,,2023-11-10 12:57:37,'2023-11-10 12:57:37'),builder,builder,1,0,0,0,0,0,0,0,0
16869,Frontdoor Developments (Garrard) Inc,"1 West Pearce St, Ste 111",Richmond Hill,Ontario,L4B 3K3,905-886-8287,2022-04-29,,,2023-11-12 19:41:08,'2023-11-12 19:41:08'),builder,builder,1,0,0,0,0,0,0,0,0
16879,ADE Development &amp; Leasing Corp,"3235 Electricity Dr, Unit A",,,N8W 5J1,,2022-04-29,,,2023-11-12 19:41:09,'2023-11-12 19:41:09'),builder,builder,1,0,0,0,0,0,0,0,0
16893,Gazben Developments Ltd,"1550 Kingston Rd, Ste 300",,,L1V 1C3,,2022-04-20,,,2023-11-12 19:41:10,'2023-11-12 19:41:10'),builder,builder,1,0,0,0,0,0,0,0,0
16903,Rosemount Properties Inc,"3710 Chesswood Dr, Ste 201",,,M3J 3W4,,2022-04-14,,,2023-11-12 19:41:10,'2023-11-12 19:41:10'),builder,builder,1,0,0,0,0,0,0,0,0
16911,Manx Developments Ltd,72 Wellington St E,,,N0M 1S1,,2022-04-13,,,2023-11-12 19:41:10,'2023-11-12 19:41:10'),builder,builder,1,0,0,0,0,0,0,0,0
16916,Acton Properties Inc,"4950 Yonge St, Ste 2200",Toronto,Ontario,M2N 6K1,,2022-04-12,,,2023-11-12 19:41:10,'2023-11-12 19:41:10'),builder,builder,1,0,0,0,0,0,0,0,0
16922,Settlers Ridge Developments Inc,,,,K8N 4Z9,,2022-04-08,,,2023-11-12 19:41:11,'2023-11-12 19:41:11'),builder,builder,1,0,0,0,0,0,0,0,0
16923,Wall Street Development Inc,137 Alvin Pegg Dr,East Gwillimbury,Ontario,L9N 0R7,,2022-04-08,,,2023-11-12 19:41:11,'2023-11-12 19:41:11'),builder,builder,1,0,0,0,0,0,0,0,0
16946,Sunrise Homes,,Richmond Hill,Ontario,L4B 1M5,905-597-3333,2022-04-04,,,2023-11-12 19:41:11,'2023-11-12 19:41:11'),builder,builder,1,0,0,0,0,0,0,0,0
16947,Woodbine@Keswick Development Inc,"7001 Steeles Ave W, Ste 18",Toronto,Ontario,M9W 0A2,,2022-04-04,,,2023-11-12 19:41:11,'2023-11-12 19:41:11'),builder,builder,1,0,0,0,0,0,0,0,0
16950,55 Healey Development Ltd,"7025 Tomken Rd, Ste 251",Mississauga,Ontario,L5S 1R6,,2022-04-01,healeydev.com,,2023-12-02 13:58:40,'2023-11-12 19:41:12'),builder,builder,1,0,0,0,0,0,0,0,0
16968,Make Space Ontario Property GP Inc,,,,,,2022-08-30,,,2023-11-12 19:41:12,'2023-11-12 19:41:12'),builder,builder,1,0,0,0,0,0,0,0,0
16974,Edenshaw SSR Developments Ltd,129 Lakeshore Rd E,Mississauga,Ontario,L5G 1E5more info: mi.pdf,905-990-3500,2022-08-29,,,2023-11-12 19:41:12,'2023-11-12 19:41:12'),builder,builder,1,0,0,0,0,0,0,0,0
16981,RM Harrison Developments Ltd,10 Beamish Dr,,,M9B 3P3,,2022-08-22,,,2023-11-12 19:41:13,'2023-11-12 19:41:13'),builder,builder,1,0,0,0,0,0,0,0,0
16982,Adelaide Development Corp,"268 Royal York Rd, 2nd Flr",Toronto,Ontario,M8V 2V9,416-769-9900,2022-08-22,,,2023-11-12 19:41:13,'2023-11-12 19:41:13'),builder,builder,1,0,0,0,0,0,0,0,0
16983,Keeleone Developments (PH2) Ltd,3 Browning Ct,,,L7E 1G8,,2022-08-22,,,2023-11-12 19:41:13,'2023-11-12 19:41:13'),builder,builder,1,0,0,0,0,0,0,0,0
16984,Camcos (Go King Developments) Inc,"238 Wellington St E, Ste 100",Aurora,Ontario,L4G 1J5,,2022-08-22,,,2023-11-12 19:41:13,'2023-11-12 19:41:13'),builder,builder,1,0,0,0,0,0,0,0,0
16993,Beedie ON (Boundary Road) Property Inc,3030 Gilmore Diversion,Burnaby,BC,V5G 3B4,604-435-3321,2022-08-10,,,2023-11-12 19:41:14,'2023-11-12 19:41:14'),builder,builder,1,0,0,0,0,0,0,0,0
17004,849 Broadview Birch Properties Inc,35 Alvin Ave,Toronto,Ontario,M4T 2A7,416-920-8880,2022-08-02,,,2023-11-12 19:41:15,'2023-11-12 19:41:15'),builder,builder,1,0,0,0,0,0,0,0,0
17021,Stouf Con Eight Developments Ltd,"5400 Yonge St, Ste 501",,,M2N 5R5,,2022-12-15,,,2023-11-12 19:41:16,'2023-11-12 19:41:16'),builder,builder,1,0,0,0,0,0,0,0,0
17023,AKD Properties Ltd,12 Elderbridge Rd,Brampton,Ontario,L6P 4G5,,2022-12-15,,,2023-11-12 19:41:16,'2023-11-12 19:41:16'),builder,builder,1,0,0,0,0,0,0,0,0
17031,First View Homes (Scarborough) Inc,"81 Zenway Blvd, Unit 14",Woodbridge,Ontario,L4H 0S5,905-850-0022,2022-12-13,,,2023-11-12 19:41:16,'2023-11-12 19:41:16'),builder,builder,1,0,0,0,0,0,0,0,0
17032,AGC Developments Ltd,"30 Wellington St E, Ste 1402",,,M5E 1S3,,2022-12-13,,,2023-11-12 19:41:16,'2023-11-12 19:41:16'),builder,builder,1,0,0,0,0,0,0,0,0
17035,PKI Property Inc,81 Roysun Rd,Vaughan,Ontario,L4L 8T5,,2022-12-12,,,2023-11-12 19:41:16,'2023-11-12 19:41:16'),builder,builder,1,0,0,0,0,0,0,0,0
17043,Brookfield Residential (Ontario) Milton Ltd,"3381 Steeles Ave E, Ste 100",Toronto,Ontario,M2H 3S7,905-477-5111,2022-12-09,,,2023-11-12 19:41:17,'2023-11-12 19:41:17'),builder,builder,1,0,0,0,0,0,0,0,0
17044,ADI Development Group,"1100 Burloak Dr, Ste 700",Burlington,Ontario,L7L 6B2,905-335-2929,2022-12-09,,,2023-11-12 19:41:17,'2023-11-12 19:41:17'),builder,builder,1,0,0,0,0,0,0,0,0
17064,Mariola Properties Inc,45 Bernard Ave,,,M5R 1C5,,2022-02-28,,,2023-11-12 19:41:18,'2023-11-12 19:41:18'),builder,builder,1,0,0,0,0,0,0,0,0
17072,Magnificent Homes,425 Newbold St,London,Ontario,N6A 1K2,519-204-2044,2022-02-28,,,2023-11-12 19:41:18,'2023-11-12 19:41:18'),builder,builder,1,0,0,0,0,0,0,0,0
17097,Mel&#039;s Lane Developments Inc,23 Wingate Cres,Richmond Hill,Ontario,L4B 3J3,,2022-02-18,,,2023-11-12 19:41:19,'2023-11-12 19:41:19'),builder,builder,1,0,0,0,0,0,0,0,0
17106,Jenland Properties Ltd,57 Cannifton Rd,,,K8N 4V1,,2022-02-16,,,2023-11-12 19:41:20,'2023-11-12 19:41:20'),builder,builder,1,0,0,0,0,0,0,0,0
17108,Garkap Developments Ltd,"2300 Yonge St, Ste 807",,,M4P 1E4,,2022-02-16,,,2023-11-12 19:41:20,'2023-11-12 19:41:20'),builder,builder,1,0,0,0,0,0,0,0,0
17117,Morgate Developments Inc,"12 Woodstream Blvd, Unit 6",,,L4L 8C3,,2022-02-15,,,2023-11-12 19:41:20,'2023-11-12 19:41:20'),builder,builder,1,0,0,0,0,0,0,0,0
17121,Claybar Properties Inc,7270 Airport Rd E,Mount Hope,Ontario,L0R 1W0,,2022-02-14,,,2023-11-12 19:41:20,'2023-11-12 19:41:20'),builder,builder,1,0,0,0,0,0,0,0,0
17125,Reids Heritage Homes,"6783 Wellington Rd 34, RR 22",Cambridge,Ontario,N3C 2V4,519-658-6656,2022-02-09,,,2023-11-12 19:41:20,'2023-11-12 19:41:20'),builder,builder,1,0,0,0,0,0,0,0,0
17126,JMR Development Ltd,8272 McCowan Rd,Unionville,Ontario,L3P 3J3,,2022-02-07,,,2023-11-12 19:41:21,'2023-11-12 19:41:21'),builder,builder,1,0,0,0,0,0,0,0,0
17127,Royal Mimico Developments Ltd,388 Cortleigh Blvd,Toronto,Ontario,M5N 1R5,,2022-02-04,,,2023-11-12 19:41:21,'2023-11-12 19:41:21'),builder,builder,1,0,0,0,0,0,0,0,0
17131,Upminster Homes Inc,"6 Eglinton Ave E, Ste 200",,,M4P 1A6,,2022-02-01,,,2023-11-12 19:41:21,'2023-11-12 19:41:21'),builder,builder,1,0,0,0,0,0,0,0,0
17139,Uptown Painting Contractors Ltd,"85 Ferrier St, Unit 10",Markham,Ontario,L3R 2Y9,416-875-4418,2022-02-01,,,2023-11-12 19:41:22,'2023-11-12 19:41:22'),builder,builder,1,0,0,0,0,0,0,0,0
17152,Gazit Construction Ltd,"1550 Kingston Rd, Ste 300",,,L1V 1C3,,2022-01-28,,,2023-11-12 19:41:22,'2023-11-12 19:41:22'),builder,builder,1,0,0,0,0,0,0,0,0
17153,Maple Valley Development Corp Inc,55 Kelways Circle,,,L6T 0G5,,2022-01-28,,,2023-11-12 19:41:22,'2023-11-12 19:41:22'),builder,builder,1,0,0,0,0,0,0,0,0
17167,Renaissance Realty Corp,179 King St E,,,M5A 1J4,,2022-01-27,,,2023-11-12 19:41:23,'2023-11-12 19:41:23'),builder,builder,1,0,0,0,0,0,0,0,0
17169,Esquire Homes,"145 Royal Crest Ct, Ste 20",Markham,Ontario,L3R 9Z4,905-415-1880,2022-01-27,esquirehomes.ca,,2024-04-16 14:48:32,'2023-11-12 19:41:23'),builder,builder,1,0,0,0,0,0,0,0,0
17189,Ivicon Construction Co Ltd,53 Prestige Dr,,,L8G 5C2,,2022-01-18,,,2023-11-12 19:41:24,'2023-11-12 19:41:24'),builder,builder,1,0,0,0,0,0,0,0,0
17201,Oxford Properties Group Inc,"100 Adelaide St W, Ste 900",Toronto,Ontario,M5H 0E2,416-865-8300,2022-01-14,,,2023-11-12 19:41:25,'2023-11-12 19:41:25'),builder,builder,1,0,0,0,0,0,0,0,0
17213,Bromont Homes,"457 Jevlan Dr, Unit 8",Woodbridge,Ontario,L4L 7Z9,905-850-3333,2022-01-11,,,2023-11-12 19:41:25,'2023-11-12 19:41:25'),builder,builder,1,0,0,0,0,0,0,0,0
17219,Pinafore Developments Ltd,75 Blackfriars St,,,N6H 1K8,,2022-01-06,,,2023-11-12 19:41:26,'2023-11-12 19:41:26'),builder,builder,1,0,0,0,0,0,0,0,0
17221,Byrex Developments Inc,"27 Queen St E, Unit 407",,,M5C 2M6,,2022-01-06,,,2023-11-12 19:41:26,'2023-11-12 19:41:26'),builder,builder,1,0,0,0,0,0,0,0,0
17228,Activa Construction Inc,"55 Columbia St E, Unit 1",Waterloo,Ontario,N2J 4N7,519-886-9400,2022-01-04,,,2023-11-12 19:41:26,'2023-11-12 19:41:26'),builder,builder,1,0,0,0,0,0,0,0,0
17246,Tram Developments,"128A Sterling Rd, Ste 203",Toronto,Ontario,M6R 2B7,416-644-4265,2022-07-28,,,2023-11-12 19:41:27,'2023-11-12 19:41:27'),builder,builder,1,0,0,0,0,0,0,0,0
17263,Hyson Properties Inc,"9120 Leslie St, Ste 102",Richmond Hill,Ontario,L4B 3J9,,2022-07-25,,,2023-11-12 19:41:27,'2023-11-12 19:41:27'),builder,builder,1,0,0,0,0,0,0,0,0
17271,Square One Property Corp,141 Adelaide St W,,,M5H 3L5,,2022-07-21,,,2023-11-12 19:41:28,'2023-11-12 19:41:28'),builder,builder,1,0,0,0,0,0,0,0,0
17277,EDev Realty Advisors Inc,"120 Adelaide St W, Ste 803",Toronto,Ontario,M5H 1T1,416-364-2240,2022-07-20,,,2023-11-12 19:41:28,'2023-11-12 19:41:28'),builder,builder,1,0,0,0,0,0,0,0,0
17289,MTG Developments Inc,5940 Ambler Dr,,,L4W 2N3,,2022-07-14,,,2023-11-12 19:41:29,'2023-11-12 19:41:29'),builder,builder,1,0,0,0,0,0,0,0,0
17301,Lankor Horizons Development Inc,,Windsor,Ontario,N9A 4L2,,2022-06-30,,,2023-11-12 19:41:30,'2023-11-12 19:41:30'),builder,builder,1,0,0,0,0,0,0,0,0
17302,Mattwood Construction Ltd,,Burlington,Ontario,L7R 4L6,,2022-06-30,,,2023-11-12 19:41:30,'2023-11-12 19:41:30'),builder,builder,1,0,0,0,0,0,0,0,0
17306,Mountainview Homes,"3350 Merrittville Hwy, Unit 9",Thorold,Ontario,L2V 4Y6,905-688-3100,2022-06-30,,,2023-11-12 19:41:30,'2023-11-12 19:41:30'),builder,builder,1,0,0,0,0,0,0,0,0
17309,King Square Developments Inc,"45 Rodinea Rd, Ste B",Maple,Ontario,L6A 1R3,,2022-06-30,,,2023-11-12 19:41:30,'2023-11-12 19:41:30'),builder,builder,1,0,0,0,0,0,0,0,0
17314,Rondale Developments Ltd,333 Clarke Ave W,,,L4J 7K4,,2022-06-30,,,2023-11-12 19:41:30,'2023-11-12 19:41:30'),builder,builder,1,0,0,0,0,0,0,0,0
17321,Quex Property Corp,230 Daly Ave,,,K1N 6G2,,2022-06-29,,,2023-11-12 19:41:31,'2023-11-12 19:41:31'),builder,builder,1,0,0,0,0,0,0,0,0
17325,South Coast Developments Ltd,"970 Lawrence Ave W, Ste 502",Toronto,Ontario,M6A 3B6,,2022-06-29,,,2023-11-12 19:41:31,'2023-11-12 19:41:31'),builder,builder,1,0,0,0,0,0,0,0,0
17327,Stylux Homes,"68B Leek Cres, Ste 201",Richmond Hill,Ontario,L4B 1H1,905-789-5891,2022-06-28,,,2023-11-12 19:41:31,'2023-11-12 19:41:31'),builder,builder,1,0,0,0,0,0,0,0,0
17342,Viron Properties Inc,"2200 Avenue Rd, Ste 104",,,M5M 4B9,,2022-06-22,,,2023-11-12 19:41:32,'2023-11-12 19:41:32'),builder,builder,1,0,0,0,0,0,0,0,0
17344,Claybourne Developments Inc,"1815 Ironstone Manor, Unit 1",Pickering,Ontario,L1W 3W9,905-839-3500,2022-06-21,,,2023-11-12 19:41:32,'2023-11-12 19:41:32'),builder,builder,1,0,0,0,0,0,0,0,0
17352,Campana Construction Co Ltd,251 Isabella Ave,,,L5B 4B1,,2022-06-16,,,2023-11-12 19:41:32,'2023-11-12 19:41:32'),builder,builder,1,0,0,0,0,0,0,0,0
17370,Clarington Fieldcrest Developments Ltd,"1200 Airport Blvd, Ste 201",,,L1J 8P5,,2022-06-13,,,2023-11-12 19:41:33,'2023-11-12 19:41:33'),builder,builder,1,0,0,0,0,0,0,0,0
17399,Chung &amp; Jao Development Corp,"280 Yorktech Dr, Unit 25",,,L6G 0A6,,2022-06-01,,,2023-11-12 19:41:35,'2023-11-12 19:41:35'),builder,builder,1,0,0,0,0,0,0,0,0
17411,Neworld Properties Inc,105 Scott Ave,,,N3L 3K4,,2022-06-01,,,2023-11-12 19:41:35,'2023-11-12 19:41:35'),builder,builder,1,0,0,0,0,0,0,0,0
17430,Street Properties ,"1858 Avenue Rd, Ste 200",Toronto,Ontario,M5M 3Z2,416-739-7758,2022-03-31,,,2023-11-12 19:41:36,'2023-11-12 19:41:36'),builder,builder,1,0,0,0,0,0,0,0,0
17439,122 Kinghigh Development Corp,122 King High Dr,,,L4J 3N4,,2022-03-31,,,2023-11-12 19:41:37,'2023-11-12 19:41:37'),builder,builder,1,0,0,0,0,0,0,0,0
17443,TW Properties,"135 Thompson Dr, Ste 3",Cambridge,Ontario,N1T 2E4,519-623-3440,2022-03-31,,,2023-11-12 19:41:37,'2023-11-12 19:41:37'),builder,builder,1,0,0,0,0,0,0,0,0
17446,Lanterra Developments,2811 Dufferin St,Toronto,Ontario,M6B 3R9,416-635-7424,2022-03-31,lanterradev.com,,2023-12-02 13:58:42,'2023-11-12 19:41:37'),builder,builder,1,0,0,0,0,0,0,0,0
17463,Barry&#039;s Construction and Insulation Ltd,7839 Highway 21,Allenford,Ontario,N0H 1A0,519-934-3374,2022-03-25,,,2023-11-12 19:41:38,'2023-11-12 19:41:38'),builder,builder,1,0,0,0,0,0,0,0,0
17481,Sonoma Development Group Inc,"1059 Upper James St, Ste 210",Hamilton,Ontario,L9C 3A6,905-538-2617,2022-03-17,,,2023-11-12 19:41:39,'2023-11-12 19:41:39'),builder,builder,1,0,0,0,0,0,0,0,0
17497,Pydel Properties Inc,1186 Cardiff Blvd,,,L5S 1P6,,2022-03-10,,,2023-11-12 19:41:40,'2023-11-12 19:41:40'),builder,builder,1,0,0,0,0,0,0,0,0
17500,Cloverbell Developments Ltd,9 Grandview Cres,,,L3Z 3L1,,2022-03-10,,,2023-11-12 19:41:40,'2023-11-12 19:41:40'),builder,builder,1,0,0,0,0,0,0,0,0
17509,M-Star Developments Inc,428 Big Bay Point Rd,,,L9S 2P7,,2022-03-03,,,2023-11-12 19:41:40,'2023-11-12 19:41:40'),builder,builder,1,0,0,0,0,0,0,0,0
17513,Seven Developments (Angus) Inc,146 Degrey Dr,Brampton,Ontario,L6P 3X7,905-794-5503,2022-03-02,,,2023-11-12 19:41:40,'2023-11-12 19:41:40'),builder,builder,1,0,0,0,0,0,0,0,0
17521,Calibrex Developments,"1100 Gorham St, Suite 18",Newmarket,Ontario,L3Y 8Y8,289-716-0959,2022-03-01,calibrex.ca,,2023-12-09 16:46:54,'2023-11-12 19:41:41'),builder,builder,1,0,0,0,0,0,0,0,0
17522,Wilson Property Inc,,,,L4N 1W1,,2022-03-01,,,2023-11-12 19:41:41,'2023-11-12 19:41:41'),builder,builder,1,0,0,0,0,0,0,0,0
17527,Sierra Homes,"1090 Don Mills Rd, Ste 300",Toronto,Ontario,M3C 3R6,416-642-0032,2022-03-01,,,2023-11-12 19:41:41,'2023-11-12 19:41:41'),builder,builder,1,0,0,0,0,0,0,0,0
17528,PACE Developments,"30 Wertheim Ct,",Richmond Hill,Ontario,L4B 1B9,905-731-5069,2022-05-31,pacedevelopments.com,,2023-12-02 13:58:42,'2023-11-12 19:41:41'),builder,builder,1,0,0,0,0,0,0,0,0
17531,Reid&#039;s Heritage Homes,,Cambridge,Ontario,N3C 2V4,519-658-6656,2022-05-31,,,2023-11-12 19:41:41,'2023-11-12 19:41:41'),builder,builder,1,0,0,0,0,0,0,0,0
17535,Highglen Homes Ltd,10148 Warden Ave,,,L6C 1N3,,2022-05-31,,,2023-11-12 19:41:41,'2023-11-12 19:41:41'),builder,builder,1,0,0,0,0,0,0,0,0
17542,Keele St Developments Inc,"276 Carlaw Ave, Ste 200",Toronto,Ontario,M4M 3L1,,2022-05-31,,,2023-11-12 19:41:42,'2023-11-12 19:41:42'),builder,builder,1,0,0,0,0,0,0,0,0
17543,Seven Hills Developments Inc,670 Harper Rd,Peterborough,Ontario,K9J 6X6,705-742-6177,2022-05-31,,,2023-11-12 19:41:42,'2023-11-12 19:41:42'),builder,builder,1,0,0,0,0,0,0,0,0
17549,Vesterra Residential Inc,279 Woolwich St,,,N1H 3V8,,2022-05-30,,,2023-11-12 19:41:42,'2023-11-12 19:41:42'),builder,builder,1,0,0,0,0,0,0,0,0
17563,Hi-Line Properties Inc,"405 Queen St E, Ste 201",Sault Ste Marie,Ontario,P6A 1Z5,,2022-05-25,,,2023-11-12 19:41:43,'2023-11-12 19:41:43'),builder,builder,1,0,0,0,0,0,0,0,0
17593,Ballymore Development (Tottenham) Corp,"12840 Yonge St, Ste 200",,,L4E 4H1,,2022-05-10,,,2023-11-12 19:41:45,'2023-11-12 19:41:45'),builder,builder,1,0,0,0,0,0,0,0,0
17595,Emerald City Developments V (C2) Inc,,,,M2J 5B5,,2022-05-10,,,2023-11-12 19:41:45,'2023-11-12 19:41:45'),builder,builder,1,0,0,0,0,0,0,0,0
17598,Shivji Property Group Inc,1294 Woodeden Dr,Mississauga,Ontario,L5H 2T6,,2022-05-09,,,2023-11-12 19:41:45,'2023-11-12 19:41:45'),builder,builder,1,0,0,0,0,0,0,0,0
17601,Cachet Homes (Orangeville) Inc,"361 Connie Cres, Ste 200",Vaughan,Ontario,L4K 5R2,905-764-1983,2022-05-09,,,2023-11-12 19:41:45,'2023-11-12 19:41:45'),builder,builder,1,0,0,0,0,0,0,0,0
17603,Garner Development Corp,"3845 Bathurst St, Ste 102",,,M3H 3N2,,2022-05-09,,,2023-11-12 19:41:45,'2023-11-12 19:41:45'),builder,builder,1,0,0,0,0,0,0,0,0
17617,Sphere Developments (Kingston) GP Inc,"170 Robert Speck Pkwy, Ste 203",Mississauga,Ontario,L4Z 3G1,905-744-4545,2022-05-04,,,2023-11-12 19:41:46,'2023-11-12 19:41:46'),builder,builder,1,0,0,0,0,0,0,0,0
17628,RioTrin Properties (Langstaff) Inc,2300 Yonge St,Toronto,Ontario,M4P 1E4,800-465-2733,2022-05-03,,,2023-11-12 19:41:46,'2023-11-12 19:41:46'),builder,builder,1,0,0,0,0,0,0,0,0
17629,Weaver &amp; Whitley Developments Inc,41 Dundas St W,Trenton,Ontario,K8V 5R5,,2022-05-03,,,2023-11-12 19:41:46,'2023-11-12 19:41:46'),builder,builder,1,0,0,0,0,0,0,0,0
17639,OE Local 793 Building Corp,2245 Speers Rd,Oakville,Ontario,L6L 6X8,905-469-9299,2022-05-02,,,2023-11-12 19:41:46,'2023-11-12 19:41:46'),builder,builder,1,0,0,0,0,0,0,0,0
17643,Somerville Realty Corp Ltd,75 Arrow Rd,Toronto,Ontario,M9M 2L4,416-252-6956,2022-05-02,,,2023-11-12 19:41:46,'2023-11-12 19:41:46'),builder,builder,1,0,0,0,0,0,0,0,0
17644,Remcorp Developments Inc,,Montreal,Quebec,H3B 1A5,514-284-6697,2022-05-02,,,2023-11-12 19:41:46,'2023-11-12 19:41:46'),builder,builder,1,0,0,0,0,0,0,0,0
17667,MRC Building Stone Co Ltd,741 Muskoka District Rd 3,Huntsville,Ontario,P1H 1C9,,2022-11-21,,,2023-11-12 19:41:48,'2023-11-12 19:41:48'),builder,builder,1,0,0,0,0,0,0,0,0
17675,Bhumi Development Ltd,34 Pinoak St,Toronto,Ontario,M1X 1W7,416-292-4747,2022-10-31,,,2023-11-12 19:41:50,'2023-11-12 19:41:50'),builder,builder,1,0,0,0,0,0,0,0,0
17683,Best Homes,221 Helen Ave,Markham,Ontario,L3R 1J7,905-479-9600,2022-10-05,,,2023-11-12 19:41:52,'2023-11-12 19:41:52'),builder,builder,1,0,0,0,0,0,0,0,0
17690,Lanterra Developments,2811 Dufferin St,Toronto,Ontario,M6B 3B9,416-635-7424,2022-09-29,,,2023-11-12 19:41:53,'2023-11-12 19:41:53'),builder,builder,1,0,0,0,0,0,0,0,0
17694,Bucci Homes Inc,427 Montmorency Ct,,,L8K 6K8,,2022-09-09,,,2023-11-12 19:41:54,'2023-11-12 19:41:54'),builder,builder,1,0,0,0,0,0,0,0,0
17695,Losani Homes (Winona) Ltd,430 McNeilly Rd,Stoney Creek,Ontario,L8E 5E3,905-561-1700,2022-09-09,,,2023-11-12 19:41:54,'2023-11-12 19:41:54'),builder,builder,1,0,0,0,0,0,0,0,0
17717,Oligo Development Group,"996 St Augustine Rd, Unit B",Embrun,Ontario,K0A 1W0,613-443-3575,2022-09-01,,,2023-11-12 19:41:55,'2023-11-12 19:41:55'),builder,builder,1,0,0,0,0,0,0,0,0
17718,Mic Mac Realty (Ottawa) Ltd,3781 Strandherd Dr,,,K2J 5M4,,2022-09-01,,,2023-11-12 19:41:55,'2023-11-12 19:41:55'),builder,builder,1,0,0,0,0,0,0,0,0
17736,Garrison Properties Inc,20 Auckland Dr,Whitby,Ontario,L1P 0G6,,2022-04-29,thegarrison.com,,2023-12-09 16:46:54,'2023-11-14 19:34:54'),builder,builder,1,0,0,0,0,0,0,0,0
17737,Frontdoor Developments (Cam Fella) Inc,"1 West Pearce St, Ste 401",Richmond Hill,Ontario,L4B 3K3,905-886-8287,2022-04-29,,,2023-11-14 19:34:54,'2023-11-14 19:34:54'),builder,builder,1,0,0,0,0,0,0,0,0
17739,Orysia Developments Inc,1300 Hurontario St,Mississauga,Ontario,L5G 3H3,,2022-04-29,,,2023-11-14 19:34:54,'2023-11-14 19:34:54'),builder,builder,1,0,0,0,0,0,0,0,0
17742,Front Developments (Cam Fella) Inc,"1 West Pearce St, Ste 401",Richmond Hill,Ontario,L4B 3K3,905-886-8287,2022-04-29,,,2023-11-14 19:34:54,'2023-11-14 19:34:54'),builder,builder,1,0,0,0,0,0,0,0,0
17753,Green Heaven Developments Inc,2022 Shannon Dr,,,L5H 3W3,,2022-04-28,,,2023-11-14 19:34:55,'2023-11-14 19:34:55'),builder,builder,1,0,0,0,0,0,0,0,0
17760,Westbur Construction Ltd,"181 Bay St, Ste 1800",Toronto,Ontario,M5J 2T3,,2022-04-27,,,2023-11-14 19:34:55,'2023-11-14 19:34:55'),builder,builder,1,0,0,0,0,0,0,0,0
17772,South Ontario Developments Inc,"1515 Matheson Blvd E, Ste 200",Mississauga,Ontario,L5R 0B5,,2022-04-25,,,2023-11-14 19:34:55,'2023-11-14 19:34:55'),builder,builder,1,0,0,0,0,0,0,0,0
17787,Axe Lake Eco Development Ltd,"5359 Dundas St W, Ste 200",,,M9B 1B1,,2022-04-21,,,2023-11-14 19:34:56,'2023-11-14 19:34:56'),builder,builder,1,0,0,0,0,0,0,0,0
17807,Jenland Properties Ltd,57 Cannifton Rd,,,K8N 4V1,,2022-04-13,,,2023-11-14 19:34:57,'2023-11-14 19:34:57'),builder,builder,1,0,0,0,0,0,0,0,0
17814,Pacific Developments Inc,"2 Holland Dr, Unit 1",,,L7E 1E1,,2022-04-12,,,2023-11-14 19:34:58,'2023-11-14 19:34:58'),builder,builder,1,0,0,0,0,0,0,0,0
17816,CLK Properties Inc,22 Muzich Place,Woodbridge,Ontario,L4L 9C5,905-856-7518,2022-04-12,,,2023-11-14 19:34:58,'2023-11-14 19:34:58'),builder,builder,1,0,0,0,0,0,0,0,0
17818,Shorewood Properties Inc,1531 Arrowhead Rd,,,L6H 7V6,,2022-04-12,,,2023-11-14 19:34:58,'2023-11-14 19:34:58'),builder,builder,1,0,0,0,0,0,0,0,0
17835,H. Hansen Construction Ltd,35 Worsley St,Barrie,Ontario,L4M 1L7,,2022-04-06,lpratthomes.com,,2023-12-09 16:47:12,'2023-11-14 19:34:59'),builder,builder,1,0,0,0,0,0,0,0,0
17837,Patilda Construction Inc,37 Floral Pkwy,,,L4K 4R1,,2022-04-06,,,2023-11-14 19:34:59,'2023-11-14 19:34:59'),builder,builder,1,0,0,0,0,0,0,0,0
17838,Country Wide Homes at,1500 Highway 7,Concord,Ontario,L4K 5Y7,905-907-1500,2022-04-06,,,2023-11-14 19:34:59,'2023-11-14 19:34:59'),builder,builder,1,0,0,0,0,0,0,0,0
17839,Regal Crest Homes,"171 Basaltic Rd, Unit 1",Concord,Ontario,L4K 1G4,905-669-5003,2022-04-06,regalcresthomes.com,,2023-12-09 16:46:55,'2023-11-14 19:34:59'),builder,builder,1,0,0,0,0,0,0,0,0
17842,Hard-Co Construction,625 Conlin Rd,Whitby,Ontario,L1R 2W8,905-655-2001,2022-04-06,,,2023-11-14 19:34:59,'2023-11-14 19:34:59'),builder,builder,1,0,0,0,0,0,0,0,0
17857,Solid General Contractors,66 Leek Cres,Richmond Hill,Ontario,L4B 1H1,905-475-0707,2022-04-04,,,2023-11-14 19:34:59,'2023-11-14 19:34:59'),builder,builder,1,0,0,0,0,0,0,0,0
17859,Southside Construction Management Ltd,75 Blackfriars St,London,Ontario,N6H 1K8,519-433-0634,2022-04-01,,,2023-11-14 19:35:00,'2023-11-14 19:35:00'),builder,builder,1,0,0,0,0,0,0,0,0
17862,CMC Developments Ltd,530 Hidden Trail Circle,,,L6M 0N3,,2022-04-01,,,2023-11-14 19:35:00,'2023-11-14 19:35:00'),builder,builder,1,0,0,0,0,0,0,0,0
17876,Royal LePage RCR Realty,"75 First St, Suite 14",Orangeville,Ontario,L9W 2E7,519-941-5151,2022-08-31,royallepage.ca,,2023-12-09 16:46:55,'2023-11-14 19:35:01'),builder,builder,1,0,0,0,0,0,0,0,0
17879,Meadow Wood Development Ltd,233 Robison St,Oakville,Ontario,L6J 1G5,,2022-08-31,,,2023-11-14 19:35:01,'2023-11-14 19:35:01'),builder,builder,1,0,0,0,0,0,0,0,0
17884,Umbria Development Group,1030 Queen St W,Brampton,Ontario,L6X 0B2,905-497-8627,2022-08-30,,,2023-11-14 19:35:01,'2023-11-14 19:35:01'),builder,builder,1,0,0,0,0,0,0,0,0
17889,Majesty Commercial Properties Inc,,,,N5Y 5L1,,2022-08-29,,,2023-11-14 19:35:01,'2023-11-14 19:35:01'),builder,builder,1,0,0,0,0,0,0,0,0
17890,JEC Properties Inc,5341 John Lucas Dr,Burlington,Ontario,L7L 6A8,519-404-8360,2022-08-29,,,2023-11-14 19:35:01,'2023-11-14 19:35:01'),builder,builder,1,0,0,0,0,0,0,0,0
17946,Sevenoneseven Developments Inc,"35 Brian Peck Cres, Ste 115",Toronto,Ontario,M4G 0A5,,2022-08-12,,,2023-11-14 19:35:03,'2023-11-14 19:35:03'),builder,builder,1,0,0,0,0,0,0,0,0
17956,Roncar Properties Inc,1073 Royal York Rd,,,M8X 2G6,,2022-08-08,,,2023-11-14 19:35:04,'2023-11-14 19:35:04'),builder,builder,1,0,0,0,0,0,0,0,0
17957,Royal LePage West Realty Group,5110 Dundas St W,Toronto,Ontario,M9A 1C2,416-233-6276,2022-08-08,,,2023-11-14 19:35:04,'2023-11-14 19:35:04'),builder,builder,1,0,0,0,0,0,0,0,0
17958,Larey Homes (Group) Ltd,"345 McCrae Station Rd, RR 1",Puslinch,Ontario,N0B 2J0,,2022-08-08,,,2023-11-14 19:35:04,'2023-11-14 19:35:04'),builder,builder,1,0,0,0,0,0,0,0,0
18002,Royalty Homes,4521 Southwood Lakes Blvd,Windsor,Ontario,N9G 2M6,519-796-7408,2022-12-15,,,2023-11-14 19:35:07,'2023-11-14 19:35:07'),builder,builder,1,0,0,0,0,0,0,0,0
18007,JHEL Developments Ltd,2450 Carrington Place,Oakville,Ontario,L6J 6G5,,2022-12-15,,,2023-11-14 19:35:07,'2023-11-14 19:35:07'),builder,builder,1,0,0,0,0,0,0,0,0
18027,Creative Design and Construction Inc,50 Bear Run Rd,,,L6X 2Z8,,2022-12-12,,,2023-11-14 19:35:08,'2023-11-14 19:35:08'),builder,builder,1,0,0,0,0,0,0,0,0
18032,Blackburn Developments Inc,291 Blackburn Blvd,Woodbridge,Ontario,L4L 8K4,905-856-4308,2022-12-07,,,2023-11-14 19:35:08,'2023-11-14 19:35:08'),builder,builder,1,0,0,0,0,0,0,0,0
18042,Caledon Creek Construction Inc,200 Pellatt Ave,,,M9N 2P9,,2022-12-01,,,2023-11-14 19:35:09,'2023-11-14 19:35:09'),builder,builder,1,0,0,0,0,0,0,0,0
18051,Crescent Construction Ltd,"2576 Matheson Blvd E, Ste 102",,,L4W 5H1,,2022-02-28,,,2023-11-14 19:35:10,'2023-11-14 19:35:10'),builder,builder,1,0,0,0,0,0,0,0,0
18053,Heli Homes Inc,54 Davina Circle,,,L4G 0T1,,2022-02-28,,,2023-11-14 19:35:10,'2023-11-14 19:35:10'),builder,builder,1,0,0,0,0,0,0,0,0
18090,Zucchet Family Development Ltd,1527 Carolyn Rd,Mississauga,Ontario,L5M 2C9,905-812-0866,2022-02-18,,,2023-11-14 19:35:11,'2023-11-14 19:35:11'),builder,builder,1,0,0,0,0,0,0,0,0
18092,Cap Norwood Developments Inc,75 Valleyview Dr,Ancaster,Ontario,L9G 2A6,289-239-8889,2022-02-18,,,2023-11-14 19:35:11,'2023-11-14 19:35:11'),builder,builder,1,0,0,0,0,0,0,0,0
18097,Fusion Development Group Ltd,3543 Crescent Harbour Rd,Innisfil,Ontario,L6S 2Y7,,2022-02-17,,,2023-11-14 19:35:11,'2023-11-14 19:35:11'),builder,builder,1,0,0,0,0,0,0,0,0
18101,Silva Homes Inc,1365 Ferriss Rd,,,N0R 1G0,,2022-02-17,,,2023-11-14 19:35:11,'2023-11-14 19:35:11'),builder,builder,1,0,0,0,0,0,0,0,0
18103,Intercity Realty Inc,"163 Buttermill Ave, Unit 12",Concord,Ontario,L4K 3X8,416-798-7070,2022-02-16,intercityrealty.com,,2023-12-09 16:47:33,'2023-11-14 19:35:11'),builder,builder,1,0,0,0,0,0,0,0,0
18105,Birch Tree Developments,396 The Kingsway,Etobicoke,Ontario,M9A 3V7,,2022-02-16,,,2023-11-14 19:35:11,'2023-11-14 19:35:11'),builder,builder,1,0,0,0,0,0,0,0,0
18181,Cardea Bayview Valley Developments Ltd,20 Shore Breeze Dr,Etobicoke,Ontario,M8V 0C7,,2022-02-01,,,2023-11-14 19:35:14,'2023-11-14 19:35:14'),builder,builder,1,0,0,0,0,0,0,0,0
18193,N &amp; Y Developments Inc,14 Purple Finch,,,L3S 4E9,,2022-01-31,,,2023-11-14 19:35:15,'2023-11-14 19:35:15'),builder,builder,1,0,0,0,0,0,0,0,0
18207,Relic Realty Ltd,181 King St E,,,M4A 1J4,,2022-01-27,,,2023-11-14 19:35:16,'2023-11-14 19:35:16'),builder,builder,1,0,0,0,0,0,0,0,0
18243,914 Bloor Village Properties Ltd,30 Kettle Ct,Vaughan,Ontario,L6A 2M2,905-832-4042,2022-01-21,,,2023-11-14 19:35:17,'2023-11-14 19:35:17'),builder,builder,1,0,0,0,0,0,0,0,0
18249,Kintel Contractors Inc,334 Bradwick Dr,Concord,Ontario,L4K 1K8,905-532-9185,2022-01-20,,,2023-11-14 19:35:17,'2023-11-14 19:35:17'),builder,builder,1,0,0,0,0,0,0,0,0
18251,Britem Developments Inc,48 Couperthwaite Cres,,,L3R 6N1,,2022-01-20,,,2023-11-14 19:35:17,'2023-11-14 19:35:17'),builder,builder,1,0,0,0,0,0,0,0,0
18257,Thora Development Group Inc,"3-35 Stone Church Rd, Unit 388",Ancaster,Ontario,L9K 1S4,,2022-01-19,,,2023-11-14 19:35:18,'2023-11-14 19:35:18'),builder,builder,1,0,0,0,0,0,0,0,0
18259,West Wind Properties Inc,364496 McBeth Rd,Salford,Ontario,N0J 1W0,519-425-0079,2022-01-19,,,2023-11-14 19:35:18,'2023-11-14 19:35:18'),builder,builder,1,0,0,0,0,0,0,0,0
18295,Exeter Road Development Corp,"620 Richmond St, Ste 201",,,N6A 5J9,,2022-01-10,,,2023-11-14 19:35:19,'2023-11-14 19:35:19'),builder,builder,1,0,0,0,0,0,0,0,0
18296,10NT Properties Inc,"195 Dufferin Ave, Ste 800",London,Ontario,N6A 1K7,,2022-01-10,,,2023-11-14 19:35:19,'2023-11-14 19:35:19'),builder,builder,1,0,0,0,0,0,0,0,0
18306,Elite Properties (360 Jamieson Pkwy) Inc,41 Forest Grove Ct,Aurora,Ontario,L4G 3C4,,2022-01-04,,,2023-11-14 19:35:20,'2023-11-14 19:35:20'),builder,builder,1,0,0,0,0,0,0,0,0
18326,Ridgevalley Developments Ltd,"5035 Timberlea Blvd, Unit 1",Mississauga,Ontario,L4W 2W9,,2022-07-28,,,2023-11-14 19:35:21,'2023-11-14 19:35:21'),builder,builder,1,0,0,0,0,0,0,0,0
18338,Watkins Properties Inc,29 Bellhouse Place,,,L1M 0G5,,2022-07-27,,,2023-11-14 19:35:21,'2023-11-14 19:35:21'),builder,builder,1,0,0,0,0,0,0,0,0
18366,S&amp;A Gauvreau Properties Inc,158 Birch Ct,,,P2B 3N6,,2022-07-15,,,2023-11-14 19:35:23,'2023-11-14 19:35:23'),builder,builder,1,0,0,0,0,0,0,0,0
18368,Orangeville Railway Development Corp,87 Broadway Ave,,,L9W 1K1,,2022-07-15,,,2023-11-14 19:35:23,'2023-11-14 19:35:23'),builder,builder,1,0,0,0,0,0,0,0,0
18405,Frontdoor Developments,"1 West Pearce St, Ste 401",Richmond Hill,Ontario,L4B 3K3,905-886-8287,2022-06-30,,,2023-11-14 19:35:25,'2023-11-14 19:35:25'),builder,builder,1,0,0,0,0,0,0,0,0
18414,Grandone Development Inc,61 Cachet Pkwy,Markham,Ontario,L6C 1C6,,2022-06-30,,,2023-11-14 19:35:26,'2023-11-14 19:35:26'),builder,builder,1,0,0,0,0,0,0,0,0
18436,Jenp Realty Ltd,1892 Lawrence Ave E,,,M1R 2Y5,,2022-06-24,,,2023-11-14 19:35:28,'2023-11-14 19:35:28'),builder,builder,1,0,0,0,0,0,0,0,0
18446,Pembroke Street Property,5745 Atlantic Dr,Mississauga,Ontario,L4W 1H3,,2022-06-22,,,2023-11-14 19:35:28,'2023-11-14 19:35:28'),builder,builder,1,0,0,0,0,0,0,0,0
18458,Bancroft Ridge Developments Inc,127 Eastbourne Ave,,,M5P 2G4,,2022-06-17,,,2023-11-14 19:35:29,'2023-11-14 19:35:29'),builder,builder,1,0,0,0,0,0,0,0,0
18471,Sterling Homes (Cleminson East) GP Inc,"20 Rivermede Rd, Ste 204",Concord,Ontario,L4K 3N3,905-669-8399,2022-06-14,thesterlinggrp.com,,2023-12-09 16:48:06,'2023-11-14 19:35:30'),builder,builder,1,0,0,0,0,0,0,0,0
18485,Prince Arthur Property Ltd,1013 Westdale Rd,Oakville,Ontario,L6L 5A1,905-827-8183,2022-06-07,,,2023-11-14 19:35:31,'2023-11-14 19:35:31'),builder,builder,1,0,0,0,0,0,0,0,0
18487,Albion Hills Developments (2022) Ltd,8431 Highway 9,,,L7E 0E8,,2022-06-06,,,2023-11-14 19:35:31,'2023-11-14 19:35:31'),builder,builder,1,0,0,0,0,0,0,0,0
18492,Verhoog Properties Inc,35237 Mitchell Line,Lucan,Ontario,N0M 2J0,,2022-06-03,,,2023-11-14 19:35:31,'2023-11-14 19:35:31'),builder,builder,1,0,0,0,0,0,0,0,0
18498,Davis Developers Inc,1059 Upper James St,,,L9C 3A6,,2022-06-02,,,2023-11-14 19:35:31,'2023-11-14 19:35:31'),builder,builder,1,0,0,0,0,0,0,0,0
18499,Pegah Construction Ltd,"5050 Dufferin St, Ste 120",Toronto,Ontario,M3H 5T5,416-739-9300,2022-06-02,pegah.ca,,2023-12-09 16:46:58,'2023-11-14 19:35:31'),builder,builder,1,0,0,0,0,0,0,0,0
18503,Coughlan Developments Ltd,2700 Audley Rd N,Ajax,Ontario,L1Z 1T7,905-427-7703,2022-06-02,,,2023-11-14 19:35:32,'2023-11-14 19:35:32'),builder,builder,1,0,0,0,0,0,0,0,0
18529,Foxhill Seven Property Inc,2084 Obeck Cres,,,L5H 3L7,,2022-03-31,,,2023-11-14 19:35:33,'2023-11-14 19:35:33'),builder,builder,1,0,0,0,0,0,0,0,0
18540,Novus Land Developments Inc,"165 Terraview Cres, Unit 1",,,N1G 5G8,,2022-03-31,,,2023-11-14 19:35:33,'2023-11-14 19:35:33'),builder,builder,1,0,0,0,0,0,0,0,0
18542,9773 Keele Development Inc,"30 Great Gulf Dr, Unit 20",,,L4K 0K7,,2022-03-31,,,2023-11-14 19:35:33,'2023-11-14 19:35:33'),builder,builder,1,0,0,0,0,0,0,0,0
18548,Cardinal Homes Inc,6540 Upper Canada Crossing,London,Ontario,N6P 0B9,,2022-03-31,,,2023-11-14 19:35:33,'2023-11-14 19:35:33'),builder,builder,1,0,0,0,0,0,0,0,0
18569,Embee Properties Ltd,"88 Sheppard Ave W, Ste 200",Toronto,Ontario,M2N 1M5,416-250-5858,2022-03-30,,,2023-11-14 19:35:34,'2023-11-14 19:35:34'),builder,builder,1,0,0,0,0,0,0,0,0
18581,Oak Country Homes Ltd,7100 Sixteenth Line,,,N0P 1A0,,2022-03-22,,,2023-11-14 19:35:35,'2023-11-14 19:35:35'),builder,builder,1,0,0,0,0,0,0,0,0
18586,Maki Properties Inc,1420 Lorne Park Rd,Mississauga,Ontario,L5H 3B3,,2022-03-21,,,2023-11-14 19:35:35,'2023-11-14 19:35:35'),builder,builder,1,0,0,0,0,0,0,0,0
18596,Farrfage Developments Inc,185 Goulding Ave,,,M2R 2P3,,2022-03-16,,,2023-11-14 19:35:36,'2023-11-14 19:35:36'),builder,builder,1,0,0,0,0,0,0,0,0
18598,Lanterra Developments (Bay Wellesley) Ltd,2811 Dufferin St,Toronto,Ontario,M6B 3R9,416-635-7424,2022-03-16,,,2023-11-14 19:35:36,'2023-11-14 19:35:36'),builder,builder,1,0,0,0,0,0,0,0,0
18605,THMR Development Inc,456 Glencairn Ave,North York,Ontario,M5N 1V7,416-483-6699,2022-03-15,,,2023-11-14 19:35:36,'2023-11-14 19:35:36'),builder,builder,1,0,0,0,0,0,0,0,0
18607,Afiya Property Inc,"15 Wellesley St W, Ste 301-306",Toronto,Ontario,M4Y 0G7,,2022-03-15,,,2023-11-14 19:35:36,'2023-11-14 19:35:36'),builder,builder,1,0,0,0,0,0,0,0,0
18624,Patry Inc Developments,692 McKay St,Kingston,Ontario,K7K 7G2,866-728-7979,2022-03-11,,,2023-11-14 19:35:37,'2023-11-14 19:35:37'),builder,builder,1,0,0,0,0,0,0,0,0
18625,Clarkstone Developments Inc,"3280 Bloor St W, Ste 902",,,M8X 2X3,,2022-03-10,,,2023-11-14 19:35:37,'2023-11-14 19:35:37'),builder,builder,1,0,0,0,0,0,0,0,0
18648,DHMI Development Ltd,40 Mattawan St,Mattawa,Ontario,P0H 1V0,,2022-03-02,,,2023-11-14 19:35:38,'2023-11-14 19:35:38'),builder,builder,1,0,0,0,0,0,0,0,0
18653,Meadowpines Office Development Corp,"2345 Yonge St, Ste 700",,,M4P 2E5,,2022-03-01,,,2023-11-14 19:35:38,'2023-11-14 19:35:38'),builder,builder,1,0,0,0,0,0,0,0,0
18658,Colchester Heights Development Inc,6345 Disputed Rd,Lasalle,Ontario,N9H 1X6,,2022-03-01,,,2023-11-14 19:35:38,'2023-11-14 19:35:38'),builder,builder,1,0,0,0,0,0,0,0,0
18660,Stickles Developments Inc,275 Mersea Rd 12,Leamington,Ontario,N8H 3V6,,2022-03-01,,,2023-11-14 19:35:39,'2023-11-14 19:35:39'),builder,builder,1,0,0,0,0,0,0,0,0
18667,Lyngate Developments Inc,"3550 Langstaff Rd, Ste 200",,,L4L 9G3,,2022-05-31,,,2023-11-14 19:35:39,'2023-11-14 19:35:39'),builder,builder,1,0,0,0,0,0,0,0,0
18677,Grist Mill Properties Inc,8146 Indian Trail,,,N0B 2K0,,2022-05-31,,,2023-11-14 19:35:39,'2023-11-14 19:35:39'),builder,builder,1,0,0,0,0,0,0,0,0
18679,Vintage Properties Ltd,"111B Garrison Village Dr, Ste 202",,,L0S 1J0,,2022-05-31,,,2023-11-14 19:35:39,'2023-11-14 19:35:39'),builder,builder,1,0,0,0,0,0,0,0,0
18683,Annesleywood Properties Ltd,150 Annesleywood Ct,Kleinburg,Ontario,L4H 4G9,,2022-05-31,,,2023-11-14 19:35:39,'2023-11-14 19:35:39'),builder,builder,1,0,0,0,0,0,0,0,0
18694,Klemencic Homes Inc,499 Dundas St W,Trenton,Ontario,K6V 6C4,613-392-3437,2022-05-27,,,2023-11-14 19:35:40,'2023-11-14 19:35:40'),builder,builder,1,0,0,0,0,0,0,0,0
18698,Howe Island Realty Inc,712 Windsor Lane,Gananoque,Ontario,K7G 2X8,,2022-05-27,,,2023-11-14 19:35:40,'2023-11-14 19:35:40'),builder,builder,1,0,0,0,0,0,0,0,0
18700,The Ironstone Building Co Inc,680 Waterloo St,London,Ontario,N6A 0B3,519-660-6006,2022-05-26,,,2023-11-14 19:35:40,'2023-11-14 19:35:40'),builder,builder,1,0,0,0,0,0,0,0,0
18707,Fifth Avenue Homes (King City) Inc,101B Roytec Rd,Woodbridge,Ontario,L4L 8A9,289-371-0291,2022-05-24,,,2023-11-14 19:35:41,'2023-11-14 19:35:41'),builder,builder,1,0,0,0,0,0,0,0,0
18714,Infinite Homes Ltd,,,,,,2022-05-20,,,2023-11-14 19:35:41,'2023-11-14 19:35:41'),builder,builder,1,0,0,0,0,0,0,0,0
18715,Pro Construction Inc,14 Flerimac Rd,Scarborough,Ontario,M1E 4A9,,2022-05-20,,,2023-11-14 19:35:41,'2023-11-14 19:35:41'),builder,builder,1,0,0,0,0,0,0,0,0
18718,Auburn Homes Inc,"560 Wellington St, 2nd Flr",London,Ontario,N6A 3R4,,2022-05-19,,,2023-11-14 19:35:41,'2023-11-14 19:35:41'),builder,builder,1,0,0,0,0,0,0,0,0
18721,Morshedi Developments Corp,330 Brooke Ave,Toronto,Ontario,M5M 2L3,647-358-3684,2022-05-19,,,2023-11-14 19:35:41,'2023-11-14 19:35:41'),builder,builder,1,0,0,0,0,0,0,0,0
18737,Maki Properties Inc,474 Bob-O-Link Rd,Mississauga,Ontario,L5J 2P4,,2022-05-16,,,2023-11-14 19:35:42,'2023-11-14 19:35:42'),builder,builder,1,0,0,0,0,0,0,0,0
18742,Tribow Developments Ltd,2034 Rundle Rd,,,L1C 6X8,,2022-05-13,,,2023-11-14 19:35:43,'2023-11-14 19:35:43'),builder,builder,1,0,0,0,0,0,0,0,0
18743,RL Brandt Developments Inc,12 Old Cemetery Rd,Orono,Ontario,L0B 1M0,,2022-05-13,,,2023-11-14 19:35:43,'2023-11-14 19:35:43'),builder,builder,1,0,0,0,0,0,0,0,0
18747,Solid General Contractors,66 Leek Cres,Richmond Hill,Ontario,L4B 1H1,905-475-0707,2022-05-12,,,2023-11-14 19:35:43,'2023-11-14 19:35:43'),builder,builder,1,0,0,0,0,0,0,0,0
18756,W &amp; L Tomlinson Properties Inc,88 Wildwood Trail,,,L4N 7Z8,,2022-05-09,,,2023-11-14 19:35:44,'2023-11-14 19:35:44'),builder,builder,1,0,0,0,0,0,0,0,0
18760,Redi Properties Inc,31 Kellogg Cres,Richmond Hill,Ontario,L4E 0T4,,2022-05-09,,,2023-11-14 19:35:44,'2023-11-14 19:35:44'),builder,builder,1,0,0,0,0,0,0,0,0
18781,Fernbrook Homes (Lakeshore) Ltd,"2220 Highway 7 W, Unit 5",Concord,Ontario,L4K 1W7,416-667-0447,2022-05-05,,,2023-11-14 19:35:44,'2023-11-14 19:35:44'),builder,builder,1,0,0,0,0,0,0,0,0
18804,Little Properties Inc,15 John St,,,L4N 2L2,,2022-05-02,,,2023-11-14 19:35:45,'2023-11-14 19:35:45'),builder,builder,1,0,0,0,0,0,0,0,0
18822,KPH Realty Corp,"17 Prince Arthur Ave, 3rd Flr",Toronto,Ontario,M5R 1B2,,2022-11-18,,,2023-11-14 19:35:47,'2023-11-14 19:35:47'),builder,builder,1,0,0,0,0,0,0,0,0
18824,Strongman Properties Inc,"156 Lakeshore Rd E, Ste 200",Oakville,Ontario,L6J 1H4,905-845-2000,2022-11-17,,,2023-11-14 19:35:47,'2023-11-14 19:35:47'),builder,builder,1,0,0,0,0,0,0,0,0
18831,Seacliff Developments Inc,20 Fraser Rd,Leamington,Ontario,N8H 4E5,,2022-11-04,,,2023-11-14 19:35:48,'2023-11-14 19:35:48'),builder,builder,1,0,0,0,0,0,0,0,0
18838,Curated Properties,32 Sudbury St,Toronto,Ontario,M6J 0G5,416-214-0303,2022-10-31,curatedproperties.com,,2023-12-09 16:47:00,'2023-11-14 19:35:49'),builder,builder,1,0,0,0,0,0,0,0,0
18849,YY Realty Inc,210 Shields Ct,,,L3R 8V2,,2022-10-14,,,2023-11-14 19:35:51,'2023-11-14 19:35:51'),builder,builder,1,0,0,0,0,0,0,0,0
18862,128 Munro Developments Corp,"400 Creditstone Rd, Unit 4",Concord,Ontario,L4K 3Z3,,2022-10-07,,,2023-11-14 19:35:52,'2023-11-14 19:35:52'),builder,builder,1,0,0,0,0,0,0,0,0
18866,CRT Development Inc,"210 Gladstone Ave, Ste 2001",,,K2P 0Y8,,2022-10-04,,,2023-11-14 19:35:52,'2023-11-14 19:35:52'),builder,builder,1,0,0,0,0,0,0,0,0
18885,Star River Development Corp,51 Silver Fox Place,Vaughan,Ontario,L6A 1G2,,2022-09-29,,,2023-11-14 19:35:54,'2023-11-14 19:35:54'),builder,builder,1,0,0,0,0,0,0,0,0
18889,Moulton Properties Inc,3366 Cornish Hollow Rd,Cobourg,Ontario,K9A 4J9,,2022-09-29,,,2023-11-14 19:35:54,'2023-11-14 19:35:54'),builder,builder,1,0,0,0,0,0,0,0,0
18891,Bick Properties Inc,1616 Champlain Dr,Peterborough,Ontario,K9L 1N6,,2022-09-28,,,2023-11-14 19:35:54,'2023-11-14 19:35:54'),builder,builder,1,0,0,0,0,0,0,0,0
18892,John Bruce Robinson Construction Ltd,"2520 Highway 56, Unit B",,,L0R 1C0,,2022-09-27,,,2023-11-14 19:35:54,'2023-11-14 19:35:54'),builder,builder,1,0,0,0,0,0,0,0,0
18893,Mariman Homes,"558 Upper Gage Ave, Unit 393",Hamilton,Ontario,L8V 4J6,905-318-2737,2022-09-27,,,2023-11-14 19:35:54,'2023-11-14 19:35:54'),builder,builder,1,0,0,0,0,0,0,0,0
18896,Trubi Homes Inc,6546 Crown Grant Rd,London,Ontario,N6P 0G3,,2022-09-26,,,2023-11-14 19:35:54,'2023-11-14 19:35:54'),builder,builder,1,0,0,0,0,0,0,0,0
18901,Phoenix Properties Ltd,3443 9th Line,Innisfil,Ontario,L9S 3Z6,,2022-09-19,pp-mi.com,,2023-12-09 16:47:00,'2023-11-14 19:35:55'),builder,builder,1,0,0,0,0,0,0,0,0
18902,L Regina Construction Ltd,25 Taber Rd,,,M9A 3A7,,2022-09-16,,,2023-11-14 19:35:55,'2023-11-14 19:35:55'),builder,builder,1,0,0,0,0,0,0,0,0
18906,Minuk Construction &amp; Engineering Co,"99 Sante Dr, Suite C",Concord,Ontario,L4K 3C4,905-738-3675,2022-09-09,,,2023-11-14 19:35:56,'2023-11-14 19:35:56'),builder,builder,1,0,0,0,0,0,0,0,0
18973,LL Properties Inc,"386 St Paul St, Ste 102",St Catharines,Ontario,L2R 3N2,,2022-04-28,,,2023-11-17 16:40:30,'2023-11-17 16:40:30'),builder,builder,1,0,0,0,0,0,0,0,0
18978,Parallax (203 College) Development Inc,"26 Soho St, Ste 300",Toronto,Ontario,M5T 1Z7,416-944-0968,2022-04-28,,,2023-11-17 16:40:30,'2023-11-17 16:40:30'),builder,builder,1,0,0,0,0,0,0,0,0
18980,First Edition Property Corp,"60 Armstrong Ave, Unit 2",,,L7G 4R9,,2022-04-28,,,2023-11-17 16:40:30,'2023-11-17 16:40:30'),builder,builder,1,0,0,0,0,0,0,0,0
18981,Christopher Properties Inc,152 Coastline Dr,Brampton,Ontario,L6Y 0S2,,2022-04-28,,,2023-11-17 16:40:30,'2023-11-17 16:40:30'),builder,builder,1,0,0,0,0,0,0,0,0
18994,McDonald Brothers Construction,262 Westbrook Rd,Ottawa,Ontario,K0A 1L0,613-831-6223,2022-04-27,mbc.ca,,2023-12-02 13:58:52,'2023-11-17 16:40:30'),builder,builder,1,0,0,0,0,0,0,0,0
18995,Coup Properties Inc,"4789 Yonge St, Ste 303",Toronto,Ontario,M3N 0G3,647-351-1311,2022-04-27,,,2023-11-17 16:40:30,'2023-11-17 16:40:30'),builder,builder,1,0,0,0,0,0,0,0,0
19031,Dev Developments Inc,184 Raponi Circle,Toronto,Ontario,M1X 2C8,,2022-04-21,,,2023-11-17 16:40:32,'2023-11-17 16:40:32'),builder,builder,1,0,0,0,0,0,0,0,0
19041,Edenshaw Elizabeth Developments Ltd,"129 Lakeshore Rd E, Ste 201",Mississauga,Ontario,L5G 1E5,905-990-3500,2022-04-20,,,2023-11-17 16:40:32,'2023-11-17 16:40:32'),builder,builder,1,0,0,0,0,0,0,0,0
19042,Carroll St East Developments Inc,"140 Ann St, Ste 202",London,Ontario,N6A 1R3,,2022-04-20,,,2023-11-17 16:40:32,'2023-11-17 16:40:32'),builder,builder,1,0,0,0,0,0,0,0,0
19059,Kennison Properties Inc,"450 Bronte St S, Ste 214",,,L9T 8T2,,2022-04-14,,,2023-11-17 16:40:33,'2023-11-17 16:40:33'),builder,builder,1,0,0,0,0,0,0,0,0
19077,Patry Inc Developments,692 McKay St,Kingston,Ontario,K7M 7G2,866-728-7979,2022-04-14,,,2023-11-17 16:40:34,'2023-11-17 16:40:34'),builder,builder,1,0,0,0,0,0,0,0,0
19078,Lanterra Developments (Bay Wellesley) Ltd,2811 Dufferin St,Toronto,Ontario,M6B 3R9,416-635-7424,2022-04-14,,,2023-11-17 16:40:34,'2023-11-17 16:40:34'),builder,builder,1,0,0,0,0,0,0,0,0
19080,Mar-Cot Properties Inc,"375 Southgate Dr, Unit 1",,,N1G 3W6,,2022-04-14,,,2023-11-17 16:40:34,'2023-11-17 16:40:34'),builder,builder,1,0,0,0,0,0,0,0,0
19082,Appleby Development Ltd,123 Springfield Blvd,,,L9K 1H8,,2022-04-14,,,2023-11-17 16:40:34,'2023-11-17 16:40:34'),builder,builder,1,0,0,0,0,0,0,0,0
19089,Harwood Building Inc,19 Virtue Cres,Vaughan,Ontario,L4H 4C3,,2022-04-11,,,2023-11-17 16:40:34,'2023-11-17 16:40:34'),builder,builder,1,0,0,0,0,0,0,0,0
19091,Mill Creek Ridge Developments Ltd,10 Collard Way,Port Elgin,Ontario,N0H 2C0,519-832-5950,2022-04-08,,,2023-11-17 16:40:35,'2023-11-17 16:40:35'),builder,builder,1,0,0,0,0,0,0,0,0
19092,Mel-Can Properties Inc,3540 Hawkestone Rd,,,L5C 2V2,,2022-04-08,,,2023-11-17 16:40:35,'2023-11-17 16:40:35'),builder,builder,1,0,0,0,0,0,0,0,0
19104,Lotus Land Development Corp,48 Celt Ave,Toronto,Ontario,M6A 1G9,416-781-3706,2022-04-07,,,2023-11-17 16:40:35,'2023-11-17 16:40:35'),builder,builder,1,0,0,0,0,0,0,0,0
19108,TRS Properties Inc,1376 Willow Terrace,,,L6M 1T6,,2022-04-07,,,2023-11-17 16:40:35,'2023-11-17 16:40:35'),builder,builder,1,0,0,0,0,0,0,0,0
19116,Mako Realty Corp,54 Coach Cres,Whitby,Ontario,L1R 0L1,,2022-04-06,,,2023-11-17 16:40:35,'2023-11-17 16:40:35'),builder,builder,1,0,0,0,0,0,0,0,0
19135,Ghods Builders Inc,"333 Sheppard Ave E, Ste 300",Toronto,Ontario,M2N 3B3,416-229-9966,2022-04-04,,,2023-11-17 16:40:36,'2023-11-17 16:40:36'),builder,builder,1,0,0,0,0,0,0,0,0
19137,Martinek Properties Inc,"796455 Grey Rd 19, Unit 1",,,L9Y 0N8,,2022-04-04,,,2023-11-17 16:40:36,'2023-11-17 16:40:36'),builder,builder,1,0,0,0,0,0,0,0,0
19174,Galt Properties Inc,91 Aberdeen Rd S,,,N1S 2X8,,2022-08-31,,,2023-11-17 16:40:38,'2023-11-17 16:40:38'),builder,builder,1,0,0,0,0,0,0,0,0
19183,GCO Properties Inc,"50 Quebec Ave, Unit 807",,,M6P 4B4,,2022-08-31,,,2023-11-17 16:40:38,'2023-11-17 16:40:38'),builder,builder,1,0,0,0,0,0,0,0,0
19210,Marann Homes Ltd,"449 Laird Rd, Unit 6",Guelph,Ontario,N1G 4W1,,2022-08-24,,,2023-11-17 16:40:39,'2023-11-17 16:40:39'),builder,builder,1,0,0,0,0,0,0,0,0
19218,Fortino Properties Inc,"12 James St N, Ste 502",Hamilton,Ontario,L8R 2J9,,2022-08-19,,,2023-11-17 16:40:40,'2023-11-17 16:40:40'),builder,builder,1,0,0,0,0,0,0,0,0
19219,Albis Construction Inc,121 Green St,Whitby,Ontario,L1N 4C9,,2022-08-18,,,2023-11-17 16:40:40,'2023-11-17 16:40:40'),builder,builder,1,0,0,0,0,0,0,0,0
19226,Chatham Danforth Developments Ltd,"3625 Dufferin St, Ste 200",Toronto,Ontario,M3K 1Z2,416-373-7645,2022-08-17,,,2023-11-17 16:40:40,'2023-11-17 16:40:40'),builder,builder,1,0,0,0,0,0,0,0,0
19230,Foxwood Development Corp,,Pickering,Ontario,L1V 1T8,905-420-8853,2022-08-15,,,2023-11-17 16:40:41,'2023-11-17 16:40:41'),builder,builder,1,0,0,0,0,0,0,0,0
19244,Trulife Developments Inc,"200 Town Centre Blvd, Ste 300",Markham,Ontario,L3R 8G5,905-883-8881,2022-08-12,,,2023-11-17 16:40:41,'2023-11-17 16:40:41'),builder,builder,1,0,0,0,0,0,0,0,0
19246,Braebury Homes Corp,"366 King St E, Ste 400",Kingston,Ontario,K7K 6Y3,613-546-3400,2022-08-12,,,2023-11-17 16:40:41,'2023-11-17 16:40:41'),builder,builder,1,0,0,0,0,0,0,0,0
19247,CaraCo Development Corp,234 Concession St,Kingston,Ontario,K7K 6W6,613-542-8400,2022-08-12,,,2023-11-17 16:40:41,'2023-11-17 16:40:41'),builder,builder,1,0,0,0,0,0,0,0,0
19261,JKS Developments Inc,2170 Wickerson Rd,London,Ontario,N6K 5C4,,2022-08-09,,,2023-11-17 16:40:42,'2023-11-17 16:40:42'),builder,builder,1,0,0,0,0,0,0,0,0
19270,Cassone Construction Ltd,67 Springhurst Ave,Ottawa,Ontario,K1S 0E2,,2022-08-05,,,2023-11-17 16:40:43,'2023-11-17 16:40:43'),builder,builder,1,0,0,0,0,0,0,0,0
19278,Welton Developments Ltd,2212 Oneida Cres,Mississauga,Ontario,L5C 1V6,,2022-08-03,,,2023-11-17 16:40:43,'2023-11-17 16:40:43'),builder,builder,1,0,0,0,0,0,0,0,0
19305,Melchers Developments Inc,22662 Komoka Rd,Komoka,Ontario,N0L 1R0,,2022-12-22,,,2023-11-17 16:40:45,'2023-11-17 16:40:45'),builder,builder,1,0,0,0,0,0,0,0,0
19320,County Road 109 Developments Ltd,204044 County Road 109,East Garafraxa,Ontario,L9W 7M1,,2022-12-19,,,2023-11-17 16:40:46,'2023-11-17 16:40:46'),builder,builder,1,0,0,0,0,0,0,0,0
19322,Tribridge Developments Ltd,500 Highway 7 E,Richmond Hill,Ontario,L4B 1J1,,2022-12-16,,,2023-11-17 16:40:46,'2023-11-17 16:40:46'),builder,builder,1,0,0,0,0,0,0,0,0
19324,756 Bathurst Street Property Inc,"1067 West Cordova St, Ste 501",,,V6C 1C7,,2022-12-16,,,2023-11-17 16:40:46,'2023-11-17 16:40:46'),builder,builder,1,0,0,0,0,0,0,0,0
19330,Lancaster Homes,"9251 Yonge St, Ste 300",Richmond Hill,Ontario,L4C 9T3,905-731-6099,2022-12-15,lancasterbuilthomes.com,,2023-12-02 14:01:45,'2023-11-17 16:40:46'),builder,builder,1,0,0,0,0,0,0,0,0
19335,Best Homes,221 Helen Ave,Markham,Ontario,L3R 1J7,905-479-9600,2022-12-15,,,2023-11-17 16:40:46,'2023-11-17 16:40:46'),builder,builder,1,0,0,0,0,0,0,0,0
19341,Plymouth Rd Welland Developments Inc,519 Valley Dr,Oakville,Ontario,L6L 4L9,,2022-12-15,,,2023-11-17 16:40:46,'2023-11-17 16:40:46'),builder,builder,1,0,0,0,0,0,0,0,0
19350,Pittock Developments Inc,233 Tamarack Blvd,Woodstock,Ontario,N4S 0E4,519-537-2783,2022-12-14,,,2023-11-17 16:40:47,'2023-11-17 16:40:47'),builder,builder,1,0,0,0,0,0,0,0,0
19360,Langford Lumber &amp; Builders&#039; Supplies Ltd,4466 Line 14,,,N4X 1C9,,2022-12-08,,,2023-11-17 16:40:47,'2023-11-17 16:40:47'),builder,builder,1,0,0,0,0,0,0,0,0
19369,Shinol Developments Inc,"2050 Ellesmere Rd, Unit 3",Scarborough,Ontario,M1H 3A9,,2022-12-07,,,2023-11-17 16:40:48,'2023-11-17 16:40:48'),builder,builder,1,0,0,0,0,0,0,0,0
19373,AQLA Homes Inc,1880 O&#039;Connor Dr,North York,Ontario,M4A 1W9,,2022-12-06,,,2023-11-17 16:40:48,'2023-11-17 16:40:48'),builder,builder,1,0,0,0,0,0,0,0,0
19376,Canadian Hydro Developers Inc,110 - 12th Ave SQ,Calgary,Alberta,T2P 2M1,,2022-12-02,,,2023-11-17 16:40:48,'2023-11-17 16:40:48'),builder,builder,1,0,0,0,0,0,0,0,0
19377,WH (Quinte) Development Corp,75 Valleyview Dr,Ancaster,Ontario,L9G 2A6,289-239-8889,2022-12-02,,,2023-11-17 16:40:48,'2023-11-17 16:40:48'),builder,builder,1,0,0,0,0,0,0,0,0
19385,Oxylis Property Inc,"7099 Yonge St, Offices 4 &amp;amp; 5",Markham,Ontario,L3T 0H1,,2022-12-01,,,2023-11-17 16:40:49,'2023-11-17 16:40:49'),builder,builder,1,0,0,0,0,0,0,0,0
19393,8135 Highway 12 Development Corp,"15 Healey Rd, Ste 204",Bolton,Ontario,L7E 5A1,,2022-02-28,,,2023-11-17 16:40:49,'2023-11-17 16:40:49'),builder,builder,1,0,0,0,0,0,0,0,0
19394,Rock Solid Property Group 2 Corp,56 Nelson St W,,,L6X 1C3,,2022-02-28,,,2023-11-17 16:40:49,'2023-11-17 16:40:49'),builder,builder,1,0,0,0,0,0,0,0,0
19425,Stoney Oak Properties Inc,"2345 Wyecroft Rd, Ste 4",Oakville,Ontario,L6L 6L8,,2022-02-28,,,2023-11-17 16:40:50,'2023-11-17 16:40:50'),builder,builder,1,0,0,0,0,0,0,0,0
19431,D&#039;Amore Construction (Windsor) Ltd,2501 Ouellette Ave,Windsor,Ontario,N8X 1L5,519-966-0855,2022-02-25,,,2023-11-17 16:40:51,'2023-11-17 16:40:51'),builder,builder,1,0,0,0,0,0,0,0,0
19437,Brock Zents Developments 2680 Inc,"181 Eglinton Ave E, Ste 204",Toronto,Ontario,M4P 1J4,416-485-8833,2022-02-25,,,2023-11-17 16:40:51,'2023-11-17 16:40:51'),builder,builder,1,0,0,0,0,0,0,0,0
19438,Village of Weston Properties Inc,,,,,,2022-02-25,,,2023-11-17 16:40:51,'2023-11-17 16:40:51'),builder,builder,1,0,0,0,0,0,0,0,0
19441,Cartero Properties Inc,"155 University Ave, Ste 1900",,,M5H 3B7,,2022-02-24,,,2023-11-17 16:40:51,'2023-11-17 16:40:51'),builder,builder,1,0,0,0,0,0,0,0,0
19448,Canada Paving and Construction Ltd,23A Tristan Ct,Ottawa,Ontario,K2E 8B9,613-723-7849,2022-02-18,,,2023-11-17 16:40:52,'2023-11-17 16:40:52'),builder,builder,1,0,0,0,0,0,0,0,0
19464,Alvi Properties Inc,"5602 George St, Unit 4",,,L2E 3E2,,2022-02-16,,,2023-11-17 16:40:52,'2023-11-17 16:40:52'),builder,builder,1,0,0,0,0,0,0,0,0
19477,Mapleside Homes Inc,1010 Mary Roberts Rd,,,P0B 1A0,,2022-02-15,,,2023-11-17 16:40:53,'2023-11-17 16:40:53'),builder,builder,1,0,0,0,0,0,0,0,0
19480,Dilvad Construction Ltd,4 Timbercrest Ridge,,,K2R 1B4,,2022-02-15,,,2023-11-17 16:40:53,'2023-11-17 16:40:53'),builder,builder,1,0,0,0,0,0,0,0,0
19482,ECMI Properties (125 Villarboit) Inc,125 Villarboit Cres,,,L4K 4K2,,2022-02-15,,,2023-11-17 16:40:53,'2023-11-17 16:40:53'),builder,builder,1,0,0,0,0,0,0,0,0
19483,Rob-Don Properties Inc,265 Highway 47,Uxbridge,Ontario,L9P 1N4,,2022-02-15,,,2023-11-17 16:40:53,'2023-11-17 16:40:53'),builder,builder,1,0,0,0,0,0,0,0,0
19486,Northern Lakes Development Inc,92 Gordon Rd,Toronto,Ontario,M2P 1E4,416-449-6613,2022-02-15,,,2023-11-17 16:40:53,'2023-11-17 16:40:53'),builder,builder,1,0,0,0,0,0,0,0,0
19492,Trivale Properties Inc,9 Bellwoods Ave,Toronto,Ontario,M6J 2P3,,2022-02-14,,,2023-11-17 16:40:53,'2023-11-17 16:40:53'),builder,builder,1,0,0,0,0,0,0,0,0
19507,ReMax Niagara Realty Ltd,"261 Martindale Rd, Ste 14C",St Catharines,Ontario,L2W 1A2,905-687-9600,2022-02-11,,,2023-11-17 16:40:54,'2023-11-17 16:40:54'),builder,builder,1,0,0,0,0,0,0,0,0
19525,Kingsway South Properties Ltd,"240 Chrislea Rd, 3rd Flr",Vaughan,Ontario,L4L 8V1,,2022-02-07,,,2023-11-17 16:40:55,'2023-11-17 16:40:55'),builder,builder,1,0,0,0,0,0,0,0,0
19528,H &amp; A Homes Inc,239 Beechtree Cres,,,L6L 0A5,,2022-02-07,,,2023-11-17 16:40:55,'2023-11-17 16:40:55'),builder,builder,1,0,0,0,0,0,0,0,0
19543,Stonebrook Developments Ltd,"120 Jevlan Dr, Unit 1",,,L4L 8G3,,2022-02-03,,,2023-11-17 16:40:55,'2023-11-17 16:40:55'),builder,builder,1,0,0,0,0,0,0,0,0
19544,Khanani Developments Durham,"27 Roytec Rd, Unit 12",Woodbridge,Ontario,L4L 8E3,416-875-4007,2022-02-03,,,2023-11-17 16:40:55,'2023-11-17 16:40:55'),builder,builder,1,0,0,0,0,0,0,0,0
19554,Young Realty Inc,"2 Bloor St E, Ste 3500",Toronto,Ontario,M4W 1A8,416-913-1089,2022-02-01,,,2023-11-17 16:40:56,'2023-11-17 16:40:56'),builder,builder,1,0,0,0,0,0,0,0,0
19558,I2 Developments Inc,"3800 Steeles Ave W, Ste 201W",Woodbridge,Ontario,L4L 4G9,905-850-3453,2022-02-01,,,2023-11-17 16:40:56,'2023-11-17 16:40:56'),builder,builder,1,0,0,0,0,0,0,0,0
19578,Artek Properties Inc,60 Garnock Ave,Toronto,Ontario,M4K 1M2,,2022-01-31,,,2023-11-17 16:40:57,'2023-11-17 16:40:57'),builder,builder,1,0,0,0,0,0,0,0,0
19588,Tira Homes Ltd,319 Wellington Rd,,,N6C 4P1,,2022-01-31,,,2023-11-17 16:40:57,'2023-11-17 16:40:57'),builder,builder,1,0,0,0,0,0,0,0,0
19598,Tacc Construction Ltd,270 Chrislea Rd,Woodbridge,Ontario,L4L 8A8,905-856-8500,2022-01-28,,,2023-11-17 16:40:58,'2023-11-17 16:40:58'),builder,builder,1,0,0,0,0,0,0,0,0
19603,ASCQ Properties Inc,173 Carlton Rd,Unionville,Ontario,L3R 3L7,905-479-7692,2022-01-27,,,2023-11-17 16:40:58,'2023-11-17 16:40:58'),builder,builder,1,0,0,0,0,0,0,0,0
19605,Re/Max Eastern Realty Inc,"91 George St N, 2nd Flr",Peterborough,Ontario,K9J 3G3,705-743-9111,2022-01-27,,,2023-11-17 16:40:58,'2023-11-17 16:40:58'),builder,builder,1,0,0,0,0,0,0,0,0
19606,Chanraj Development Inc,40 Granite Ridge Cres,,,L6R 3H7,,2022-01-26,,,2023-11-17 16:40:58,'2023-11-17 16:40:58'),builder,builder,1,0,0,0,0,0,0,0,0
19616,Collier Homes Inc,"42372 John Wise Line, RR 3",St Thomas,Ontario,N5R 5T5,519-633-9642,2022-01-26,,,2023-11-17 16:40:59,'2023-11-17 16:40:59'),builder,builder,1,0,0,0,0,0,0,0,0
19619,Brick and Beam Property,187 Caribou Rd,North York,Ontario,M2N 2B5,,2022-01-25,,,2023-11-17 16:40:59,'2023-11-17 16:40:59'),builder,builder,1,0,0,0,0,0,0,0,0
19660,RIL Properties Ltd,23 Hamilton Rd,Barrie,Ontario,L4N 8Y6,,2022-01-14,,,2023-11-17 16:41:01,'2023-11-17 16:41:01'),builder,builder,1,0,0,0,0,0,0,0,0
19683,Charleston Homes Ltd,"167 Joliffe Ave, Unit 2",Rockwood,Ontario,N0B 2K0,,2022-01-13,charlestonhomesomaha.com,,2023-12-09 16:47:02,'2023-11-17 16:41:02'),builder,builder,1,0,0,0,0,0,0,0,0
19694,Icon Homes,580 Champagne Dr,Toronto,Ontario,M3J 2T9,416-546-8288,2022-01-11,,,2023-11-17 16:41:02,'2023-11-17 16:41:02'),builder,builder,1,0,0,0,0,0,0,0,0
19706,Applewood Realty Corp,"86 Cloverleaf Dr, RR 5",,,K8N 4Z5,,2022-01-07,,,2023-11-17 16:41:03,'2023-11-17 16:41:03'),builder,builder,1,0,0,0,0,0,0,0,0
19707,JPB Properties Inc,4623 County Rd 9,Napanee,Ontario,K7R 3K8,,2022-01-07,,,2023-11-17 16:41:03,'2023-11-17 16:41:03'),builder,builder,1,0,0,0,0,0,0,0,0
19710,York Developments Strathroy Inc,"303 Richmond St, Ste 201",London,Ontario,N6B 2H8,519-433-7587,2022-01-07,,,2023-11-17 16:41:03,'2023-11-17 16:41:03'),builder,builder,1,0,0,0,0,0,0,0,0
19728,JHW Properties Inc,"1288 Ritson Rd N, Ste 182",Oshawa,Ontario,L1G 8B2,,2022-01-05,,,2023-11-17 16:41:04,'2023-11-17 16:41:04'),builder,builder,1,0,0,0,0,0,0,0,0
19767,Vika Land Development Group Inc,2727 Grand Vista Cir,Nepean,Ontario,K2J 0W5,,2022-07-29,,,2023-11-17 16:41:05,'2023-11-17 16:41:05'),builder,builder,1,0,0,0,0,0,0,0,0
19780,Mountains Development Control,17440 Bathurst St,King,Ontario,L3Y 4V9,,2022-07-28,,,2023-11-17 16:41:06,'2023-11-17 16:41:06'),builder,builder,1,0,0,0,0,0,0,0,0
19798,Capa Properties Inc,1066 Dundas St W,Toronto,Ontario,M6J 1W8,,2022-07-26,,,2023-11-17 16:41:06,'2023-11-17 16:41:06'),builder,builder,1,0,0,0,0,0,0,0,0
19817,Richview Properties Inc,30 Leeward Dr,Brampton,Ontario,L6S 5V7,905-457-1869,2022-07-21,,,2023-11-17 16:41:08,'2023-11-17 16:41:08'),builder,builder,1,0,0,0,0,0,0,0,0
19842,Frisch Development Inc,5 Frisch St,St Thomas,Ontario,N5P 3N3,,2022-07-14,,,2023-11-17 16:41:09,'2023-11-17 16:41:09'),builder,builder,1,0,0,0,0,0,0,0,0
19853,MHJ Developments Corp,"1 Yonge St, Unit 1510",Toronto,Ontario,M5E 1E5,,2022-07-11,,,2023-11-17 16:41:10,'2023-11-17 16:41:10'),builder,builder,1,0,0,0,0,0,0,0,0
19867,Vomano Valley Developments Ltd,137 Bowes Rd,,,L4K 1H3,,2022-07-07,,,2023-11-17 16:41:10,'2023-11-17 16:41:10'),builder,builder,1,0,0,0,0,0,0,0,0
19874,Lekker Homes Inc,4525 Churchill Line,Wyoming,Ontario,N0N 1T0,,2022-07-05,,,2023-11-17 16:41:11,'2023-11-17 16:41:11'),builder,builder,1,0,0,0,0,0,0,0,0
19890,Applewood Realty Corp,"86 Cloverleaf Dr, RR 5",,,K8N 4Z5,,2022-06-30,,,2023-11-17 16:41:12,'2023-11-17 16:41:12'),builder,builder,1,0,0,0,0,0,0,0,0
19903,Northern Lakes Development Inc,92 Gordon Rd,Toronto,Ontario,M2P 1E4,416-449-6613,2022-06-30,,,2023-11-17 16:41:12,'2023-11-17 16:41:12'),builder,builder,1,0,0,0,0,0,0,0,0
19912,Stratford Waterloo Development Inc,14719 Bayham Dr,Tillsonburg,Ontario,N4G 4G8,,2022-06-30,,,2023-11-17 16:41:13,'2023-11-17 16:41:13'),builder,builder,1,0,0,0,0,0,0,0,0
19914,Brundale Fine Homes Ltd,"5-18 Ringwood Dr, Ste 358",Stouffville,Ontario,L4A 0N2,,2022-06-29,,,2023-11-17 16:41:13,'2023-11-17 16:41:13'),builder,builder,1,0,0,0,0,0,0,0,0
19916,ZHX Development Group -,"7100 Woodbine Ave, Ste 405",Markham,Ontario,L3R 5J2,,2022-06-29,,,2023-11-17 16:41:13,'2023-11-17 16:41:13'),builder,builder,1,0,0,0,0,0,0,0,0
19938,Settlers Ridge Developments Inc,,,,K2N 4Z9,,2022-06-24,,,2023-11-17 16:41:15,'2023-11-17 16:41:15'),builder,builder,1,0,0,0,0,0,0,0,0
19939,Belle Homes Inc,34 Maria Rd,Markham,Ontario,L6E 0M1,,2022-06-24,,,2023-11-17 16:41:15,'2023-11-17 16:41:15'),builder,builder,1,0,0,0,0,0,0,0,0
19943,Mulberry Hills Realty Inc,14571 Warden Ave,,,L4A 7X5,,2022-06-24,,,2023-11-17 16:41:15,'2023-11-17 16:41:15'),builder,builder,1,0,0,0,0,0,0,0,0
19949,Scoop Realty Corp,22 Macdonnell Ave,Toronto,Ontario,M6R 2A2,437-912-2008,2022-06-22,,,2023-11-17 16:41:15,'2023-11-17 16:41:15'),builder,builder,1,0,0,0,0,0,0,0,0
19952,Dwight Bay Properties Inc,,,,P0A 1H0,,2022-06-22,,,2023-11-17 16:41:16,'2023-11-17 16:41:16'),builder,builder,1,0,0,0,0,0,0,0,0
19958,Wharf Lane Developments Ltd,315 Main St,Wellington,Ontario,K0K 3L0,,2022-06-21,,,2023-11-17 16:41:16,'2023-11-17 16:41:16'),builder,builder,1,0,0,0,0,0,0,0,0
19979,Central Clear View Developments Inc,57 Fire Route 133,Trent Lakes,Ontario,K0L 1J0,,2022-06-15,,,2023-11-17 16:41:17,'2023-11-17 16:41:17'),builder,builder,1,0,0,0,0,0,0,0,0
19981,Collard Properties Inc,195 King St,Burford,Ontario,N0E 1N0,,2022-06-15,collard.com,,2023-12-02 14:01:46,'2023-11-17 16:41:17'),builder,builder,1,0,0,0,0,0,0,0,0
19989,Oulahen Team ReMax Realtron Realty Inc,"4685 Yonge St, Ste 200",Toronto,Ontario,M2N 5M3,416-222-1212,2022-06-14,,,2023-11-17 16:41:18,'2023-11-17 16:41:18'),builder,builder,1,0,0,0,0,0,0,0,0
20000,ST Homes Inc,16 Napoleon Cres,Brampton,Ontario,L6P 3K5,,2022-06-08,,,2023-11-17 16:41:18,'2023-11-17 16:41:18'),builder,builder,1,0,0,0,0,0,0,0,0
20003,Ocean Sands Developments Ltd,"201 County Court Blvd, Ste 600",,,L6W 4L2,,2022-06-07,,,2023-11-17 16:41:19,'2023-11-17 16:41:19'),builder,builder,1,0,0,0,0,0,0,0,0
20023,Suburban Construction &amp; Management Ltd,1133 Lesperance Rd,Tecumseh,Ontario,N8N 1X3,519-735-1800,2022-06-03,,,2023-11-17 16:41:20,'2023-11-17 16:41:20'),builder,builder,1,0,0,0,0,0,0,0,0
20031,Chestnut Hill Developments,"150 Ferrand Dr, Ste 801",Toronto,Ontario,M3C 3E5,416-499-9995,2022-06-02,,,2023-11-17 16:41:20,'2023-11-17 16:41:20'),builder,builder,1,0,0,0,0,0,0,0,0
20042,Country Homes,401 Vaughan Valley Blvd,Woodbridge,Ontario,L4H 3B5,416-213-7191,2022-06-01,countryhomes.ca,,2023-12-02 14:01:42,'2023-11-17 16:41:21'),builder,builder,1,0,0,0,0,0,0,0,0
20062,Highpark Builders Ltd,173 Delaware Ave,Toronto,Ontario,M6H 2T2,,2022-03-31,,,2023-11-17 16:41:22,'2023-11-17 16:41:22'),builder,builder,1,0,0,0,0,0,0,0,0
20071,ASA Development Inc,"100 Allstate Pkwy, Ste 300",Markham,Ontario,L3R 2G8more info: mi.pdf,,2022-03-31,,,2023-11-17 16:41:23,'2023-11-17 16:41:23'),builder,builder,1,0,0,0,0,0,0,0,0
20074,Montressor Developments Ltd,"155 Wellington St W, 20th Flr",,,M5V 3K7,,2022-03-31,,,2023-11-17 16:41:23,'2023-11-17 16:41:23'),builder,builder,1,0,0,0,0,0,0,0,0
20075,Harry Farber Construction Ltd,"7170 Warden Ave, Unit 16",Markham,Ontario,L3R 8B3,,2022-03-31,,,2023-11-17 16:41:23,'2023-11-17 16:41:23'),builder,builder,1,0,0,0,0,0,0,0,0
20080,Edge Realty Solutions - Fergus,,Fergus,Ontario,N1M 2L4,519-843-7653,2022-03-31,,,2023-11-17 16:41:23,'2023-11-17 16:41:23'),builder,builder,1,0,0,0,0,0,0,0,0
20094,Shiv Developers Ltd,375 Livingstone St W,Barrie,Ontario,L4N 7C6,,2022-03-24,,,2023-11-17 16:41:24,'2023-11-17 16:41:24'),builder,builder,1,0,0,0,0,0,0,0,0
20100,Robbins Properties Ltd,81 Reeve Dr,Markham,Ontario,L3P 6C5,905-554-1450,2022-03-18,robbins-properties.com,,2023-12-02 14:01:42,'2023-11-17 16:41:24'),builder,builder,1,0,0,0,0,0,0,0,0
20108,Calibrex Developments,1135 Stellar Dr,Newmarket,Ontario,L3Y 7B8,289-716-0959,2022-03-17,,,2023-11-17 16:41:24,'2023-11-17 16:41:24'),builder,builder,1,0,0,0,0,0,0,0,0
20130,DeSantis Homes,"13 Windward Dr, Unit 501",Grimsby,Ontario,L3M 0J4,289-235-7484,2022-03-14,,,2023-11-17 16:41:25,'2023-11-17 16:41:25'),builder,builder,1,0,0,0,0,0,0,0,0
20164,Fernbrook Homes,"2220 Highway 7 W, Unit 5",Concord,Ontario,L4K 1W7,416-667-0447,2022-03-03,,,2023-11-17 16:41:27,'2023-11-17 16:41:27'),builder,builder,1,0,0,0,0,0,0,0,0
20170,Stream Side Homes Inc,514 Oxbow Rd,Waterloo,Ontario,N2K 1Y6,,2022-03-03,,,2023-11-17 16:41:27,'2023-11-17 16:41:27'),builder,builder,1,0,0,0,0,0,0,0,0
20180,Ivan Biuk Construction Ltd,1989 Old Mill Rd,Kitchener,Ontario,N2P 1E4,,2022-03-01,,,2023-11-17 16:41:28,'2023-11-17 16:41:28'),builder,builder,1,0,0,0,0,0,0,0,0
20181,Block (Greenbriar) Developments Ltd,"79 Wingold Ave, Unit 7",Toronto,Ontario,M6B 1P8,416-638-4000,2022-03-01,,,2023-11-17 16:41:28,2023-11-17 16:41:28,builder,builder,1,0,0,0,0,0,0,0,0
20211,Elevation Development Inc,57 Wellman Cres,Caledon,Ontario,L7C 3W5,905-846-2274,2022-03-30,,,2023-11-17 16:41:29,'2023-11-17 16:41:29'),builder,builder,1,0,0,0,0,0,0,0,0
20217,Edenshaw Toronto Developments Ltd,129 Lakeshore Rd E,Mississauga,Ontario,L5G 1E5,905-990-3500,2022-03-30,,,2023-11-17 16:41:29,'2023-11-17 16:41:29'),builder,builder,1,0,0,0,0,0,0,0,0
20218,Twelve Stone Homes,2 Farr Ave,Sharon,Ontario,L0G 1V0,905-657-9184,2022-03-29,,,2023-11-17 16:41:29,'2023-11-17 16:41:29'),builder,builder,1,0,0,0,0,0,0,0,0
20219,Quality of Homelife Properties Inc,16 Awesome Again Lane,Aurora,Ontario,L4G 7Y7,,2022-03-28,,,2023-11-17 16:41:30,'2023-11-17 16:41:30'),builder,builder,1,0,0,0,0,0,0,0,0
20227,Mill Almonte Property Inc,590 Queen Elizabeth Driveway,Ottawa,Ontario,K1S 3N5,,2022-03-22,,,2023-11-17 16:41:30,'2023-11-17 16:41:30'),builder,builder,1,0,0,0,0,0,0,0,0
20238,J Blackburn Construction Ltd,91 Cornelia St W,,,K7A 5L3,,2022-03-15,,,2023-11-17 16:41:31,'2023-11-17 16:41:31'),builder,builder,1,0,0,0,0,0,0,0,0
20263,Property Force (Canada) Inc,10 Arjay Cres,,,M2L 1C7,,2022-03-03,,,2023-11-17 16:41:32,'2023-11-17 16:41:32'),builder,builder,1,0,0,0,0,0,0,0,0
20271,AN Residential Inc,15 Grafton Cres,Brampton,Ontario,L6P 0L9,,2022-03-01,,,2023-11-17 16:41:32,'2023-11-17 16:41:32'),builder,builder,1,0,0,0,0,0,0,0,0
20284,12717 Ninth Line Development Inc,12717 Ninth Line,,,L4A 2Z8,,2022-05-31,,,2023-11-17 16:41:33,'2023-11-17 16:41:33'),builder,builder,1,0,0,0,0,0,0,0,0
20291,Bolton Summit Developments Inc,6198 Tremaine Ct,Mississauga,Ontario,L5V 1B5,,2022-05-31,,,2023-11-17 16:41:33,'2023-11-17 16:41:33'),builder,builder,1,0,0,0,0,0,0,0,0
20300,Lauderdale Developments Inc,,Brantford,Ontario,N3T 5N9,,2022-05-30,,,2023-11-17 16:41:33,'2023-11-17 16:41:33'),builder,builder,1,0,0,0,0,0,0,0,0
20301,Haggerty Homes Inc,"20 Roy Blvd, Unit 20",Brantford,Ontario,N3R 7K2,,2022-05-30,,,2023-11-17 16:41:33,'2023-11-17 16:41:33'),builder,builder,1,0,0,0,0,0,0,0,0
20320,Embrun Building Centre Inc,491 St Thomas,,,K0A 1W0,,2022-05-24,,,2023-11-17 16:41:34,'2023-11-17 16:41:34'),builder,builder,1,0,0,0,0,0,0,0,0
20325,1103 Dufferin Development Inc,52 McMurray Ave,Toronto,Ontario,M6P 2T1more info: mi.pdf,,2022-05-20,,,2023-11-17 16:41:35,'2023-11-17 16:41:35'),builder,builder,1,0,0,0,0,0,0,0,0
20345,Goldenhalf Homes Inc,1577 Elite Rd,Mississauga,Ontario,L5J 3B3,,2022-05-17,,,2023-11-17 16:41:36,'2023-11-17 16:41:36'),builder,builder,1,0,0,0,0,0,0,0,0
20361,Brookfield Residential Ltd,"3381 Steeles Ave E, Ste 100",Toronto,Ontario,M2H 3S7,905-477-5111,2022-05-12,,,2023-11-17 16:41:36,'2023-11-17 16:41:36'),builder,builder,1,0,0,0,0,0,0,0,0
20362,Circle View Realty Inc,130 Poyntz Ave,Toronto,Ontario,M2N 1J4,,2022-05-12,,,2023-11-17 16:41:36,'2023-11-17 16:41:36'),builder,builder,1,0,0,0,0,0,0,0,0
20380,Double J Development Corp Ltd,3290 Credit Heights Dr,,,L5C 2L7,,2022-05-06,,,2023-11-17 16:41:37,'2023-11-17 16:41:37'),builder,builder,1,0,0,0,0,0,0,0,0
20394,Exclusive Homes London Ltd,420 York St,London,Ontario,N6B 1R1,,2022-05-03,,,2023-11-17 16:41:38,'2023-11-17 16:41:38'),builder,builder,1,0,0,0,0,0,0,0,0
20399,Leading Edge Property Developments Inc,4995 Lloydtown-Aurora Rd,King,Ontario,L7B 0E2,,2022-05-02,,,2023-11-17 16:41:38,'2023-11-17 16:41:38'),builder,builder,1,0,0,0,0,0,0,0,0
20419,Barry&#039;s Construction and Insulation Ltd,"7839 Hwy 21, PO Box 30",Allenford,Ontario,N0H 1A0,519-934-3374,2022-05-31,,,2023-11-17 16:41:39,'2023-11-17 16:41:39'),builder,builder,1,0,0,0,0,0,0,0,0
20425,GFJ Civil Construction Inc,15289 The Gore Rd,,,L7E 0X2,,2022-05-27,,,2023-11-17 16:41:40,'2023-11-17 16:41:40'),builder,builder,1,0,0,0,0,0,0,0,0
20431,Davenport Construction Co,74 Haist Ave,Woodbridge,Ontario,L4L 5V4,905-851-7600,2022-05-26,adconstructors.com,,2023-12-02 14:01:48,'2023-11-17 16:41:40'),builder,builder,1,0,0,0,0,0,0,0,0
20465,Staikos Homes (2014) Ltd,6 Wims Way,Belleville,Ontario,K8N 0H8,613-967-6560,2022-05-09,,,2023-11-17 16:41:42,'2023-11-17 16:41:42'),builder,builder,1,0,0,0,0,0,0,0,0
20468,Jenland Properties Ltd,57 Cannifton Rd,,,K8N 4V1,,2022-05-06,,,2023-11-17 16:41:42,'2023-11-17 16:41:42'),builder,builder,1,0,0,0,0,0,0,0,0
20470,Shiv Development Inc,1 Leo Austin Rd,Brampton,Ontario,L6P 4C1,,2022-05-06,,,2023-11-17 16:41:42,'2023-11-17 16:41:42'),builder,builder,1,0,0,0,0,0,0,0,0
20472,Le Group Developments Inc,131 Gore St,,,N9V 1K8,,2022-05-06,,,2023-11-17 16:41:42,'2023-11-17 16:41:42'),builder,builder,1,0,0,0,0,0,0,0,0
20476,97 Trinity Property Inc,"1075 Bay St, Ste 400",,,M5S 2B1,,2022-05-05,,,2023-11-17 16:41:42,'2023-11-17 16:41:42'),builder,builder,1,0,0,0,0,0,0,0,0
20485,Southside Construction Management Ltd,75 Blackfriars St,London,Ontario,N6H 1K8,519-433-0634,2022-05-02,,,2023-11-17 16:41:43,'2023-11-17 16:41:43'),builder,builder,1,0,0,0,0,0,0,0,0
20489,Waterloo Daycare Properties,368 Erb St W,Waterloo,Ontario,N2L 1W6,,2022-11-30,,,2023-11-17 16:41:43,'2023-11-17 16:41:43'),builder,builder,1,0,0,0,0,0,0,0,0
20504,SJO Properties Inc,24 Manor Glen Cres,,,L0G 1M0,,2022-11-24,,,2023-11-17 16:41:44,'2023-11-17 16:41:44'),builder,builder,1,0,0,0,0,0,0,0,0
20545,Fonthill Fuel and Builders Supplies Ltd,,,,L0S 1E0,,2022-11-02,,,2023-11-17 16:41:48,'2023-11-17 16:41:48'),builder,builder,1,0,0,0,0,0,0,0,0
20546,905 Developments Inc,1767 Gregory Rd,St Catharines,Ontario,L2R 6P9,,2022-11-02,,,2023-11-17 16:41:48,'2023-11-17 16:41:48'),builder,builder,1,0,0,0,0,0,0,0,0
20551,Country Homes,401 Vaughan Valley Blvd,Woodbridge,Ontario,L4H 3B5,416-213-7191,2022-11-01,,,2023-11-17 16:41:49,'2023-11-17 16:41:49'),builder,builder,1,0,0,0,0,0,0,0,0
20563,OLV Developments Inc,53 Forsythe St,Oakville,Ontario,L6K 3R7,,2022-10-20,,,2023-11-17 16:41:50,'2023-11-17 16:41:50'),builder,builder,1,0,0,0,0,0,0,0,0
20568,Karicin Construction (Woodstock) Ltd,564821 Karn Rd,Woodstock,Ontario,N4S 7V6,,2022-10-14,,,2023-11-17 16:41:51,'2023-11-17 16:41:51'),builder,builder,1,0,0,0,0,0,0,0,0
20577,Dom9 Realty Ltd,"120 Eglinton Ave E, Ste 500",Toronto,Ontario,M4P 1E2,,2022-10-12,,,2023-11-17 16:41:52,'2023-11-17 16:41:52'),builder,builder,1,0,0,0,0,0,0,0,0
20586,Freeman Properties Inc,7 Upper Wellington St,Simcoe,Ontario,N3Y 0A9,,2022-09-30,,,2023-11-17 16:41:54,'2023-11-17 16:41:54'),builder,builder,1,0,0,0,0,0,0,0,0
20600,Nocalisa Developments Inc,"82 Lake St, Ste 200",St Catharines,Ontario,L2R 5X4,,2022-09-29,,,2023-11-17 16:41:54,'2023-11-17 16:41:54'),builder,builder,1,0,0,0,0,0,0,0,0
20617,Lankor Horizons Development Inc,,Windsor,Ontario,N9A 4L2,,2022-09-26,horizoninvestments.com,,2024-04-16 14:48:42,'2023-11-17 16:41:55'),builder,builder,1,0,0,0,0,0,0,0,0
20620,AG Properties Inc,39 Lorimer St,,,L0S 1E3,,2022-09-23,,,2023-11-17 16:41:55,'2023-11-17 16:41:55'),builder,builder,1,0,0,0,0,0,0,0,0
20628,Sunrise Property Group Inc,150 Thorold Rd,Welland,Ontario,L3C 3V4,,2022-09-09,,,2023-11-17 16:41:58,'2023-11-17 16:41:58'),builder,builder,1,0,0,0,0,0,0,0,0
20666,Stateview Homes (Bea Towns) Inc,"410 Chrislea Rd, Unit 16",Vaughan,Ontario,L4L 8B5,905-851-1849,2022-04-19,,,2023-11-21 20:55:53,'2023-11-21 20:55:53'),builder,builder,1,0,0,0,0,0,0,0,0
20682,Long Rock Developments Inc,"3080 Yonge St, Ste 6010",Toronto,Ontario,M4N 3N1,,2022-04-11,,,2023-11-21 20:55:53,'2023-11-21 20:55:53'),builder,builder,1,0,0,0,0,0,0,0,0
20686,HPB Birchmount Realty Inc,"60 Bloor St W, Ste 406",Toronto,Ontario,M4S 3B8,416-203-7538,2022-04-06,,,2023-11-21 20:55:54,'2023-11-21 20:55:54'),builder,builder,1,0,0,0,0,0,0,0,0
20689,Barvest Realty Inc,725 Baransway Dr,,,N5V 5G4,,2022-04-05,,,2023-11-21 20:55:54,'2023-11-21 20:55:54'),builder,builder,1,0,0,0,0,0,0,0,0
20691,Guardiaregia Developments Inc,2921 Langstaff Rd,,,L4K 4W7,,2022-04-04,,,2023-11-21 20:55:55,'2023-11-21 20:55:55'),builder,builder,1,0,0,0,0,0,0,0,0
20711,Jata Holmes Avenue Development Ltd,"96 St Patrick St, Unit 308",Toronto,Ontario,M5T 1V2,,2022-05-02,,,2023-11-21 20:56:22,'2023-11-21 20:56:22'),builder,builder,1,0,0,0,0,0,0,0,0
20715,Beystone Properties Ltd,,,,,,2022-05-02,,,2023-11-21 20:56:22,'2023-11-21 20:56:22'),builder,builder,1,0,0,0,0,0,0,0,0
20717,Mountainview Developments Gen-II Ltd,"3350 Merrittville Hwy, Ste 9",Thorold,Ontario,L2V 4Y6,905-688-3100,2022-08-09,,,2023-11-22 13:11:18,'2023-11-22 13:11:18'),builder,builder,1,0,0,0,0,0,0,0,0
20719,Maple Brook Homes Ltd,"304 Toronto St S, Ste 207",Uxbridge,Ontario,L9P 1Y2,,2022-08-08,,,2023-11-22 13:11:18,'2023-11-22 13:11:18'),builder,builder,1,0,0,0,0,0,0,0,0
20728,Bluestone Properties Inc,"130 Dufferin Ave, Suite 105",London,Ontario,N6A 5R2,519-433-0391,2022-10-07,,,2023-11-22 13:11:33,'2023-11-22 13:11:33'),builder,builder,1,0,0,0,0,0,0,0,0
20735,Rymall Construction,25 High Meadow Place,Toronto,Ontario,M9L 0A3,905-761-0707,2021-04-30,,,2023-11-24 21:40:18,'2023-11-24 21:40:18'),builder,builder,1,0,0,0,0,0,0,0,0
20737,WAM Development Group,"333 Bay St, Ste 2710",Toronto,Ontario,M5H 2R2,647-256-1014,2021-04-30,,,2023-11-24 21:40:18,'2023-11-24 21:40:18'),builder,builder,1,0,0,0,0,0,0,0,0
20741,Rock Garden Development Corp,7110 4th Line,Tottenham,Ontario,L0G 1W0,,2021-04-29,,,2023-11-24 21:40:19,'2023-11-24 21:40:19'),builder,builder,1,0,0,0,0,0,0,0,0
20749,Country Wide Homes at Berczy Inc,1500 Highway 7,Vaughan,Ontario,L4K 5Y4,905-907-1500,2021-04-23,,,2023-11-24 21:40:19,'2023-11-24 21:40:19'),builder,builder,1,0,0,0,0,0,0,0,0
20755,Sandlark Developments Inc,"5205 Harvester Rd, Unit 9A",Burlington,Ontario,K7L 6B5,905-333-0454,2021-04-20,,,2023-11-24 21:40:20,'2023-11-24 21:40:20'),builder,builder,1,0,0,0,0,0,0,0,0
20761,Diam Contractors Ltd,111 Princess Anne Cres,Etobicoke,Ontario,M9A 2R1,416-233-4289,2021-04-15,,,2023-11-24 21:40:20,'2023-11-24 21:40:20'),builder,builder,1,0,0,0,0,0,0,0,0
20762,Argo (Joshua Creek) Developments Ltd,"4900 Palladium Way, Unit 105",Burlington,Ontario,L7M 0W7,905-336-5545,2021-04-15,,,2023-11-24 21:40:20,'2023-11-24 21:40:20'),builder,builder,1,0,0,0,0,0,0,0,0
20763,Steele Valley Developments Ltd,"2104 Highway 7, Unit 28",Concord,Ontario,L4K 2S9,905-738-6255,2021-04-15,,,2023-11-24 21:40:20,'2023-11-24 21:40:20'),builder,builder,1,0,0,0,0,0,0,0,0
20767,Castle Glen Development Corp,9488 McCowan Rd,Markham,Ontario,L3J 3J3,905-294-0535,2021-04-14,,,2023-11-24 21:40:21,'2023-11-24 21:40:21'),builder,builder,1,0,0,0,0,0,0,0,0
20768,Fengate Homestead Nominee Inc,"77 King St W, Ste 4230",Toronto,Ontario,M5K 1H1,416-488-4184,2021-04-14,,,2023-11-24 21:40:21,'2023-11-24 21:40:21'),builder,builder,1,0,0,0,0,0,0,0,0
20780,Premium Properties 396 Inc  416-4833400,"36 Eglinton Ave W, 7th Flr",Toronto,Ontario,M4R 1A1,,2021-04-01,,,2023-11-24 21:40:22,'2023-11-24 21:40:22'),builder,builder,1,0,0,0,0,0,0,0,0
20802,DiBattista Gambin Development Ltd,"1090 Dundas St E, Ste 201",Mississauga,Ontario,L4Y 2B8,416-747-9437,2021-08-31,,,2023-11-24 21:40:24,'2023-11-24 21:40:24'),builder,builder,1,0,0,0,0,0,0,0,0
20823,Viscount Properties,100 Piccadilly St,London,Ontario,N6A 1R8,519-672-5440,2021-08-23,,,2023-11-24 21:40:26,'2023-11-24 21:40:26'),builder,builder,1,0,0,0,0,0,0,0,0
20832,Bridgeburg Developments Inc,"636 Edward Ave, Ste 14",Richmond Hill,Ontario,L4C 0V4,905-737-4477,2021-08-16,,,2023-11-24 21:40:27,'2023-11-24 21:40:27'),builder,builder,1,0,0,0,0,0,0,0,0
20835,Magur Construction Ltd,454 Woburn Ave,North York,Ontario,M5M 1L1,,2021-08-16,,,2023-11-24 21:40:27,'2023-11-24 21:40:27'),builder,builder,1,0,0,0,0,0,0,0,0
20836,Innisfil Beach Residential Group Inc,"200 Yorkland Blvd, Unit 600",Toronto,Ontario,M2J 5C1,,2021-08-16,,,2023-11-24 21:40:27,'2023-11-24 21:40:27'),builder,builder,1,0,0,0,0,0,0,0,0
20837,Cachet Developments (Stratford) Inc,"361 Connie Cres, Ste 200",Concord,Ontario,L4K 5R2,905-764-1983,2021-08-16,,,2023-11-24 21:40:27,'2023-11-24 21:40:27'),builder,builder,1,0,0,0,0,0,0,0,0
20851,Ibans Developments Ltd,4 Honour Oak Cres,Brampton,Ontario,L6Y 2Y4,289-752-4963,2021-08-09,,,2023-11-24 21:40:28,'2023-11-24 21:40:28'),builder,builder,1,0,0,0,0,0,0,0,0
20858,Lamb Development Corp,778 King St W,Toronto,Ontario,M5V 1N6,416-368-5262,2021-08-04,,,2023-11-24 21:40:29,'2023-11-24 21:40:29'),builder,builder,1,0,0,0,0,0,0,0,0
20865,5330-5332-5334 Yonge Development Inc,"350 Highway 7 E, Ste 307",,,L4B 3N2,,2021-12-30,,,2023-11-24 21:40:29,'2023-11-24 21:40:29'),builder,builder,1,0,0,0,0,0,0,0,0
20867,JDF Builders Ltd,176 Toryork Dr,,,M9L 1X6,,2021-12-29,,,2023-11-24 21:40:29,'2023-11-24 21:40:29'),builder,builder,1,0,0,0,0,0,0,0,0
20890,Fruitland Developments Inc,,Niagara Falls,Ontario,L2E 6B1,,2021-12-20,,,2023-11-24 21:40:31,'2023-11-24 21:40:31'),builder,builder,1,0,0,0,0,0,0,0,0
20900,Averton Homes,"161 Pennsylvania Ave, Ste 5",Vaughan,Ontario,L4K 1C3,416-740-5544,2021-12-16,,,2023-11-24 21:40:33,'2023-11-24 21:40:33'),builder,builder,1,0,0,0,0,0,0,0,0
20920,Mega Vista Real Estate Development Inc,"130 Queens Quay E, Ste 1120",Toronto,Ontario,M5A 0P6,,2021-12-14,,,2023-11-24 21:40:34,'2023-11-24 21:40:34'),builder,builder,1,0,0,0,0,0,0,0,0
20921,Switch Health Properties Inc,2600 Matheson Blvd E,Mississauga,Ontario,L4W 4J1,647-977-1030,2021-12-14,,,2023-11-24 21:40:34,'2023-11-24 21:40:34'),builder,builder,1,0,0,0,0,0,0,0,0
20923,3471 Sheppard Developments Inc,12B Maureen Dr,North York,Ontario,M2K 1J8,,2021-12-14,,,2023-11-24 21:40:34,'2023-11-24 21:40:34'),builder,builder,1,0,0,0,0,0,0,0,0
20941,6200 Yonge Developments Ltd,"255 Duncan Mill Rd, Ste 710",Toronto,Ontario,M3B 3H9,,2021-12-09,,,2023-11-24 21:40:35,'2023-11-24 21:40:35'),builder,builder,1,0,0,0,0,0,0,0,0
20946,Freed Development Corp,"552 Wellington St W, Ste 1500",Toronto,Ontario,M5V 2V5,416-781-5699,2021-12-08,,,2023-11-24 21:40:36,'2023-11-24 21:40:36'),builder,builder,1,0,0,0,0,0,0,0,0
20948,Skyline Blue Mountain Development Inc,"36 King St E, Ste 700",Toronto,Ontario,M5C 2L9,416-368-2565,2021-12-08,,,2023-11-24 21:40:36,'2023-11-24 21:40:36'),builder,builder,1,0,0,0,0,0,0,0,0
20953,Gibor Construction Ltd,"3845 Bathurst St, Ste 102",Toronto,Ontario,M3H 3N2,416-638-6700,2021-12-07,,,2023-11-24 21:40:36,'2023-11-24 21:40:36'),builder,builder,1,0,0,0,0,0,0,0,0
20955,Northam Realty Advisors,"2 Carlton St, Ste 909",Toronto,Ontario,M5B 1J3,416-977-7151,2021-12-03,,,2023-11-24 21:40:36,'2023-11-24 21:40:36'),builder,builder,1,0,0,0,0,0,0,0,0
20963,Rodeo Homes,"70 Gibson Dr, Unit 13",Markham,Ontario,L3r 4C2,905-475-7893,2021-12-01,,,2023-11-24 21:40:37,'2023-11-24 21:40:37'),builder,builder,1,0,0,0,0,0,0,0,0
20983,Cachet Developments (Mt Pleasant) Inc,"361 Connie Cres, Ste 200",Concord,Ontario,L4K 5R2,905-764-1983,2021-02-24,,,2023-11-24 21:40:38,'2023-11-24 21:40:38'),builder,builder,1,0,0,0,0,0,0,0,0
20989,Grand York Properties Ltd,2 Hostein Dr,Ancaster,Ontario,L9G 2S5,905-648-4725,2021-02-19,,,2023-11-24 21:40:39,'2023-11-24 21:40:39'),builder,builder,1,0,0,0,0,0,0,0,0
21007,Freeland Developments Ltd,116 Boston Cres,Hamilton,Ontario,L8T 4N2,,2021-02-01,,,2023-11-24 21:40:41,'2023-11-24 21:40:41'),builder,builder,1,0,0,0,0,0,0,0,0
21013,CJCB Properties 2020 Inc,"65 Cedar Point Dr, Ste 104",Barrie,Ontario,L4N 9R3,,2021-01-28,,,2023-11-24 21:40:41,'2023-11-24 21:40:41'),builder,builder,1,0,0,0,0,0,0,0,0
21020,Choice Properties PRC Brampton,"22 St Clair Ave E, Ste 800",Toronto,Ontario,M4T 2S5,416-628-7771,2021-01-19,,,2023-11-24 21:40:42,'2023-11-24 21:40:42'),builder,builder,1,0,0,0,0,0,0,0,0
21026,Wingarden Development Corp,"23 Lesmill Rd, Ste 111",Toronto,Ontario,M3B 3P6,416-291-1613,2021-01-18,,,2023-11-24 21:40:43,'2023-11-24 21:40:43'),builder,builder,1,0,0,0,0,0,0,0,0
21062,Beaux Properties,"5140 Yonge St, Ste 2360",Toronto,Ontario,M2N 6L7,647-501-7368,2021-07-23,,,2023-11-24 21:40:46,'2023-11-24 21:40:46'),builder,builder,1,0,0,0,0,0,0,0,0
21064,Cresford Developments,"250 Merton St, Ste 203",Toronto,Ontario,M4S 1B1,416-971-7557,2021-07-22,,,2023-11-30 15:35:32,'2023-11-24 21:40:46'),builder,builder,1,0,0,0,0,0,0,0,0
21070,Elise Developments Inc,"30 Floral Pkwy, Ste 300",Concord,Ontario,L4K 4R1,,2021-07-20,,,2023-11-24 21:40:46,'2023-11-24 21:40:46'),builder,builder,1,0,0,0,0,0,0,0,0
21073,Bond Head Property Seven Inc,"30 Floral Pkwy, Ste 300",Concord,Ontario,L4K 4R1,,2021-07-20,,,2023-11-24 21:40:47,'2023-11-24 21:40:47'),builder,builder,1,0,0,0,0,0,0,0,0
21074,Bond Head Property Seven Inc,"30 Floral Pkwy, Ste 300",Concord,Ontario,L4K 4R1,,2021-07-20,,,2023-11-24 21:40:47,'2023-11-24 21:40:47'),builder,builder,1,0,0,0,0,0,0,0,0
21075,Squareco Properties Inc,"1550 Kingston Rd, Ste 300",Pickering,Ontario,L1V 1C3,905-839-0000,2021-07-20,,,2023-11-24 21:40:47,'2023-11-24 21:40:47'),builder,builder,1,0,0,0,0,0,0,0,0
21077,Bond Head Property Ten Inc,"30 Floral Pkwy, Ste 300",Concord,Ontario,L4K 4R1,,2021-07-20,,,2023-11-24 21:40:47,'2023-11-24 21:40:47'),builder,builder,1,0,0,0,0,0,0,0,0
21078,Bond Head Property Ten Inc,"30 Floral Pkwy, Ste 300",Concord,Ontario,L4K 4R1,,2021-07-20,,,2023-11-24 21:40:47,'2023-11-24 21:40:47'),builder,builder,1,0,0,0,0,0,0,0,0
21081,Bond Head Property Eight Inc,"30 Floral Pkwy, Ste 300",Concord,Ontario,L4K 4R1,,2021-07-20,,,2023-11-24 21:40:47,'2023-11-24 21:40:47'),builder,builder,1,0,0,0,0,0,0,0,0
21082,Bond Head Property Eight Inc,"30 Floral Pkwy, Ste 300",Concord,Ontario,L4K 4R1,,2021-07-20,,,2023-11-24 21:40:47,'2023-11-24 21:40:47'),builder,builder,1,0,0,0,0,0,0,0,0
21091,Millford Development Ltd,75 Artisian Industrial Pkwy,Bradford,Ontario,L3Z 3G4,905-778-1550,2021-07-15,,,2023-11-24 21:40:48,'2023-11-24 21:40:48'),builder,builder,1,0,0,0,0,0,0,0,0
21097,United Republic of Properties Ltd,"211 St Patrick St, Ste 304C",Toronto,Ontario,M5T 2Y9,,2021-07-15,,,2023-11-24 21:40:49,'2023-11-24 21:40:49'),builder,builder,1,0,0,0,0,0,0,0,0
21105,Steele Valley Developments,"2104 Highway 7 W, Unit 28",Vaughan,Ontario,L4K 2S9,905-738-6255,2021-07-12,,,2023-11-24 21:40:50,'2023-11-24 21:40:50'),builder,builder,1,0,0,0,0,0,0,0,0
21120,Gillin Engineering &amp; Construction,"141 Laurier Ave W, Ste 1200",Ottawa,Ontario,K1P 5J3,613-232-1143,2021-06-30,,,2023-11-24 21:40:51,'2023-11-24 21:40:51'),builder,builder,1,0,0,0,0,0,0,0,0
21121,161 Laurier Properties GP inc,,Ottawa,Ontario,K1Y 2E9,,2021-06-30,,,2023-11-24 21:40:51,'2023-11-24 21:40:51'),builder,builder,1,0,0,0,0,0,0,0,0
21129,123 Metcalfe Properties GP Inc,,Ottawa,Ontario,K1Y 2E9,,2021-06-30,,,2023-11-24 21:40:52,'2023-11-24 21:40:52'),builder,builder,1,0,0,0,0,0,0,0,0
21133,TACC Developments (Gore Rd) Ltd,270 Chrislea Rd,Woodbridge,Ontario,L4L 8A8,905-760-7300,2021-06-29,,,2023-11-24 21:40:52,'2023-11-24 21:40:52'),builder,builder,1,0,0,0,0,0,0,0,0
21136,33 Laird Development Inc,"266 King St W, Ste 405",Toronto,Ontario,M5V 1H8,,2021-06-28,,,2023-11-24 21:40:53,'2023-11-24 21:40:53'),builder,builder,1,0,0,0,0,0,0,0,0
21152,Halminen Homes,290 Lake Rd,Bowmanville,Ontario,L1C 4P8,905-436-2600,2021-06-21,halminenhomes.com,,2023-12-04 13:18:54,'2023-11-24 21:40:54'),builder,builder,1,0,0,0,0,0,0,0,0
21159,Block (Keele Eglinton) Developments Ltd,"79 Wingold Ave, Unit 7",Toronto,Ontario,M6B 1P8,416-638-4000,2021-06-14,,,2023-11-24 21:40:55,'2023-11-24 21:40:55'),builder,builder,1,0,0,0,0,0,0,0,0
21160,Accu Realty Inc,2900 Portland Dr,Oakville,Ontario,L6H 5W8,905-829-2505,2021-06-11,,,2023-11-24 21:40:55,'2023-11-24 21:40:55'),builder,builder,1,0,0,0,0,0,0,0,0
21168,Redwood Properties - Preston Homes,"330 New Huntington Rd, Ste 201",Woodbridge,Ontario,L4H 4C9,905-856-7774,2021-06-04,prestonrecruitment.com,,2023-12-11 14:20:49,'2023-11-24 21:40:56'),builder,builder,1,0,0,0,0,0,0,0,0
21170,Sundial Homes (Caledon) Ltd,"4576 Yonge St, Suite 500",Toronto,Ontario,M2N 6N4,416-224-1200,2021-06-03,,,2023-11-24 21:40:56,'2023-11-24 21:40:56'),builder,builder,1,0,0,0,0,0,0,0,0
21171,Pratt Homes,301 King St,Barrie,Ontario,L4N 6B5,705-792-3883,2021-06-02,,,2023-11-24 21:40:56,'2023-11-24 21:40:56'),builder,builder,1,0,0,0,0,0,0,0,0
21179,N3 Properties Inc,"170 Shields Cr, Unit 2",Markham,Ontario,L3R 9T5,,2021-03-30,,,2023-11-24 21:40:57,'2023-11-24 21:40:57'),builder,builder,1,0,0,0,0,0,0,0,0
21185,Sleek Developments Inc,,St David&#039;s,Ontario,L0S 1P0,,2021-03-26,,,2023-11-24 21:40:58,'2023-11-24 21:40:58'),builder,builder,1,0,0,0,0,0,0,0,0
21192,Vector (Steeles West) Properties Ltd,"245 Eglinton Ave E, Ste 400",Toronto,Ontario,M4P 3B7,416-483-8018,2021-03-19,,,2023-11-24 21:40:59,'2023-11-24 21:40:59'),builder,builder,1,0,0,0,0,0,0,0,0
21193,Sutton Group - Admiral Realty Inc,"1206 Centre St, Ste 100",Thornhill,Ontario,L4J 3M9,416-739-7200,2021-03-19,sutton.com,,2023-12-09 16:47:13,'2023-11-24 21:40:59'),builder,builder,1,0,0,0,0,0,0,0,0
21198,Curlew Properties Inc,"5075 Yonge St, Ste 900",Toronto,Ontario,M2N 6C6,416-222-0344,2021-03-12,,,2023-11-24 21:40:59,'2023-11-24 21:40:59'),builder,builder,1,0,0,0,0,0,0,0,0
21202,Cachet Developments (Woodstock) Inc,"361 Connie Cres, Ste 200",Concord,Ontario,L4K 5R2,905-764-1983,2021-03-11,,,2023-11-24 21:40:59,'2023-11-24 21:40:59'),builder,builder,1,0,0,0,0,0,0,0,0
21203,Rice Development Group,7735 Kennedy Rd S,Brampton,Ontario,L6W 0B9,905-796-3630,2021-03-10,,,2023-11-24 21:41:00,'2023-11-24 21:41:00'),builder,builder,1,0,0,0,0,0,0,0,0
21206,Invar Building Corp,"220 Duncan Mill Rd, Ste 301",Toronto,Ontario,M3B 3J5,416-441-9855,2021-03-02,,,2023-11-24 21:41:00,'2023-11-24 21:41:00'),builder,builder,1,0,0,0,0,0,0,0,0
21211,Wantage Developments Inc,1559 Alta Vista Dr,Ottawa,Ontario,K1G 5T7,,2021-03-01,,,2023-11-24 21:41:00,'2023-11-24 21:41:00'),builder,builder,1,0,0,0,0,0,0,0,0
21229,Crescent School Properties,2365 Bayview Ave,Toronto,Ontario,M2L 1A2,416-449-2556,2021-05-26,,,2023-11-24 21:41:02,'2023-11-24 21:41:02'),builder,builder,1,0,0,0,0,0,0,0,0
21237,Marz Homes,"825 North Service Rd, Ste 200",Stoney Creek,Ontario,L8E 0J7,905-662-3039,2021-05-18,,,2023-11-24 21:41:03,'2023-11-24 21:41:03'),builder,builder,1,0,0,0,0,0,0,0,0
21243,Supertrain Properties Inc,"1065 Canadian Place, Ste 113",Mississauga,Ontario,L4W 0B8,,2021-05-12,,,2023-11-24 21:41:03,'2023-11-24 21:41:03'),builder,builder,1,0,0,0,0,0,0,0,0
21246,TACC Developments (Block 41) Inc,270 Chrislea Rd,Woodbridge,Ontario,L4L 8A8,905-760-7300,2021-05-07,,,2023-11-24 21:41:04,'2023-11-24 21:41:04'),builder,builder,1,0,0,0,0,0,0,0,0
21253,Avalon Developments Inc,137 Steeles Ave W,Brampton,Ontario,L6Y 0B5,,2021-05-05,,,2023-11-24 21:41:04,'2023-11-24 21:41:04'),builder,builder,1,0,0,0,0,0,0,0,0
21257,Am-Cap Realty Ltd,"220 Duncan Mill Rd, Ste 301",Toronto,Ontario,M3B 3J5,,2021-05-04,,,2023-11-24 21:41:05,'2023-11-24 21:41:05'),builder,builder,1,0,0,0,0,0,0,0,0
21266,Century Building Restoration Inc,395 Steelcase Rd E,Markham,Ontario,L3R 1G3,905-415-7793,2021-05-03,,,2023-11-24 21:41:05,'2023-11-24 21:41:05'),builder,builder,1,0,0,0,0,0,0,0,0
21268,Rareland Development Inc,83 Westwood Lane,Richmond Hill,Ontario,L4C 6X7,,2021-05-03,,,2023-11-24 21:41:05,'2023-11-24 21:41:05'),builder,builder,1,0,0,0,0,0,0,0,0
21301,Cachet Developments (Binbrook) Inc,"361 Connie Cres, Ste 200",Concord,Ontario,L4K 5R2,905-764-1983,2021-11-16,,,2023-11-24 21:41:07,'2023-11-24 21:41:07'),builder,builder,1,0,0,0,0,0,0,0,0
21315,Gold Park Homes,"3300 Hioghway 7, Ste 400",Concord,Ontario,L4K 4M3,905-760-9595,2021-11-04,,,2023-11-24 21:41:09,'2023-11-24 21:41:09'),builder,builder,1,0,0,0,0,0,0,0,0
21321,Tribute Homes,"1815 Ironstone Manor, Unit 1",Pickering,Ontario,L1W 3W9,905-839-3500,2021-11-02,,,2023-11-24 21:41:09,'2023-11-24 21:41:09'),builder,builder,1,0,0,0,0,0,0,0,0
21340,Amber Mark Properties Ltd,48A Chestnut Park Rd,Toronto,Ontario,M4W 1W8,,2021-11-01,,,2023-11-24 21:41:10,'2023-11-24 21:41:10'),builder,builder,1,0,0,0,0,0,0,0,0
21341,Sakura Development Inc,"80 Nashdene Rd, Ste F231",Toronto,Ontario,M1V 5E4,,2021-11-01,,,2023-11-24 21:41:10,'2023-11-24 21:41:10'),builder,builder,1,0,0,0,0,0,0,0,0
21370,Humbold Properties Ltd,"1120 Finch Ave W, Ste 100",Toronto,Ontario,M3J 3H7,416-661-6707,2021-10-12,humboldproperties.com,,2023-12-02 14:02:01,'2023-11-25 11:20:28'),builder,builder,1,0,0,0,0,0,0,0,0
21371,Stateview Homes (Minu Towns) Inc,"410 Chrislea Rd, Unit 16",Woodbridge,Ontario,L4L 8B5,905-851-1849,2021-10-12,,,2023-11-25 11:20:28,'2023-11-25 11:20:28'),builder,builder,1,0,0,0,0,0,0,0,0
21383,Pratt Homes,301 King St,Barrie,Ontario,L4N 6B5,705-792-3883,2021-10-06,,,2023-11-25 11:20:29,'2023-11-25 11:20:29'),builder,builder,1,0,0,0,0,0,0,0,0
21386,Deco Homes (Seaton) Inc,"570 Applewood Cres, Unit 1",Vaughan,Ontario,L4K 4B4more info: mi.pdf,905-907-0300,2021-10-05,,,2023-11-25 11:20:29,'2023-11-25 11:20:29'),builder,builder,1,0,0,0,0,0,0,0,0
21397,InnVest Master Properties GP IX Ltd,"200 Bay St, Ste 2200",Toronto,Ontario,M5J 2J1,416-607-7100,2021-10-04,,,2023-11-25 11:20:30,'2023-11-25 11:20:30'),builder,builder,1,0,0,0,0,0,0,0,0
21406,Gracious Industrial Developments Inc,7200 Martin Grove Rd,Woodbridge,Ontario,L4L 9J3,905-264-5660,2021-10-01,,,2023-11-25 11:20:30,'2023-11-25 11:20:30'),builder,builder,1,0,0,0,0,0,0,0,0
21409,Centurian Homes Ltd,"750 Millway Ave, Unit 6",Concord,Ontario,L4K 3T7,647-478-9050,2021-10-01,,,2023-11-25 11:20:31,'2023-11-25 11:20:31'),builder,builder,1,0,0,0,0,0,0,0,0
21410,Cachet Developments (Waldemar) Inc,"361 Connie Cres, Ste 200",Concord,Ontario,L4K 5R2,905-764-1983,2021-10-01,,,2023-11-25 11:20:31,'2023-11-25 11:20:31'),builder,builder,1,0,0,0,0,0,0,0,0
21412,DW Wilson Construction Ltd,319 Carlisle Rd,Carlisle,Ontario,L0R 12H2,,2021-10-01,,,2023-11-25 11:20:31,'2023-11-25 11:20:31'),builder,builder,1,0,0,0,0,0,0,0,0
21418,CBJ Developments Inc,72 Babcombe Dr,Thornhill,Ontario,L3T 1N1,,2021-09-29,,,2023-11-25 11:20:31,'2023-11-25 11:20:31'),builder,builder,1,0,0,0,0,0,0,0,0
21445,MY Construction Supply,48 Dalkeith Dr,Brantford,Ontario,N3P 1N6,866-702-6927,2021-09-22,,,2023-11-25 11:20:33,'2023-11-25 11:20:33'),builder,builder,1,0,0,0,0,0,0,0,0
21446,Craft Development Corp,"10 Queen Elizabeth Blvd, Unit 2",Toronto,Ontario,M8Z 1L8,416-979-9996,2021-09-21,craftdev.com,,2023-12-09 16:47:16,'2023-11-25 11:20:33'),builder,builder,1,0,0,0,0,0,0,0,0
21455,New Empire Contractors,"3000 Langstaff Rd, Unit 7",Concord,Ontario,L4K 4R7,905-660-4341,2021-09-15,,,2023-11-25 11:20:34,'2023-11-25 11:20:34'),builder,builder,1,0,0,0,0,0,0,0,0
21482,T Valeri Construction Ltd,2140 King St E,Hamilton,Ontario,L8K 1W6,905-547-5056,2021-09-02,,,2023-11-25 11:20:36,'2023-11-25 11:20:36'),builder,builder,1,0,0,0,0,0,0,0,0
21487,Marshall Truck Properties Inc,326 Kenora Ave,Hamilton,Ontario,L8E 2W2,905-561-4712,2021-09-02,,,2023-11-25 11:20:36,'2023-11-25 11:20:36'),builder,builder,1,0,0,0,0,0,0,0,0
21498,Fernbrook Homes (Seven Oaks 2021) Ltd,"2220 Highway 7 W, Unit 5",Concord,Ontario,L4K 1W7,416-667-0447,2021-04-30,,,2023-11-27 10:48:34,'2023-11-27 10:48:34'),builder,builder,1,0,0,0,0,0,0,0,0
21502,James Gies Construction Ltd,663 Panchara Place,Waterloo,Ontario,N2K 4E6,519-746-2843,2021-04-30,,,2023-11-27 10:48:34,'2023-11-27 10:48:34'),builder,builder,1,0,0,0,0,0,0,0,0
21509,Tarbutt Construction Ltd,189 South Service Rd,Grimsby,Ontario,L3M 4H6,905-945-1748,2021-04-30,,,2023-11-27 10:48:34,'2023-11-27 10:48:34'),builder,builder,1,0,0,0,0,0,0,0,0
21518,3NP Realty Barrie Inc,21 Hawarden Cres,Toronto,Ontario,M5P 1M6,416-486-1714,2021-04-29,,,2023-11-27 10:48:35,'2023-11-27 10:48:35'),builder,builder,1,0,0,0,0,0,0,0,0
21524,Richmond Village Development Corp,"2934 Baseline Rd, Ste 302",Ottawa,Ontario,K2H 1B2,,2021-04-27,,,2023-11-27 10:48:35,'2023-11-27 10:48:35'),builder,builder,1,0,0,0,0,0,0,0,0
21533,Cara Custom Homes,130 Mansfield Dr,Ancaster,Ontario,L9G 1M7,905-981-4778,2021-04-22,,,2023-11-27 10:48:35,'2023-11-27 10:48:35'),builder,builder,1,0,0,0,0,0,0,0,0
21537,Premium Properties 66 Inc  416-4833400,"36 Eglinton Ave W, 7th Flr",Toronto,Ontario,M4R 1A1,,2021-04-19,,,2023-11-27 10:48:35,'2023-11-27 10:48:35'),builder,builder,1,0,0,0,0,0,0,0,0
21538,66 Akron Property Ltd,66 Akron Rd,Etobicoke,Ontario,M8W 1T2,416-259-7676,2021-04-19,,,2023-11-27 10:48:35,'2023-11-27 10:48:35'),builder,builder,1,0,0,0,0,0,0,0,0
21551,HarbourEdge Realty Administration Corp,"40 Huron St, Ste 300",Collingwood,Ontario,L9Y 4R3,705-443-8156,2021-04-15,harbouredge.com,,2024-06-04 13:12:35,'2023-11-27 10:48:36'),builder,builder,1,0,0,0,0,0,0,0,0
21554,Invar Building Corp,"220 Duncan Mill Rd, Ste 301",Toronto,Ontario,M3B 3J5,416-441-9855,2021-04-14,,,2023-11-27 10:48:36,'2023-11-27 10:48:36'),builder,builder,1,0,0,0,0,0,0,0,0
21575,Northwest Healthcare Properties,"180 Dundas St W, Ste 1100",Toronto,Ontario,M5G 1Z8,416-366-2000,2021-04-01,,,2023-11-27 10:48:38,'2023-11-27 10:48:38'),builder,builder,1,0,0,0,0,0,0,0,0
21606,CSG Property Inc,"185 The West Mall, Ste 860",Toronto,Ontario,M9C 5L5,416-915-1970,2021-08-23,,,2023-11-27 10:48:40,'2023-11-27 10:48:40'),builder,builder,1,0,0,0,0,0,0,0,0
21616,National Homes,"291 Edgeley Blvd, Ste 1",Concord,Ontario,L4K 3Z4,905-669-9199,2021-08-19,nationalhomes.com,,2023-12-02 14:02:38,'2023-11-27 10:48:40'),builder,builder,1,0,0,0,0,0,0,0,0
21624,First Avenue Properties,"5451 Highway 7, Ste 200",Woodbridge,Ontario,L4L 0B2,905-856-3031,2021-08-17,,,2023-11-27 10:48:41,'2023-11-27 10:48:41'),builder,builder,1,0,0,0,0,0,0,0,0
21625,Kilmanagh Developments Ltd,,Toronto,Ontario,M5V 1E3,,2021-08-17,,,2023-11-27 10:48:41,'2023-11-27 10:48:41'),builder,builder,1,0,0,0,0,0,0,0,0
21632,WAM Development Group,"333 Bay St, Ste 2710",Toronto,Ontario,M5H 2R2,416-338-7665,2021-08-16,,,2023-11-27 10:48:41,'2023-11-27 10:48:41'),builder,builder,1,0,0,0,0,0,0,0,0
21633,Grandview Homes,24 Executive Place,Kitchener,Ontario,N2P 2N4,519-748-2800,2021-08-16,,,2023-11-27 10:48:41,'2023-11-27 10:48:41'),builder,builder,1,0,0,0,0,0,0,0,0
21641,Amiraco Properties Inc,3225 College Ave,Windsor,Ontario,N9C 1S6,519-432-2690,2021-08-12,,,2023-11-27 10:48:42,'2023-11-27 10:48:42'),builder,builder,1,0,0,0,0,0,0,0,0
21647,NorthLoop Development,"80 Scollard St, Ste 300",Toronto,Ontario,M5R 1G5,416-923-9996,2021-08-05,nsdevelop.com,,2023-12-02 14:04:44,'2023-11-27 10:48:42'),builder,builder,1,0,0,0,0,0,0,0,0
21652,J &amp; S Construction,2600 Kingsway Blvd,Sudbury,Ontario,P3B 2G2,705-524-3292,2021-08-04,,,2023-11-27 10:48:43,'2023-11-27 10:48:43'),builder,builder,1,0,0,0,0,0,0,0,0
21664,Marydel Homes (Thorold 3) Inc,100 Caster Ave,Woodbridge,Ontario,L4L 5Y9,905-264-5564,2021-12-31,,,2023-11-27 10:48:43,'2023-11-27 10:48:43'),builder,builder,1,0,0,0,0,0,0,0,0
21680,Islington Village Developments Inc,"170 The Donway W, Ste 307",Toronto,Ontario,M3C 2G3,,2021-12-23,,,2023-11-27 10:48:44,'2023-11-27 10:48:44'),builder,builder,1,0,0,0,0,0,0,0,0
21687,Sunny 100 Development Inc,26 Green Meadows Circle,,,M2J 5G7,,2021-12-22,,,2023-11-27 10:48:44,'2023-11-27 10:48:44'),builder,builder,1,0,0,0,0,0,0,0,0
21688,Lester Sunview Development Inc,"246 Lester St, Ste 105",Waterloo,Ontario,N2L 0H1,,2021-12-22,,,2023-11-27 10:48:44,'2023-11-27 10:48:44'),builder,builder,1,0,0,0,0,0,0,0,0
21689,Ironstone Building Co,"320 Dundas St, Unit 1",London,Ontario,N6B 3R8,519-660-6006,2021-12-21,,,2023-11-27 10:48:44,'2023-11-27 10:48:44'),builder,builder,1,0,0,0,0,0,0,0,0
21710,Snelwest Properties Inc,,Brampton,Ontario,L6W 4H7,905-451-3043,2021-12-17,,,2023-11-27 10:48:45,'2023-11-27 10:48:45'),builder,builder,1,0,0,0,0,0,0,0,0
21713,Arvincreek Properties Inc,3540 Hawkestone Rd,Mississauga,Ontario,L5C 2V2,,2021-12-17,,,2023-11-27 10:48:45,'2023-11-27 10:48:45'),builder,builder,1,0,0,0,0,0,0,0,0
21723,Bradel Properties Ltd,123 Huron St,London,Ontario,N5Y 4L1,,2021-12-16,,,2023-11-27 10:48:46,'2023-11-27 10:48:46'),builder,builder,1,0,0,0,0,0,0,0,0
21732,Candeco Realty Ltd,"181 Bay St, Ste 1800",Toronto,Ontario,M5J 2T9,,2021-12-15,,,2023-11-27 10:48:47,'2023-11-27 10:48:47'),builder,builder,1,0,0,0,0,0,0,0,0
21734,Landric Homes Limoges Inc,5 Diceman Cres,Ottawa,Ontario,K1B 3Y2,,2021-12-15,,,2023-11-27 10:48:47,'2023-11-27 10:48:47'),builder,builder,1,0,0,0,0,0,0,0,0
21736,Centreville Homes,"60 Marycroft Ave, Unit 8",Vaughan,Ontario,L4L 5Y5,905-264-1038,2021-12-15,,,2023-11-27 10:48:47,'2023-11-27 10:48:47'),builder,builder,1,0,0,0,0,0,0,0,0
21738,Deco Homes,570 Applewood Cres,Vaughan,Ontario,L4K 4B4,905-907-0300,2021-12-15,,,2023-11-27 10:48:47,'2023-11-27 10:48:47'),builder,builder,1,0,0,0,0,0,0,0,0
21741,Sunny 100 Developments Inc,249 Sunview St,,,N2L 3V8,,2021-12-15,,,2023-11-27 10:48:47,'2023-11-27 10:48:47'),builder,builder,1,0,0,0,0,0,0,0,0
21746,Loyalist Residential Developments Ltd,"220 Duncan Mill Rd, Ste 315",North York,Ontario,M3B 3J5,,2021-12-13,,,2023-11-27 10:48:47,'2023-11-27 10:48:47'),builder,builder,1,0,0,0,0,0,0,0,0
21747,Loyalist Golf Homes Ltd,"220 Duncan Mill Rd, Ste 315",North York,Ontario,M3B 3J5,,2021-12-13,,,2023-11-27 10:48:47,'2023-11-27 10:48:47'),builder,builder,1,0,0,0,0,0,0,0,0
21750,RME Properties Inc,"1160 Lauzon Rd, Ste 508",Windsor,Ontario,N8S 4T1,,2021-12-13,,,2023-11-27 10:48:48,'2023-11-27 10:48:48'),builder,builder,1,0,0,0,0,0,0,0,0
21768,Cachet Developments (Elora) Inc,"361 Connie Cres, Unit 200",Concord,Ontario,L4K 5R2,905-764-1983,2021-12-09,,,2023-11-27 10:48:48,'2023-11-27 10:48:48'),builder,builder,1,0,0,0,0,0,0,0,0
21774,Hudson Property Development Corp,,Timmins,Ontario,P4N 7J3,,2021-12-08,,,2023-11-27 10:48:48,'2023-11-27 10:48:48'),builder,builder,1,0,0,0,0,0,0,0,0
21783,Tulip Properties Ltd,"7050 Weston Rd, Ste 400",Woodbridge,Ontario,L4L 8G7,,2021-12-06,,,2023-11-27 10:48:49,'2023-11-27 10:48:49'),builder,builder,1,0,0,0,0,0,0,0,0
21786,Steelcraft Properties Inc,"550 Trillium Dr, Unit 15",Kitchener,Ontario,N2R 1K3,800-265-8840,2021-12-06,,,2023-11-27 10:48:49,'2023-11-27 10:48:49'),builder,builder,1,0,0,0,0,0,0,0,0
21806,2157 Royal Windsor Development Inc,2513 Lyndhurst Dr,Oakville,Ontario,L6H 7W3,,2021-12-01,,,2023-11-27 10:48:50,'2023-11-27 10:48:50'),builder,builder,1,0,0,0,0,0,0,0,0
21815,Bluewater Developments Inc,3260 Douglas St,Burlington,Ontario,L7N 1G9,905-333-6527,2021-02-26,,,2023-11-27 10:48:51,'2023-11-27 10:48:51'),builder,builder,1,0,0,0,0,0,0,0,0
21816,Regent Properties (London) Inc,"470 Dundas St, Ste 106",London,Ontario,N6B 1W6,519-432-2690,2021-02-26,,,2023-11-27 10:48:51,'2023-11-27 10:48:51'),builder,builder,1,0,0,0,0,0,0,0,0
21825,Jacquard Developments Inc,"15 Sims Cres, Unit 1",Richmond Hill,Ontario,L4B 1C9,,2021-02-22,,,2023-11-27 10:48:52,'2023-11-27 10:48:52'),builder,builder,1,0,0,0,0,0,0,0,0
21826,Shobhna Properties Inc,11 Boynton Cir,Markham,Ontario,L6C 1A8,,2021-02-22,,,2023-11-27 10:48:52,'2023-11-27 10:48:52'),builder,builder,1,0,0,0,0,0,0,0,0
21830,Luvian Homes (Aurora) Ltd,,Toronto,Ontario,M2N 6P4,,2021-02-18,,,2023-11-27 10:48:52,'2023-11-27 10:48:52'),builder,builder,1,0,0,0,0,0,0,0,0
21833,Melloul-Blamey Construction Inc,"700 Rupert St, Unit A",Waterloo,Ontario,N2V 2B5,519-886-8850,2021-02-18,,,2023-11-27 10:48:52,'2023-11-27 10:48:52'),builder,builder,1,0,0,0,0,0,0,0,0
21836,Sunvale Homes,"685 Riddell Rd, Unit 106",Orangeville,Ontario,L9W 4Z5,888-867-0053,2021-02-16,sunvalehomes.com,,2023-12-09 16:47:19,'2023-11-27 10:48:52'),builder,builder,1,0,0,0,0,0,0,0,0
21844,Highpoint Developments Inc,177 Division St,Kingston,Ontario,K7K 3Y9,613-547-3030,2021-02-16,,,2023-11-27 10:48:53,'2023-11-27 10:48:53'),builder,builder,1,0,0,0,0,0,0,0,0
21845,Amber Peak Developments Inc,,Kingston,Ontario,K7M 3Z3,,2021-02-16,,,2023-11-27 10:48:53,'2023-11-27 10:48:53'),builder,builder,1,0,0,0,0,0,0,0,0
21853,Cobas Developments Inc,"3350 Merrittville Hwy, Unit 9",Thorold,Ontario,L2V 4Y6,905-688-3100,2021-02-05,,,2023-11-27 10:48:53,'2023-11-27 10:48:53'),builder,builder,1,0,0,0,0,0,0,0,0
21861,Yorkland Properties Ltd,"1 Sparks Ave, Ste 11",Toronto,Ontario,M2H 2W1,,2021-02-01,,,2023-11-27 10:48:54,'2023-11-27 10:48:54'),builder,builder,1,0,0,0,0,0,0,0,0
21865,Medallion Developments,"970 Lawrence Avenue W, Ste 304",Toronto,Ontario,M6A 3B6,416-256-3900,2021-02-01,,,2023-11-27 10:48:54,'2023-11-27 10:48:54'),builder,builder,1,0,0,0,0,0,0,0,0
21879,Evertrust Development (Muskoka) Inc,"3100 Steeles Ave E, Ste 302",Markham,Ontario,L3R 8T3,647-501-2345,2021-01-28,,,2023-11-27 10:48:55,'2023-11-27 10:48:55'),builder,builder,1,0,0,0,0,0,0,0,0
21892,Tewrwol Developments Ltd,"2800 14th Ave, Ste 400",Markham,Ontario,L3R 0E4,,2021-01-18,,,2023-11-27 10:48:56,'2023-11-27 10:48:56'),builder,builder,1,0,0,0,0,0,0,0,0
21893,Quadcom Development Group,"77 Woodstream Blvd, 2nd Flr",Vaughan,Ontario,L4L 7Y6,416-782-3226,2021-01-18,,,2023-11-27 10:48:56,'2023-11-27 10:48:56'),builder,builder,1,0,0,0,0,0,0,0,0
21905,Sloot Construction Ltd,661 Watson Rd S,Puslinch,Ontario,N0B 2J0,519-836-6142,2021-01-14,,,2023-11-27 10:48:56,'2023-11-27 10:48:56'),builder,builder,1,0,0,0,0,0,0,0,0
21914,Lakeland Homes Ltd,105 Christy Lane,Tecumseh,Ontario,N8N 0C7,519-818-5336,2021-01-11,,,2023-11-27 10:48:57,'2023-11-27 10:48:57'),builder,builder,1,0,0,0,0,0,0,0,0
21921,Curtis Properties (195 Bridgeland) Inc,,Toronto,Ontario,M6B 4M5,,2021-01-08,,,2023-11-27 10:48:57,'2023-11-27 10:48:57'),builder,builder,1,0,0,0,0,0,0,0,0
21947,Symmban-Ibi Developments Inc,"1225 Kennedy Rd, Ste 2001",Scarborough,Ontario,M1P 4Y1,,2021-07-28,,,2023-11-27 10:48:59,'2023-11-27 10:48:59'),builder,builder,1,0,0,0,0,0,0,0,0
21948,Inuka Developer Inc,9 Ridgevale Dr,Markham,Ontario,L6B 1A8,,2021-07-28,,,2023-11-27 10:48:59,'2023-11-27 10:48:59'),builder,builder,1,0,0,0,0,0,0,0,0
21959,Facilities Commercial Realty Inc,"720 Belfast Rd, Ste 210",Ottawa,Ontario,K1G 0Z5,613-723-8944,2021-07-22,,,2023-11-27 10:48:59,'2023-11-27 10:48:59'),builder,builder,1,0,0,0,0,0,0,0,0
21965,Zaharias Developments Inc,"30 Floral Pkwy, Ste 300",Concord,Ontario,L4K 4R1,,2021-07-20,,,2023-11-27 10:48:59,'2023-11-27 10:48:59'),builder,builder,1,0,0,0,0,0,0,0,0
21966,Zaharias Developments Inc,"30 Floral Pkwy, Ste 300",Concord,Ontario,L4K 4R1,,2021-07-20,,,2023-11-27 10:48:59,'2023-11-27 10:48:59'),builder,builder,1,0,0,0,0,0,0,0,0
21978,Deering Construction Ltd,12 Forest Land Dr,Thornhill,Ontario,L4J 3N8,,2021-07-15,,,2023-11-27 10:49:00,'2023-11-27 10:49:00'),builder,builder,1,0,0,0,0,0,0,0,0
21980,Melloul-Blamey Construction Inc,700 Rupert St,Waterloo,Ontario,N2V 2B5,519-886-8850,2021-07-15,,,2023-11-27 10:49:00,'2023-11-27 10:49:00'),builder,builder,1,0,0,0,0,0,0,0,0
21982,250 Bridgeland Realty Inc,2922 Bayview Ave,North York,Ontario,M2N 5K4,416-223-5514,2021-07-15,,,2023-11-27 10:49:00,'2023-11-27 10:49:00'),builder,builder,1,0,0,0,0,0,0,0,0
21987,Elite MD Developments,"3410 South Service Rd, Ste 102",Burlington,Ontario,L7N 3T2,289-816-1024,2021-07-14,,,2023-11-27 10:49:01,'2023-11-27 10:49:01'),builder,builder,1,0,0,0,0,0,0,0,0
21994,Pratt Construction Inc,7982 Yonge St,Innisfil,Ontario,L9S 1L5,,2021-07-09,pratthomes.com,,2023-12-09 16:47:21,'2023-11-27 10:49:01'),builder,builder,1,0,0,0,0,0,0,0,0
22003,Cook Homes Waterloo Ltd,"169 Lexington Ct, Unit B1",Waterloo,Ontario,N2J 4R3,519-746-6244,2021-07-07,,,2023-11-27 10:49:01,'2023-11-27 10:49:01'),builder,builder,1,0,0,0,0,0,0,0,0
22006,Re/Max Realty Specialists Inc,6850 Millcreek Dr,Mississauga,Ontario,L5N 4J9,905-858-3434,2021-07-06,,,2023-11-27 10:49:01,'2023-11-27 10:49:01'),builder,builder,1,0,0,0,0,0,0,0,0
22011,Danieli Development,"439 Spadina Rd, Ste 204",Toronto,Ontario,M5P 2W3,416-800-1219,2021-07-02,,,2023-11-27 10:49:02,'2023-11-27 10:49:02'),builder,builder,1,0,0,0,0,0,0,0,0
22017,Wanlong Real Estate Development Ltd,"7100 Woodbine Ave, Ste 102",Markham,Ontario,L3R 5J2,,2021-07-02,,,2023-11-27 10:49:02,'2023-11-27 10:49:02'),builder,builder,1,0,0,0,0,0,0,0,0
22027,Drive Star Properties (Canada) Ltd,"1647 Burlington St E, 2nd Flr",Hamilton,Ontario,L8H 3L2,866-378-7827,2021-06-30,,,2023-11-27 10:49:03,'2023-11-27 10:49:03'),builder,builder,1,0,0,0,0,0,0,0,0
22029,Noik Developments Inc,"3910 Bathurst St, Ste 300",Toronto,Ontario,M3H 5Z3,416-291-6665,2021-06-30,,,2023-11-27 10:49:03,'2023-11-27 10:49:03'),builder,builder,1,0,0,0,0,0,0,0,0
22033,Ashley Oak Homes,"918 Dundas St E, Ste 500",Mississauga,Ontario,L4Y 4H9,905-276-9980,2021-06-30,,,2023-11-27 10:49:03,'2023-11-27 10:49:03'),builder,builder,1,0,0,0,0,0,0,0,0
22039,Hazelview Properties,1133 Yonge St,Toronto,Ontario,M4T 2Y2,416-306-9967,2021-06-30,,,2023-11-27 10:49:03,'2023-11-27 10:49:03'),builder,builder,1,0,0,0,0,0,0,0,0
22045,BlueStone Properties Inc,"130 Dufferin Ave, Ste 105",London,Ontario,N6A 5R2,519-433-0391,2021-06-28,,,2023-11-27 10:49:03,'2023-11-27 10:49:03'),builder,builder,1,0,0,0,0,0,0,0,0
22049,TCS Construction,1341 Kerrisdale Blvd,Newmarket,Ontario,L3Y 8Z8,905-761-9330,2021-06-28,,,2023-11-27 10:49:04,'2023-11-27 10:49:04'),builder,builder,1,0,0,0,0,0,0,0,0
22053,New Canadians Lumber &amp; Building Supply Ltd,804 Dupont St,Toronto,Ontario,M6G 1Z6,416-531-3525,2021-06-25,,,2023-11-27 10:49:04,'2023-11-27 10:49:04'),builder,builder,1,0,0,0,0,0,0,0,0
22067,BT Developments Inc,4216 Britannia Dr SW,Calgary,Alberta,T2S 1J3,,2021-06-17,,,2023-11-27 10:49:05,'2023-11-27 10:49:05'),builder,builder,1,0,0,0,0,0,0,0,0
22072,The New Hamilton Development Corp,250 Doney Cres,Concord,Ontario,L4K 3A8,905-761-5738,2021-06-15,,,2023-11-27 10:49:06,'2023-11-27 10:49:06'),builder,builder,1,0,0,0,0,0,0,0,0
22091,Whitehall Realty Opportunities Corp,"220 Wyecroft Rd, Ste 203",Oakville,Ontario,L6K 3V1,226-271-0288,2021-06-03,,,2023-11-27 10:49:07,'2023-11-27 10:49:07'),builder,builder,1,0,0,0,0,0,0,0,0
22106,Delgant Construction Ltd,7 Marconi Ct,Bolton,Ontario,L7E 1H3,905-857-7858,2021-06-01,,,2023-11-27 10:49:07,'2023-11-27 10:49:07'),builder,builder,1,0,0,0,0,0,0,0,0
22111,Power Development Corp,"2347 Kennedy Rd, Ste 505",Toronto,Ontario,M1T 3T8,416-335-7309,2021-03-31,,,2023-11-27 10:49:08,'2023-11-27 10:49:08'),builder,builder,1,0,0,0,0,0,0,0,0
22115,CJ Development Inc,1 Dewbourne Ave,Toronto,Ontario,M5P 1Z1,,2021-03-31,,,2023-11-27 10:49:08,'2023-11-27 10:49:08'),builder,builder,1,0,0,0,0,0,0,0,0
22121,Fresh Start Properties Ltd,"199 Bay St, Ste 5300",Toronto,Ontario,M5L 1B9,,2021-03-31,,,2023-11-27 10:49:09,'2023-11-27 10:49:09'),builder,builder,1,0,0,0,0,0,0,0,0
22128,Fernbrook Homes (Springwater) Ltd,"2220 Highway 7 W, Unit 5",Concord,Ontario,L4K 1W7,416-667-0447,2021-03-26,,,2023-11-27 10:49:09,'2023-11-27 10:49:09'),builder,builder,1,0,0,0,0,0,0,0,0
22130,Castlegrove Homes (Cobourg) Inc,"211 Westcreek Dr, Ste 200",Woodbridge,Ontario,L4L 9T7,905-850-3020,2021-03-26,,,2023-11-27 10:49:09,'2023-11-27 10:49:09'),builder,builder,1,0,0,0,0,0,0,0,0
22131,Pendent Developments Ltd,"2200 Yonge St, Ste 1301",Toronto,Ontario,M4S 2C6,,2021-03-25,,,2023-11-27 10:49:09,'2023-11-27 10:49:09'),builder,builder,1,0,0,0,0,0,0,0,0
22141,Haven Developments,"1275 Finch Ave W, Ste 803",Toronto,Ontario,M3L 0L5,905-851-1010,2021-03-19,,,2023-11-27 10:49:10,'2023-11-27 10:49:10'),builder,builder,1,0,0,0,0,0,0,0,0
22143,Cachet Developments (NH West) Inc,"361 Connie Cres, Ste 200",Concord,Ontario,L4K 5R2,905-764-1983,2021-03-18,,,2023-11-27 10:49:10,'2023-11-27 10:49:10'),builder,builder,1,0,0,0,0,0,0,0,0
22144,Cachet Developments (NH) Inc,"361 Connie Cres, Ste 200",Concord,Ontario,L4K 5R2,905-764-1983,2021-03-18,,,2023-11-27 10:49:10,'2023-11-27 10:49:10'),builder,builder,1,0,0,0,0,0,0,0,0
22147,Brent Developments Ltd,27 Knightswood Rd,Toronto,Ontario,M4N 2H1,,2021-03-17,,,2023-11-27 10:49:10,'2023-11-27 10:49:10'),builder,builder,1,0,0,0,0,0,0,0,0
22184,David Eichorn Realty Ltd,2817 Bathurst St,Toronto,Ontario,M6B 3A4,416-787-1712,2021-03-02,,,2023-11-27 10:49:13,'2023-11-27 10:49:13'),builder,builder,1,0,0,0,0,0,0,0,0
22193,Lima Properties Ltd,71 Vulcan St,Etobicoke,Ontario,M9W 1L4,,2021-03-01,,,2023-11-27 10:49:13,'2023-11-27 10:49:13'),builder,builder,1,0,0,0,0,0,0,0,0
22203,Clair Hills Development Inc,"36 River Rd E, Unit 102",Kitchener,Ontario,N2B 2G2,,2021-05-31,,,2023-11-27 10:49:14,'2023-11-27 10:49:14'),builder,builder,1,0,0,0,0,0,0,0,0
22205,Aplus General Contractor Inc,66 Carnforth Rd,Toronto,Ontario,M4A 2K7,416-281-5556,2021-05-31,,,2023-11-27 10:49:14,'2023-11-27 10:49:14'),builder,builder,1,0,0,0,0,0,0,0,0
22218,Il Duca Construction Inc,451-A Attwell Dr,Toronto,Ontario,M9W 5C4,416-679-0888,2021-05-28,,,2023-11-27 10:49:14,'2023-11-27 10:49:14'),builder,builder,1,0,0,0,0,0,0,0,0
22221,John Henry Properties Inc,"65 Cedar Point Dr, Ste 104",Barrie,Ontario,L4N 9R3,,2021-05-28,,,2023-11-27 10:49:14,'2023-11-27 10:49:14'),builder,builder,1,0,0,0,0,0,0,0,0
22231,Wm J Gies Construction Ltd,193 Ashcroft Place,Waterloo,Ontario,N2J 3M7,,2021-05-26,,,2023-11-27 10:49:15,'2023-11-27 10:49:15'),builder,builder,1,0,0,0,0,0,0,0,0
22232,James Gies Construction Ltd,663 Panchara Place,Waterloo,Ontario,N2K 4E6,,2021-05-26,,,2023-11-27 10:49:15,'2023-11-27 10:49:15'),builder,builder,1,0,0,0,0,0,0,0,0
22240,Kingsmen-Black Developments Inc,105B Winges Rd,Woodbridge,Ontario,L4L 6C2,416-445-8552,2021-05-19,,,2023-11-27 10:49:15,'2023-11-27 10:49:15'),builder,builder,1,0,0,0,0,0,0,0,0
22241,Bannockburn Montessori Building Corp,12 Bannockburn Ave,Toronto,Ontario,M5M 2M8,416-789-7855,2021-05-19,,,2023-11-27 10:49:15,'2023-11-27 10:49:15'),builder,builder,1,0,0,0,0,0,0,0,0
22247,Spa Realty Estate Corp,,,,,,2021-05-18,,,2023-11-27 10:49:16,'2023-11-27 10:49:16'),builder,builder,1,0,0,0,0,0,0,0,0
22248,Urban Legend Developments Ltd,"22 King St S, Ste 300",Waterloo,Ontario,N2J 1N8,519-279-0170,2021-05-18,,,2023-11-27 10:49:16,'2023-11-27 10:49:16'),builder,builder,1,0,0,0,0,0,0,0,0
22262,Centrestone Urban Developments Inc,"251 Sorauren Ave, Ste 407",Toronto,Ontario,M6R 2G3,647-344-2834,2021-05-13,,,2023-11-27 10:49:17,'2023-11-27 10:49:17'),builder,builder,1,0,0,0,0,0,0,0,0
22263,66 Main St Developments Inc,"1-25 Brodie Dr, 2nd Flr",Richmond Hill,Ontario,L4B 3K7,,2021-05-13,,,2023-11-27 10:49:17,'2023-11-27 10:49:17'),builder,builder,1,0,0,0,0,0,0,0,0
22268,Gardenview Properties Ltd,,Hamilton,Ontario,L8P 1T3,,2021-05-11,,,2023-11-27 10:49:17,'2023-11-27 10:49:17'),builder,builder,1,0,0,0,0,0,0,0,0
22281,Milton Modern Art Properties Ltd,401 Vaughan Valley Blvd,Woodbridge,Ontario,L4H 3B5,,2021-05-06,,,2023-11-27 10:49:17,'2023-11-27 10:49:17'),builder,builder,1,0,0,0,0,0,0,0,0
22282,Accu Properties Inc,2900 Portland Dr,Oakville,Ontario,L6H 5W8,905-829-2505,2021-05-05,,,2023-11-27 10:49:17,'2023-11-27 10:49:17'),builder,builder,1,0,0,0,0,0,0,0,0
22293,1666 Clarington Development Inc,55 Plymbridge Rd,Toronto,Ontario,M2P 1A2,416-960-2430,2021-05-03,,,2023-11-27 10:49:18,'2023-11-27 10:49:18'),builder,builder,1,0,0,0,0,0,0,0,0
22306,Klein Developments Ltd,6279 Huggins St,Niagara Falls,Ontario,L2J 1H2,905-354-0552,2021-11-30,,,2023-11-27 10:49:19,'2023-11-27 10:49:19'),builder,builder,1,0,0,0,0,0,0,0,0
22330,Sylvan Land &amp; Building Corp,"40 Snidercroft Rd, Unit 4",Vaughan,Ontario,L4K 0B5,,2021-11-17,,,2023-11-27 10:49:21,'2023-11-27 10:49:21'),builder,builder,1,0,0,0,0,0,0,0,0
22332,Highpoint Developments Inc,602 52nd Ave SW,Calgary,Alberta,T2V 0B4,,2021-11-17,,,2023-11-27 10:49:21,'2023-11-27 10:49:21'),builder,builder,1,0,0,0,0,0,0,0,0
22333,Amber Peak Developments Inc,"427 Princess St, Ste 179",Kingston,Ontario,K7L 5S9,,2021-11-17,,,2023-11-27 10:49:21,'2023-11-27 10:49:21'),builder,builder,1,0,0,0,0,0,0,0,0
22344,Lake Joe Property Ltd,1013 Westdale Rd,Oakville,Ontario,L6L 5A1,905-827-8183,2021-11-15,,,2023-11-27 10:49:21,'2023-11-27 10:49:21'),builder,builder,1,0,0,0,0,0,0,0,0
22354,AC Paz Construction,412 Gilbert Ave,Toronto,Ontario,M6E 4X3,416-530-4148,2021-11-09,,,2023-11-27 10:49:22,'2023-11-27 10:49:22'),builder,builder,1,0,0,0,0,0,0,0,0
22361,Tri-Art Realty Inc,4 Harvey St,Kingston,Ontario,K7K 5B9,613-541-0299,2021-11-04,tricityrealty.com,,2024-06-03 19:46:49,'2023-11-27 10:49:22'),builder,builder,1,0,0,0,0,0,0,0,0
22384,Acso Real Estate and Construction Inc,"1125 Tupper St, Unit 1",Hawkesbury,Ontario,K6A 3N5,613-632-0121,2021-11-01,,,2023-11-27 10:49:23,'2023-11-27 10:49:23'),builder,builder,1,0,0,0,0,0,0,0,0
22390,Ridgevalley Properties Ltd,,,,,,2021-10-29,,,2023-11-27 10:49:24,'2023-11-27 10:49:24'),builder,builder,1,0,0,0,0,0,0,0,0
22397,HD Development Group,5335 Outer Dr,Oldcastle,Ontario,N9G 0C4,519-966-6200,2021-10-29,hddevelopmentgroup.com,,2023-12-02 14:04:42,'2023-11-27 10:49:24'),builder,builder,1,0,0,0,0,0,0,0,0
22404,Sora Construction Ltd,"150 Rivermede Rd, Ste 202",Concord,Ontario,L4K 3M8,905-856-6646,2021-10-28,,,2023-11-27 10:49:24,'2023-11-27 10:49:24'),builder,builder,1,0,0,0,0,0,0,0,0
22405,Canus Properties Ltd,23 Oakhaven Rd,Brampton,Ontario,L6P 2Y3,,2021-10-28,,,2023-11-27 10:49:24,'2023-11-27 10:49:24'),builder,builder,1,0,0,0,0,0,0,0,0
22419,Sora Developments Corp,"150 Rivermede Rd, Ste 202",Concord,Ontario,L4K 3M8,905-856-6646,2021-10-21,,,2023-11-27 10:49:25,'2023-11-27 10:49:25'),builder,builder,1,0,0,0,0,0,0,0,0
22422,5052 Finch Development Ltd,"6021 Yonge St, Ste 115",Toronto,Ontario,M2M 3W2,,2021-10-20,,,2023-11-27 10:49:25,'2023-11-27 10:49:25'),builder,builder,1,0,0,0,0,0,0,0,0
22429,Beedie ON (Meadowvale Blvd) Property Ltd,3030 Gilmore Diversion,Burnaby,British Columbia,V5G 3B4,604-435-3321,2021-10-18,,,2023-11-27 10:49:26,'2023-11-27 10:49:26'),builder,builder,1,0,0,0,0,0,0,0,0
22433,Melaine Construction Inc,900 Route 500,Russell,Ontario,K4R 1E5,613-443-2402,2021-10-15,,,2023-11-27 10:49:26,'2023-11-27 10:49:26'),builder,builder,1,0,0,0,0,0,0,0,0
22437,South Bouffard Land Development Inc,"100 Ouellette Ave, Ste 1004",Windsor,Ontario,N9A 6T3,,2021-10-15,,,2023-11-27 10:49:26,'2023-11-27 10:49:26'),builder,builder,1,0,0,0,0,0,0,0,0
22438,Laurier Heights Development Inc,,LaSalle,Ontario,N9H 2S4,,2021-10-15,,,2023-11-27 10:49:26,'2023-11-27 10:49:26'),builder,builder,1,0,0,0,0,0,0,0,0
22439,Stella Luxe Development Corp,"7833 Tecumseh Rd E, Unit 100",Windsor,Ontario,N8T 1G3,,2021-10-15,,,2023-11-27 10:49:26,'2023-11-27 10:49:26'),builder,builder,1,0,0,0,0,0,0,0,0
22444,Rolling Meadow Developments Ltd,5 Eden Place,Tillsonburg,Ontario,N4G 5M7,,2021-10-14,,,2023-11-27 10:49:26,'2023-11-27 10:49:26'),builder,builder,1,0,0,0,0,0,0,0,0
22445,Hayhoe Homes,1 Barrie Blvd,St Thomas,Ontario,N5P 4B9,519-633-2050,2021-10-14,,,2023-11-27 10:49:26,'2023-11-27 10:49:26'),builder,builder,1,0,0,0,0,0,0,0,0
22449,Lee-Don Developments Ltd,8 Langtry Place,Vaughan,Ontario,L4J 9J9,905-597-4944,2021-10-14,,,2023-11-27 10:49:26,'2023-11-27 10:49:26'),builder,builder,1,0,0,0,0,0,0,0,0
22465,Fortecon Construction Company Ltd,3444 Brock Rd,Uxbridge,Ontario,L9P 1N6,,2021-10-08,,,2023-11-27 10:49:27,'2023-11-27 10:49:27'),builder,builder,1,0,0,0,0,0,0,0,0
22466,Limen Group Construction Ltd,46 LePage Ct,Toronto,Ontario,M3J 1Z9,416-638-8880,2021-10-08,,,2023-11-27 10:49:27,'2023-11-27 10:49:27'),builder,builder,1,0,0,0,0,0,0,0,0
22482,Bradley Homes,7982 Yonge St,Innisfil,Ontario,L9S 1L5,705-431-2094,2021-10-06,,,2023-11-27 10:49:28,'2023-11-27 10:49:28'),builder,builder,1,0,0,0,0,0,0,0,0
22502,99 King Development Inc,8 Oriah Ct,Thornhill,Ontario,L4J 8B3,,2021-10-01,,,2023-11-27 10:49:29,'2023-11-27 10:49:29'),builder,builder,1,0,0,0,0,0,0,0,0
22510,Moretti Properties Ltd,62 Pettit Dr,Etobicoke,Ontario,M9R 2X1,647-345-8612,2021-09-29,,,2023-11-27 10:49:29,'2023-11-27 10:49:29'),builder,builder,1,0,0,0,0,0,0,0,0
22522,Damac Development 42 Inc,3097 Parsonage Cres,Oakville,Ontario,L6H 0T9,,2021-09-29,,,2023-11-27 10:49:30,'2023-11-27 10:49:30'),builder,builder,1,0,0,0,0,0,0,0,0
22534,Sonom Homes Inc,"1059 Upper James St, Ste 210",Hamilton,Ontario,L9C 3A6,905-538-2617,2021-09-17,,,2023-11-27 10:49:31,'2023-11-27 10:49:31'),builder,builder,1,0,0,0,0,0,0,0,0
22552,St James Development Corp,,Glencoe,Ontario,N0L 1M0,,2021-09-13,,,2023-11-27 10:49:32,'2023-11-27 10:49:32'),builder,builder,1,0,0,0,0,0,0,0,0
22555,Rhemm Properties Ltd,119 Fieldcrest Ct,Clarksburg,Ontario,N0H 1J0,,2021-09-10,,,2023-11-27 10:49:32,'2023-11-27 10:49:32'),builder,builder,1,0,0,0,0,0,0,0,0
22566,Grid Realty Inc,,Manotick,Ontario,K4M 1B2,,2021-09-08,,,2023-11-27 10:49:32,'2023-11-27 10:49:32'),builder,builder,1,0,0,0,0,0,0,0,0
22591,Cavanagh Construction,"9094 Highway 7, RR 2",Ashton,Ontario,K0A 1B0,613-257-2918,2008-12-08,,,2023-11-28 14:57:37,'2023-11-28 14:57:37'),builder,builder,1,0,0,0,0,0,0,0,0
22593,Westdale Construction Co Ltd,444 Adelaide St W,Toronto,Ontario,M5V 1S7,416-703-1877,2008-11-03,,,2023-11-28 14:57:37,'2023-11-28 14:57:37'),builder,builder,1,0,0,0,0,0,0,0,0
22598,Bridgeport Homes Inc,1669 Chesbro Ct,Mississauga,Ontario,L5H 4H5,,2008-09-10,,,2023-11-28 14:57:37,'2023-11-28 14:57:37'),builder,builder,1,0,0,0,0,0,0,0,0
22599,Eastforest Homes Ltd,139 Washburn Dr,Kitchener,Ontario,N2R 1S1,519-742-2846,2008-09-10,eastforesthomes.com,,2023-12-02 14:04:49,'2023-11-28 14:57:37'),builder,builder,1,0,0,0,0,0,0,0,0
22605,Knockbolt Construction Ltd,1700 Langstaff Rd,Concord,Ontario,L4K 3S3,905-669-5571,2008-04-29,,,2023-11-28 14:57:37,'2023-11-28 14:57:37'),builder,builder,1,0,0,0,0,0,0,0,0
22607,Lindvest Properties (Cornell) Ltd,"3625 Dufferin St, Ste 500",Toronto,Ontario,M3K 1N4,416-635-7520,2008-03-03,,,2023-11-28 14:57:37,'2023-11-28 14:57:37'),builder,builder,1,0,0,0,0,0,0,0,0
22610,Moscorp VII Development Inc,"2550 Victoria Park Ave, Ste 200",Toronto,Ontario,M2J 5A9,416-491-7440,2008-01-11,,,2023-11-28 14:57:37,'2023-11-28 14:57:37'),builder,builder,1,0,0,0,0,0,0,0,0
22618,Huntingwood Homes Ltd,19-2555 Victoria Park Ave,Toronto,Ontario,M1T 1A3,,2007-12-12,,,2023-11-28 14:57:38,'2023-11-28 14:57:38'),builder,builder,1,0,0,0,0,0,0,0,0
22620,Russ Howald Construction Ltd,"214 Queen St S, Ste 16",Kitchener,Ontario,N2G 1W3,519-745-3320,2007-11-30,,,2023-11-28 14:57:38,'2023-11-28 14:57:38'),builder,builder,1,0,0,0,0,0,0,0,0
22626,Shram Development Inc,216 St Clair Ave W,Toronto,Ontario,M4V 1R2,416-441-2888,2007-06-18,,,2023-11-28 14:57:38,'2023-11-28 14:57:38'),builder,builder,1,0,0,0,0,0,0,0,0
22633,Thistle Square Condominiums Inc,"1685 Main St W, Ste 25",Hamilton,Ontario,L8S 1G5,905-528-1717,2007-03-14,,,2023-11-28 14:57:39,'2023-11-28 14:57:39'),builder,builder,1,0,0,0,0,0,0,0,0
22639,Presidential Homes (Erskine) Ltd,"27 Paxtonia Blvd, Ste 1",Toronto,Ontario,M3K 1V9,,2007-03-01,,,2023-11-28 14:57:39,'2023-11-28 14:57:39'),builder,builder,1,0,0,0,0,0,0,0,0
22642,Brookfield Homes (Ontario) Ltd,"7676 Woodbine Ave, Ste 300",Markham,Ontario,L3R 2N2,905-477-5111,2007-01-25,,,2023-11-28 14:57:39,'2023-11-28 14:57:39'),builder,builder,1,0,0,0,0,0,0,0,0
22644,CV Homes Inc,"27 Beechwood Ave, Ste 338",Ottawa,Ontario,K1M 1M2,,2007-01-10,,,2023-11-28 14:57:39,'2023-11-28 14:57:39'),builder,builder,1,0,0,0,0,0,0,0,0
22647,Truscan Properties Ltd,"100 Wellington St, 3rd Flr",Toronto,Ontario,M5K 1A2,,2006-10-31,,,2023-11-28 14:57:39,'2023-11-28 14:57:39'),builder,builder,1,0,0,0,0,0,0,0,0
22648,South Beechwood Developments Corp,"210 Gladstone Ave, Ste 2001",Ottawa,Ontario,K2P 0Y6,613-233-6030,2006-10-31,,,2023-11-28 14:57:39,'2023-11-28 14:57:39'),builder,builder,1,0,0,0,0,0,0,0,0
22649,Churchill Basswood Developments Inc,101 Fisherville Rd,Toronto,Ontario,M2R 3C3,,2006-06-14,,,2023-11-28 14:57:39,'2023-11-28 14:57:39'),builder,builder,1,0,0,0,0,0,0,0,0
22650,Churchill/Yonge Development Inc,"6021 Yonge St, Ste 1000",Toronto,Ontario,M2M 3W2,,2006-06-14,,,2023-11-28 14:57:39,'2023-11-28 14:57:39'),builder,builder,1,0,0,0,0,0,0,0,0
22656,Accentia Development Inc,"20 Toronto St, Ste 410",Toronto,Ontario,M5C 2B8,,2005-08-19,,,2023-11-28 14:57:39,'2023-11-28 14:57:39'),builder,builder,1,0,0,0,0,0,0,0,0
22659,Watermark Developments Ltd,"160 Traders Blvd E, Ste 200",Mississauga,Ontario,L4Z 3K7,905-568-4200,2005-08-09,,,2023-11-28 14:57:40,'2023-11-28 14:57:40'),builder,builder,1,0,0,0,0,0,0,0,0
22662,Queen&#039;s Court Developments Ltd,623 Sandcherry Dr,Burlington,Ontario,L7T 4L9,,2005-03-31,,,2023-11-28 14:57:40,'2023-11-28 14:57:40'),builder,builder,1,0,0,0,0,0,0,0,0
22663,Branthaven Homes Fairview Inc,5230 South Service Rd,Burlington,Ontario,L7L 5K2,905-333-8364,2005-03-31,,,2023-11-28 14:57:40,'2023-11-28 14:57:40'),builder,builder,1,0,0,0,0,0,0,0,0
22665,Starward Homes (Meadowlands) Ltd,"790 Shaver Rd, Unit 1",Ancaster,Ontario,L9G 2K9,905-648-7000,2005-01-10,,,2023-11-28 14:57:40,'2023-11-28 14:57:40'),builder,builder,1,0,0,0,0,0,0,0,0
22668,Deerfield Homes Ltd,139 Washburn Dr,Kitchener,Ontario,N2R 1S1,519-742-2846,2004-08-13,eastforesthomes.com,,2023-12-02 14:05:55,'2023-11-28 14:57:40'),builder,builder,1,0,0,0,0,0,0,0,0
22680,Midland Homes Inc,123 West Dr,Brampton,Ontario,L6T 2J6,905-454-1100,2003-09-30,,,2023-11-28 14:57:40,'2023-11-28 14:57:40'),builder,builder,1,0,0,0,0,0,0,0,0
22682,Stone Manor Developments (Woodbridge) Ltd,"25 Edican Dr, Unit 1",Concord,Ontario,L4K 3S4,905-760-9353,2003-09-30,,,2023-11-28 14:57:40,'2023-11-28 14:57:40'),builder,builder,1,0,0,0,0,0,0,0,0
22686,Queensgate Homes (Clareville) Inc,"3800 Steeles Ave W, Ste 204W",Woodbridge,Ontario,L4L 4G9,905-264-0600,2003-06-04,,,2023-11-28 14:57:40,'2023-11-28 14:57:40'),builder,builder,1,0,0,0,0,0,0,0,0
22687,Jannock Properties Ltd,"2121 Britannia Rd W, Unit 2",Mississauga,Ontario,L5M 2G6,905-819-2100,2003-05-28,,,2023-11-28 14:57:40,'2023-11-28 14:57:40'),builder,builder,1,0,0,0,0,0,0,0,0
22688,Andrin (Grantchester) Homes Ltd,197 County Court Blvd,Brampton,Ontario,L6W 4P6,905-450-9181,2003-05-28,,,2023-11-28 14:57:40,'2023-11-28 14:57:40'),builder,builder,1,0,0,0,0,0,0,0,0
22692,Heathwood Homes (Lawrence) Ltd,"245 Yorkland Blvd, Ste 100",Toronto,Ontario,M2J 4W9,416-490-1400,2003-01-23,,,2023-11-28 14:57:41,'2023-11-28 14:57:41'),builder,builder,1,0,0,0,0,0,0,0,0
22694,Cachet Estate Homes (Erin Mills) Inc,"30 Wertheim Ct, Unit 4",Richmond Hill,Ontario,L4B 1B9,905-764-1983,2002-11-21,,,2023-11-28 14:57:41,'2023-11-28 14:57:41'),builder,builder,1,0,0,0,0,0,0,0,0
22697,Hudson Developments Inc,"80 Tiverton Ct, Ste 300",Markham,Ontario,L3R 0G4,905-477-7609,2002-09-19,,,2023-11-28 14:57:41,'2023-11-28 14:57:41'),builder,builder,1,0,0,0,0,0,0,0,0
22699,Legend Creek Homes (RiverGate) Ltd,4316 Village Centre Ct,Mississauga,Ontario,L4Z 1S2,905-270-3339,2002-09-17,,,2023-11-28 14:57:41,'2023-11-28 14:57:41'),builder,builder,1,0,0,0,0,0,0,0,0
22704,Stone Manor Developments (Hickory) Ltd,"25 Edilcan Dr, Unit 1",Concord,Ontario,L4K 3S4,905-760-9353,2002-08-29,,,2023-11-28 14:57:41,'2023-11-28 14:57:41'),builder,builder,1,0,0,0,0,0,0,0,0
22712,HK Properties Inc,126 Glenora St,Ottawa,Ontario,K1S 1J3,613-233-6798,2002-07-18,,,2023-11-28 14:57:41,'2023-11-28 14:57:41'),builder,builder,1,0,0,0,0,0,0,0,0
22719,Law Development Group (Cornell) Ltd,"98 Scarsdale Rd, Unit 100",Toronto,Ontario,M3B 2R7,416-449-8833,2002-04-24,,,2023-11-28 14:57:42,'2023-11-28 14:57:42'),builder,builder,1,0,0,0,0,0,0,0,0
22720,Aspen Ridge Homes (Cornell) Ltd,29 Floral Pkwy,Vaughan,Ontario,L4K 5C5,905-669-9292,2002-04-24,,,2023-11-28 14:57:42,'2023-11-28 14:57:42'),builder,builder,1,0,0,0,0,0,0,0,0
22722,Autumn Grove Builders Ltd,136 Allan St,Oakville,Ontario,L6J 3N5,905-669-1615,2002-03-28,,,2023-11-28 14:57:42,'2023-11-28 14:57:42'),builder,builder,1,0,0,0,0,0,0,0,0
22724,Paradise Homes North Inc,"625 Cochrane Dr, Ste 801",Markham,Ontario,L3R 9R9,905-940-2933,2002-03-26,,,2023-11-28 14:57:42,'2023-11-28 14:57:42'),builder,builder,1,0,0,0,0,0,0,0,0
22727,Tiffield Development Corp,"4002 Sheppard Ave E, Ste PH",Scarborough,Ontario,M1S 4R5,,2002-02-27,,,2023-11-28 14:57:42,'2023-11-28 14:57:42'),builder,builder,1,0,0,0,0,0,0,0,0
22729,Castlegore Development Corp,"24 Queen St E, Ste 800",Brampton,Ontario,L6V 1A3,905-789-9087,2002-02-20,,,2023-11-28 14:57:42,'2023-11-28 14:57:42'),builder,builder,1,0,0,0,0,0,0,0,0
22736,Claridge Homes (Orleans) Inc,"210 Gladstone Ave, Ste 2001",Ottawa,Ontario,K2P 0Y6,613-233-6030,2001-06-15,,,2023-11-28 14:57:42,'2023-11-28 14:57:42'),builder,builder,1,0,0,0,0,0,0,0,0
22740,Ballantry Homes (Warden Woods) Inc,"30 Wertheim Ct, Unit 3",Richmond Hill,Ontario,L4B 1B9,905-707-1020,2000-09-14,,,2023-11-28 14:57:42,'2023-11-28 14:57:42'),builder,builder,1,0,0,0,0,0,0,0,0
22752,National Homes (Eglinton) Inc,"291 Edgeley Blvd, Unit 1",Concord,Ontario,L4K 3Z4,905-669-9199,2012-12-28,,,2023-11-28 14:57:43,'2023-11-28 14:57:43'),builder,builder,1,0,0,0,0,0,0,0,0
22761,Senator Homes Ltd,250 Lesmill Rd,North York,Ontario,M3B 2T5,416-445-8552,2012-11-29,,,2023-11-28 14:57:44,'2023-11-28 14:57:44'),builder,builder,1,0,0,0,0,0,0,0,0
22762,Fonthill Properties ULC,"100 Regina St S, Ste 220",Waterloo,Ontario,N2J 4P9,416-367-6000,2012-10-30,precisionresource.com,,2023-12-09 16:47:27,'2023-11-28 14:57:44'),builder,builder,1,0,0,0,0,0,0,0,0
22764,Digram Developments Inc,"327 Renfrew Dr, Ste 302",Markham,Ontario,L3R 9S8,905-513-7999,2012-10-17,,,2023-11-28 14:57:44,'2023-11-28 14:57:44'),builder,builder,1,0,0,0,0,0,0,0,0
22765,Primont Homes (Greensborough) Inc,"9130 Leslie St, Ste 301",Richmond Hill,Ontario,L4B 0B9,905-770-7002,2012-10-17,,,2023-11-28 14:57:44,'2023-11-28 14:57:44'),builder,builder,1,0,0,0,0,0,0,0,0
22767,Homes by DeSantis,461 Green Rd,Stoney Creek,Ontario,L8E 5B4,905-664-7288,2012-10-15,,,2023-11-28 14:57:44,'2023-11-28 14:57:44'),builder,builder,1,0,0,0,0,0,0,0,0
22771,Primont Homes (Heirloom) Inc,"9130 Leslie St, Ste 301",Richmond Hill,Ontario,L4B 0B9,905-770-7002,2012-09-24,,,2023-11-28 14:57:44,'2023-11-28 14:57:44'),builder,builder,1,0,0,0,0,0,0,0,0
22772,Spacebuilders Ontario Ltd,345A Laurier St,Rockland,Ontario,K4K 1L5,613-446-4063,2012-09-18,,,2023-11-28 14:57:45,'2023-11-28 14:57:45'),builder,builder,1,0,0,0,0,0,0,0,0
22776,Picture Homes,"180 Jardin Dr, Unit 8",Concord,Ontario,L4K 1X8,905-760-0404,2012-08-30,,,2023-11-28 14:57:45,'2023-11-28 14:57:45'),builder,builder,1,0,0,0,0,0,0,0,0
22778,Brookfield Homes (Ontario) Ltd,"7303 Warden Ave, Ste 100",Markham,Ontario,L3R 5Y6,905-477-5111,2012-08-17,,,2023-11-28 14:57:45,'2023-11-28 14:57:45'),builder,builder,1,0,0,0,0,0,0,0,0
22782,JD Development Phillip Street Ltd,,Markham,Ontario,L3R 0M3,905-479-9898,2012-07-25,,,2023-11-28 14:57:45,'2023-11-28 14:57:45'),builder,builder,1,0,0,0,0,0,0,0,0
22783,Genesis Homes,"One Yorkdale Rd, Ste 214",Toronto,Ontario,M6A 3A1,416-229-9757,2012-07-04,genesishomes.com,,2023-12-09 15:38:38,'2023-11-28 14:57:45'),builder,builder,1,0,0,0,0,0,0,0,0
22787,Green Realty Ltd,"1 Valleybrook Dr, Ste 201",Toronto,Ontario,M3B 2S7,416-482-7700,2012-06-25,,,2023-11-28 14:57:45,'2023-11-28 14:57:45'),builder,builder,1,0,0,0,0,0,0,0,0
22795,Centurion Property Associates Inc,"95 Mural St, Ste 306",Richmond Hill,Ontario,L4B 3G2,905-695-5079,2012-04-04,,,2023-11-28 14:57:46,'2023-11-28 14:57:46'),builder,builder,1,0,0,0,0,0,0,0,0
22800,Solmar Homes Inc,122 Romina Dr,Concord,Ontario,L4K 4Z7,905-660-9222,2012-03-15,,,2023-11-28 14:57:46,'2023-11-28 14:57:46'),builder,builder,1,0,0,0,0,0,0,0,0
22801,Country Wide Homes at Markham Inc,1500 Highway 7,Concord,Ontario,L4K 5Y4,905-907-1500,2012-03-05,,,2023-11-28 14:57:46,'2023-11-28 14:57:46'),builder,builder,1,0,0,0,0,0,0,0,0
22811,Regalcraft Homes,6991 Millcreek Dr,Mississauga,Ontario,L5N 6B9,905-814-9800,2011-12-13,regalcresthomes.com,,2023-12-09 16:47:28,'2023-11-28 14:57:47'),builder,builder,1,0,0,0,0,0,0,0,0
22813,Fernbrook Homes (Widdicombe) Ltd,"56 The Esplanade, Ste 308",Toronto,Ontario,M5E 1A7,416-667-0447,2011-11-30,,,2023-11-28 14:57:47,'2023-11-28 14:57:47'),builder,builder,1,0,0,0,0,0,0,0,0
22818,Mackenzie Builders &amp; Developers Ltd,"327 Renfrew Dr, Ste 302",Markham,Ontario,L3R 9S8,,2011-11-09,,,2023-11-28 14:57:47,'2023-11-28 14:57:47'),builder,builder,1,0,0,0,0,0,0,0,0
22821,Shamrock Developments Ltd,281 Tanbank Rd,St Davids,Ontario,L0S 1P0,905-262-5427,2011-10-26,,,2023-11-28 14:57:47,'2023-11-28 14:57:47'),builder,builder,1,0,0,0,0,0,0,0,0
22823,Clearview Townhomes Inc,"3219 Yonge St, Ste 326",Toronto,Ontario,M4N 3S1,,2011-10-19,,,2023-11-28 14:57:48,'2023-11-28 14:57:48'),builder,builder,1,0,0,0,0,0,0,0,0
22824,Montblanc Clearview Townhomes Inc,"310 North Queen St, Ste 202",Toronto,Ontario,M9C 5K4,416-922-8698,2011-10-19,,,2023-11-28 14:57:48,'2023-11-28 14:57:48'),builder,builder,1,0,0,0,0,0,0,0,0
22826,Ivest Properties Ltd,1490 Richmond St,London,Ontario,N6G 2M3,519-672-7810,2011-09-27,,,2023-11-28 14:57:48,'2023-11-28 14:57:48'),builder,builder,1,0,0,0,0,0,0,0,0
22830,Moloney Project Development Corp,"676 Redpine Lane, RR 1",Bridgenorth,Ontario,K0L 1H0,,2011-09-09,,,2023-11-28 14:57:48,'2023-11-28 14:57:48'),builder,builder,1,0,0,0,0,0,0,0,0
22844,National Homes (St Clair) Inc,"291 Edgeley Blvd, Suite One",Concord,Ontario,L4K 3Z4,905-669-9199,2011-06-27,,,2023-11-28 14:57:49,'2023-11-28 14:57:49'),builder,builder,1,0,0,0,0,0,0,0,0
22847,Grand Metropolitan Homes,156 Old Forest Hill Rd,Toronto,Ontario,M2N 2N8,416-617-0939,2011-05-18,,,2023-11-28 14:57:49,'2023-11-28 14:57:49'),builder,builder,1,0,0,0,0,0,0,0,0
22848,Victoriaview North Developments Inc,166 Woolwich St,Guelph,Ontario,N1H 6N1,,2011-05-13,,,2023-11-28 14:57:49,'2023-11-28 14:57:49'),builder,builder,1,0,0,0,0,0,0,0,0
22849,Reid Homes,"2781 Townline Rd, RR 21",Cambridge,Ontario,N3C 2V3,519-249-1500,2011-05-13,davidreidhomes.co.nz,,2023-12-04 13:19:06,'2023-11-28 14:57:49'),builder,builder,1,0,0,0,0,0,0,0,0
22851,Losani Homes Ltd,430 McNeilly Rd,Stoney Creek,Ontario,L8E 5E3,905-643-7386,2011-03-30,losanihomes.com,,2023-12-02 14:05:57,'2023-11-28 14:57:49'),builder,builder,1,0,0,0,0,0,0,0,0
22852,Ontario Realty Corp,,Toronto,Ontario,M5G 2L5,416-327-3937,2011-03-23,,,2023-11-28 14:57:49,'2023-11-28 14:57:49'),builder,builder,1,0,0,0,0,0,0,0,0
22853,JR Wagner Realty Ltd,1275 Burnhamthorpe Rd W,Oakville,Ontario,L6M 4L2,905-257-0528,2011-03-15,,,2023-11-28 14:57:49,'2023-11-28 14:57:49'),builder,builder,1,0,0,0,0,0,0,0,0
22854,Trafalgar Oaks Development Inc,1725 Puckering Lane,Caledon,Ontario,L7K 1E5,,2011-03-15,,,2023-11-28 14:57:49,'2023-11-28 14:57:49'),builder,builder,1,0,0,0,0,0,0,0,0
22855,Mattino Developments Inc,3352 Wyman Cres,Ottawa,Ontario,K1V 0Z2,,2011-03-14,,,2023-11-28 14:57:49,'2023-11-28 14:57:49'),builder,builder,1,0,0,0,0,0,0,0,0
22857,National Homes (Creditview) Inc,291 Edgeley Blvd,Concord,Ontario,L4K 3Z4,905-669-9199,2011-02-22,,,2023-11-28 14:57:49,'2023-11-28 14:57:49'),builder,builder,1,0,0,0,0,0,0,0,0
22864,Yorkwood Homes (RH) Ltd,"75 The Donway West, Ste 1400",Don Mills,Ontario,M3C 2E9,416-449-6350,2011-02-04,,,2023-11-28 14:57:50,'2023-11-28 14:57:50'),builder,builder,1,0,0,0,0,0,0,0,0
22876,Urbandale Construction Ltd,2193 Arch St,Ottawa,Ontario,K1G 2H5,613-731-6331,2010-11-23,urbandale.com,,2023-12-02 14:05:16,'2023-11-28 14:57:51'),builder,builder,1,0,0,0,0,0,0,0,0
22889,Beaverbrook Homes,"161 Pennsylvania Ave, Ste 5",Vaughan,Ontario,L4K 1C3,416-740-5544,2010-09-30,,,2023-11-28 14:57:51,'2023-11-28 14:57:51'),builder,builder,1,0,0,0,0,0,0,0,0
22890,Royal Pine Homes Ltd,"35500 Langstaff Rd, Ste 200",Woodbridge,Ontario,L4L 9G3,416-213-7181,2010-09-30,,,2023-11-28 14:57:51,'2023-11-28 14:57:51'),builder,builder,1,0,0,0,0,0,0,0,0
22893,Terwol Developments Ltd,"2800 Fourteenth Ave, Ste 400",Markham,Ontario,L3R 0E4,,2010-09-08,,,2023-11-28 14:57:51,'2023-11-28 14:57:51'),builder,builder,1,0,0,0,0,0,0,0,0
22904,Savic Homes Ltd,26 Idle Ridge Ct,Kitchener,Ontario,N2A 3W3,519-635-7707,2010-07-09,,,2023-11-28 14:57:52,'2023-11-28 14:57:52'),builder,builder,1,0,0,0,0,0,0,0,0
22905,Benemar Construction Inc,,Hamilton,Ontario,L8N 3N9,905-777-8901,2010-06-30,,,2023-11-28 14:57:52,'2023-11-28 14:57:52'),builder,builder,1,0,0,0,0,0,0,0,0
22907,Geranium Homes (Ninth Line) Ltd,"3190 Steeles Ave E, Ste 300",Markham,Ontario,L3R 1G9,905-477-1177,2010-06-25,,,2023-11-28 14:57:52,'2023-11-28 14:57:52'),builder,builder,1,0,0,0,0,0,0,0,0
22911,Queensgate Homes (Finch) Inc,"3800 Steeles Ave W, Ste 400",Woodbridge,Ontario,L4L 4G9,905-264-0600,2010-05-18,,,2023-11-28 14:57:52,'2023-11-28 14:57:52'),builder,builder,1,0,0,0,0,0,0,0,0
22917,Oxnard Homes,"9140 Leslie St, Ste 210",Richmond Hill,Ontario,L4B 0A9,905-762-9200,2010-03-15,,,2023-11-28 14:57:53,'2023-11-28 14:57:53'),builder,builder,1,0,0,0,0,0,0,0,0
22921,Elm Development Group,"30 Wertheim Ct, Unit 15",Richmond Hill,Ontario,L4B 1B9,905-709-8232,2010-02-26,,,2023-11-28 14:57:53,'2023-11-28 14:57:53'),builder,builder,1,0,0,0,0,0,0,0,0
22923,Deerfield Homes Ltd,139 Washburn Dr,Kitchener,Ontario,N2R 1S2,519-742-2846,2010-02-16,,,2023-11-28 14:57:53,'2023-11-28 14:57:53'),builder,builder,1,0,0,0,0,0,0,0,0
22924,SkyHomes Corp,"3300 Steeles Ave W, Unit 9",Concord,Ontario,L4Y 2Y4,416-663-9334,2010-02-01,,,2023-11-28 14:57:53,'2023-11-28 14:57:53'),builder,builder,1,0,0,0,0,0,0,0,0
22929,Loring Developments Ltd,398 Old Orchard Grove,Toronto,Ontario,M5M 2E9,,2009-08-28,,,2023-11-28 14:57:53,'2023-11-28 14:57:53'),builder,builder,1,0,0,0,0,0,0,0,0
22930,Carriage Gate Homes (Mountain Garden) Inc,"321 Anchor Rd, Unit 5",Hamilton,Ontario,L8V 4L5,905-575-3063,2009-08-28,,,2023-11-28 14:57:53,'2023-11-28 14:57:53'),builder,builder,1,0,0,0,0,0,0,0,0
22936,Charleston Homes,143 Dennis St,Rockwood,Ontario,N0B 2K0,519-856-4054,2016-12-19,charlestonhomesomaha.com,,2023-12-08 11:58:26,'2023-11-28 14:57:54'),builder,builder,1,0,0,0,0,0,0,0,0
22937,Fernbrook Homes (Lawrence) Ltd,"2220 Highway 7 W, Unit 5",Concord,Ontario,L4K 1W7,416-667-0447,2016-11-17,,,2023-11-28 14:57:54,'2023-11-28 14:57:54'),builder,builder,1,0,0,0,0,0,0,0,0
22941,EMK Construction Ltd,55 Park Ave,Oakville,Ontario,L6J 3Y1,905-842-9692,2016-10-19,,,2023-11-28 14:57:54,'2023-11-28 14:57:54'),builder,builder,1,0,0,0,0,0,0,0,0
22946,Maple Lane Lands &amp; Development Co Ltd,"3565 King Rd, Ste 109",King City,Ontario,L7B 1M3,,2016-08-03,,,2023-11-28 14:57:54,'2023-11-28 14:57:54'),builder,builder,1,0,0,0,0,0,0,0,0
22947,Hillburn Developments Inc,"40 Sheppard Ave W, Ste 700",Toronto,Ontario,M2N 6K9,416-667-0447,2016-08-03,,,2023-11-28 14:57:54,'2023-11-28 14:57:54'),builder,builder,1,0,0,0,0,0,0,0,0
22951,BLZ Developments Inc,24 Woodstock St S,Tavistock,Ontario,N0B 2P0,519-655-2943,2016-05-20,,,2023-11-28 14:57:55,'2023-11-28 14:57:55'),builder,builder,1,0,0,0,0,0,0,0,0
22953,Fairgate Homes,2561 Stouffville Rd,Gormley,Ontario,L0H 1G0,905-642-1600,2016-05-16,fairgatehomes.com,,2023-12-02 14:05:23,'2023-11-28 14:57:55'),builder,builder,1,0,0,0,0,0,0,0,0
22954,Joseph Sipocz Construction Ltd,1 Kennedy St,Brantford,Ontario,N3R 2C7,,2016-04-04,,,2023-11-28 14:57:55,'2023-11-28 14:57:55'),builder,builder,1,0,0,0,0,0,0,0,0
22955,Winzen Residential Homes Ltd,30 Algie Ave,Toronto,Ontario,M8Z 5J8,416-253-5900,2016-04-04,winzen.ca,,2023-12-02 14:05:23,'2023-11-28 14:57:55'),builder,builder,1,0,0,0,0,0,0,0,0
22958,Sean Mason Homes (484 Essa Rd) Inc,240 Snowdon Ave,Toronto,Ontario,M4N 2B3,705-720-7326,2016-02-10,,,2023-11-28 14:57:55,'2023-11-28 14:57:55'),builder,builder,1,0,0,0,0,0,0,0,0
22966,Royal David Realty Inc,277 Spring Gate Blvd,Thornhill,Ontario,L4J 3G3,905-707-7722,2015-11-05,,,2023-11-28 14:57:56,'2023-11-28 14:57:56'),builder,builder,1,0,0,0,0,0,0,0,0
22967,Primont Homes (Leslie/John) Inc,"9130 Leslie St, Ste 301",Richmond Hill,Ontario,L4B 0B9,905-770-7002,2015-11-05,,,2023-11-28 14:57:56,'2023-11-28 14:57:56'),builder,builder,1,0,0,0,0,0,0,0,0
22968,Maple Valley Development Inc,55 Kelways Circle,Brampton,Ontario,L6T 0G5,416-520-0969,2015-08-31,,,2023-11-28 14:57:56,'2023-11-28 14:57:56'),builder,builder,1,0,0,0,0,0,0,0,0
22970,Cosmopolitan Homes (Niagara) Ltd,"120 West Beaver Creek Rd, Unit 19",Richmond Hill,Ontario,L4B 1L2,905-762-1800,2015-08-10,,,2023-11-28 14:57:56,'2023-11-28 14:57:56'),builder,builder,1,0,0,0,0,0,0,0,0
22972,Genesis Homes,"1 Yorkdale Rd, Ste 214",Toronto,Ontario,M6A 3A1,416-229-9757,2015-07-30,,,2023-11-28 14:57:56,'2023-11-28 14:57:56'),builder,builder,1,0,0,0,0,0,0,0,0
22974,Ideal (MM) Developments Inc,1100 Rodick Rd,Markham,Ontario,L3R 8C3,416-754-3500,2015-07-23,,,2023-11-28 14:57:57,'2023-11-28 14:57:57'),builder,builder,1,0,0,0,0,0,0,0,0
22985,Time Development 250 Danforth Inc,"7100 Woodbine Ave, Ste 206",Markham,Ontario,L3R 5J2,905-604-5766,2015-05-28,,,2023-11-28 14:57:57,'2023-11-28 14:57:57'),builder,builder,1,0,0,0,0,0,0,0,0
22987,Deerfield Homes Ltd,155 Washburn Dr,Kitchener,Ontario,N2R 1S1,519-742-2846,2015-03-31,,,2023-11-28 14:57:58,'2023-11-28 14:57:58'),builder,builder,1,0,0,0,0,0,0,0,0
22989,King South-East Developments 201 Inc,,Toronto,Ontario,M4P 1J4,416-485-8833,2015-03-26,,,2023-11-28 14:57:58,'2023-11-28 14:57:58'),builder,builder,1,0,0,0,0,0,0,0,0
22994,National Homes Inc,"291 Edgeley Blvd, Ste 1",Concord,Ontario,L4K 3Z4,905-669-9199,2015-02-23,,,2023-11-28 14:57:58,'2023-11-28 14:57:58'),builder,builder,1,0,0,0,0,0,0,0,0
22996,Ideal (JS) Developments Inc,,Toronto,Ontario,L4E 3K2,416-754-3500,2015-01-29,,,2023-11-28 14:57:58,'2023-11-28 14:57:58'),builder,builder,1,0,0,0,0,0,0,0,0
22998,Thomas Cavanagh Construction,9094 Cavanagh Rd,Ashton,Ontario,K0A 1B0,613-257-2918,2015-01-15,,,2023-11-28 14:57:58,'2023-11-28 14:57:58'),builder,builder,1,0,0,0,0,0,0,0,0
23002,Sterling Realty (Niagara) Inc,17 Dunbar Cres,St Catharines,Ontario,L2W 1A6,905-687-3342,2014-11-27,,,2023-11-28 14:57:59,'2023-11-28 14:57:59'),builder,builder,1,0,0,0,0,0,0,0,0
23003,Cachet Estate Homes (Bronte) Inc,"361 Connie Cres, Ste 200",Concord,Ontario,L4K 5R2,905-764-1983,2014-11-24,,,2023-11-28 14:57:59,'2023-11-28 14:57:59'),builder,builder,1,0,0,0,0,0,0,0,0
23004,Stateview Homes,"410 Chrislea Rd, Unit 16",Woodbridge,Ontario,L4L 8B5,905-851-1849,2014-11-24,,,2023-11-28 14:57:59,'2023-11-28 14:57:59'),builder,builder,1,0,0,0,0,0,0,0,0
23005,Maple Leaf Homes,144 Constance Creek Rd,Dunrobin,Ontario,K0A 1T0,613-832-4757,2014-11-10,mapleleafhomes.ca,,2023-12-02 14:05:33,'2023-11-28 14:57:59'),builder,builder,1,0,0,0,0,0,0,0,0
23006,Corebridge Development,3928 Highway 7 E,Markham,Ontario,L3R 1L3,647-290-2598,2014-10-20,corebridge.com,,2023-12-09 16:47:30,'2023-11-28 14:57:59'),builder,builder,1,0,0,0,0,0,0,0,0
23008,Lee Developments Group,7 Lee Centre Dr,Toronto,Ontario,M1H 3J8,416-922-8260,2014-10-08,,,2023-11-28 14:57:59,'2023-11-28 14:57:59'),builder,builder,1,0,0,0,0,0,0,0,0
23010,Centra Homes,"125 Norfinch Dr, Ste 201",Toronto,Ontario,M3N 1W8,416-514-2726,2014-09-24,,,2023-11-28 14:57:59,'2023-11-28 14:57:59'),builder,builder,1,0,0,0,0,0,0,0,0
23011,Digram Developments Brampton Inc,"327 Renfrew Dr, Ste 302",Markham,Ontario,L3R 9S8,905-513-7999,2014-09-23,,,2023-11-28 14:57:59,'2023-11-28 14:57:59'),builder,builder,1,0,0,0,0,0,0,0,0
23013,Losani Homes Ltd,430 McNeilly Rd,Stoney Creek,Ontario,L8E 5E3,905-561-1700,2014-09-12,,,2023-11-28 14:57:59,'2023-11-28 14:57:59'),builder,builder,1,0,0,0,0,0,0,0,0
23016,CountryGreen Homes,"410 Industrial Dr, Unit C",Milton,Ontario,L9T 5A6,905-693-8525,2014-08-29,countrygreenhomes.com,,2023-12-02 14:05:36,'2023-11-28 14:57:59'),builder,builder,1,0,0,0,0,0,0,0,0
23019,Minto Developments Inc,"180 Kent St, Ste 200",Ottawa,Ontario,K1P 0B6,613-230-7051,2014-08-26,,,2023-11-28 14:58:00,'2023-11-28 14:58:00'),builder,builder,1,0,0,0,0,0,0,0,0
23020,John Boddy Developments Ltd,409 Kingston Rd W,Ajax,Ontario,L1S 6L7,905-619-1777,2014-07-29,,,2023-11-28 14:58:00,'2023-11-28 14:58:00'),builder,builder,1,0,0,0,0,0,0,0,0
23021,Metrus Properties Ltd,"30 Floral Pkwy, Ste 300",Concord,Ontario,L4K 4R1,905-669-9714,2014-06-19,,,2023-11-28 14:58:00,'2023-11-28 14:58:00'),builder,builder,1,0,0,0,0,0,0,0,0
23022,Life Construction Inc,"3985 Highway 7 E, Ste 202",Markham,Ontario,L3R 2A2,905-415-2200,2014-05-15,,,2023-11-28 14:58:00,'2023-11-28 14:58:00'),builder,builder,1,0,0,0,0,0,0,0,0
23023,Brent Muir Developments Ltd,"68 Millwick Dr, Unit 18",Toronto,Ontario,M9L 1Y3,416-742-3950,2014-05-02,,,2023-11-28 14:58:00,'2023-11-28 14:58:00'),builder,builder,1,0,0,0,0,0,0,0,0
23024,Zancor Homes (Woodbridge) Ltd,137 Bowes Rd,Concord,Ontario,L4K 1H3,905-738-7010,2014-05-02,,,2023-11-28 14:58:00,'2023-11-28 14:58:00'),builder,builder,1,0,0,0,0,0,0,0,0
23025,Q4 Realty Inc,"3 Bridgman Ave, Unit 202",Toronto,Ontario,M4R 3V4,613-545-3322,2014-05-01,,,2023-11-28 14:58:00,'2023-11-28 14:58:00'),builder,builder,1,0,0,0,0,0,0,0,0
23027,Freure Homes Ltd,"501 Krug St, Ste 201",Kitchener,Ontario,N2B 1L3,519-578-7771,2014-04-30,freure.com,,2024-04-16 14:48:36,'2023-11-28 14:58:01'),builder,builder,1,0,0,0,0,0,0,0,0
23028,Rajacan Developments Inc,14 Richview Court,Thornhill,Ontario,L3T 7S9,905-771-7618,2014-03-28,,,2023-11-28 14:58:01,'2023-11-28 14:58:01'),builder,builder,1,0,0,0,0,0,0,0,0
23029,Falconcrest Homes,"955 Wilson Ave, Unit 1",Toronto,Ontario,M3K 2A8,416-638-5980,2014-03-14,,,2023-11-28 14:58:01,'2023-11-28 14:58:01'),builder,builder,1,0,0,0,0,0,0,0,0
23032,Montblanc Clearview Townhomes Inc,6975 Meadowvale Town Centre Circle,Mississauga,Ontario,L5N 2V7,,2014-02-20,,,2023-11-28 14:58:01,'2023-11-28 14:58:01'),builder,builder,1,0,0,0,0,0,0,0,0
23042,Fernwood Developments (Ontario) Corp,"5556 Fifth Line, RR 1",Rockwood,Ontario,N0B 2K0,519-362-2001,2013-12-19,,,2023-11-28 14:58:02,'2023-11-28 14:58:02'),builder,builder,1,0,0,0,0,0,0,0,0
23046,Caraco Development Corp,,Glenburnie,Ontario,K0H 1S0,613-542-8400,2013-11-19,,,2023-11-28 14:58:02,'2023-11-28 14:58:02'),builder,builder,1,0,0,0,0,0,0,0,0
23047,Crystal Homes (Milton) Corp,161 Rebecca St,Hamilton,Ontario,L8R 1B9,905-574-4859,2013-11-08,,,2023-11-28 14:58:02,'2023-11-28 14:58:02'),builder,builder,1,0,0,0,0,0,0,0,0
23052,Prosperity Homes Ltd,2127 Jetstream Rd,London,Ontario,N5V 4H7,519-642-4341,2013-10-01,,,2023-11-28 14:58:02,'2023-11-28 14:58:02'),builder,builder,1,0,0,0,0,0,0,0,0
23053,Toscani Development Ltd,7060 Airport Rd,Mount Hope,Ontario,L0R 1W0,905-570-9515,2013-09-27,,,2023-11-28 14:58:03,'2023-11-28 14:58:03'),builder,builder,1,0,0,0,0,0,0,0,0
23054,Mady Development Corp,"8791 Woodbridge Ave, Ste 100",Markham,Ontario,L3R 0P4,905-944-0907,2013-09-27,,,2023-11-28 14:58:03,'2023-11-28 14:58:03'),builder,builder,1,0,0,0,0,0,0,0,0
23055,Ogden-Lake Developments Inc,"1 Bedford Rd, Ste 712",Toronto,Ontario,M5R 2B5,,2013-09-25,,,2023-11-28 14:58:03,'2023-11-28 14:58:03'),builder,builder,1,0,0,0,0,0,0,0,0
23056,Dunsire Developments,"465 Phillip St, Ste 203A",Waterloo,Ontario,N2L 6C7,888-519-2346,2013-09-25,,,2023-11-28 14:58:03,'2023-11-28 14:58:03'),builder,builder,1,0,0,0,0,0,0,0,0
23057,Brookfield Homes (Ontario) Ltd,"7303 Warden Ave, Ste 100",Markham,Ontario,L3R 5Y6,905-477-5111,2013-09-17,,,2023-11-28 14:58:03,'2023-11-28 14:58:03'),builder,builder,1,0,0,0,0,0,0,0,0
23058,Digram Developments Caledon Inc,"327 Renfrew Dr, Ste 302",Markham,Ontario,L3R 9S8,905-513-7999,2013-09-17,,,2023-11-28 14:58:03,'2023-11-28 14:58:03'),builder,builder,1,0,0,0,0,0,0,0,0
23059,Great West Developments Inc,"11 Headdon Gate, Unit 3",Richmond Hill,Ontario,L4C 9W9,905-770-5868,2013-09-13,,,2023-11-28 14:58:03,'2023-11-28 14:58:03'),builder,builder,1,0,0,0,0,0,0,0,0
23065,Greystone Developments,"12830 Yonge St, Ste 202",Richmond Hill,Ontario,L4E 4H1,905-313-0455,2013-07-22,,,2023-11-28 14:58:03,'2023-11-28 14:58:03'),builder,builder,1,0,0,0,0,0,0,0,0
23066,Lancaster Homes Inc,"9251 Yonge St, Ste 306",Richmond Hill,Ontario,L4C 9T3,905-731-6099,2013-07-22,lancasterhomes.ca,,2023-12-02 14:06:01,'2023-11-28 14:58:04'),builder,builder,1,0,0,0,0,0,0,0,0
23068,Starward Homes (Scenic 2012) Ltd,"2000 Garth St, Ste 201",Hamilton,Ontario,L9B 0C1,905-667-8800,2013-07-12,,,2023-11-28 14:58:04,'2023-11-28 14:58:04'),builder,builder,1,0,0,0,0,0,0,0,0
23074,Mazenga Building Group,1254 Avenue Rd,Toronto,Ontario,M5N 2G7,416-483-4105,2013-05-13,,,2023-11-28 14:58:04,'2023-11-28 14:58:04'),builder,builder,1,0,0,0,0,0,0,0,0
23076,Castleton Homes,"170 Wicksteed Ave, Unit 2",Toronto,Ontario,M4G 2B6,416-421-4663,2013-04-23,,,2023-11-28 14:58:04,'2023-11-28 14:58:04'),builder,builder,1,0,0,0,0,0,0,0,0
23077,Interrent International Properties Inc,"485 Bank St, Ste 200",Ottawa,Ontario,K2P 1Z2,613-569-5699,2013-04-04,,,2023-11-28 14:58:04,'2023-11-28 14:58:04'),builder,builder,1,0,0,0,0,0,0,0,0
23079,Granite Homes Cambridge Inc,160 Southgate Dr,Guelph,Ontario,N1G 4P5,519-822-3988,2013-04-04,,,2023-11-28 14:58:04,'2023-11-28 14:58:04'),builder,builder,1,0,0,0,0,0,0,0,0
23083,Arrowdale Developments Ltd,398 Old Orchard Grove,Toronto,Ontario,M5M 2E9,,2013-02-15,,,2023-11-28 14:58:05,'2023-11-28 14:58:05'),builder,builder,1,0,0,0,0,0,0,0,0
23084,Mackenzie Builders &amp; Developers Ltd,"327 Renfrew Dr, Ste 302",Markham,Ontario,L3R 9S8,905-513-7999,2013-02-15,,,2023-11-28 14:58:05,'2023-11-28 14:58:05'),builder,builder,1,0,0,0,0,0,0,0,0
23086,Verdiroc Development Corp,"1 Valleybrook Dr, Ste 201",Toronto,Ontario,M3B 2S7,416-486-4270,2013-01-28,,,2023-11-28 14:58:05,'2023-11-28 14:58:05'),builder,builder,1,0,0,0,0,0,0,0,0
23088,Montevallo Developments Ltd,940 Lansdowne Ave,Toronto,Ontario,M6H 3Z4,416-483-1066,2013-01-22,neudorfer.com,,2024-04-16 14:48:15,'2023-11-28 14:58:05'),builder,builder,1,0,0,0,0,0,0,0,0
23091,Carrville South Development Corp,9623 Bathurst St,Richmond Hill,Ontario,L4C 3X3,416-414-2416,2013-01-09,,,2023-11-28 14:58:05,'2023-11-28 14:58:05'),builder,builder,1,0,0,0,0,0,0,0,0
23093,Fernbrook Homes (Bronte Green 29) Ltd,"2220 Highway 7 W, Unit 5",Concord,Ontario,L4K 1W7,416-667-0447,2020-06-24,,,2023-11-28 14:58:06,'2023-11-28 14:58:06'),builder,builder,1,0,0,0,0,0,0,0,0
23096,Sikand Properties Inc,5406 Bimini Ct,Mississauga,Ontario,L5M 6G9,905-819-1016,2020-03-31,,,2023-11-28 14:58:07,'2023-11-28 14:58:07'),builder,builder,1,0,0,0,0,0,0,0,0
23104,Charleston Homes,143 Dennis St,Rockwood,Ontario,N0B 2K0,519-856-4054,2019-04-11,,,2023-11-28 14:58:09,'2023-11-28 14:58:09'),builder,builder,1,0,0,0,0,0,0,0,0
23105,Westdale Construction Co Ltd,35 Lesmill Rd,Toronto,Ontario,M3B 2T3,416-703-1877,2018-11-30,,,2023-11-28 14:58:09,'2023-11-28 14:58:09'),builder,builder,1,0,0,0,0,0,0,0,0
23106,Starward Homes,"2000 Garth St, Ste 201",Hamilton,Ontario,L9B 0C1,905-667-8800,2018-09-12,,,2023-11-28 14:58:10,'2023-11-28 14:58:10'),builder,builder,1,0,0,0,0,0,0,0,0
23113,Lalu 1053 16th Avenue Developments Inc,"50 Minthorn Blvd, Ste 102",Richmond Hill,Ontario,L3T 7X8,905-881-4401,2017-10-16,,,2023-11-28 14:58:11,'2023-11-28 14:58:11'),builder,builder,1,0,0,0,0,0,0,0,0
23118,Maplequest (Vaughan) Developments Inc,"327 Renfrew Dr, Ste 201",Markham,Ontario,L3R 9S8,905-513-7999,2017-08-17,,,2023-11-28 14:58:11,'2023-11-28 14:58:11'),builder,builder,1,0,0,0,0,0,0,0,0
23120,Landen Homes Churchlea Inc,6592 Quarry Point Rd,Longford Mills,Ontario,L3V 6H6,705-259-2289,2017-08-17,,,2023-11-28 14:58:11,'2023-11-28 14:58:11'),builder,builder,1,0,0,0,0,0,0,0,0
23123,Dunsmure Developments Ltd,11 The Bridle Path,North York,Ontario,M2L 1C9,416-357-0016,2017-07-27,,,2023-11-28 14:58:11,'2023-11-28 14:58:11'),builder,builder,1,0,0,0,0,0,0,0,0
23125,Kingsberg Homes Ltd,"1 West Pearce St, Unit 401",Richmond Hill,Ontario,L4B 3K3,,2017-07-07,,,2023-11-28 14:58:11,'2023-11-28 14:58:11'),builder,builder,1,0,0,0,0,0,0,0,0
23126,Digram Developments (Helen) Inc,"327 Renfrew Dr, Ste 301",Markham,Ontario,L3R 0S9,905-513-7999,2017-07-07,,,2023-11-28 14:58:11,'2023-11-28 14:58:11'),builder,builder,1,0,0,0,0,0,0,0,0
23127,Crown (Barrie) Developments Inc,,King City,Ontario,L7B 1M5,905-761-7555,2017-07-04,,,2023-11-28 14:58:12,'2023-11-28 14:58:12'),builder,builder,1,0,0,0,0,0,0,0,0
23134,Aspen Ridge Homes Ltd,29 Floral Pkwy,Concord,Ontario,L4K 5C5,905-669-9292,2017-05-04,,,2023-11-28 14:58:12,'2023-11-28 14:58:12'),builder,builder,1,0,0,0,0,0,0,0,0
23135,Marydel Homes ,100 Caster Ave,Woodbridge,Ontario,L4L 5Y9,905-264-5564,2017-04-11,,,2023-11-28 14:58:12,'2023-11-28 14:58:12'),builder,builder,1,0,0,0,0,0,0,0,0
23155,Military Trail Pointe Developments Inc,"1121 Centre St SW, Ste 500",Calgary,Alberta,T2E 7K6,,2005-04-19,,,2023-11-30 12:57:05,'2023-11-30 12:57:05'),builder,builder,1,0,0,0,0,0,0,0,0
23157,Innvest Master Properties GP X Ltd,"5090 Explorer Dr, 7th Flr",Mississauga,Ontario,L4W 4T9,905-624-9720,2005-03-31,,,2023-11-30 12:57:05,'2023-11-30 12:57:05'),builder,builder,1,0,0,0,0,0,0,0,0
23166,"Westpark Developments Inc, in Trust","1 King St W, Ste 1204",Hamilton,Ontario,L8P 1A4,,2005-01-31,,,2023-11-30 12:57:05,'2023-11-30 12:57:05'),builder,builder,1,0,0,0,0,0,0,0,0
23173,Innvest Master Properties GP VIII Ltd,"5090 Explorer Dr, 7th Flr",Mississauga,Ontario,L4W 4T9,905-624-9720,2004-07-05,,,2023-11-30 12:57:06,'2023-11-30 12:57:06'),builder,builder,1,0,0,0,0,0,0,0,0
23181,RNE Realty Ltd,5905 Campus Rd,Mississauga,Ontario,L4V 1P9,905-676-1240,2004-05-19,,,2023-11-30 12:57:06,'2023-11-30 12:57:06'),builder,builder,1,0,0,0,0,0,0,0,0
23186,Innvest Master Properties GP IX Ltd,"5090 Explorer Dr, 7th Flr",Mississauga,Ontario,L4W 4T9,905-624-9720,2004-04-20,,,2023-11-30 12:57:06,'2023-11-30 12:57:06'),builder,builder,1,0,0,0,0,0,0,0,0
23191,Trizechahn Office Properties Ltd,"181 Bay St, Ste 3820",Toronto,Ontario,M5J 2T3,416-361-7200,2004-01-15,,,2023-11-30 12:57:06,'2023-11-30 12:57:06'),builder,builder,1,0,0,0,0,0,0,0,0
23215,Pafet Developments Ltd,"2085 Hurontario St, Ste 200",Mississauga,Ontario,L5A 4G1,905-803-8898,2002-12-23,,,2023-11-30 12:57:07,'2023-11-30 12:57:07'),builder,builder,1,0,0,0,0,0,0,0,0
23224,Innvest Properties Corp,"5090 Explorer Dr, 7th Flr",Mississauga,Ontario,L4W 4T9,,2002-09-10,,,2023-11-30 12:57:07,'2023-11-30 12:57:07'),builder,builder,1,0,0,0,0,0,0,0,0
23235,Waterford Developments Inc,"1075 Bay St, Ste 400",Toronto,Ontario,M5S 2B1,416-252-2055,2001-11-16,,,2023-11-30 12:57:08,'2023-11-30 12:57:08'),builder,builder,1,0,0,0,0,0,0,0,0
23237,"KCLC Properties, Ulc",One Joy St,Boston,Massachusetts,USA - 02108,,2001-09-10,,,2023-11-30 12:57:08,'2023-11-30 12:57:08'),builder,builder,1,0,0,0,0,0,0,0,0
23249,25 Nicholas Properties Ltd,"100 Sparks St, Ste 500",Ottawa,Ontario,K1P 5B7,613-237-2425,2001-03-30,,,2023-11-30 12:57:08,'2023-11-30 12:57:08'),builder,builder,1,0,0,0,0,0,0,0,0
23252,EGH Properties Inc,108 Chestnut St,Toronto,Ontario,M5G 1R3,416-977-5000,2000-12-20,,,2023-11-30 12:57:08,'2023-11-30 12:57:08'),builder,builder,1,0,0,0,0,0,0,0,0
23313,Lorraine Properties Ltd,"200 King St W, Ste 1602",Toronto,Ontario,M5H 3T4,416-599-1930,2007-08-29,,,2023-11-30 12:57:11,'2023-11-30 12:57:11'),builder,builder,1,0,0,0,0,0,0,0,0
23325,Pozeg Construction Ltd,49 Hillview Blvd,London,Ontario,N6G 3A7,519-858-1228,2007-05-08,,,2023-11-30 12:57:12,'2023-11-30 12:57:12'),builder,builder,1,0,0,0,0,0,0,0,0
23326,Beachfront Developments Inc,"1118 Centre St, Ste 201",Thornhill,Ontario,L4J 7R9,905-762-0692,2007-05-08,,,2023-11-30 12:57:12,'2023-11-30 12:57:12'),builder,builder,1,0,0,0,0,0,0,0,0
23342,South Beach (Lakeshore) Developments Ltd,"3550 Victoria Park Ave, Ste 105",Toronto,Ontario,M2H 2N5,416-496-3340,2007-01-22,,,2023-11-30 12:57:12,'2023-11-30 12:57:12'),builder,builder,1,0,0,0,0,0,0,0,0
23346,Sylvanacre Properties Ltd,552 Ontario St,Stratford,Ontario,N5A 6W4,519-275-2936,2006-11-21,,,2023-11-30 12:57:13,'2023-11-30 12:57:13'),builder,builder,1,0,0,0,0,0,0,0,0
23411,Michael Wade Construction Co Ltd,736 Lake Dr N,Roches Point,Ontario,L0E 1P0,,1999-01-18,,,2023-11-30 12:57:15,'2023-11-30 12:57:15'),builder,builder,1,0,0,0,0,0,0,0,0
23448,King Edward Realty Inc,,Toronto,Ontario,M5X 1J5,416-365-1110,2010-03-09,,,2023-11-30 12:57:17,'2023-11-30 12:57:17'),builder,builder,1,0,0,0,0,0,0,0,0
23456,Golden Nugget Developments Inc,"451 West St N, Unit 9",Orillia,Ontario,L3V 5E9,,2010-01-14,,,2023-11-30 12:57:17,'2023-11-30 12:57:17'),builder,builder,1,0,0,0,0,0,0,0,0
23478,Ruscio Masonry &amp; Construction Ltd,1085 McNabb St,Sault Ste Marie,Ontario,P6B 2A1,705-949-1832,2009-06-22,ruscioconstruction.com,,2024-06-04 13:12:47,'2023-11-30 12:57:18'),builder,builder,1,0,0,0,0,0,0,0,0
23483,Dorsoduro Development Corp,199 Adesso Dr,Concord,Ontario,L4K 3C4,905-738-8841,2009-06-10,,,2023-11-30 12:57:18,'2023-11-30 12:57:18'),builder,builder,1,0,0,0,0,0,0,0,0
23490,Fortis Properties Corp,"139 Water St, PO Box 8837",St John&#039;s,Newfoundland,A1B 3T2,709-737-2800,2009-04-21,,,2023-11-30 12:57:19,'2023-11-30 12:57:19'),builder,builder,1,0,0,0,0,0,0,0,0
23493,ICC Citicore Developments Ltd,"1315 Lawrence Ave E, Ste 519",Toronto,Ontario,M3A 3R3,,2009-03-18,,,2023-11-30 12:57:19,'2023-11-30 12:57:19'),builder,builder,1,0,0,0,0,0,0,0,0
23505,Lais Hotel Properties Ltd,"48 John St, PO Box 1011",Niagara-on-the-Lake ON,,L0S 1J0,905-468-6084,2008-12-19,vintage-hotels.com,,2023-12-09 16:47:35,'2023-11-30 12:57:19'),builder,builder,1,0,0,0,0,0,0,0,0
23521,Skyline International Developments Inc,"154 University Ave, Ste 200",Toronto,Ontario,M5H 3Y9,416-368-2565,2008-07-14,,,2023-11-30 12:57:20,'2023-11-30 12:57:20'),builder,builder,1,0,0,0,0,0,0,0,0
23526,Building Management Services,"6331 Hollywood Blvd, Ste 1011",Los Angeles,CA,USA - 90028,,2008-06-27,bmsiapartments.com,,2023-12-09 16:47:36,'2023-11-30 12:57:20'),builder,builder,1,0,0,0,0,0,0,0,0
23552,B-Major Homes (Ontario) Inc,"80 Tiverton Ct, Ste 300",Markham,Ontario,L3R 0G4,905-477-7609,2008-01-22,,,2023-11-30 12:57:21,'2023-11-30 12:57:21'),builder,builder,1,0,0,0,0,0,0,0,0
23555,Checkers Properties GP Inc,"156 Duncan Mill Rd, Ste 12",Don Mills,Ontario,M3B 3N2,416-449-3535,2008-01-10,,,2023-11-30 12:57:21,'2023-11-30 12:57:21'),builder,builder,1,0,0,0,0,0,0,0,0
23558,Penwest Developments Corp Ltd,"390 Bay St, Ste 1710",Toronto,Ontario,M5H 2Y2,416-367-0544,2007-12-14,,,2023-11-30 12:57:21,'2023-11-30 12:57:21'),builder,builder,1,0,0,0,0,0,0,0,0
23562,RNE Realty Ltd,5905 Campus Rd,Mississauga,Ontario,L4V 1P9,905-676-1240,2007-11-30,,,2023-11-30 12:57:21,'2023-11-30 12:57:21'),builder,builder,1,0,0,0,0,0,0,0,0
23587,Nishnawbe Homes Inc,"360 Bloor St W, Ste 312",Toronto,Ontario,M5S 1X1,416-975-5451,2007-03-30,,,2023-11-30 12:57:23,'2023-11-30 12:57:23'),builder,builder,1,0,0,0,0,0,0,0,0
23595,Shelter Canadian Properties Ltd,2600 Seven Evergreen Place,Winnipeg,Manitoba,R3L 2T3,204-475-9090,2007-03-06,,,2023-11-30 12:57:23,'2023-11-30 12:57:23'),builder,builder,1,0,0,0,0,0,0,0,0
23611,Beachfront Developments,"1118 Centre St, Ste 201",Thornhill,Ontario,L4J 7R9,905-762-0692,2006-10-26,,,2023-11-30 12:57:24,'2023-11-30 12:57:24'),builder,builder,1,0,0,0,0,0,0,0,0
23636,Claridge Homes (1717 Carling) Inc,210 Gladstone Ave,Ottawa,Ontario,K2P 0Y6,613-233-6030,2019-11-26,,,2023-11-30 12:57:26,'2023-11-30 12:57:26'),builder,builder,1,0,0,0,0,0,0,0,0
23669,Windsor Chapel Funeral Homes Ltd,1700 Tecumseh Rd E,Windsor,Ontario,N8W 1C7,519-253-7234,2015-10-06,,,2023-11-30 12:57:27,'2023-11-30 12:57:27'),builder,builder,1,0,0,0,0,0,0,0,0
23689,Options for Homes Eastern Ontario,248 Wellington St,Kingston,Ontario,K7K 2Y8,613-546-8252,2014-05-22,,,2023-11-30 12:57:28,'2023-11-30 12:57:28'),builder,builder,1,0,0,0,0,0,0,0,0
23702,Pozeg Construction Ltd,49 Hillview Blvd,London,Ontario,N6G 3A7,519-858-1228,2013-12-03,,,2023-11-30 12:57:28,'2023-11-30 12:57:28'),builder,builder,1,0,0,0,0,0,0,0,0
23732,Doss Homes Construction and,1119 Laurier Ave,Milton,Ontario,L9T 6W8,,2012-11-30,,,2023-11-30 12:57:30,'2023-11-30 12:57:30'),builder,builder,1,0,0,0,0,0,0,0,0
23757,VHL Developments (Bluffs) Inc,"255 Duncan Mill Rd, Ste 812",Toronto,Ontario,M3B 3H9,416-391-4870,2011-11-30,,,2023-11-30 12:57:31,'2023-11-30 12:57:31'),builder,builder,1,0,0,0,0,0,0,0,0
23763,South Beach (Lakeshore) Developments Ltd,"150 Ferrand Dr, Ste 801",Toronto,Ontario,M3C 3E5,,2011-09-01,,,2023-11-30 12:57:31,'2023-11-30 12:57:31'),builder,builder,1,0,0,0,0,0,0,0,0
23764,Phantom Developments Ltd,207 Weston Rd,Toronto,Ontario,M6N 4Z3,416-762-7177,2011-09-01,,,2023-11-30 12:57:31,'2023-11-30 12:57:31'),builder,builder,1,0,0,0,0,0,0,0,0
23776,Lais Hotel Properties Ltd,"48 John St, PO Box 1011",Niagara-on-the-Lake,ON,L0S 1J0,905-468-3246,2011-05-20,vintage-hotels.com,,2023-12-09 16:47:36,'2023-11-30 12:57:31'),builder,builder,1,0,0,0,0,0,0,0,0
23810,Lakeview Realty,57 Matchedash St N,Orillia,Ontario,L3V 4T7,705-325-3600,2009-10-05,lakeviewrealtyhomes.com,,2023-12-02 14:06:41,'2023-11-30 12:57:33'),builder,builder,1,0,0,0,0,0,0,0,0
23816,Rita Development Inc,5107 Centre St,Niagara Falls,Ontario,L2G 3P1,905-357-1814,2009-08-11,,,2023-11-30 12:57:34,'2023-11-30 12:57:34'),builder,builder,1,0,0,0,0,0,0,0,0
23841,Terracon Developments Inc,"9251 Yonge St, Ste 8-259",Richmond Hill,Ontario,L4C 9T3,,2008-06-23,terracon.com,,2023-12-02 14:07:20,'2023-11-30 12:57:35'),builder,builder,1,0,0,0,0,0,0,0,0
23852,LDR Properties Inc,"193 King St E, Ste 200",Toronto,Ontario,M5A 1J5,416-867-9899,2008-01-24,,,2023-11-30 12:57:35,'2023-11-30 12:57:35'),builder,builder,1,0,0,0,0,0,0,0,0
23855,InnVest Properties Ottawa Rideau,,,,,,2014-12-01,,,2023-11-30 12:57:36,'2023-11-30 12:57:36'),builder,builder,1,0,0,0,0,0,0,0,0
23870,Sheltered Canadian Properties Ltd,2600 Seven Evergreen Place,Winnipeg,Manitoba,R3L 2T3,204-475-9090,2014-08-01,,,2023-11-30 12:57:37,'2023-11-30 12:57:37'),builder,builder,1,0,0,0,0,0,0,0,0
23878,Streetcar Developments Inc,,Toronto,Ontario,M4M 2A9,416-686-9199,2014-06-18,,,2023-11-30 12:57:37,'2023-11-30 12:57:37'),builder,builder,1,0,0,0,0,0,0,0,0
23897,Triform Developments,"359 Kent St, Ste 400",Ottawa,Ontario,K2P 0R6,613-225-0770,2013-12-16,,,2023-11-30 12:57:39,'2023-11-30 12:57:39'),builder,builder,1,0,0,0,0,0,0,0,0
23934,Hosa Property Development Ltd,"4576 Yonge St, Ste 605",Toronto,Ontario,M2N 6N4,,2013-02-19,,,2023-11-30 12:57:41,'2023-11-30 12:57:41'),builder,builder,1,0,0,0,0,0,0,0,0
23951,Provincial Development Corp,455 Green Ave,Ottawa,Ontario,K1M 1L1,,2012-11-01,,,2023-11-30 12:57:42,'2023-11-30 12:57:42'),builder,builder,1,0,0,0,0,0,0,0,0
23956,First Leaside Realty II Inc,66 Wellington St W,Toronto,Ontario,M5K 1H6,,2012-10-04,,,2023-11-30 12:57:43,'2023-11-30 12:57:43'),builder,builder,1,0,0,0,0,0,0,0,0
23960,Fortis Properties Corp,139 Water St,St John&#039;s NL,,A1B 3T2,709-737-2800,2012-10-01,,,2023-11-30 12:57:43,'2023-11-30 12:57:43'),builder,builder,1,0,0,0,0,0,0,0,0
23963,Innvest Properties Corp,"5090 Explorer Corp, Ste 700",Mississauga,Ontario,L4W 4T9,905-206-7100,2012-09-13,,,2023-11-30 12:57:43,'2023-11-30 12:57:43'),builder,builder,1,0,0,0,0,0,0,0,0
23987,Landing Developments Ltd,29 Vanderbrent Cres,Toronto,Ontario,M9R 3W9,416-247-3611,2012-01-09,,,2023-11-30 12:57:44,'2023-11-30 12:57:44'),builder,builder,1,0,0,0,0,0,0,0,0
24017,Fernbrook Homes (Wilson) Ltd,"2220 Highway 7 W, Unit 5",Concord,Ontario,L4K 1W7,416-667-0447,2011-08-12,,,2023-11-30 12:57:46,'2023-11-30 12:57:46'),builder,builder,1,0,0,0,0,0,0,0,0
24020,Consulate Development Group,"377 Burnhamthorpe Rd E, Ste 117",Mississauga,Ontario,L5A 3Y1,905-276-7690,2011-06-02,,,2023-11-30 12:57:46,'2023-11-30 12:57:46'),builder,builder,1,0,0,0,0,0,0,0,0
24033,Skyline International Development,"154 University Ave, Suite 200",Toronto,Ontario,M5H 3Y9,416-368-2565,2011-03-02,,,2023-11-30 12:57:47,'2023-11-30 12:57:47'),builder,builder,1,0,0,0,0,0,0,0,0
24059,Pink Elephant Properties Inc,7797 Lundy&#039;s Lane,Niagara Falls,Ontario,L2H 1H3,289-396-2115,2019-01-11,,,2023-11-30 12:57:49,'2023-11-30 12:57:49'),builder,builder,1,0,0,0,0,0,0,0,0
24079,Beacon Realty Co Ltd,584 Somerset St W,Ottawa,Ontario,K1R 5K2,,2018-07-10,,,2023-11-30 12:57:50,'2023-11-30 12:57:50'),builder,builder,1,0,0,0,0,0,0,0,0
24083,DBP Properties Inc,2901 Bayview Ave,Toronto,Ontario,M2K 2Y6,,2018-05-01,,,2023-11-30 12:57:50,'2023-11-30 12:57:50'),builder,builder,1,0,0,0,0,0,0,0,0
24138,Strathroy Gateway Properties Inc,"10 Falconer Dr, Unit 3",Mississauga,Ontario,L5N 3L8,,2016-07-12,,,2023-11-30 12:57:54,'2023-11-30 12:57:54'),builder,builder,1,0,0,0,0,0,0,0,0
24146,Fruitbelt Development,"1701 Thorld Townline Rd, RR 2",Niagara Falls,Ontario,L2E 6S5,905-371-3717,2016-06-16,,,2023-11-30 12:57:54,'2023-11-30 12:57:54'),builder,builder,1,0,0,0,0,0,0,0,0
24148,Bayview Hotel Properties Inc,108 Chestnut St,Toronto,Ontario,M5G 1R3,416-597-6302,2016-06-03,,,2023-11-30 12:57:55,'2023-11-30 12:57:55'),builder,builder,1,0,0,0,0,0,0,0,0
24164,Fortis Properties Corp,"139 Water St, Ste 1201",St John&#039;s,NL,A1B 3T2,709-737-2800,2015-10-14,,,2023-11-30 12:57:56,'2023-11-30 12:57:56'),builder,builder,1,0,0,0,0,0,0,0,0
24216,Lockburn Developments Inc,4660 Kirby Rd,Vaughan,Ontario,L4L 1A6,,2021-04-30,,,2023-12-03 16:44:08,'2023-12-03 16:44:08'),builder,builder,1,0,0,0,0,0,0,0,0
24222,Orchdale Homes (Steeles) Inc,6 Willowbrook Rd,Toronto,Ontario,M8Z 4A8,,2021-04-30,,,2023-12-03 16:44:08,'2023-12-03 16:44:08'),builder,builder,1,0,0,0,0,0,0,0,0
24238,Warren D Sinclair Construction Ltd,264 Lawrence Ave,Kitchener,Ontario,N2M 1Y4,519-743-8421,2021-04-29,,,2023-12-03 16:44:09,'2023-12-03 16:44:09'),builder,builder,1,0,0,0,0,0,0,0,0
24266,Saach Homes GP Inc,220 South Service Rd,Mississauga,Ontario,L5G 2S1,,2021-04-21,,,2023-12-03 16:44:10,'2023-12-03 16:44:10'),builder,builder,1,0,0,0,0,0,0,0,0
24268,Ash N Mel Properties Inc,103 Citation Dr,Toronto,Ontario,M2K 1S9,,2021-04-20,,,2023-12-03 16:44:10,'2023-12-03 16:44:10'),builder,builder,1,0,0,0,0,0,0,0,0
24288,Deman Developments Inc,2380 Bankside Dr,Mississauga,Ontario,L5M 6E5,905-277-0363,2021-04-12,,,2023-12-03 16:44:12,'2023-12-03 16:44:12'),builder,builder,1,0,0,0,0,0,0,0,0
24295,Davoriel Properties Inc,127 Don Minaker Dr,Brampton,Ontario,L6P 2W1,,2021-04-08,,,2023-12-03 16:44:12,'2023-12-03 16:44:12'),builder,builder,1,0,0,0,0,0,0,0,0
24296,Reid Homes,"2781 Townline Rd, RR 21",Cambridge,Ontario,N3C 2V3,519-249-1500,2021-04-08,,,2023-12-03 16:44:12,'2023-12-03 16:44:12'),builder,builder,1,0,0,0,0,0,0,0,0
24297,Royalcilff Homes,"100 Regina Rd, Unit 3",Woodbridge,Ontario,L4L 8M7,905-265-1611,2021-04-07,,,2023-12-03 16:44:12,'2023-12-03 16:44:12'),builder,builder,1,0,0,0,0,0,0,0,0
24299,Farrage Developments Inc,"111 Gordon Baker Rd, Ste 510",Toronto,Ontario,M2H 3R1,,2021-04-07,,,2023-12-03 16:44:12,'2023-12-03 16:44:12'),builder,builder,1,0,0,0,0,0,0,0,0
24308,Trinitystar Developments Inc,667 Nashville Rd,Kleinburg,Ontario,L0J 1C0,,2021-04-06,,,2023-12-03 16:44:13,'2023-12-03 16:44:13'),builder,builder,1,0,0,0,0,0,0,0,0
24320,Dinh Realty Inc,"45 St Clair Ave W, Ste 101",Toronto,Ontario,M4V 1K9,,2021-04-01,,,2023-12-03 16:44:13,'2023-12-03 16:44:13'),builder,builder,1,0,0,0,0,0,0,0,0
24322,JSK Development Inc,"3621 Highway 7 E, Ste 306",Markham,Ontario,L3R 0G6,905-305-8089,2021-04-01,,,2023-12-03 16:44:14,'2023-12-03 16:44:14'),builder,builder,1,0,0,0,0,0,0,0,0
24347,Bromont Homes Inc,"457 Jevlan Dr, Unit 8",Woodbridge,Ontario,L4L 7Z9,905-850-3333,2021-08-31,,,2023-12-03 16:44:15,'2023-12-03 16:44:15'),builder,builder,1,0,0,0,0,0,0,0,0
24349,SHL Property Corp,20 Litchi Ct,Richmond Hill,Ontario,L4E 4V1,,2021-08-31,,,2023-12-03 16:44:15,'2023-12-03 16:44:15'),builder,builder,1,0,0,0,0,0,0,0,0
24359,North Town Developments Ltd,"100 Bass Pro Mills Dr, Unit 37",Concord,Ontario,L4K 5X1,,2021-08-31,,,2023-12-03 16:44:16,'2023-12-03 16:44:16'),builder,builder,1,0,0,0,0,0,0,0,0
24367,Halminen Homes,290 Lake Rd,Bowmanville,Ontario,L1C 4P8,905-436-2600,2021-08-30,,,2023-12-03 16:44:16,'2023-12-03 16:44:16'),builder,builder,1,0,0,0,0,0,0,0,0
24380,Raftis Realty Ltd,4 Moorehill Dr,Toronto,Ontario,M4G 1A1,416-424-1443,2021-08-26,,,2023-12-03 16:44:17,'2023-12-03 16:44:17'),builder,builder,1,0,0,0,0,0,0,0,0
24387,Fifty Bay Street South Developments Ltd,"200 James St S, Ste 202",Hamilton,Ontario,L8P 3A9,905-393-2012,2021-08-20,,,2023-12-03 16:44:18,'2023-12-03 16:44:18'),builder,builder,1,0,0,0,0,0,0,0,0
24391,Invecta Development Ottawa Corp,758 Shank Heights,Milton,Ontario,L9T 7P7,,2021-08-20,,,2023-12-03 16:44:18,'2023-12-03 16:44:18'),builder,builder,1,0,0,0,0,0,0,0,0
24392,Feel Free Properties Inc,5 Purling Place,North York,Ontario,M3B 1V4,,2021-08-20,,,2023-12-03 16:44:18,'2023-12-03 16:44:18'),builder,builder,1,0,0,0,0,0,0,0,0
24415,Seven Developments Inc,146 Degrey Dr,Brampton,Ontario,L6P 2X7,905-794-5503,2021-08-13,,,2023-12-03 16:44:20,'2023-12-03 16:44:20'),builder,builder,1,0,0,0,0,0,0,0,0
24417,Cannington Construction Ltd,"4 Fortecon Dr, Unit 2",Stouffville,Ontario,L4A 2G8,905-841-0967,2021-08-13,,,2023-12-03 16:44:20,'2023-12-03 16:44:20'),builder,builder,1,0,0,0,0,0,0,0,0
24421,Mackinnon Real Property Inc,37 Wenonah Dr,Mississauga,Ontario,L5G 3W4,,2021-08-13,,,2023-12-03 16:44:20,'2023-12-03 16:44:20'),builder,builder,1,0,0,0,0,0,0,0,0
24430,Wynstar Developments Inc,"100 New Park Place, Ste 820",Vaughan,Ontario,L4K 0H9,,2021-08-11,mavbeautybrands.com,,2024-04-16 14:48:25,'2023-12-03 16:44:20'),builder,builder,1,0,0,0,0,0,0,0,0
24431,Stateview Homes,"410 Chrislea Rd, Unit 16",Woodbridge,Ontario,L4L 8R5,905-851-1849,2021-08-11,,,2023-12-03 16:44:20,'2023-12-03 16:44:20'),builder,builder,1,0,0,0,0,0,0,0,0
24432,Ariston Properties Inc,79 Gordon Rd,Toronto,Ontario,M2P 1E3,,2021-08-11,,,2023-12-03 16:44:20,'2023-12-03 16:44:20'),builder,builder,1,0,0,0,0,0,0,0,0
24433,Langlois Ecohomes Ltd,,Embro,Ontario,N0J 1J0,,2021-08-10,,,2023-12-03 16:44:20,'2023-12-03 16:44:20'),builder,builder,1,0,0,0,0,0,0,0,0
24434,Warren D Sinclair Construction Ltd,264 Lawrence Ave,Kitchener,Ontario,N2M 1Y4,,2021-08-10,,,2023-12-03 16:44:20,'2023-12-03 16:44:20'),builder,builder,1,0,0,0,0,0,0,0,0
24437,Reserve Properties,,Toronto,Ontario,M4P 2Y1,416-440-2904,2021-08-06,,,2023-12-03 16:44:21,'2023-12-03 16:44:21'),builder,builder,1,0,0,0,0,0,0,0,0
24444,Tatro Properties Ltd,7744 Seventh Line W,Chatham,Ontario,N7M 5J3,,2021-08-05,,,2023-12-03 16:44:21,'2023-12-03 16:44:21'),builder,builder,1,0,0,0,0,0,0,0,0
24474,Metaland Realty Inc,984 Cavan St,,,K1Z 5T7,,2021-12-31,,,2023-12-03 16:44:23,'2023-12-03 16:44:23'),builder,builder,1,0,0,0,0,0,0,0,0
24485,LMS Properties Inc,"40 King St W, Ste 2100",Toronto,Ontario,M5H 3T4,,2021-12-24,,,2023-12-03 16:44:23,'2023-12-03 16:44:23'),builder,builder,1,0,0,0,0,0,0,0,0
24488,Sterling Homes (380 Wellington PEC) Inc,"20 Rivermede Rd, Ste 204",Concord,Ontario,L4K 3N3,905-669-8399,2021-12-24,,,2023-12-03 16:44:23,'2023-12-03 16:44:23'),builder,builder,1,0,0,0,0,0,0,0,0
24497,Gervais Development (Emery) Corp,"2235 Sheppard Ave E, Ste 905",Toronto,Ontario,M2J 5B5,647-478-2008,2021-12-22,,,2023-12-03 16:44:24,'2023-12-03 16:44:24'),builder,builder,1,0,0,0,0,0,0,0,0
24508,Mas Realty Inc,1454 Manotick Station Rd,,,K4P 1K4,,2021-12-21,,,2023-12-03 16:44:25,'2023-12-03 16:44:25'),builder,builder,1,0,0,0,0,0,0,0,0
24513,2900 Properties Inc,"4665 Yonge St, Ste 303",North York,Ontario,M2N 0B4,,2021-12-20,propertiesincostarica.com,,2023-12-04 13:18:55,'2023-12-03 16:44:25'),builder,builder,1,0,0,0,0,0,0,0,0
24516,Stone Eagle Property Corp,240 John St E,Niagara-on-the-Lake,ON,L0S 1J0,,2021-12-20,,,2023-12-03 16:44:25,'2023-12-03 16:44:25'),builder,builder,1,0,0,0,0,0,0,0,0
24528,Deman Developments Inc,1445 Dundas Cres,Mississauga,Ontario,L5C 1E8,905-276-5001,2021-12-16,,,2023-12-03 16:44:26,'2023-12-03 16:44:26'),builder,builder,1,0,0,0,0,0,0,0,0
24540,Pantheon Properties Corp,82 Binscarth Rd,Toronto,Ontario,M4W 1Y4,416-929-1219,2021-12-16,,,2023-12-03 16:44:26,'2023-12-03 16:44:26'),builder,builder,1,0,0,0,0,0,0,0,0
24543,Viewcon Construction (2019) Ltd,95 Young St,Woodstock,Ontario,N4S 8X8,519-539-4655,2021-12-15,,,2023-12-03 16:44:27,'2023-12-03 16:44:27'),builder,builder,1,0,0,0,0,0,0,0,0
24548,&quot;T&quot; Farms &amp; Homes Ltd,95 Gray Rd,Stoney Creek,Ontario,L8G 3T9,,2021-12-15,,,2023-12-03 16:44:27,'2023-12-03 16:44:27'),builder,builder,1,0,0,0,0,0,0,0,0
24557,Tens on East Lake Realty Inc,1 Greystone Ct,Toronto,Ontario,M8V 4A5,,2021-12-15,,,2023-12-03 16:44:27,'2023-12-03 16:44:27'),builder,builder,1,0,0,0,0,0,0,0,0
24571,Tricar Properties Ltd,3800 Colonel Talbot Rd,London,Ontario,N6P 1H5,519-652-8900,2021-12-14,,,2023-12-03 16:44:28,'2023-12-03 16:44:28'),builder,builder,1,0,0,0,0,0,0,0,0
24575,Nathaniel Properties Ltd,342 Villa Ct,Oshawa,Ontario,L1J 6Y3,,2021-12-13,,,2023-12-03 16:44:28,'2023-12-03 16:44:28'),builder,builder,1,0,0,0,0,0,0,0,0
24577,Safe Haven Properties Ltd,342 Villa Ct,Oshawa,Ontario,L1J 6Y3,,2021-12-13,,,2023-12-03 16:44:28,'2023-12-03 16:44:28'),builder,builder,1,0,0,0,0,0,0,0,0
24600,F-F Construction Company Ltd,"1135 Crestlawn Dr, Unit A-3",Mississauga,Ontario,L4W 4Z7,,2021-12-08,,,2023-12-03 16:44:29,'2023-12-03 16:44:29'),builder,builder,1,0,0,0,0,0,0,0,0
24614,Forever Homes Inc,1956 Mallard Rd,London,Ontario,N6H 5M1,519-686-3075,2021-12-06,,,2023-12-03 16:44:30,'2023-12-03 16:44:30'),builder,builder,1,0,0,0,0,0,0,0,0
24624,Grizzley Properties Inc,8771 Castlederg Sideroad,Bolton,Ontario,L7E 0S7,,2021-12-03,,,2023-12-03 16:44:30,'2023-12-03 16:44:30'),builder,builder,1,0,0,0,0,0,0,0,0
24628,Claridge Homes (Strandherd) Inc,210 Gladstone Ave,Ottawa,Ontario,K2P 0Y6,,2021-12-02,,,2023-12-03 16:44:31,'2023-12-03 16:44:31'),builder,builder,1,0,0,0,0,0,0,0,0
24644,Earthpro Development Corp,14 Wild Meadow St,Kitchener,Ontario,N2A 0J5,,2021-12-01,,,2023-12-03 16:44:31,'2023-12-03 16:44:31'),builder,builder,1,0,0,0,0,0,0,0,0
24671,Selby Building Inc,61 Jane St,Paris,Ontario,N3L 2Y1,,2021-12-01,,,2023-12-03 16:44:32,'2023-12-03 16:44:32'),builder,builder,1,0,0,0,0,0,0,0,0
24680,Goodhue Properties Inc,145 Main St E,Listowel,Ontario,N4W 3S2,,2021-12-01,,,2023-12-03 16:44:33,'2023-12-03 16:44:33'),builder,builder,1,0,0,0,0,0,0,0,0
24687,Kianik Home Development Inc,130 Munro Blvd,Toronto,Ontario,M2P 1C6,,2021-02-26,,,2023-12-03 16:44:33,'2023-12-03 16:44:33'),builder,builder,1,0,0,0,0,0,0,0,0
24700,Coilavoulin Development Inc,,Toronto,Ontario,M6R 2Z5,,2021-02-25,,,2023-12-03 16:44:34,'2023-12-03 16:44:34'),builder,builder,1,0,0,0,0,0,0,0,0
24721,Stockworth Developments,"400 North Rivermede Rd, Ste 102",Concord,Ontario,L4K 3R5,905-660-4294,2021-02-19,,,2023-12-03 16:44:35,'2023-12-03 16:44:35'),builder,builder,1,0,0,0,0,0,0,0,0
24735,Marshall Homes (Cobourg) Ltd,"1295 Wharf St, Unit 9",Pickering,Ontario,L1W 1A2,905-839-6489,2021-02-18,,,2023-12-03 16:44:36,'2023-12-03 16:44:36'),builder,builder,1,0,0,0,0,0,0,0,0
24738,WHW Property Development Corp,"763 Bay St, Ste 2808",Toronto,Ontario,M5G 2R3,,2021-02-16,,,2023-12-03 16:44:36,'2023-12-03 16:44:36'),builder,builder,1,0,0,0,0,0,0,0,0
24748,Hardy Terrace Brantford Realty Ltd,12959 Highway 27,Nobleton,Ontario,L0G 1N0,905-558-8000,2021-02-12,,,2023-12-03 16:44:36,'2023-12-03 16:44:36'),builder,builder,1,0,0,0,0,0,0,0,0
24750,Great Nation Development Ltd,24 Angie Pl,Woodbridge,Ontario,L4L 6V6,905-856-2805,2021-02-12,,,2023-12-03 16:44:36,'2023-12-03 16:44:36'),builder,builder,1,0,0,0,0,0,0,0,0
24754,Pivotal Fine Homes Ltd,6 Horizon Ct,Richmond Hill,Ontario,L4B 3G1,,2021-02-11,,,2023-12-03 16:44:37,'2023-12-03 16:44:37'),builder,builder,1,0,0,0,0,0,0,0,0
24757,Village Developments Inc,7686 Appleby Line,Milton,Ontario,L9T 1Y8,,2021-02-10,,,2023-12-03 16:44:37,'2023-12-03 16:44:37'),builder,builder,1,0,0,0,0,0,0,0,0
24767,GH1 Development Inc,"909 Davenport Rd, 2nd Flr",Toronto,Ontario,M6G 2B7,416-504-2243,2021-02-05,,,2023-12-03 16:44:37,'2023-12-03 16:44:37'),builder,builder,1,0,0,0,0,0,0,0,0
24771,Seven Developments,146 Degrey Dr,Brampton,Ontario,L6P 3X7,905-794-5503,2021-02-02,7tendevelopments.com,,2023-12-04 13:19:08,'2023-12-03 16:44:37'),builder,builder,1,0,0,0,0,0,0,0,0
24785,Percy Ellis Construction,494 Eastern Ave,Toronto,Ontario,M4M 1C5,416-645-8498,2021-02-01,,,2023-12-03 16:44:38,'2023-12-03 16:44:38'),builder,builder,1,0,0,0,0,0,0,0,0
24794,First Rock Properties Ltd,,Burlington,Ontario,L7N 1V8,905-635-7159,2021-02-01,,,2023-12-03 16:44:38,'2023-12-03 16:44:38'),builder,builder,1,0,0,0,0,0,0,0,0
24807,Pratt Development Inc,"27 Clapperton St, Ste 300",Barrie,Ontario,L4M 3E6,705-722-4500,2021-01-29,,,2023-12-03 16:44:39,'2023-12-03 16:44:39'),builder,builder,1,0,0,0,0,0,0,0,0
24856,Claridge Homes (1221 March Road) Inc,210 Gladstone Ave,Ottawa,Ontario,K2P 0Y6,613-233-6030,2021-01-15,,,2023-12-03 16:44:41,'2023-12-03 16:44:41'),builder,builder,1,0,0,0,0,0,0,0,0
24863,White Owl Properties Ltd,2333 Cassell Dr,Hillsdale,Ontario,L0L 1V0,,2021-01-15,,,2023-12-03 16:44:42,'2023-12-03 16:44:42'),builder,builder,1,0,0,0,0,0,0,0,0
24864,LK Properties Ltd,36 Hartfield Rd,Toronto,Ontario,M9A 3C9,416-236-0916,2021-01-15,,,2023-12-03 16:44:42,'2023-12-03 16:44:42'),builder,builder,1,0,0,0,0,0,0,0,0
24872,Survey Construction Inc,"259 Edgeley Blvd, Unit 18",Concord,Ontario,L4K 3Y5,905-738-9888,2021-01-14,constructionsurveyinc.com,,2023-12-04 13:18:58,'2023-12-03 16:44:42'),builder,builder,1,0,0,0,0,0,0,0,0
24883,River Rock Realty Ltd,5 Melvin St,Parry Sound,Ontario,P2A 1E5,,2021-01-11,,,2023-12-03 16:44:43,'2023-12-03 16:44:43'),builder,builder,1,0,0,0,0,0,0,0,0
24897,DWAM Properties Ltd,5 Edyth Ct,Toronto,Ontario,M8V 2P1,,2021-01-04,,,2023-12-03 16:44:43,'2023-12-03 16:44:43'),builder,builder,1,0,0,0,0,0,0,0,0
24901,803-One Forest Hill Road Realty Inc,"1 Forest Hill Rd, Suite 803",Toronto,Ontario,M4V 1R1,,2021-07-30,,,2023-12-03 16:44:44,'2023-12-03 16:44:44'),builder,builder,1,0,0,0,0,0,0,0,0
24903,Sunfield Homes (Wallace) II Inc,"120 Whitmore Rd, Ste 800",Woodbridge,Ontario,L4L 6A5,905-851-2424,2021-07-30,,,2023-12-03 16:44:44,'2023-12-03 16:44:44'),builder,builder,1,0,0,0,0,0,0,0,0
24905,Seahawk Properties Inc,,Hamilton,Ontario,L8P 1A4,416-259-3333,2021-07-30,,,2023-12-03 16:44:44,'2023-12-03 16:44:44'),builder,builder,1,0,0,0,0,0,0,0,0
24906,BDF Properties Inc,"125 Don Hillock Dr, Unit 8B",Aurora,Ontario,L4G 0H8,905-726-7778,2021-07-30,,,2023-12-03 16:44:44,'2023-12-03 16:44:44'),builder,builder,1,0,0,0,0,0,0,0,0
24916,MDSB Properties Inc,77 Neilson Ave,Scarborough,Ontario,M1M 2S5,,2021-07-29,,,2023-12-03 16:44:45,'2023-12-03 16:44:45'),builder,builder,1,0,0,0,0,0,0,0,0
24920,Rematex Construction Ltd,3071 Concession 3,Plantagenet,Ontario,K0B 1L0,,2021-07-29,,,2023-12-03 16:44:45,'2023-12-03 16:44:45'),builder,builder,1,0,0,0,0,0,0,0,0
24921,Beevar Homes Inc,1517 Kamouraska Cir,Orleans,Ontario,K1C 3J1,,2021-07-29,,,2023-12-03 16:44:45,'2023-12-03 16:44:45'),builder,builder,1,0,0,0,0,0,0,0,0
24922,Norsecan Properties Corp,640 Cataraqui Woods Dr,Kingston,Ontario,K7P 2Y5,,2021-07-29,,,2023-12-03 16:44:45,'2023-12-03 16:44:45'),builder,builder,1,0,0,0,0,0,0,0,0
24944,Barriefield Land Development GP Inc,112 County Club Dr,Kingston,Ontario,K7M 7B6,,2021-07-26,,,2023-12-03 16:44:46,'2023-12-03 16:44:46'),builder,builder,1,0,0,0,0,0,0,0,0
24957,Southdown Builders (F&amp;J) Ltd,2041 Avenue Rd,Toronto,Ontario,M5M 4A5,416-483-1519,2021-07-21,,,2023-12-03 16:44:47,'2023-12-03 16:44:47'),builder,builder,1,0,0,0,0,0,0,0,0
24959,Dulsco Construction Inc,9 Bowsfield Dr,Brampton,Ontario,L6P 1C8,,2021-07-21,,,2023-12-03 16:44:47,'2023-12-03 16:44:47'),builder,builder,1,0,0,0,0,0,0,0,0
24961,Active Custom Design Construction Ltd,111 Tollgate Dr,Ancaster,Ontario,L9G 5C9,,2021-07-21,,,2023-12-03 16:44:47,'2023-12-03 16:44:47'),builder,builder,1,0,0,0,0,0,0,0,0
24962,Cara Custom Homes,130 Mansfield Dr,Ancaster,Ontario,L9G 1M7,905-981-4778,2021-07-21,,,2023-12-03 16:44:47,'2023-12-03 16:44:47'),builder,builder,1,0,0,0,0,0,0,0,0
24972,Winzen Mt Pleasant Homes Ltd,30 Algie Ave,Toronto,Ontario,M8Z 5J8,416-253-5900,2021-07-19,,,2023-12-03 16:44:48,'2023-12-03 16:44:48'),builder,builder,1,0,0,0,0,0,0,0,0
25023,Traynor Street Properties Inc,"1315 Derry Rd, Unit 2",Mississauga,Ontario,L5T 1B6,905-670-1888,2021-07-12,,,2023-12-03 16:44:50,'2023-12-03 16:44:50'),builder,builder,1,0,0,0,0,0,0,0,0
25036,Highpoint Management &amp; Developments,177 Division St,Kingston,Ontario,K7K 3Y6,613-547-3030,2021-07-08,,,2023-12-03 16:44:51,'2023-12-03 16:44:51'),builder,builder,1,0,0,0,0,0,0,0,0
25046,Baymanor Realty Ltd,84 Cornerbrook Dr,North York,Ontario,M3A 1H7,,2021-07-07,,,2023-12-03 16:44:51,'2023-12-03 16:44:51'),builder,builder,1,0,0,0,0,0,0,0,0
25056,Davandy Properties Inc,5164 Nita Lake Dr,Whistler,BC,V0N 1B0,,2021-07-06,,,2023-12-03 16:44:51,'2023-12-03 16:44:51'),builder,builder,1,0,0,0,0,0,0,0,0
25060,First Line Windmill Properties Inc,5121 First Line,Milton,Ontario,L9E 0J8,,2021-07-06,,,2023-12-03 16:44:52,'2023-12-03 16:44:52'),builder,builder,1,0,0,0,0,0,0,0,0
25076,The Georgian Development Corp,"1175 Meyerside Dr, Ste 2",Mississauga,Ontario,L5T 1H3,905-405-7272,2021-07-02,,,2023-12-03 16:44:53,'2023-12-03 16:44:53'),builder,builder,1,0,0,0,0,0,0,0,0
25099,ReMax/Hullmark Realty,"1 Duncan Mill Rd, Ste GS-A2",Toronto,Ontario,M3B 1Y6,416-644-0097,2021-06-30,,,2023-12-03 16:44:54,'2023-12-03 16:44:54'),builder,builder,1,0,0,0,0,0,0,0,0
25120,Mid South Land Development Corp,3235 Electricity Dr,Windsor,Ontario,N8W 5J1,519-944-4466,2021-06-30,,,2023-12-03 16:44:55,'2023-12-03 16:44:55'),builder,builder,1,0,0,0,0,0,0,0,0
25122,Criterion Development Corp,"3500 Pharmacy Ave, Unit 1",Toronto,Ontario,M1W 2T6,416-499-4900,2021-06-29,,,2023-12-03 16:44:55,'2023-12-03 16:44:55'),builder,builder,1,0,0,0,0,0,0,0,0
25153,Devon Plaza Property Inc,836 Front Rd N,Amherstburg,Ontario,N9V 2V7,519-972-5000,2021-06-23,,,2023-12-03 16:44:57,'2023-12-03 16:44:57'),builder,builder,1,0,0,0,0,0,0,0,0
25160,Reichmann International Realty Advisors,"22 St Clair Ave E, Ste 1200",Toronto,Ontario,M4T 2S3,416-646-3514,2021-06-22,,,2023-12-03 16:44:57,'2023-12-03 16:44:57'),builder,builder,1,0,0,0,0,0,0,0,0
25163,Inkas Properties Corp,3605 Weston Rd,Toronto,Ontario,M9L 1V7,416-744-3322,2021-06-22,,,2023-12-03 16:44:58,'2023-12-03 16:44:58'),builder,builder,1,0,0,0,0,0,0,0,0
25164,Churchill Beecroft Developments I Inc,35 Alvin Ave,Toronto,Ontario,M4T 2A7,416-920-8880,2021-06-21,,,2023-12-03 16:44:58,'2023-12-03 16:44:58'),builder,builder,1,0,0,0,0,0,0,0,0
25170,Churchill Beecroft Developments II Inc,35 Alvin Ave,Toronto,Ontario,M4T 2A7,416-920-8880,2021-06-21,,,2023-12-03 16:44:58,'2023-12-03 16:44:58'),builder,builder,1,0,0,0,0,0,0,0,0
25174,Churchill Beecroft Development II Inc,35 Alvin Ave,Toronto,Ontario,M4T 2A7,416-920-8880,2021-06-21,,,2023-12-03 16:44:58,'2023-12-03 16:44:58'),builder,builder,1,0,0,0,0,0,0,0,0
25175,Fruitbelt Development,"1701 Thorold Townline Rd, RR 2",Niagara Falls,Ontario,L2E 6S5,905-371-3717,2021-06-18,,,2023-12-03 16:44:58,'2023-12-03 16:44:58'),builder,builder,1,0,0,0,0,0,0,0,0
25179,Vision Property Development,17917 Leslie St,Newmarket,Ontario,L3Y 8C6,,2021-06-18,,,2023-12-03 16:44:58,'2023-12-03 16:44:58'),builder,builder,1,0,0,0,0,0,0,0,0
25198,VLD Development Inc,7542 Redstone Rd,Mississauga,Ontario,L4T 2B8,,2021-06-15,,,2023-12-03 16:44:59,'2023-12-03 16:44:59'),builder,builder,1,0,0,0,0,0,0,0,0
25200,Second Line Properties Ltd,200 McNabb St,Sault Ste Marie,Ontario,P6B 1Y4,,2021-06-15,,,2023-12-03 16:45:00,'2023-12-03 16:45:00'),builder,builder,1,0,0,0,0,0,0,0,0
25215,Calvan Properties Hold Corp,4 Wicklow Dr,Ottawa,Ontario,K4M 1C4,,2021-06-10,,,2023-12-03 16:45:00,'2023-12-03 16:45:00'),builder,builder,1,0,0,0,0,0,0,0,0
25235,Barthan Properties Inc,"55 Scollard St, Ste 1703",Toronto,Ontario,M5R 0A1,,2021-06-04,,,2023-12-03 16:45:01,'2023-12-03 16:45:01'),builder,builder,1,0,0,0,0,0,0,0,0
25292,Irish Hills Developments Ltd,,Stittsville,Ontario,K2S 1C1,613-592-5135,2021-03-31,,,2023-12-03 16:45:05,'2023-12-03 16:45:05'),builder,builder,1,0,0,0,0,0,0,0,0
25297,PBG Homes,,St Catharines,Ontario,L2S 4A1,905-988-1085,2021-03-31,,,2023-12-03 16:45:05,'2023-12-03 16:45:05'),builder,builder,1,0,0,0,0,0,0,0,0
25321,Ruland Properties Inc,"7501 Keele St, Ste 110",Vaughan,Ontario,L4K 1Y2,,2021-03-25,,,2023-12-03 16:45:07,'2023-12-03 16:45:07'),builder,builder,1,0,0,0,0,0,0,0,0
25325,Wilson West Development Corp,"242 Main St E, Ste 200",Hamilton,Ontario,L8N 1H5,905-528-8956,2021-03-23,,,2023-12-03 16:45:07,'2023-12-03 16:45:07'),builder,builder,1,0,0,0,0,0,0,0,0
25326,Stackhouse Developments Inc,"1584 North Routledge Park, Main Flr",London,Ontario,N6H 5L6,,2021-03-23,,,2023-12-03 16:45:07,'2023-12-03 16:45:07'),builder,builder,1,0,0,0,0,0,0,0,0
25327,Stackhouse Developments (London) Inc,356 Oxford St E,London,Ontario,N6A 1V7,,2021-03-23,,,2023-12-03 16:45:07,'2023-12-03 16:45:07'),builder,builder,1,0,0,0,0,0,0,0,0
25330,Domm Construction Ltd,563 Louisa St,Ayton,Ontario,N0G 1C0,519-665-7848,2021-03-22,,,2023-12-03 16:45:07,'2023-12-03 16:45:07'),builder,builder,1,0,0,0,0,0,0,0,0
25332,Stellarcorp Developments 61 Inc,"4391 Harvester Rd, Unit 5A",Burlington,Ontario,L7L 4X1,,2021-03-22,,,2023-12-03 16:45:07,'2023-12-03 16:45:07'),builder,builder,1,0,0,0,0,0,0,0,0
25333,Damac Development 61 Inc,3097 Parsonage Cres,Oakville,Ontario,L6H 7C5,,2021-03-22,,,2023-12-03 16:45:07,'2023-12-03 16:45:07'),builder,builder,1,0,0,0,0,0,0,0,0
25336,Milltree Developments Inc,"30 Wertheim Ct, Unit 9",Richmond Hill,Ontario,L4B 1B9,905-881-1026,2021-03-19,,,2023-12-03 16:45:07,'2023-12-03 16:45:07'),builder,builder,1,0,0,0,0,0,0,0,0
25337,Khanani Developments,"27 Roytec Rd, Ste 12",Woodbridge,Ontario,L4L 8E3,416-875-4007,2021-03-19,,,2023-12-03 16:45:07,'2023-12-03 16:45:07'),builder,builder,1,0,0,0,0,0,0,0,0
25342,Quan Family Properties Corp,68 Main St,Unionville,Ontario,L3R 2E7,,2021-03-18,,,2023-12-03 16:45:07,'2023-12-03 16:45:07'),builder,builder,1,0,0,0,0,0,0,0,0
25387,Elias Bros Construction Ltd,4929 Dundas St W,Toronto,Ontario,M9A 1B6,416-234-0144,2021-03-02,,,2023-12-03 16:45:10,'2023-12-03 16:45:10'),builder,builder,1,0,0,0,0,0,0,0,0
25388,Velcam Properties Inc,4200 Highgate Cres,Mississauga,Ontario,L4W 3H1,,2021-03-02,,,2023-12-03 16:45:10,'2023-12-03 16:45:10'),builder,builder,1,0,0,0,0,0,0,0,0
25393,Uniform Urban Developments Ltd,"117 Centrepoint Dr, Ste 300",Ottawa,Ontario,K2G 5X3,613-225-0770,2021-03-02,,,2023-12-03 16:45:10,'2023-12-03 16:45:10'),builder,builder,1,0,0,0,0,0,0,0,0
25402,Winston Heights Developments Inc,13834 Heritage Rd,Terra Cotta,Ontario,L7C 1T5,,2021-03-01,,,2023-12-03 16:45:10,'2023-12-03 16:45:10'),builder,builder,1,0,0,0,0,0,0,0,0
25419,Cachet Developments (New Dundee) Inc,"361 Connie Cres, Ste 200",Concord,Ontario,L4K 5R2,905-764-1983,2021-05-31,,,2023-12-03 16:45:11,'2023-12-03 16:45:11'),builder,builder,1,0,0,0,0,0,0,0,0
25423,Sacco Construction Ltd,4530 Drummond Rd,Niagara Falls,Ontario,L2E 6C7,905-354-0461,2021-05-31,,,2023-12-03 16:45:11,'2023-12-03 16:45:11'),builder,builder,1,0,0,0,0,0,0,0,0
25425,Bellegate Developments Ltd,11851 Woodbine Ave,Stouffville,Ontario,L4A 2H4,905-887-1000,2021-05-31,,,2023-12-03 16:45:12,'2023-12-03 16:45:12'),builder,builder,1,0,0,0,0,0,0,0,0
25427,Master Build Homes (Georgetown) Inc,"7501 Keele St, Ste 100",Vaughan,Ontario,L4K 1Y2,,2021-05-28,,,2023-12-03 16:45:12,'2023-12-03 16:45:12'),builder,builder,1,0,0,0,0,0,0,0,0
25430,Master Built Homes Inc,"7501 Keele St, Ste 100",Vaughan,Ontario,L4K 1Y2,,2021-05-28,,,2023-12-03 16:45:12,'2023-12-03 16:45:12'),builder,builder,1,0,0,0,0,0,0,0,0
25433,Sandiego Homes Inc,1655 Webster Blvd,Innisfil,Ontario,L9S 0L7,,2021-05-28,,,2023-12-03 16:45:12,'2023-12-03 16:45:12'),builder,builder,1,0,0,0,0,0,0,0,0
25436,Aquicon Construction Co Ltd,131 Delta Park Blvd,Brampton,Ontario,L6T 5M8,905-458-1313,2021-05-27,aquicon.com,,2023-12-04 13:19:02,'2023-12-03 16:45:12'),builder,builder,1,0,0,0,0,0,0,0,0
25466,Kits Point Realty Ltd,2525 Cornwall Ave,Vancouver,BC,V6K 1C1,,2021-05-19,,,2023-12-03 16:45:14,'2023-12-03 16:45:14'),builder,builder,1,0,0,0,0,0,0,0,0
25474,Claridge Homes (4624 Spratt) Inc,210 Gladstone Ave,Ottawa,Ontario,K2P 0Y6,613-233-6030,2021-05-17,claridgehomes.com,,2023-12-04 13:19:02,'2023-12-03 16:45:14'),builder,builder,1,0,0,0,0,0,0,0,0
25479,Melo Properties (2021) Inc,83 Doon Creek St,Kitchener,Ontario,N2R 0M3,,2021-05-14,meloproperties.com,,2023-12-04 13:19:02,'2023-12-03 16:45:14'),builder,builder,1,0,0,0,0,0,0,0,0
25482,T Rent Properties Inc,1857 Shellard Rd,Cambridge,Ontario,N1R 3S7,,2021-05-14,,,2023-12-03 16:45:14,'2023-12-03 16:45:14'),builder,builder,1,0,0,0,0,0,0,0,0
25490,Royal Oak Property Developments Ltd,4516 Eclipse Way,Niagara Falls,Ontario,L2G 0X4,,2021-05-12,,,2023-12-03 16:45:15,'2023-12-03 16:45:15'),builder,builder,1,0,0,0,0,0,0,0,0
25497,Jenluc Properties Inc,,Toronto,Ontario,M3J 2V5,,2021-05-11,,,2023-12-03 16:45:15,'2023-12-03 16:45:15'),builder,builder,1,0,0,0,0,0,0,0,0
25516,Tibro Developments Ltd,25 Scarsdale Rd,Toronto,Ontario,M3B 2R2,647-426-3415,2021-05-04,,,2023-12-03 16:45:16,'2023-12-03 16:45:16'),builder,builder,1,0,0,0,0,0,0,0,0
25524,Wiltshire Eccleston Developments Inc,640 Annland St,Pickering,Ontario,L1W 1B1,,2021-05-04,,,2023-12-03 16:45:17,'2023-12-03 16:45:17'),builder,builder,1,0,0,0,0,0,0,0,0
25525,Kablan Construction Ltd,37 Avenal Dr,Toronto,Ontario,M6C 1V3,416-785-3655,2021-05-03,,,2023-12-03 16:45:17,'2023-12-03 16:45:17'),builder,builder,1,0,0,0,0,0,0,0,0
25532,Tropical Land Development Ltd,"439 University Ave, Ste 1500",Toronto,Ontario,M5G 1Y8,416-595-5555,2021-05-03,,,2023-12-03 16:45:17,'2023-12-03 16:45:17'),builder,builder,1,0,0,0,0,0,0,0,0
25535,Starview Developments Ltd,181 Trade Valley Dr,Woodbridge,Ontario,L4H 3N6,,2021-05-03,,,2023-12-03 16:45:17,'2023-12-03 16:45:17'),builder,builder,1,0,0,0,0,0,0,0,0
25549,BHC Sports Properties Inc,48 River Ridge Rd,Barrie,Ontario,L4N 7G2,705-721-5265,2021-11-30,,,2023-12-03 16:45:18,'2023-12-03 16:45:18'),builder,builder,1,0,0,0,0,0,0,0,0
25554,Brant Realty Inc,"4380 South Service Rd, Unit 27",Burlington,Ontario,L7L 5Y6,,2021-11-30,,,2023-12-03 16:45:18,'2023-12-03 16:45:18'),builder,builder,1,0,0,0,0,0,0,0,0
25559,Trenton Commercial Development Inc,3109 Quesnel Dr,Ottawa,Ontario,K1V 3E7,,2021-11-30,,,2023-12-03 16:45:18,'2023-12-03 16:45:18'),builder,builder,1,0,0,0,0,0,0,0,0
25560,All T Development Inc,5 Chichadee Cres,Brampton,Ontario,L6Z 3L6,,2021-11-30,,,2023-12-03 16:45:18,'2023-12-03 16:45:18'),builder,builder,1,0,0,0,0,0,0,0,0
25575,Caran Developments Ltd,"195 Norseman St, Unit 10",Toronto,Ontario,M8Z 0E9,416-742-4435,2021-11-25,,,2023-12-03 16:45:19,'2023-12-03 16:45:19'),builder,builder,1,0,0,0,0,0,0,0,0
25582,3H Properties 405 Main Street W,594 Aberdeen Ave,Hamilton,Ontario,L8P 2T1,,2021-11-24,,,2023-12-03 16:45:19,'2023-12-03 16:45:19'),builder,builder,1,0,0,0,0,0,0,0,0
25591,Raftis Residential Inc,4 Moorehill Dr,East York,Ontario,M4G 1A1,416-424-1443,2021-11-23,,,2023-12-03 16:45:20,'2023-12-03 16:45:20'),builder,builder,1,0,0,0,0,0,0,0,0
25606,Daly Development Inc,203 Main St W,Otterville,Ontario,N0J 1R0,,2021-11-18,,,2023-12-03 16:45:21,'2023-12-03 16:45:21'),builder,builder,1,0,0,0,0,0,0,0,0
25607,Future Steel Buildings,1405 Denison St,Markham,Ontario,L3R 5V2,800-668-5111,2021-11-18,futuresteel.com,,2023-12-04 13:19:03,'2023-12-03 16:45:21'),builder,builder,1,0,0,0,0,0,0,0,0
25619,Regent Properties (London) Inc,"470 Dundas St, Ste 106",London,Ontario,N6B 1W3,519-432-2690,2021-11-15,,,2023-12-03 16:45:22,'2023-12-03 16:45:22'),builder,builder,1,0,0,0,0,0,0,0,0
25621,Beedie ON (Meadowvale Blvd) Property Ltd,3030 Gilmore Diversion,Burnaby,British Columbia,V5G 3B4,604-435-3321,2021-11-12,,,2023-12-03 16:45:22,'2023-12-03 16:45:22'),builder,builder,1,0,0,0,0,0,0,0,0
25624,WCB Realty Ltd,"200 Bay St, Ste 3800",Toronto,Ontario,M5J 2J1,844-431-7684,2021-11-10,,,2023-12-03 16:45:22,'2023-12-03 16:45:22'),builder,builder,1,0,0,0,0,0,0,0,0
25625,Shui Pong Developments Ltd,131 Baldwin St,Toronto,Ontario,M5T 1L7,416-596-8885,2021-11-10,,,2023-12-03 16:45:22,'2023-12-03 16:45:22'),builder,builder,1,0,0,0,0,0,0,0,0
25626,VTC Developments Inc,"328 Highway 7 E, Ste 20",Richmond Hill,Ontario,L4B 3P7,,2021-11-10,,,2023-12-03 16:45:22,'2023-12-03 16:45:22'),builder,builder,1,0,0,0,0,0,0,0,0
25642,Jones Realty Inc,7809 Howard Ave,McGregor,Ontario,N0R 1J0,519-726-6033,2021-11-04,,,2023-12-03 16:45:23,'2023-12-03 16:45:23'),builder,builder,1,0,0,0,0,0,0,0,0
25667,J Lammer Developments Ltd,,Guelph,Ontario,N1E 4M3,,2021-11-01,,,2023-12-03 16:45:24,'2023-12-03 16:45:24'),builder,builder,1,0,0,0,0,0,0,0,0
25688,Kalmar Realty Inc,"1 Post Rd, PH 401",Toronto,Ontario,M3B 3R4,,2021-10-29,,,2023-12-03 16:45:25,'2023-12-03 16:45:25'),builder,builder,1,0,0,0,0,0,0,0,0
25702,Barakaa Developer Inc,9 Ridgevale Dr,Markham,Ontario,L6B 1A8,,2021-10-29,,,2023-12-03 16:45:26,'2023-12-03 16:45:26'),builder,builder,1,0,0,0,0,0,0,0,0
25706,Water Street Development GP Inc,432 Empress Ave,North York,Ontario,M2N 3V8,416-388-2433,2021-10-28,,,2023-12-03 16:45:26,'2023-12-03 16:45:26'),builder,builder,1,0,0,0,0,0,0,0,0
25707,Cityplace Developments Corp,82 Queens Wharf Rd,Toronto,Ontario,M5V 0P2,416-813-0333,2021-10-28,,,2023-12-03 16:45:26,'2023-12-03 16:45:26'),builder,builder,1,0,0,0,0,0,0,0,0
25718,Kingdom Development Inc,"77 King St W, Ste 400",Toronto,Ontario,M5K 0A1,,2021-10-26,,,2023-12-03 16:45:27,'2023-12-03 16:45:27'),builder,builder,1,0,0,0,0,0,0,0,0
25743,Albion Building Consultant Inc,"3028 Danforth Ave, Unit 211",Toronto,Ontario,M4C 1N2,416-553-6780,2021-10-18,,,2023-12-03 16:45:29,'2023-12-03 16:45:29'),builder,builder,1,0,0,0,0,0,0,0,0
25756,RTHR Properties Inc,47 Roxborough St W,Toronto,Ontario,M5R 1T9,,2021-10-15,,,2023-12-03 16:45:30,'2023-12-03 16:45:30'),builder,builder,1,0,0,0,0,0,0,0,0
25767,Beedie ON (Meadowvale Blvd) Property Inc,3030 Gilmore Diversion,Burnaby,British Columbia,V5G 3B4,604-435-3321,2021-10-13,,,2023-12-03 16:45:30,'2023-12-03 16:45:30'),builder,builder,1,0,0,0,0,0,0,0,0
25785,BJS II Properties Inc,"2345 Yonge St, Unit 804",Toronto,Ontario,M4P 2E5,,2021-10-07,,,2023-12-03 16:45:32,'2023-12-03 16:45:32'),builder,builder,1,0,0,0,0,0,0,0,0
25788,Beddie ON (Meadowvale Blvd) Property Ltd,3030 Gilmore Diversion,Burnaby,British Columbia,V5G 3B4,604-435-3321,2021-10-07,,,2023-12-03 16:45:32,'2023-12-03 16:45:32'),builder,builder,1,0,0,0,0,0,0,0,0
25789,King Stuart Developments Inc,"20 Scrivener Sq, Ste 1007",Toronto,Ontario,M4W 3X9,,2021-10-07,,,2023-12-03 16:45:32,'2023-12-03 16:45:32'),builder,builder,1,0,0,0,0,0,0,0,0
25808,Thornburn-Crossing MD Developments Inc,,Burlington,Ontario,L7N 3T2,,2021-10-05,,,2023-12-03 16:45:33,'2023-12-03 16:45:33'),builder,builder,1,0,0,0,0,0,0,0,0
25815,Leonard Caplan Realty Ltd,173 Old Forest Hill Rd,Toronto,Ontario,M6C 2G7,416-787-6793,2021-10-04,,,2023-12-03 16:45:33,'2023-12-03 16:45:33'),builder,builder,1,0,0,0,0,0,0,0,0
25839,Innis Properties Ltd,"287 Eglinton Ave E, 2nd Flr",Toronto,Ontario,M4P 1L3,,2021-10-01,,,2023-12-03 16:45:34,'2023-12-03 16:45:34'),builder,builder,1,0,0,0,0,0,0,0,0
25843,Aimroy Developments Ltd,"4209 - 99 St NW, Ste 101",Edmonton,Alberta,T6E 5V7,,2021-10-01,,,2023-12-03 16:45:34,'2023-12-03 16:45:34'),builder,builder,1,0,0,0,0,0,0,0,0
25845,McCowan Developments Inc,13938 McCowan Rd,Stouffville,Ontario,L4A 4E2,,2021-10-01,,,2023-12-03 16:45:34,'2023-12-03 16:45:34'),builder,builder,1,0,0,0,0,0,0,0,0
25848,Top Point Development Inc,6834 Highway 38,Verona,Ontario,K0H 2W0,,2021-10-01,,,2023-12-03 16:45:34,'2023-12-03 16:45:34'),builder,builder,1,0,0,0,0,0,0,0,0
25854,Mid South Land Development Corp,3235 Electricity Dr,Windsor,Ontario,N8W 5J1,519-944-4466,2021-10-01,,,2023-12-03 16:45:35,'2023-12-03 16:45:35'),builder,builder,1,0,0,0,0,0,0,0,0
25861,Ruby Crest Homes Inc,"447 Speers Rd, Ste 200",Oakville,Ontario,L6K 3S7,,2021-09-29,,,2023-12-03 16:45:35,'2023-12-03 16:45:35'),builder,builder,1,0,0,0,0,0,0,0,0
25865,Vinconn Developments Inc,609 Shafer Ave,Sault Ste Marie,Ontario,P6C 3R8,,2021-09-29,,,2023-12-03 16:45:35,'2023-12-03 16:45:35'),builder,builder,1,0,0,0,0,0,0,0,0
25867,Winfull Properties Inc,9620 McCowan Rd,Markham,Ontario,L3P 0B7,,2021-09-29,,,2023-12-03 16:45:35,'2023-12-03 16:45:35'),builder,builder,1,0,0,0,0,0,0,0,0
25882,"Bertha Properties, ULC",,Shaker Heights,Ohio,USA - 44118,,2021-09-24,,,2023-12-03 16:45:36,'2023-12-03 16:45:36'),builder,builder,1,0,0,0,0,0,0,0,0
25892,Ferbro Construction Ltd,1384 Londonberry Blvd,Mississauga,Ontario,L5E 2S3,,2021-09-21,,,2023-12-03 16:45:37,'2023-12-03 16:45:37'),builder,builder,1,0,0,0,0,0,0,0,0
25896,Halminen Homes,290 Lake Rd,Bowmanville,Ontario,L1C 4P8,905-436-2600,2021-09-20,,,2023-12-03 16:45:37,'2023-12-03 16:45:37'),builder,builder,1,0,0,0,0,0,0,0,0
25901,DESK Properties Ltd,131 Romfield Circuit,Thornhill,Ontario,L3T 3H7,905-764-1381,2021-09-20,,,2023-12-03 16:45:37,'2023-12-03 16:45:37'),builder,builder,1,0,0,0,0,0,0,0,0
25938,SB Adjala Developments Inc,"56 Pennsylvania Ave, Unit 10",Vaughan,Ontario,L4K 3V9,905-695-0822,2021-09-10,,,2023-12-03 16:45:39,'2023-12-03 16:45:39'),builder,builder,1,0,0,0,0,0,0,0,0
25960,Parkview Homes,"637 The Queensway, Ste 17",Peterborough,Ontario,K9J 7J6,705-741-1281,2021-09-03,,,2023-12-03 16:45:41,'2023-12-03 16:45:41'),builder,builder,1,0,0,0,0,0,0,0,0
25962,United Brothers Properties Inc,100 Wilkinson Rd,Brampton,Ontario,L6T 5A7,,2021-09-03,,,2023-12-03 16:45:41,'2023-12-03 16:45:41'),builder,builder,1,0,0,0,0,0,0,0,0
25979,JK Development GP2 (Exeter) Ltd,525 McGarrell Place,London,Ontario,N6G 5L3,,2021-09-01,,,2023-12-03 16:45:42,'2023-12-03 16:45:42'),builder,builder,1,0,0,0,0,0,0,0,0
25989,Pieternick Properties Ltd,"1120 Finch Ave W, Ste 502",Toronto,Ontario,M3J 3H7,416-665-5772,2023-11-29,,,2023-12-05 17:45:51,'2023-12-05 17:45:51'),builder,builder,1,0,0,0,0,0,0,0,0
25990,ABC Commercial Properties Inc,426 Drummond Rd,Oakville,Ontario,L6J 4L4,,2023-11-29,,,2023-12-05 17:45:51,'2023-12-05 17:45:51'),builder,builder,1,0,0,0,0,0,0,0,0
25992,Canada Residential Rental Ltd,25 Frybrook Cres,Richmond Hill,Ontario,L4B 4B8,,2023-11-28,,,2023-12-05 17:45:51,'2023-12-05 17:45:51'),builder,builder,1,0,0,0,0,0,0,0,0
25995,Thornheights Homes Inc,"75 Scarsdale Rd, Ste 203",,,M3B 2R2,,2023-11-24,,,2023-12-05 17:45:51,'2023-12-05 17:45:51'),builder,builder,1,0,0,0,0,0,0,0,0
26011,LBI Developments Inc,4072 Walker Rd,Windsor,Ontario,N8W 3T5,519-969-0152,2023-11-23,,,2023-12-05 17:45:52,'2023-12-05 17:45:52'),builder,builder,1,0,0,0,0,0,0,0,0
26013,Ironclad Developments Vanguard Inc,"10303 Jasper Ave, Ste 2500",Edmonton,Alberta,T5J 3N6,,2023-11-23,,,2023-12-05 17:45:52,'2023-12-05 17:45:52'),builder,builder,1,0,0,0,0,0,0,0,0
26016,Engelite Realty Ltd,"4190 Bathurst St, Ste 907",,,M3H 3P9,,2023-11-22,,,2023-12-05 17:45:52,'2023-12-05 17:45:52'),builder,builder,1,0,0,0,0,0,0,0,0
26018,Bogdanovic Developments Inc,808 Park Place,Kincardine,Ontario,N2Z 2X3,,2023-11-22,,,2023-12-05 17:45:52,'2023-12-05 17:45:52'),builder,builder,1,0,0,0,0,0,0,0,0
26019,OTI Realty Corp,1000 Lawrence Ave W,North York,Ontario,M6A 1C6,416-785-6666,2023-11-22,,,2023-12-05 17:45:52,'2023-12-05 17:45:52'),builder,builder,1,0,0,0,0,0,0,0,0
26022,Pratt Development Inc,27 Clapperton St,Barrie,Ontario,L4M 3E6,705-722-4500,2023-11-21,,,2023-12-05 17:45:52,'2023-12-05 17:45:52'),builder,builder,1,0,0,0,0,0,0,0,0
26026,Core Development Group,"100 Adelaide St W, Ste 2805",Toronto,Ontario,M5H 1S3more info: mi.pdf,416-966-2673,2023-11-21,,,2023-12-05 17:45:52,'2023-12-05 17:45:52'),builder,builder,1,0,0,0,0,0,0,0,0
26031,Inmino Developments Inc,"505 Consumers Rd, Unit 908",,,M2J 4V8,,2023-11-20,,,2023-12-05 17:45:53,'2023-12-05 17:45:53'),builder,builder,1,0,0,0,0,0,0,0,0
26032,Gracestar Developments Ltd,18 Donino Ave,Toronto,Ontario,M4N 2W5,,2023-11-20,,,2023-12-05 17:45:53,'2023-12-05 17:45:53'),builder,builder,1,0,0,0,0,0,0,0,0
26042,Dania Projects Development Inc,2255 Dundas St W,,,L5K 1R9,,2023-11-17,,,2023-12-05 17:45:53,'2023-12-05 17:45:53'),builder,builder,1,0,0,0,0,0,0,0,0
26049,CKSL Development Ltd,"400 Centre St, Ste 100",Chatham,Ontario,N7M 5W3,,2023-11-17,,,2023-12-05 17:45:53,'2023-12-05 17:45:53'),builder,builder,1,0,0,0,0,0,0,0,0
26050,Mi Cazza Construction Inc,501 Paul Julius Ct,Lakeshore,Ontario,N0R 1A0,,2023-11-17,,,2023-12-05 17:45:53,'2023-12-05 17:45:53'),builder,builder,1,0,0,0,0,0,0,0,0
26064,Toronto Business Development Centre,"111 Peter St, Ste 902",Toronto,Ontario,M5V 2H1,,2023-11-16,,,2023-12-05 17:45:54,'2023-12-05 17:45:54'),builder,builder,1,0,0,0,0,0,0,0,0
26075,Skyluxe Properties Inc,1941 Mattawa Ave,Mississauga,Ontario,L4X 1K8,,2023-11-15,,,2023-12-05 17:45:54,'2023-12-05 17:45:54'),builder,builder,1,0,0,0,0,0,0,0,0
26078,VDK Development Inc,773451 Hwy 59,Norwich,Ontario,N0J 1P0,,2023-11-15,,,2023-12-05 17:45:55,'2023-12-05 17:45:55'),builder,builder,1,0,0,0,0,0,0,0,0
26082,Elev8 Properties Inc,"7 Grand Ave S, Ste 114",,,N1S 2L3,,2023-11-15,,,2023-12-05 17:45:55,'2023-12-05 17:45:55'),builder,builder,1,0,0,0,0,0,0,0,0
26098,Trinipark Development (BT) Corp,"40 Sheppard Ave W, Ste 700",Toronto,Ontario,M2N 6K9,,2023-11-14,,,2023-12-05 17:45:55,'2023-12-05 17:45:55'),builder,builder,1,0,0,0,0,0,0,0,0
26138,Norquay Developments Ltd,"100 Wellington St, Ste 301",London,Ontario,N6B 2K6,519-672-4011,2023-11-03,,,2023-12-05 17:45:58,'2023-12-05 17:45:58'),builder,builder,1,0,0,0,0,0,0,0,0
26193,Oakville Developments (2010) Inc,"19 Amy Croft Dr, Ste 201",,,N9K 1C7,,2023-11-15,,,2023-12-05 17:46:02,'2023-12-05 17:46:02'),builder,builder,1,0,0,0,0,0,0,0,0
26196,Riverview Properties Creekside Ltd,520 Riverview Dr,Listowel,Ontario,N4W 3R6,,2023-11-15,,,2023-12-05 17:46:02,'2023-12-05 17:46:02'),builder,builder,1,0,0,0,0,0,0,0,0
26224,Block (Sumach) Developments Ltd,"79 Wingold Ave, Unit 7",Toronto,Ontario,M6B 1P8,416-638-4000,2023-11-30,,,2023-12-05 17:46:05,'2023-12-05 17:46:05'),builder,builder,1,0,0,0,0,0,0,0,0
26236,25 Langstaff Rd East Developments Inc,1500 Highway 7,Concord,Ontario,L4K 5Y4,905-907-1600,2023-11-24,,,2023-12-05 17:46:05,'2023-12-05 17:46:05'),builder,builder,1,0,0,0,0,0,0,0,0
26242,Mountainview Homes (Niagara) Ltd,"3340 Schmon Pkwy, Unit 1",Thorold,Ontario,L2V 4Y6more info: mi.pdf,905-688-3100,2023-11-23,,,2023-12-05 17:46:05,'2023-12-05 17:46:05'),builder,builder,1,0,0,0,0,0,0,0,0
26266,Rosehaven Homes,"145 Reynolds St, Ste 300",Oakville,Ontario,L6J 3K8more info: mi.pdf,905-849-1166,2023-11-09,,,2023-12-05 17:46:06,'2023-12-05 17:46:06'),builder,builder,1,0,0,0,0,0,0,0,0
26272,Port Picton Homes,"141 Main St, Ste 102",Picton,Ontario,K0K 2T0,613-476-9084,2023-11-08,,,2023-12-05 17:46:07,'2023-12-05 17:46:07'),builder,builder,1,0,0,0,0,0,0,0,0
26291,Sevoy Developments,"500 Sheppard Ave E, Ste 201",Toronto,Ontario,M2N 6H7,416-826-3841,2023-09-27,,,2023-12-05 17:46:08,'2023-12-05 17:46:08'),builder,builder,1,0,0,0,0,0,0,0,0
26300,Oakville Community Homes Inc,"290 Woodside Dr, Unit 32",Oakville,Ontario,L6L 6T2,905-842-5095,2023-09-22,,,2023-12-05 17:46:09,'2023-12-05 17:46:09'),builder,builder,1,0,0,0,0,0,0,0,0
26308,Canoe Bay Development Inc,1461 Banbury Cr,,,K1H 7C9,,2023-09-20,,,2023-12-05 17:46:09,'2023-12-05 17:46:09'),builder,builder,1,0,0,0,0,0,0,0,0
26315,Opus Homes (Greenwood) Inc,"331 Cityview Blvd, Ste 201",Vaughan,Ontario,L4H 3M3more info: mi.pdf,905-832-2522,2023-09-19,,,2023-12-05 17:46:09,'2023-12-05 17:46:09'),builder,builder,1,0,0,0,0,0,0,0,0
26316,Deco Homes (Seaton) Inc,"570 Applewood Cres, Unit 1",Vaughan,Ontario,L4K 4B4more info: mi.pdf,905-907-0300,2023-09-19,,,2023-12-05 17:46:09,'2023-12-05 17:46:09'),builder,builder,1,0,0,0,0,0,0,0,0
26317,North-Con Development Ltd,266 Avenue Rd Ste 100,Toronto,Ontario,M4V 2G7,416-742-9811,2023-09-19,,,2023-12-05 17:46:09,'2023-12-05 17:46:09'),builder,builder,1,0,0,0,0,0,0,0,0
26322,West Wind Properties Inc,364496 McBeth Rd,Salford,Ontario,N0J 1W0,,2023-09-18,,,2023-12-05 17:46:09,'2023-12-05 17:46:09'),builder,builder,1,0,0,0,0,0,0,0,0
26324,Arrowdale Developments Ltd,398 Old Orchard Grove,Toronto,Ontario,M5M 2E9,,2020-04-20,,,2023-12-06 18:39:48,'2023-12-06 18:39:48'),builder,builder,1,0,0,0,0,0,0,0,0
26328,Cachet Estate Homes,"361 Connie Cres, Ste 200",Concord,Ontario,L4K 5R2,905-764-1983,2020-04-15,,,2023-12-06 18:39:49,'2023-12-06 18:39:49'),builder,builder,1,0,0,0,0,0,0,0,0
26337,Fieldgate Homes,"5400 Yonge St, Ste 303",Toronto,Ontario,M2N 2N1,416-227-9005,2020-03-30,,,2023-12-06 18:39:50,'2023-12-06 18:39:50'),builder,builder,1,0,0,0,0,0,0,0,0
26346,NM Diversey Canada Realty Corp,"787 Seventh Ave, 49th Flr",New York,New York,USA - 10019,,2020-03-11,,,2023-12-06 18:39:51,'2023-12-06 18:39:51'),builder,builder,1,0,0,0,0,0,0,0,0
26359,Redbourne Erindale Properties II Inc,"60 Columbia Way, Ste 116",Markham,Ontario,L3R 0C9,905-479-2011,2020-02-28,,,2023-12-06 18:39:52,'2023-12-06 18:39:52'),builder,builder,1,0,0,0,0,0,0,0,0
26367,Design District Properties Inc,"1250 Rene-Levesque Blvd W, Ste 900",Montreal,Quebec,H3B 4W8,514-937-2772,2020-02-27,,,2023-12-06 18:39:53,'2023-12-06 18:39:53'),builder,builder,1,0,0,0,0,0,0,0,0
26375,Reid&#039;s Heritage Properties,"1515 Gordon St, Ste 203",Guelph,Ontario,N1L 1C9,519-654-9099,2020-02-21,,,2023-12-06 18:39:54,'2023-12-06 18:39:54'),builder,builder,1,0,0,0,0,0,0,0,0
26378,Barrhaven Conservancy Development Corp,"2934 Baseline Rd, Ste 302",Ottawa,Ontario,K2H 1B2,,2020-02-19,,,2023-12-06 18:39:54,'2023-12-06 18:39:54'),builder,builder,1,0,0,0,0,0,0,0,0
26388,Metrus Properties Ltd,"30 Floral Pkwy, Ste 300",Concord,Ontario,L4K 4R1,905-669-9714,2020-01-22,,,2023-12-06 18:39:57,'2023-12-06 18:39:57'),builder,builder,1,0,0,0,0,0,0,0,0
26389,Aspen Ridge Homes Ltd,29 Floral Pkwy,Concord,Ontario,L4K 5C5,905-669-9292,2020-01-20,aspenridgehomes.com,,2023-12-06 19:45:31,'2023-12-06 18:39:57'),builder,builder,1,0,0,0,0,0,0,0,0
26395,Country Wide Homes at Cleave View Inc,1500 Highway 7,Concord,Ontario,L4K 5Y4more info: mi.pdf,905-907-1500,2020-01-16,,,2023-12-06 18:39:58,'2023-12-06 18:39:58'),builder,builder,1,0,0,0,0,0,0,0,0
26396,Urbandale Construction,2193 Arch St,Ottawa,Ontario,K1G 2H5,613-731-6331,2020-01-16,,,2023-12-06 18:39:58,'2023-12-06 18:39:58'),builder,builder,1,0,0,0,0,0,0,0,0
26405,Jennum Properties Inc,"3027 Harvester Rd, Ste 202",Burlington,Ontario,L7N 3G7,289-430-5027,2020-08-31,,,2023-12-06 18:40:00,'2023-12-06 18:40:00'),builder,builder,1,0,0,0,0,0,0,0,0
26410,Ideal (JS) Developments Inc,"65 Allstate Pkwy, Ste 101",Markham,Ontario,L3R 9X1,416-754-3500,2020-08-24,,,2023-12-06 18:40:00,'2023-12-06 18:40:00'),builder,builder,1,0,0,0,0,0,0,0,0
26422,MOD Developments (Redpath) GP Inc,"555 Richmond St W, Ste 1106",Toronto,Ontario,M5V 3B1,647-748-2022,2020-08-10,,,2023-12-06 18:40:01,'2023-12-06 18:40:01'),builder,builder,1,0,0,0,0,0,0,0,0
26426,Cityzen Development Group,"56 The Esplanade, Ste 308",Toronto,Ontario,M5E 1A7,416-777-2489,2020-08-05,,,2023-12-06 18:40:02,'2023-12-06 18:40:02'),builder,builder,1,0,0,0,0,0,0,0,0
26440,Centra Homes,"125 Norfinch Dr, Ste 201",Toronto,Ontario,M3N 1W8,416-663-1455,2020-07-30,centrahomes.com,,2023-12-06 19:45:32,'2023-12-06 18:40:03'),builder,builder,1,0,0,0,0,0,0,0,0
26441,NJS Developments Inc,"10877 Keele St, Unit A",Maple,Ontario,L6A 0K6,,2020-07-30,,,2023-12-06 18:40:03,'2023-12-06 18:40:03'),builder,builder,1,0,0,0,0,0,0,0,0
26456,Uxland Development (West) Inc,225 Russell Hill Rd,Toronto,Ontario,M5V 2T3,,2020-07-02,,,2023-12-06 18:40:05,'2023-12-06 18:40:05'),builder,builder,1,0,0,0,0,0,0,0,0
26458,Goband 57 (Toronto) Development Ltd,1250 Nanton Ave,Vancouver,British Columbia,V6H 2C6,,2020-07-02,,,2023-12-06 18:40:05,'2023-12-06 18:40:05'),builder,builder,1,0,0,0,0,0,0,0,0
26467,Ajlco Realty Ltd,64 Merton St,Toronto,Ontario,M4S 1A1,416-481-7002,2020-06-30,,,2023-12-06 18:40:06,'2023-12-06 18:40:06'),builder,builder,1,0,0,0,0,0,0,0,0
26474,County Wide Homes at Oakville Inc,1500 Highway 7,Concord,Ontario,L4K 5Y4,905-907-1500,2020-06-25,,,2023-12-06 18:40:07,'2023-12-06 18:40:07'),builder,builder,1,0,0,0,0,0,0,0,0
26482,OnePiece Developments Inc,600 Cochrane Dr,Markham,Ontario,L3R 5K3,416-440-0345,2020-06-10,,,2023-12-06 18:40:08,'2023-12-06 18:40:08'),builder,builder,1,0,0,0,0,0,0,0,0
26483,StateView Homes (On the Mark) Inc,"410 Chrislea Rd, Unit 16",Woodbridge,Ontario,L4L 8B5,905-851-1849,2020-06-10,,,2023-12-06 18:40:08,'2023-12-06 18:40:08'),builder,builder,1,0,0,0,0,0,0,0,0
26490,U-Star (Robinson Glen) Development Inc,"1 West Pearce St, Ste 401",Richmond Hill,Ontario,L4B 3K3,,2020-05-29,2u.com,,2023-12-06 19:45:33,'2023-12-06 18:40:08'),builder,builder,1,0,0,0,0,0,0,0,0
26495,Dancor Construction Ltd,"16 Melanie Dr, Ste 101",Brampton,Ontario,L6T 4K9,905-790-2333,2020-05-26,,,2023-12-06 18:40:09,'2023-12-06 18:40:09'),builder,builder,1,0,0,0,0,0,0,0,0
26505,Howmarc Property Ltd,2710 14th Ave,Markham,Ontario,L3R 0J1,,2020-12-24,,,2023-12-06 18:40:10,'2023-12-06 18:40:10'),builder,builder,1,0,0,0,0,0,0,0,0
26507,2465 Argentia Building Inc,"630 Saint-Paul St, Ste 600",Montreal,Quebec,H3C 1L9,514-374-6224,2020-12-23,,,2023-12-06 18:40:10,'2023-12-06 18:40:10'),builder,builder,1,0,0,0,0,0,0,0,0
26526,Sora Construction Inc,"21 Caster Ave, Unit 1",Woodbridge,Ontario,L4L 5Z1,905-856-6646,2020-12-17,,,2023-12-06 18:40:12,'2023-12-06 18:40:12'),builder,builder,1,0,0,0,0,0,0,0,0
26528,Greycan 12 Properties Inc,"185 The West Mall, Ste 860",Toronto,Ontario,M9C 5L5,416-915-1970,2020-12-17,,,2023-12-06 18:40:12,'2023-12-06 18:40:12'),builder,builder,1,0,0,0,0,0,0,0,0
26531,Victoria Park Community Homes Inc,155 Queen St N,Hamilton,Ontario,L8R 2V6,905-527-0221,2020-12-17,,,2023-12-06 18:40:12,'2023-12-06 18:40:12'),builder,builder,1,0,0,0,0,0,0,0,0
26542,Sunup Realty Inc,470 Midwest Rd,Toronto,Ontario,M1P 4Y5,416-288-9968,2020-12-10,,,2023-12-06 18:40:13,'2023-12-06 18:40:13'),builder,builder,1,0,0,0,0,0,0,0,0
26560,Sin Structures Properties Inc,62 Progress Ct,Brampton,Ontario,L6S 5X2,416-798-3343,2020-11-24,,,2023-12-06 18:40:16,'2023-12-06 18:40:16'),builder,builder,1,0,0,0,0,0,0,0,0
26567,Lanterra 263 Adelaide Developments Ltd,2811 Dufferin St,,,M6B 3R9,,2020-11-16,,,2023-12-06 18:40:17,'2023-12-06 18:40:17'),builder,builder,1,0,0,0,0,0,0,0,0
26568,2465 Brock Rd Development Inc,,Ajax,Ontario,L1Z 0C9,905-239-7741,2020-11-16,,,2023-12-06 18:40:17,'2023-12-06 18:40:17'),builder,builder,1,0,0,0,0,0,0,0,0
26572,Triple Properties Inc,186 Bartley Dr,Toronto,Ontario,M4A 1E1,416-751-4242,2020-11-12,,,2023-12-06 18:40:17,'2023-12-06 18:40:17'),builder,builder,1,0,0,0,0,0,0,0,0
26578,CS2 Construction Sales Inc,"20 Champlain Blvd, Ste 103",Toronto,Ontario,M3H 2Z1,416-398-0223,2020-11-02,,,2023-12-06 18:40:18,'2023-12-06 18:40:18'),builder,builder,1,0,0,0,0,0,0,0,0
26586,Finoro Homes Ltd,,Guelph,Ontario,N1K 1S6,519-824-2961,2020-10-20,,,2023-12-06 18:40:19,'2023-12-06 18:40:19'),builder,builder,1,0,0,0,0,0,0,0,0
26595,Capitol Buildings,,Toronto,Ontario,M5V 1R9,416-596-0556,2020-10-07,,,2023-12-06 18:40:20,'2023-12-06 18:40:20'),builder,builder,1,0,0,0,0,0,0,0,0
26602,Reliable Construction Co Ltd,,Concord,Ontario,L4K 4M2,,2020-10-01,,,2023-12-06 18:40:21,'2023-12-06 18:40:21'),builder,builder,1,0,0,0,0,0,0,0,0
26613,HIP Developments,700 Rupert St,Waterloo,Ontario,N2V 2B5,519-886-8855,2020-09-24,,,2023-12-06 18:40:22,'2023-12-06 18:40:22'),builder,builder,1,0,0,0,0,0,0,0,0
26615,Daniels Regent Development Corp,130 Queens Quay E,Toronto,Ontario,M5A 0P6,416-598-2129,2020-09-18,,,2023-12-06 18:40:23,'2023-12-06 18:40:23'),builder,builder,1,0,0,0,0,0,0,0,0
26623,Freed Developments,"552 Wellington St W, Ste 1500",Toronto,Ontario,M5V 2V5,416-781-5699,2020-09-11,,,2023-12-06 18:40:24,'2023-12-06 18:40:24'),builder,builder,1,0,0,0,0,0,0,0,0
26626,GG &amp; D Properties Ltd,94 Torran Rd,Vaughan,Ontario,L4L 2Y7,905-851-6107,2020-09-04,inoxindustries.com,,2023-12-11 14:20:47,'2023-12-06 18:40:25'),builder,builder,1,0,0,0,0,0,0,0,0
26632,Village West Developments (London) Inc,1584 North Routledge Park,London,Ontario,N6H 5L6,,2019-05-28,,,2023-12-08 11:36:11,'2023-12-08 11:36:11'),builder,builder,1,0,0,0,0,0,0,0,0
26635,Senator Homes,250 Lesmill Rd,Toronto,Ontario,M5B 2T5,416-445-8552,2019-05-24,,,2023-12-08 11:36:11,'2023-12-08 11:36:11'),builder,builder,1,0,0,0,0,0,0,0,0
26636,Mozo Developments Inc,"229 Yonge St, Ste 500",Toronto,Ontario,M5B 1N9,416-863-0202,2019-05-24,,,2023-12-08 11:36:11,'2023-12-08 11:36:11'),builder,builder,1,0,0,0,0,0,0,0,0
26639,Drewco Development Corp,"320 Dundas St, Unit 1",London,Ontario,N6B 3R8,,2019-05-17,,,2023-12-08 11:36:12,'2023-12-08 11:36:12'),builder,builder,1,0,0,0,0,0,0,0,0
26645,McCowan Corner Development Corp,"10 Bloorview Place, Ste 517",Toronto,Ontario,M2J 0B1,,2019-05-10,,,2023-12-08 11:36:13,'2023-12-08 11:36:13'),builder,builder,1,0,0,0,0,0,0,0,0
26649,Domicile Developments,"371 Richmond Rd, St 1",Otawa,Ontario,K2A 0E7,613-728-0388,2019-05-07,domicile.ca,,2023-12-08 11:58:24,'2023-12-08 11:36:13'),builder,builder,1,0,0,0,0,0,0,0,0
26654,Riotrin Properties (Weston) Inc,,Toronto,Ontario,M4P 1E4,416-866-3033,2019-05-01,,,2023-12-08 11:36:14,'2023-12-08 11:36:14'),builder,builder,1,0,0,0,0,0,0,0,0
26668,Mark Properties Inc,148 Culloden Cres,Ottawa,Ontario,K2J 5Z9,613-491-1076,2019-04-25,,,2023-12-08 11:36:15,'2023-12-08 11:36:15'),builder,builder,1,0,0,0,0,0,0,0,0
26678,Dunpar Developments Inc,105 Six Point Rd,Toronto,Ontario,M8Z 2X3,416-236-9800,2019-04-15,,,2023-12-08 11:36:16,'2023-12-08 11:36:16'),builder,builder,1,0,0,0,0,0,0,0,0
26695,Time Development Group,"7100 Woodbine Ave, Ste 206",Markham,Ontario,L3R 5J2,905-604-5766,2019-04-02,,,2023-12-08 11:36:18,'2023-12-08 11:36:18'),builder,builder,1,0,0,0,0,0,0,0,0
26700,Trivest Developments Corp,"40 Wynford Dr, Ste 101",Toronto,Ontario,M3C 1J5,416-449-4100,2019-04-01,,,2023-12-08 11:36:18,'2023-12-08 11:36:18'),builder,builder,1,0,0,0,0,0,0,0,0
26702,Markham &amp; Ellesmere Developments Inc,"220 Duncan Mills Rd, Ste 401",Toronto,Ontario,M3B 3J5,,2019-04-01,,,2023-12-08 11:36:19,'2023-12-08 11:36:19'),builder,builder,1,0,0,0,0,0,0,0,0
26706,Marydel Homes (Thorold) Inc,100 Caster Ave,Woodbridge,Ontario,L4L 5Y9,905-264-5564,2019-12-27,,,2023-12-08 11:36:19,'2023-12-08 11:36:19'),builder,builder,1,0,0,0,0,0,0,0,0
26710,Primont Homes (Caledon) Inc,"9130 Leslie St, Ste 301",Richmond Hill,Ontario,L4B 0B9,905-770-7002,2019-12-23,,,2023-12-08 11:36:19,'2023-12-08 11:36:19'),builder,builder,1,0,0,0,0,0,0,0,0
26714,Camwood Properties Ltd,"269 Richmond St W, Ste 300",Toronto,Ontario,M5V 1X1,416-598-3345,2019-12-20,,,2023-12-08 11:36:20,'2023-12-08 11:36:20'),builder,builder,1,0,0,0,0,0,0,0,0
26725,MMMLand Development Ltd,110 Nymark Ave,North York,Ontario,M2J 2H2,416-499-7449,2019-12-19,,,2023-12-08 11:36:21,'2023-12-08 11:36:21'),builder,builder,1,0,0,0,0,0,0,0,0
26742,St Clair &amp; Main Developments Inc,"109 Atlantic Ave, Ste 302B",Toronto,Ontario,M6K 1X4,,2019-12-16,,,2023-12-08 11:36:24,'2023-12-08 11:36:24'),builder,builder,1,0,0,0,0,0,0,0,0
26750,Pine Valley Kleinburg Homes Ltd,121 Eileen Ave,Toronto,Ontario,M6N 1W3,,2019-12-13,,,2023-12-08 11:36:25,'2023-12-08 11:36:25'),builder,builder,1,0,0,0,0,0,0,0,0
26755,Tyros Development Ltd,719 Jerseyville Rd W,Ancaster,Ontario,L0R 1R0,,2019-12-06,,,2023-12-08 11:36:26,'2023-12-08 11:36:26'),builder,builder,1,0,0,0,0,0,0,0,0
26759,Panattoni Development,"185 The West Mall, Ste 860",Toronto,Ontario,M9C 5L5,905-282-9041,2019-12-04,,,2023-12-08 11:36:26,'2023-12-08 11:36:26'),builder,builder,1,0,0,0,0,0,0,0,0
26760,Liberty Development,"1 Steelcase Rd W, Unit 8",Markham,Ontario,L3R 0T3,905-731-8687,2019-12-03,developmentaid.org,,2023-12-08 11:58:25,'2023-12-08 11:36:26'),builder,builder,1,0,0,0,0,0,0,0,0
26773,Vogue Development Group,"34 Doncaster Ave, Ste 201",Thornhill,Ontario,L3T 4S1,905-886-8500,2019-03-29,,,2023-12-08 11:36:27,'2023-12-08 11:36:27'),builder,builder,1,0,0,0,0,0,0,0,0
26790,Utica Realty Toronto ULC,"725 Granville St, Ste 400",Vancouver,BC,V7Y 1G5,,2019-03-08,,,2023-12-08 11:36:30,'2023-12-08 11:36:30'),builder,builder,1,0,0,0,0,0,0,0,0
26798,AZZ Builders Ltd,184 Dorval Dr,Oakville,Ontario,L6K 0H3,,2019-02-25,,,2023-12-08 11:36:31,'2023-12-08 11:36:31'),builder,builder,1,0,0,0,0,0,0,0,0
26805,RE/MAX Hallmark Realty Ltd,6040 Yonge St,North York,Ontario,M2M 3W5,416-622-8589,2019-02-13,,,2023-12-08 11:36:31,'2023-12-08 11:36:31'),builder,builder,1,0,0,0,0,0,0,0,0
26808,Greystone Homes Inc,"12830 Yonge St, Ste 202",Richmond Hill,Ontario,L4E 4H1,905-313-0455,2019-02-07,,,2023-12-08 11:36:32,'2023-12-08 11:36:32'),builder,builder,1,0,0,0,0,0,0,0,0
26827,Goband (Toronto) Development Ltd,"13071 Vanier Place, Ste 148",Richmond,British Columbia,V6V 2J1,,2019-01-21,,,2023-12-08 11:36:34,'2023-12-08 11:36:34'),builder,builder,1,0,0,0,0,0,0,0,0
26828,The One Development Ltd,20 Bally Conner Ct,Toronto,Ontario,M2M 4C6,,2019-01-21,,,2023-12-08 11:36:34,'2023-12-08 11:36:34'),builder,builder,1,0,0,0,0,0,0,0,0
26829,Summit View Homes Ltd,"1 West Pearce St, Ste 111",Richmond Hill,Ontario,L4B 3K3,905-886-8287,2019-01-18,,,2023-12-08 11:36:34,'2023-12-08 11:36:34'),builder,builder,1,0,0,0,0,0,0,0,0
26830,Pristine Homes (Millbrook) Inc,"242 Applewood Cres, Unit 2",Concord,Ontario,L4K 4E5more info: mi.pdf,905-738-4994,2019-01-18,,,2023-12-08 11:36:34,'2023-12-08 11:36:34'),builder,builder,1,0,0,0,0,0,0,0,0
26832,Martian Properties Inc,,Gore Bay,Ontario,P0P 1H0,,2019-01-15,,,2023-12-08 11:36:34,'2023-12-08 11:36:34'),builder,builder,1,0,0,0,0,0,0,0,0
26841,Curtis Properties (Dixie) Inc,"921 Kingston Rd, 2nd Flr",Toronto,Ontario,M4E 1S6,,2019-01-10,,,2023-12-08 11:36:35,'2023-12-08 11:36:35'),builder,builder,1,0,0,0,0,0,0,0,0
26850,Timbercreek 4Q Multi-Residential GP Inc,25 Price St,Toronto,Ontario,M4W 1Z1,416-923-9967,2019-08-29,,,2023-12-08 11:36:36,'2023-12-08 11:36:36'),builder,builder,1,0,0,0,0,0,0,0,0
26854,Ampower Electrical Contractors,241 Advance Blvd,Brampton,Ontario,L6T 4J2,905-793-7193,2019-08-27,,,2023-12-08 11:36:36,'2023-12-08 11:36:36'),builder,builder,1,0,0,0,0,0,0,0,0
26867,Ironstone Building Corp,"320 Dundas St, Unit 1",London,Ontario,N6N 3R8,519-660-6006,2019-08-12,,,2023-12-08 11:36:37,'2023-12-08 11:36:37'),builder,builder,1,0,0,0,0,0,0,0,0
26871,Century Centre Developments Inc,"10679 Glendon Dr, RR 3",Komoka,Ontario,N0L 1R0,519-472-8200,2019-08-09,,,2023-12-08 11:36:37,'2023-12-08 11:36:37'),builder,builder,1,0,0,0,0,0,0,0,0
26875,London Property Corp,"5405 Eglinton Ave W, Ste 214",Toronto,Ontario,M9C 5K6,416-595-1070,2019-08-01,,,2023-12-08 11:36:38,'2023-12-08 11:36:38'),builder,builder,1,0,0,0,0,0,0,0,0
26876,Charleston Homes,143 Dennis St,Rockwood,Ontario,N0B 2K0,519-856-4054,2019-08-01,charlestonhomesomaha.com,,2023-12-09 16:48:06,'2023-12-08 11:36:38'),builder,builder,1,0,0,0,0,0,0,0,0
26877,Fernbrook Homes Ltd,"2220 Hwy 7 W, Unit 5",Concord,Ontario,L4K 1W7,416-667-0447,2019-08-01,,,2023-12-08 11:36:38,'2023-12-08 11:36:38'),builder,builder,1,0,0,0,0,0,0,0,0
26880,Scotia Realty Ltd,44 King St W,Toronto,Ontario,M5H 1H1,416-866-6161,2019-07-31,,,2023-12-08 11:36:38,'2023-12-08 11:36:38'),builder,builder,1,0,0,0,0,0,0,0,0
26894,G Lemay Construction (1998) Inc,"5330 Canotek Rd, Unit 8",Ottawa,Ontario,K1J 9C2,,2019-07-10,,,2023-12-08 11:36:40,'2023-12-08 11:36:40'),builder,builder,1,0,0,0,0,0,0,0,0
26895,Claridge Homes (245 Rideau Phase 4) Inc,210 Gladstone Ave,Ottawa,Ontario,K2P 0Y6,613-233-6030,2019-07-10,,,2023-12-08 11:36:40,'2023-12-08 11:36:40'),builder,builder,1,0,0,0,0,0,0,0,0
26910,Hollyburn Properties Ltd,"1650 Alberni St, Ste 300",Vancouver,BC,V6G 1B1,604-662-7345,2019-07-02,hollyburn.com,,2023-12-08 11:58:21,'2023-12-08 11:36:42'),builder,builder,1,0,0,0,0,0,0,0,0
26915,Auburn Developments Inc,"560 Wellington Rd, 2nd Flr",London,Ontario,N6A 3R4,519-434-1808,2019-06-26,,,2023-12-08 11:36:42,'2023-12-08 11:36:42'),builder,builder,1,0,0,0,0,0,0,0,0
26920,Longo Development Corp,"2751 Bloor St W, 1st Flr",Toronto,Ontario,M8X 1A6,416-249-8181,2019-06-21,,,2023-12-08 11:36:43,'2023-12-08 11:36:43'),builder,builder,1,0,0,0,0,0,0,0,0
26934,Dunpar Developments Inc,105 Six Point Rd,Toronto,Ontario,M8Z 2X3,416-236-9800,2019-06-13,,,2023-12-08 11:36:44,'2023-12-08 11:36:44'),builder,builder,1,0,0,0,0,0,0,0,0
26940,Fernbrook Homes (Seven Oaks 2017) Ltd,"2220 Highway 7 W, Unit 5",Concord,Ontario,L4K 1W7,416-667-0447,2019-06-07,,,2023-12-08 11:36:45,'2023-12-08 11:36:45'),builder,builder,1,0,0,0,0,0,0,0,0
26946,Serendipity Point Developments Inc,9 Price St,Toronto,Ontario,M4W 1Z1,416-960-0300,2019-06-06,serendipitypoint.com,,2023-12-08 11:58:22,'2023-12-08 11:36:45'),builder,builder,1,0,0,0,0,0,0,0,0
26954,Lindvest (Dufferin) Developments Ltd,"3625 Dufferin St, Ste 200",Toronto,Ontario,M3K 1Z2,416-635-7575,2019-06-04,,,2023-12-08 11:36:46,'2023-12-08 11:36:46'),builder,builder,1,0,0,0,0,0,0,0,0
26955,Churchill Property Corp,"1040 West Georgia St, Ste 1010",Vancouver,British Columbia,V6E 4H1,604-689-8500,2019-06-03,,,2023-12-08 11:36:46,'2023-12-08 11:36:46'),builder,builder,1,0,0,0,0,0,0,0,0
26963,Mark Rich Homes Ltd,9 Sunset Cres,Orillia,Ontario,L3V 7V6,,2019-11-26,,,2023-12-08 11:36:46,'2023-12-08 11:36:46'),builder,builder,1,0,0,0,0,0,0,0,0
26981,Greycan 11 Properties Inc,"185 The West Mall, Ste 860",Toronto,Ontario,M9C 5L5,905-282-9041,2019-11-14,,,2023-12-08 11:36:48,'2023-12-08 11:36:48'),builder,builder,1,0,0,0,0,0,0,0,0
26982,Country Homes Ltd,111 Strada Dr,Woodbridge,Ontario,L4L 5V9,416-213-7191,2019-11-14,,,2023-12-08 11:36:48,'2023-12-08 11:36:48'),builder,builder,1,0,0,0,0,0,0,0,0
26988,Steele Valey Developments Ltd,"2104 Highway 7, Unit 28",Concord,Ontario,L4K 2S9,905-738-6255,2019-11-05,,,2023-12-08 11:36:49,'2023-12-08 11:36:49'),builder,builder,1,0,0,0,0,0,0,0,0
27002,Vermilion Developments,"7030 Woodbine Ave, Ste 803",Markham,Ontario,L3R 6G2,905-604-5099,2019-10-21,,,2023-12-08 11:36:51,'2023-12-08 11:36:51'),builder,builder,1,0,0,0,0,0,0,0,0
27010,National Homes (1240 Britannia) Inc,"291 Edgeley Blvd, Ste 1",Concord,Ontario,L4K 3Z4,905-669-9199,2019-10-09,,,2023-12-08 11:36:52,'2023-12-08 11:36:52'),builder,builder,1,0,0,0,0,0,0,0,0
27013,Edenshaw Fairview Developments Ltd,129 Lakeshore Rd E,Mississauga,Ontario,L5G 1E5,905-990-3500,2019-10-07,,,2023-12-08 11:36:52,'2023-12-08 11:36:52'),builder,builder,1,0,0,0,0,0,0,0,0
27026,Zitia Properties Ltd,55 St George Rd,Paris,Ontario,N3L 3E1,,2019-09-30,,,2023-12-08 11:36:54,'2023-12-08 11:36:54'),builder,builder,1,0,0,0,0,0,0,0,0
27032,Lee Development Group,7 Lee Centre Dr,Toronto,Ontario,M1H 3J8,416-289-1338,2019-09-23,,,2023-12-08 11:36:54,'2023-12-08 11:36:54'),builder,builder,1,0,0,0,0,0,0,0,0
27038,Perland Construction Inc,,Markham,Ontario,L3R 0J1,905-470-2835,2019-09-16,,,2023-12-08 11:36:55,'2023-12-08 11:36:55'),builder,builder,1,0,0,0,0,0,0,0,0
27039,170 McEwan Drive Developments Inc,"2 Sheppard Ave E, Ste 1505",Toronto,Ontario,M2N 5Y7,416-221-9348,2019-09-16,,,2023-12-08 11:36:55,'2023-12-08 11:36:55'),builder,builder,1,0,0,0,0,0,0,0,0
27045,Liv Developments Ltd,"1005 Skyview Dr, Ste 301",Burlington,Ontario,L7P 5B1,289-245-1300,2019-09-11,,,2023-12-08 11:36:56,'2023-12-08 11:36:56'),builder,builder,1,0,0,0,0,0,0,0,0
27050,Heritage Park Properties Ltd,"181 University Ave, Ste 2100",Toronto,Ontario,M5H 3M7,416-863-1010,2019-09-03,,,2023-12-08 11:36:57,'2023-12-08 11:36:57'),builder,builder,1,0,0,0,0,0,0,0,0
27077,Wittington Properties,"22 St Clair Ave E, Ste 1400",Toronto,Ontario,M4T 2S5,416-967-7990,2018-06-19,,,2023-12-08 20:20:00,'2023-12-08 20:20:00'),builder,builder,1,0,0,0,0,0,0,0,0
27084,Bene Development (Scarborough) Ltd,"6700 No 3 Rd, Ste 212",Richmond,British Columbia,V6Y 2C3,,2018-06-15,,,2023-12-08 20:20:01,'2023-12-08 20:20:01'),builder,builder,1,0,0,0,0,0,0,0,0
27085,Ideal (MN2) Developments Inc,1100 Rodick Rd,Markham,Ontario,L3R 8C3,416-754-3500,2018-06-15,,,2023-12-08 20:20:01,'2023-12-08 20:20:01'),builder,builder,1,0,0,0,0,0,0,0,0
27086,Oxford Properties Industrial GP Inc,"100 Adelaide St W, St 900",Toronto,Ontario,M5H 0E2,416-865-8300,2018-06-15,,,2023-12-08 20:20:01,'2023-12-08 20:20:01'),builder,builder,1,0,0,0,0,0,0,0,0
27121,Metrus Central Properties Ltd,"30 Floral Pkwy, Ste 300",Concord,Ontario,L4K 4R1,905-669-9714,2018-05-15,,,2023-12-08 20:20:04,'2023-12-08 20:20:04'),builder,builder,1,0,0,0,0,0,0,0,0
27128,RioCan Properties (King George Square) Inc,"2300 Yonge St, Ste 500",Toronto,Ontario,M4P 1E4,416-866-3033,2018-05-07,,,2023-12-08 20:20:05,'2023-12-08 20:20:05'),builder,builder,1,0,0,0,0,0,0,0,0
27143,O&#039;Shanter Development Co Ltd,"245 Carlaw Ave, Ste 107",Toronto,Ontario,M4M 2S1,416-466-2642,2018-04-16,,,2023-12-08 20:20:07,'2023-12-08 20:20:07'),builder,builder,1,0,0,0,0,0,0,0,0
27146,Development Group (100 SAW) Inc,"30 Adelaide St E, Ste 301",Toronto,Ontario,M5C 3H1,,2018-04-12,,,2023-12-08 20:20:07,'2023-12-08 20:20:07'),builder,builder,1,0,0,0,0,0,0,0,0
27163,RioTrin Properties (Flamborough) Inc,"2300 Yonge St, Ste 500",Toronto,Ontario,M4P 1E4,416-866-3033,2018-04-03,,,2023-12-08 20:20:09,'2023-12-08 20:20:09'),builder,builder,1,0,0,0,0,0,0,0,0
27169,Genesis Homes,"1 Yorkdale Rd, Ste 214",Toronto,Ontario,M6A 3A1,416-229-9757,2018-03-29,,,2023-12-08 20:20:09,'2023-12-08 20:20:09'),builder,builder,1,0,0,0,0,0,0,0,0
27205,Woodcliffe Mod Developments,"10 Price St, Ste 200",Toronto,Ontario,M4W 1Z4,416-361-5000,2018-03-14,,,2023-12-08 20:20:13,'2023-12-08 20:20:13'),builder,builder,1,0,0,0,0,0,0,0,0
27211,BPO Ontario Properties Ltd,181 Bay St,Toronto,Ontario,M5J 2T3,416-369-2300,2018-03-06,,,2023-12-08 20:20:13,'2023-12-08 20:20:13'),builder,builder,1,0,0,0,0,0,0,0,0
27212,VPMA Bay Adealide Property Ltd,,Guernsey GY1 1WA,,Channel Islands,,2018-03-06,,,2023-12-08 20:20:13,'2023-12-08 20:20:13'),builder,builder,1,0,0,0,0,0,0,0,0
27219,Paramount Properties ,366 Elgin St,Ottawa,Ontario,K2P 1M8,613-233-1222,2018-03-01,,,2023-12-08 20:20:14,'2023-12-08 20:20:14'),builder,builder,1,0,0,0,0,0,0,0,0
27222,Southbridge Care Homes,"766 Hespeler Rd, Ste 301",Cambridge,Ontario,N3H 5L8,519-621-8886,2018-03-01,southbridgecare.ca,,2023-12-09 15:38:33,'2023-12-08 20:20:14'),builder,builder,1,0,0,0,0,0,0,0,0
27225,YLC Development Corp,"64 Wellesley St E, Ste 201",Toronto,Ontario,M4Y 1G6,416-477-7127,2018-02-28,,,2023-12-08 20:20:15,'2023-12-08 20:20:15'),builder,builder,1,0,0,0,0,0,0,0,0
27229,National Homes (Old Kennedy) Inc,"291 Edgeley Blvd, Ste 2",Concord,Ontario,L4K 3Z4,905-669-9199,2018-02-27,rbc.com,,2023-12-09 15:38:33,'2023-12-08 20:20:15'),builder,builder,1,0,0,0,0,0,0,0,0
27238,Brampton Wilkinson Properties Ltd,"22 St Clair Ave E, Ste 1104",Toronto,Ontario,M4T 2S3,416-923-1100,2018-02-16,,,2023-12-08 20:20:16,'2023-12-08 20:20:16'),builder,builder,1,0,0,0,0,0,0,0,0
27241,YSC Properties Inc,3751 Vicrtoria Park Ave,Toronto,Ontario,M1W 3Z4,,2018-02-09,,,2023-12-08 20:20:17,'2023-12-08 20:20:17'),builder,builder,1,0,0,0,0,0,0,0,0
27243,Forest Contractors,8 Cadetta Rd,Brampton,Ontario,L6P 0X4,905-913-9291,2018-02-08,,,2023-12-08 20:20:17,'2023-12-08 20:20:17'),builder,builder,1,0,0,0,0,0,0,0,0
27246,Clifton Blake Realty Advisors,"370 King St W, Ste 805",Toronto,Ontario,M5V 1J9,416-850-6809,2018-02-07,,,2023-12-08 20:20:17,'2023-12-08 20:20:17'),builder,builder,1,0,0,0,0,0,0,0,0
27251,Welland Land Development Inc,1100 Gordon Baker Rd,Toronto,Ontario,M2H 3B3,,2018-02-01,,,2023-12-08 20:20:17,'2023-12-08 20:20:17'),builder,builder,1,0,0,0,0,0,0,0,0
27253,Beedie ON (Strata #1) Property Ltd,3030 Gilmore Diversion,Burnaby,BC,V5G 3B4,604-435-3321,2018-02-01,,,2023-12-08 20:20:18,'2023-12-08 20:20:18'),builder,builder,1,0,0,0,0,0,0,0,0
27260,Yorkville North Development Ltd,16 Rondeau Dr,Toronto,Ontario,M2H 1R4,416-492-4087,2018-01-25,,,2023-12-08 20:20:19,'2023-12-08 20:20:19'),builder,builder,1,0,0,0,0,0,0,0,0
27264,Holland Green Developments Inc,53 Shorewood Place,Oakville,Ontario,L6K 3Y3,905-339-0236,2018-01-16,,,2023-12-08 20:20:20,'2023-12-08 20:20:20'),builder,builder,1,0,0,0,0,0,0,0,0
27265,Carson Reid Homes Ltd,183 Dufferin St,Guelph,Ontario,N1H 4B3,519-822-3682,2018-01-15,carsonreidhomes.com,,2024-04-16 14:48:27,'2023-12-08 20:20:20'),builder,builder,1,0,0,0,0,0,0,0,0
27273,Signet Realty,"1858 Avenue Rd, Ste 100",Toronto,Ontario,M5M 3Z5,416-783-1600,2018-01-09,,,2023-12-08 20:20:20,'2023-12-08 20:20:20'),builder,builder,1,0,0,0,0,0,0,0,0
27275,Eurostone Properties Inc,"43 Hanna Ave, Ste 435",,,M6K 1X1,,2018-01-05,,,2023-12-08 20:20:21,'2023-12-08 20:20:21'),builder,builder,1,0,0,0,0,0,0,0,0
27276,Mazmik Developments Ltd,"24 Queen St E, Ste 800",Brampton,Ontario,L6V 1A3,,2018-09-24,,,2023-12-08 20:20:22,'2023-12-08 20:20:22'),builder,builder,1,0,0,0,0,0,0,0,0
27296,Highcastle Homes,"7600 Highway 27, Unit 1",Woodbridge,Ontario,L4H 0P8,905-264-5565,2018-09-06,,,2023-12-08 20:20:25,'2023-12-08 20:20:25'),builder,builder,1,0,0,0,0,0,0,0,0
27297,CDW Realty Ltd,33 Viamede Cres,North York,Ontario,M2K 2A7,416-221-3180,2018-09-04,,,2023-12-08 20:20:25,'2023-12-08 20:20:25'),builder,builder,1,0,0,0,0,0,0,0,0
27311,Zancor Homes (King Court) Ltd,137 Bowes Rd,Concord,Ontario,L4K 1H3,905-738-7010,2018-08-30,,,2023-12-08 20:20:26,'2023-12-08 20:20:26'),builder,builder,1,0,0,0,0,0,0,0,0
27316,Birch Bark Properties Inc,"171 Basaltic Rd, Unit 1",Concord,Ontario,L4K 1G4,,2018-08-23,,,2023-12-08 20:20:27,'2023-12-08 20:20:27'),builder,builder,1,0,0,0,0,0,0,0,0
27324,Trass Properties Ltd,,Burlington,Ontario,L7N 1M7,,2018-08-16,,,2023-12-08 20:20:27,'2023-12-08 20:20:27'),builder,builder,1,0,0,0,0,0,0,0,0
27327,Conor Pacific Development Inc,"134 Abbot st, Ste 601",Vancouver,BC,V6B 2K4,604-669-3373,2018-08-15,,,2023-12-08 20:20:28,'2023-12-08 20:20:28'),builder,builder,1,0,0,0,0,0,0,0,0
27351,R &amp; G Realty Management Inc,"266 Avenue Rd, Ste 100",Toronto,Ontario,M4V 2G7,,2018-07-25,,,2023-12-08 20:20:31,'2023-12-08 20:20:31'),builder,builder,1,0,0,0,0,0,0,0,0
27359,Direct Properties Inc,"1200 Eglinton Ave E, Ste 302",Toronto,Ontario,M3C 1H9,416-466-2178,2018-07-19,mndirectproperties.com,,2023-12-09 15:38:40,'2023-12-08 20:20:31'),builder,builder,1,0,0,0,0,0,0,0,0
27362,Hollyburn 151 St George Properties Ltd,"1660 Alnerni St, Ste 300",Vancouver,BC,V6G 1B1,604-662-7345,2018-07-13,,,2023-12-08 20:20:32,'2023-12-08 20:20:32'),builder,builder,1,0,0,0,0,0,0,0,0
27364,Context Properties,"229 Yonge St, Ste 500",Toronto,Ontario,M5B 1N9,416-863-0202,2018-07-11,,,2023-12-08 20:20:32,'2023-12-08 20:20:32'),builder,builder,1,0,0,0,0,0,0,0,0
27365,Cachet Developments,"361 Connie Cres, Ste 200",Concord,Ontario,L4K 5R2,905-764-1983,2018-07-10,,,2023-12-08 20:20:32,'2023-12-08 20:20:32'),builder,builder,1,0,0,0,0,0,0,0,0
27379,Cachet Estate Homes (Beamsville) Inc,"361 Connie Cres, Ste 200",Concord,Ontario,L4K 5R2,905-764-1983,2018-12-31,,,2023-12-08 20:20:33,'2023-12-08 20:20:33'),builder,builder,1,0,0,0,0,0,0,0,0
27385,Portland Adelaide Developments Inc,"134 Peter St, Ste 1600",Toronto,Ontario,M5V 2H2,,2018-12-21,,,2023-12-08 20:20:34,'2023-12-08 20:20:34'),builder,builder,1,0,0,0,0,0,0,0,0
27392,Highlands Co-Operative Development Corp,"468 Queen St E, ste 310",Toronto,Ontario,M5A 1T7,416-867-1501,2018-12-20,,,2023-12-08 20:20:34,'2023-12-08 20:20:34'),builder,builder,1,0,0,0,0,0,0,0,0
27399,Dancap Realty Ltd,1067 Yonge St,Toronto,Ontario,M4W 2L2,416-590-9444,2018-12-20,,,2023-12-08 20:20:34,'2023-12-08 20:20:34'),builder,builder,1,0,0,0,0,0,0,0,0
27407,Corebridge Development,"28 South Unionville Ave, Ste 2080",Markham,Ontario,L3R 4R9,905-604-5991,2018-12-19,corebridge.com,,2023-12-09 16:48:05,'2023-12-08 20:20:35'),builder,builder,1,0,0,0,0,0,0,0,0
27410,King South Developments Inc,,Toronto,Ontario,M4P 1J4,416-485-8833,2018-12-17,,,2023-12-08 20:20:35,'2023-12-08 20:20:35'),builder,builder,1,0,0,0,0,0,0,0,0
27411,Country Wide Homes at King South Inc,1500 Highway 7,Concord,Ontario,L4K 5Y4,905-907-1500,2018-12-17,,,2023-12-08 20:20:35,'2023-12-08 20:20:35'),builder,builder,1,0,0,0,0,0,0,0,0
27415,Coscorp HL Developments Inc,"6625 Kitimat Rd, Unit 58",Mississauga,Ontario,L5N 6J1,905-821-3666,2018-12-17,,,2023-12-08 20:20:36,'2023-12-08 20:20:36'),builder,builder,1,0,0,0,0,0,0,0,0
27424,Commercial Development Group,"239 Sheppard Ave E, Ste 300",Toronto,Ontario,M2N 3A8,416-223-1606,2018-12-12,,,2023-12-08 20:20:37,'2023-12-08 20:20:37'),builder,builder,1,0,0,0,0,0,0,0,0
27431,Beedie ON (Markham Road) Property Ltd,3030 Gilmore Diversion,Burnaby,BC,V5G 3B4,604-435-3321,2018-12-10,,,2023-12-08 20:20:37,'2023-12-08 20:20:37'),builder,builder,1,0,0,0,0,0,0,0,0
27434,Armour Heights Developments,"81 Zenway Blvd, Unit 24",Woodbridge,Ontario,L4H 0S5,905-303-7800,2018-12-07,,,2023-12-08 20:20:37,'2023-12-08 20:20:37'),builder,builder,1,0,0,0,0,0,0,0,0
27437,Mattamy Homes Ltd,7880 Keele St,Vaughan,Ontario,L4K 4G7,905-907-8888,2018-12-04,mattamyhomes.com,,2023-12-11 14:20:01,'2023-12-08 20:20:38'),builder,builder,1,0,0,0,0,0,0,0,0
27439,DAW Construction Ltd,"1371 Neilson Rd, Ste 310",Toronto,Ontario,M1B 4Z8,,2018-12-03,,,2023-12-08 20:20:39,'2023-12-08 20:20:39'),builder,builder,1,0,0,0,0,0,0,0,0
27447,Front-Sherbourne Developments Inc,"4711 Yonge St, Ste 1400",Toronto,Ontario,M4N 7E4,416-491-2222,2018-11-30,,,2023-12-08 20:20:40,'2023-12-08 20:20:40'),builder,builder,1,0,0,0,0,0,0,0,0
27472,Sebian Developments  Ltd,"280 Sheppard Ave E, Ste 209",Toronto,Ontario,M2N 3B1,416-512-6161,2018-11-07,,,2023-12-08 20:20:42,'2023-12-08 20:20:42'),builder,builder,1,0,0,0,0,0,0,0,0
27492,Marydel Homes ,100 Caster Ave,Woodbridge,Ontario,L4L 5Y9,905-264-5564,2018-10-24,,,2023-12-08 20:20:44,'2023-12-08 20:20:44'),builder,builder,1,0,0,0,0,0,0,0,0
27500,84 Westwood Development Corp,122 King High Dr,Thorhill,Ontario,L4J 3N4,289-597-2831,2018-10-17,,,2023-12-08 20:20:45,'2023-12-08 20:20:45'),builder,builder,1,0,0,0,0,0,0,0,0
27507,Premise Properties Ltd,"1166 Alberni St, Ste 1701",Vancouver,BC,V6E 3Z3,604-699-5256,2018-10-04,,,2023-12-08 20:20:46,'2023-12-08 20:20:46'),builder,builder,1,0,0,0,0,0,0,0,0
27510,9 Dawes Development Inc,"2345 Yonge St, Ste 802",Toronto,Ontario,M4P 2E5,,2018-10-04,,,2023-12-08 20:20:46,'2023-12-08 20:20:46'),builder,builder,1,0,0,0,0,0,0,0,0
27511,Bristol Properties Corp,855 Meadow Wood Rd,Mississauga,Ontario,L5J 2S7,,2018-10-02,,,2023-12-08 20:20:47,'2023-12-08 20:20:47'),builder,builder,1,0,0,0,0,0,0,0,0
27515,Oakville Urban Core Developments Inc,38 Greengate Rd,North York,Ontario,M3B 1E8,,2018-10-01,,,2023-12-08 20:20:47,'2023-12-08 20:20:47'),builder,builder,1,0,0,0,0,0,0,0,0
27520,New-Can Realty ltd,12 Hunters Glen Rd,Aurora,Ontario,L4G 6W4,905-713-2773,2017-06-29,,,2023-12-11 14:00:14,'2023-12-11 14:00:14'),builder,builder,1,0,0,0,0,0,0,0,0
27526,Fernbrook Homes (Innisfil 1) Ltd,"2220 Highway 7 W, Unit 5",Concord,Ontario,L4K 1W7,416-667-0447,2017-06-27,,,2023-12-11 14:00:15,'2023-12-11 14:00:15'),builder,builder,1,0,0,0,0,0,0,0,0
27527,Zancor Homes (Innisfil) Ltd,137 Bowes Rd,Concord,Ontario,L4K 1H3,905-738-7010,2017-06-27,,,2023-12-11 14:00:15,'2023-12-11 14:00:15'),builder,builder,1,0,0,0,0,0,0,0,0
27529,Senator Homes Ltd,250 Lesmill Rd,North York,Ontario,M3B 2T5,416-445-8552,2017-06-23,,,2023-12-11 14:00:15,'2023-12-11 14:00:15'),builder,builder,1,0,0,0,0,0,0,0,0
27533,Jindal Developments Ltd,12 Janetville St,Brampton,Ontario,L6P 2A3,905-915-1800,2017-06-19,jindalsteel.com,,2024-04-16 14:48:58,'2023-12-11 14:00:16'),builder,builder,1,0,0,0,0,0,0,0,0
27552,KJ Beamish Construction Co Ltd,3300 King Vaughan Rd,King City,Ontario,L7B 1B2,905-833-4666,2017-05-26,,,2023-12-11 14:00:18,'2023-12-11 14:00:18'),builder,builder,1,0,0,0,0,0,0,0,0
27558,National Homes (Brant) Inc,"291 Edgeley Blvd, Ste 1",Concord,Ontario,L4K 3Z4,905-669-9199,2017-05-15,housetalk.net,,2024-04-16 14:49:00,'2023-12-11 14:00:19'),builder,builder,1,0,0,0,0,0,0,0,0
27560,Northstar Development Group,"7077 Keele St, Ste 102",Concord,Ontario,L4K 0B6,905-738-0754,2017-05-10,nstartowers.com,,2024-04-16 14:49:00,'2023-12-11 14:00:19'),builder,builder,1,0,0,0,0,0,0,0,0
27561,National Homes (Castlemore Ave) Inc,"291 Edgeley Blvd, Ste 1",Concord,Ontario,L4K 3Z4,905-669-9199,2017-05-10,,,2023-12-11 14:00:19,'2023-12-11 14:00:19'),builder,builder,1,0,0,0,0,0,0,0,0
27574,PJD Properties Inc,28 Sandringham Dr,Toronto,Ontario,M5M 3G3,,2017-04-26,,,2023-12-11 14:00:21,'2023-12-11 14:00:21'),builder,builder,1,0,0,0,0,0,0,0,0
27576,Fortress Real Developments,"25 Brodie Dr, Unit 1",Richmond Hill,Ontario,L4B 3K7,905-787-9266,2017-04-26,,,2023-12-11 14:00:21,'2023-12-11 14:00:21'),builder,builder,1,0,0,0,0,0,0,0,0
27580,Regal Crest Homes Inc,"171 Basaltic Rd, Unit 1",Concord,Ontario,L4K 1G4,905-669-5003,2017-04-20,rchomesinc.com,,2024-04-16 14:49:02,'2023-12-11 14:00:21'),builder,builder,1,0,0,0,0,0,0,0,0
27582,Gervais Development (Tottenham) Corp,"2235 Sheppard Ave E, Ste 905",Toronto,Ontario,M2J 5B5,647-478-2008,2017-04-18,oysterdev.com,,2024-04-16 14:49:02,'2023-12-11 14:00:22'),builder,builder,1,0,0,0,0,0,0,0,0
27589,Primont Homes (Vaughan) Inc,"9130 Leslie St, Ste 301",Richmond Hill,Ontario,L4B 0B9,905-770-7002,2017-04-03,,,2023-12-11 14:00:23,'2023-12-11 14:00:23'),builder,builder,1,0,0,0,0,0,0,0,0
27590,Valery Homes Golf Club Road Ltd,2140 King St E,Hamilton,Ontario,L8K 1W6,905-547-5056,2017-03-31,,,2023-12-11 14:00:24,'2023-12-11 14:00:24'),builder,builder,1,0,0,0,0,0,0,0,0
27615,Nasg Realty LLC,235 Balsam Dr,Oakville,Ontario,L6J 3X4,,2017-03-06,nashrealtyinc.com,,2024-04-16 14:48:10,'2023-12-11 14:00:27'),builder,builder,1,0,0,0,0,0,0,0,0
27618,621 King Developments Ltd,"552 Wellington St W, Ste 1500",Toronto,Ontario,M5V 2V5,,2017-03-02,,,2023-12-11 14:00:27,'2023-12-11 14:00:27'),builder,builder,1,0,0,0,0,0,0,0,0
27626,Shieldbay Developments Inc,8600 Dufferin St,Vaughan,Ontario,L4K 5P5,,2017-02-15,badieedevelopment.com,,2024-04-16 14:49:06,'2023-12-11 14:00:29'),builder,builder,1,0,0,0,0,0,0,0,0
27649,Zancor Homes (Angus South) Ltd,137 Bowes Rd,Concord,Ontario,L4K 1H3more info: mi.pdf,,2017-01-24,,,2023-12-11 14:00:32,'2023-12-11 14:00:32'),builder,builder,1,0,0,0,0,0,0,0,0
27650,Lancaster Homes Inc,"9251 Yonge St, Ste 300",Richmond Hill,Ontario,L4C 9T3,905-731-6099,2017-01-24,lancasterhomes.ca,,2024-04-16 14:48:11,'2023-12-11 14:00:32'),builder,builder,1,0,0,0,0,0,0,0,0
27651,Country Wide Homes (Jefferson) Inc,1500 Highway 7,Vaughan,Ontario,L4K 5Y4,,2017-01-20,,,2023-12-11 14:00:32,'2023-12-11 14:00:32'),builder,builder,1,0,0,0,0,0,0,0,0
27652,Country Wide Homes (Jefferson) Inc,1500 Highway 7,Vaughan,Ontario,L4K 5Y4more info: mi.pdf,,2017-01-20,jeffersonhospital.org,,2024-04-16 14:48:11,'2023-12-11 14:00:32'),builder,builder,1,0,0,0,0,0,0,0,0
27654,Zancor Homes (Bolton) Ltd,137 Bowes Rd,Concord,Ontario,L4K 1H3,905-738-7010,2017-01-20,,,2023-12-11 14:00:32,'2023-12-11 14:00:32'),builder,builder,1,0,0,0,0,0,0,0,0
27697,Peel Properties Inc,125 Bessborough Dr,Toronto,Ontario,M4G 3J7,416-485-5142,2017-08-31,peelproperties.com,,2023-12-11 14:20:49,'2023-12-11 14:00:38'),builder,builder,1,0,0,0,0,0,0,0,0
27706,Redbourne Heron&#039;s Hill Properties,"60 Columbia Way, Ste 200",,,L3R 0C9,,2017-08-25,,,2023-12-11 14:00:39,'2023-12-11 14:00:39'),builder,builder,1,0,0,0,0,0,0,0,0
27710,Elso Properties Inc,67 Burndenford Cres,,,L3P 7S9,,2017-08-24,,,2023-12-11 14:00:40,'2023-12-11 14:00:40'),builder,builder,1,0,0,0,0,0,0,0,0
27716,National Homes GP (Plains Road) Inc,"291 Edgeley Blvd, Ste 1",Concord,Ontario,L4K 3Z4,905-669-9199,2017-08-22,,,2023-12-11 14:00:40,'2023-12-11 14:00:40'),builder,builder,1,0,0,0,0,0,0,0,0
27720,Essex Properties Inc,"250 University Ave, Ste 700",Toronto,Ontario,M5H 3E5,416-214-5200,2017-08-17,essexpropertytrust.com,,2023-12-11 14:20:49,'2023-12-11 14:00:40'),builder,builder,1,0,0,0,0,0,0,0,0
27727,Centennial Construction and,353 Townline Rd,Niagara-on-the-Lake,ON,L0S 1J0,905-708-0123,2017-08-11,,,2023-12-11 14:00:41,'2023-12-11 14:00:41'),builder,builder,1,0,0,0,0,0,0,0,0
27732,Cassavia Estate Homes (Maple) Ltd,40 Bradwick Dr,Concord,Ontario,L4K 1K9,905-695-0731,2017-08-09,,,2023-12-11 14:00:42,'2023-12-11 14:00:42'),builder,builder,1,0,0,0,0,0,0,0,0
27739,Cassavia Estate Homes Angus Heights Inc,"40 Bradwick Dr, Units 18 &amp;amp; 19",Concord,Ontario,L4L 1K9,905-695-0731,2017-08-01,,,2023-12-11 14:00:43,'2023-12-11 14:00:43'),builder,builder,1,0,0,0,0,0,0,0,0
27754,Skyline (Port McNicoll) Development Inc,"150 King St W, Ste 2108",Toronto,Ontario,M5H 1J9,416-368-2565,2017-07-19,,,2023-12-11 14:00:45,'2023-12-11 14:00:45'),builder,builder,1,0,0,0,0,0,0,0,0
27755,Redwood Properties,"330 New Huntington Rd, Ste 201",Woodbridge,Ontario,L4H 4C9,905-856-7774,2017-07-18,,,2023-12-11 14:00:45,'2023-12-11 14:00:45'),builder,builder,1,0,0,0,0,0,0,0,0
27758,1601 Development Corp,"2900 Langstaff Rd, Unit 1",Vaughan,Ontario,L4K 4R9,,2017-07-18,,,2023-12-11 14:00:45,'2023-12-11 14:00:45'),builder,builder,1,0,0,0,0,0,0,0,0
27765,Abell Developments Inc,"1 St Clair Ave E, Ste 801",Toronto,Ontario,M4T 2V7,416-964-0325,2017-07-10,abell.org,,2024-04-16 14:48:16,'2023-12-11 14:00:45'),builder,builder,1,0,0,0,0,0,0,0,0
27768,Caregard Developments (2003) Inc,2018 Robertson Rd,Ottawa,Ontario,K2H 1C6,,2017-07-04,afgusa.net,,2024-04-16 14:48:16,'2023-12-11 14:00:46'),builder,builder,1,0,0,0,0,0,0,0,0
27774,PG Properties Ltd,38 Rinas Ave,Newmarket,Ontario,L6C 0N7,905-534-2758,2017-12-21,slatepg.com,,2023-12-11 14:20:50,'2023-12-11 14:00:47'),builder,builder,1,0,0,0,0,0,0,0,0
27775,BRL Realty Ltd,"1128 Yonge St, 2nd Flr",Toronto,Ontario,M4W 2L8,,2017-12-20,,,2023-12-11 14:00:47,'2023-12-11 14:00:47'),builder,builder,1,0,0,0,0,0,0,0,0
27776,Lanterra Scollard Developments Ltd,2811 Dufferin St,Toronto,Ontario,M6B 3R9,416-635-7424,2017-12-20,,,2023-12-11 14:00:47,'2023-12-11 14:00:47'),builder,builder,1,0,0,0,0,0,0,0,0
27779,Massco Developments Ltd,67 Selby Rd,Brampton,Ontario,L6W 1K5,905-456-6788,2017-12-20,,,2023-12-11 14:00:48,'2023-12-11 14:00:48'),builder,builder,1,0,0,0,0,0,0,0,0
27787,Lanterra (Bathurst Glancairn) Realty Inc,"2811 Dufferin St, Ste 300",Toronto,Ontario,M6B 3R9,416-635-7424,2017-12-18,,,2023-12-11 14:00:48,'2023-12-11 14:00:48'),builder,builder,1,0,0,0,0,0,0,0,0
27790,Walness Developments Inc,"145 Reynolds St, Ste 400",Oakville,Ontario,L6J 0A7,,2017-12-18,,,2023-12-11 14:00:48,'2023-12-11 14:00:48'),builder,builder,1,0,0,0,0,0,0,0,0
27791,Bram-Rose Homes Inc,"145 Reynolds St, Ste 300",Oakville,Ontario,L6J 0A7,,2017-12-18,,,2023-12-11 14:00:48,'2023-12-11 14:00:48'),builder,builder,1,0,0,0,0,0,0,0,0
27802,Claridge Homes Ltd,210 Gladstone Ave,Ottawa,Ontario,K2P 0Y6,613-233-6030,2017-12-11,,,2023-12-11 14:00:50,'2023-12-11 14:00:50'),builder,builder,1,0,0,0,0,0,0,0,0
27805,Green &amp; Rose Developments Inc,"156 Duncan Mill Rd, Unit 12",Toronto,Ontario,M3B 3N2,416-449-3535,2017-12-06,,,2023-12-11 14:00:51,'2023-12-11 14:00:51'),builder,builder,1,0,0,0,0,0,0,0,0
27826,Phase Three Properties Ltd,,Toronto,Ontario,M4Y 2L8,,2017-11-30,,,2023-12-11 14:00:52,'2023-12-11 14:00:52'),builder,builder,1,0,0,0,0,0,0,0,0
27828,The Condo Store,"171 East Liberty St, Ste 101",Toronto,Ontario,M6K 3P6,416-533-5888,2017-11-30,,,2023-12-11 14:00:52,'2023-12-11 14:00:52'),builder,builder,1,0,0,0,0,0,0,0,0
27831,"51 Camden Street, PW Property Inc","1200 Bay St, Ste 813",Toronto,Ontario,M5R 2A5,416-637-4651,2017-11-29,,,2023-12-11 14:00:53,'2023-12-11 14:00:53'),builder,builder,1,0,0,0,0,0,0,0,0
27855,Kalexia Developments Corp,850 Elgin Mills Rd E,Richmond Hill,Ontario,L4S 1M4,905-604-5009,2017-11-15,,,2023-12-11 14:00:54,'2023-12-11 14:00:54'),builder,builder,1,0,0,0,0,0,0,0,0
27865,Adi Development Group,"1100 Burloak Dr, Ste 700",Burlington,Ontario,L7L 6B2,905-592-1140,2017-11-07,,,2023-12-11 14:00:55,'2023-12-11 14:00:55'),builder,builder,1,0,0,0,0,0,0,0,0
27866,SMCS Properties Ltd,1515 Bathurst St,Toronto,Ontario,M5P 3H4,416-653-3180,2017-11-03,,,2023-12-11 14:00:55,'2023-12-11 14:00:55'),builder,builder,1,0,0,0,0,0,0,0,0
27868,Mason Homes Ltd,"70 Innovator Ave, Unit 1",Stouffville,Ontario,L4A 0Y2,905-640-6777,2017-11-03,,,2023-12-11 14:00:55,'2023-12-11 14:00:55'),builder,builder,1,0,0,0,0,0,0,0,0
27871,Sundial Homes Ltd,"4576 Yonge St, Ste 500",Toronto,Ontario,M2N 6N4,416-224-1200,2017-11-02,,,2023-12-11 14:00:56,'2023-12-11 14:00:56'),builder,builder,1,0,0,0,0,0,0,0,0
27877,Whitemud Place Properties Inc,2700 Commerce Place,Edmonton,Alberta,T5J 4G8,,2017-10-31,,,2023-12-11 14:00:56,'2023-12-11 14:00:56'),builder,builder,1,0,0,0,0,0,0,0,0
27882,One Properties,"121 King St W, Ste 1770",Toronto,Ontario,M5H 3T9,647-256-1014,2017-10-23,,,2023-12-11 14:00:57,'2023-12-11 14:00:57'),builder,builder,1,0,0,0,0,0,0,0,0
27883,Yonge Melinda Realty Inc,2811 Dufferin St,Toronto,Ontario,M6B 3R9,416-635-7424,2017-10-20,,,2023-12-11 14:00:57,'2023-12-11 14:00:57'),builder,builder,1,0,0,0,0,0,0,0,0
27889,Young Stars Developments Inc,"509 Beecroft Rd, Ste LPH6",North York,Ontario,M2N 0A3,,2017-10-16,,,2023-12-11 14:00:58,'2023-12-11 14:00:58'),builder,builder,1,0,0,0,0,0,0,0,0
27890,Medi-Terra Properties Corp,,Woodbridge,Ontario,L4L 9E8,905-265-1976,2017-10-16,,,2023-12-11 14:00:58,'2023-12-11 14:00:58'),builder,builder,1,0,0,0,0,0,0,0,0
27891,Auriga Developments Inc,"40 Vogell Rd, Ste 51",Richmond Hill,Ontario,L4B 3N6,,2017-10-16,indorama.net,,2024-04-16 14:49:29,'2023-12-11 14:00:58'),builder,builder,1,0,0,0,0,0,0,0,0
27935,Olde School Professional Properties Inc,58 Finsbury Cres,London,Ontario,N6G 2B4,,2023-12-22,,,2024-01-23 16:25:51,'2024-01-23 16:25:51'),builder,builder,1,0,0,0,0,0,0,0,0
27949,GPM 12 Ontario Properties Nominee Inc,"16 Concourse Gate, Ste 200",Ottawa,Ontario,K2E 7S8,855-511-8464,2023-12-21,,,2024-01-23 16:25:52,'2024-01-23 16:25:52'),builder,builder,1,0,0,0,0,0,0,0,0
27951,H &amp; M Building Supplies Ltd,"301 Frances Ave, Ste 501",,,L8E 3W6,,2023-12-21,,,2024-01-23 16:25:52,'2024-01-23 16:25:52'),builder,builder,1,0,0,0,0,0,0,0,0
27962,Forsite Homes Ltd,4511 Fairgrounds Rd,Severn,Ontario,L3V 0Y2,,2023-12-20,,,2024-01-23 16:25:53,'2024-01-23 16:25:53'),builder,builder,1,0,0,0,0,0,0,0,0
27964,Berkshire Axis Development,,Toronto,Ontario,M3B 2R2,416-485-7860,2023-12-20,,,2024-01-23 16:25:53,'2024-01-23 16:25:53'),builder,builder,1,0,0,0,0,0,0,0,0
27967,K &amp; L Realty Inc,6751 Bay Ct,Cornwall,Ontario,K6H 5R5,,2023-12-20,corp-realty.com,,2024-04-16 14:48:22,'2024-01-23 16:25:53'),builder,builder,1,0,0,0,0,0,0,0,0
27969,Vescio Properties Inc,98 Cordoba Ct,Mississauga,Ontario,L5R 1E7,,2023-12-20,,,2024-01-23 16:25:53,'2024-01-23 16:25:53'),builder,builder,1,0,0,0,0,0,0,0,0
27983,Foxwood Developments (London) Inc,18 Serena Lane,Guelph,Ontario,N1L 1E7,226-270-9674,2023-12-19,,,2024-01-23 16:25:54,'2024-01-23 16:25:54'),builder,builder,1,0,0,0,0,0,0,0,0
27996,Sunlit Ark Construction Inc,1681 Langstaff Rd,Vaughan,Ontario,L4K 5T3,,2023-12-15,,,2024-01-23 16:25:54,'2024-01-23 16:25:54'),builder,builder,1,0,0,0,0,0,0,0,0
27999,Viewcon Construction (2015) Ltd,95 Young St,Woodstock,Ontario,N4S 3L6,519-539-4655,2023-12-15,,,2024-01-23 16:25:55,'2024-01-23 16:25:55'),builder,builder,1,0,0,0,0,0,0,0,0
28002,Smithcorp Realty Inc,"80 9th St E, Ste 105",,,N4K 1N4,,2023-12-15,,,2024-01-23 16:25:55,'2024-01-23 16:25:55'),builder,builder,1,0,0,0,0,0,0,0,0
28004,Henderson Developments Ltd,21 Castle Ridge,,,K0K 1H0,,2023-12-15,,,2024-01-23 16:25:55,'2024-01-23 16:25:55'),builder,builder,1,0,0,0,0,0,0,0,0
28017,Drew Family Properties Ltd,78 Queen St S,Tilbury,Ontario,N0P 2L0,,2023-12-14,,,2024-01-23 16:25:56,'2024-01-23 16:25:56'),builder,builder,1,0,0,0,0,0,0,0,0
28021,Parmar Properties Ltd,"9300 Goreway Dr, Unit 112",Brampton,Ontario,L6P 4N1,,2023-12-13,,,2024-01-23 16:25:56,'2024-01-23 16:25:56'),builder,builder,1,0,0,0,0,0,0,0,0
28024,Cordoba Properties Ltd,"20 Great Gulf Dr, Unit 14",,,L4K 0K7,,2023-12-12,,,2024-01-23 16:25:56,'2024-01-23 16:25:56'),builder,builder,1,0,0,0,0,0,0,0,0
28026,Oxford Road Developments 7 Inc,7733 Keele St,,,L4K 1Y5,,2023-12-12,,,2024-01-23 16:25:56,'2024-01-23 16:25:56'),builder,builder,1,0,0,0,0,0,0,0,0
28032,Seymour Pacific Developments Ltd,100 St Ann&#039;s Rd,Campbell River,BC,V9W 4C4,844-850-3200,2023-12-11,,,2024-01-23 16:25:56,'2024-01-23 16:25:56'),builder,builder,1,0,0,0,0,0,0,0,0
28033,Loca Properties (AB-ON) Inc,"30 N LaSalle St, Ste 4140",Chicago,IL,USA - 60602,,2023-12-11,,,2024-01-23 16:25:56,'2024-01-23 16:25:56'),builder,builder,1,0,0,0,0,0,0,0,0
28034,The Properties Group,236 Metcalfe St,Ottawa,Ontario,K2P 1R3,613-237-2425,2023-12-11,prpgrp.com,,2024-04-16 14:48:23,'2024-01-23 16:25:56'),builder,builder,1,0,0,0,0,0,0,0,0
28040,Reserve Properties Ltd,"110 Eglinton Ave E, Ste 500",Toronto,Ontario,M4P 2Y1,416-440-2904,2023-12-11,,,2024-01-23 16:25:57,'2024-01-23 16:25:57'),builder,builder,1,0,0,0,0,0,0,0,0
28067,CCG Properties Inc,67 Berkinshaw Cres,North York,Ontario,M3B 2T1,,2023-12-05,tlcproperties.com,,2024-04-16 14:48:24,'2024-01-23 16:25:58'),builder,builder,1,0,0,0,0,0,0,0,0
28104,D &amp; A Properties Ltd,255 Fisher St,North Bay,Ontario,P1B 2C8,705-499-2220,2023-12-27,,,2024-01-23 16:25:59,'2024-01-23 16:25:59'),builder,builder,1,0,0,0,0,0,0,0,0
28128,Patry Inc Developments,692 McKay St,Kingston,Ontario,K7M 7G2,866-728-7979,2023-12-21,,,2024-01-23 16:26:01,'2024-01-23 16:26:01'),builder,builder,1,0,0,0,0,0,0,0,0
28154,Graham A Giddy Funeral Homes,280 St David St S,Fergus,Ontario,N1M 2L5,519-843-3100,2023-12-18,,,2024-01-23 16:26:02,'2024-01-23 16:26:02'),builder,builder,1,0,0,0,0,0,0,0,0
28163,Sky Property Group,1 Steeles Ave E,North York,Ontario,M2M 3Y2,416-228-0000,2023-12-18,,,2024-01-23 16:26:02,'2024-01-23 16:26:02'),builder,builder,1,0,0,0,0,0,0,0,0
28172,Ruscio Masonry and Construction Ltd,1085 McNabb St,Sault Ste Marie,Ontario,P6B 2A1,705-949-1832,2023-12-15,,,2024-01-23 16:26:03,'2024-01-23 16:26:03'),builder,builder,1,0,0,0,0,0,0,0,0
28175,Sifton Properties Ltd,"1295 Riverbend Rd, Ste 300",London,Ontario,N6K 0G2,519-434-1000,2023-12-15,,,2024-01-23 16:26:03,'2024-01-23 16:26:03'),builder,builder,1,0,0,0,0,0,0,0,0
28176,Westdell Development Corp,"1701 Richmond St, Ste 3B",London,Ontario,N5X 3Y2,519-850-0000,2023-12-15,,,2024-01-23 16:26:03,'2024-01-23 16:26:03'),builder,builder,1,0,0,0,0,0,0,0,0
28183,Rosa Properties Inc,"237025 Line 23, RR 2",St Marys,Ontario,N4X 1C5,,2023-12-15,atproperties.com,,2024-04-16 14:48:26,'2024-01-23 16:26:03'),builder,builder,1,0,0,0,0,0,0,0,0
28190,Tomar Realty Corp,963 Roulston Cres,,,N6H 0E8,,2023-12-14,,,2024-01-23 16:26:04,'2024-01-23 16:26:04'),builder,builder,1,0,0,0,0,0,0,0,0
28196,Robe Developments Inc,9066 Rose Rd,Cobourg,Ontario,K9A 4J9,,2023-12-14,,,2024-01-23 16:26:04,'2024-01-23 16:26:04'),builder,builder,1,0,0,0,0,0,0,0,0
28198,PW Brown Construction Inc,108 Victoria St,,,L4N 2J1,,2023-12-13,,,2024-01-23 16:26:04,'2024-01-23 16:26:04'),builder,builder,1,0,0,0,0,0,0,0,0
28202,MZM Development and Resources Inc,323 Mersea Rd 3,,,N8H 3V5,,2023-12-12,,,2024-01-23 16:26:04,'2024-01-23 16:26:04'),builder,builder,1,0,0,0,0,0,0,0,0
28203,Royalty Homes,4521 Southwood Lakes Blvd,Windsor,Ontario,N9G 2M6,519-796-7408,2023-12-12,,,2024-01-23 16:26:04,'2024-01-23 16:26:04'),builder,builder,1,0,0,0,0,0,0,0,0
28228,Lutovi Properties Inc,3647 Dixie Rd,,,L4Y 2B3,,2023-12-06,,,2024-01-23 16:26:05,'2024-01-23 16:26:05'),builder,builder,1,0,0,0,0,0,0,0,0
28235,Carson Reid Homes Ltd,"195 Hanlon Creek Pkwy, Ste 101",Guelph,Ontario,N1C 0A1,519-822-3682,2023-12-04,,,2024-01-23 16:26:06,'2024-01-23 16:26:06'),builder,builder,1,0,0,0,0,0,0,0,0
28242,Regina Properties Ltd,"50 Airview Rd, Unit 11",,,M9W 4P2,,2023-12-01,,,2024-01-23 16:26:06,'2024-01-23 16:26:06'),builder,builder,1,0,0,0,0,0,0,0,0
28247,Greenline Renovations Plus,240 Rockcliffe Ct,Toronto,Ontario,M6N 0A9,416-516-3354,2023-12-01,greenlinerenovations.com,,2024-04-16 14:48:27,'2024-01-23 16:26:06'),builder,builder,1,0,0,0,0,0,0,0,0
28278,Starward Homes,"2000 Garth St, Unit 201",Hamilton,Ontario,L9B 0C1,905-667-8800,2023-12-22,,,2024-01-23 16:26:08,'2024-01-23 16:26:08'),builder,builder,1,0,0,0,0,0,0,0,0
28280,Mattamy Homes,"66 Wellington St W, Ste 5500",Toronto,Ontario,M5K 1G8,416-637-0900,2023-12-22,,,2024-01-23 16:26:08,'2024-01-23 16:26:08'),builder,builder,1,0,0,0,0,0,0,0,0
28282,Royal-W Building Technology Co Ltd,22 The Bridle Path,North York,Ontario,M2L 1C8,416-519-9826,2023-12-22,,,2024-01-23 16:26:08,'2024-01-23 16:26:08'),builder,builder,1,0,0,0,0,0,0,0,0
28291,Toronto Hanna Properties Ltd,"49 East Liberty St, Unit 309",,,M6K 0B2,,2023-12-22,,,2024-01-23 16:26:08,'2024-01-23 16:26:08'),builder,builder,1,0,0,0,0,0,0,0,0
28295,Cancross Properties Inc,5705 Cancross Ct,Mississauga,Ontario,L5R 3E9,,2023-12-21,crownproperties.com,,2024-04-16 14:48:28,'2024-01-23 16:26:08'),builder,builder,1,0,0,0,0,0,0,0,0
28310,Townwood Homes,"1 Bradwick Dr, Ste 1",Vaughan,Ontario,L4K 2T4,905-669-1615,2023-12-21,,,2024-01-23 16:26:09,'2024-01-23 16:26:09'),builder,builder,1,0,0,0,0,0,0,0,0
28332,Granite Homes (South River) Inc,7 Edinburgh Rd S,Guelph,Ontario,N1H 5N8,519-822-3988,2023-12-20,,,2024-01-23 16:26:10,'2024-01-23 16:26:10'),builder,builder,1,0,0,0,0,0,0,0,0
28340,Equiton Residential Income Fund GP Inc,"1111 International Blvd, Ste 500",Burlington,Ontario,L7L 6W1,905-635-1381,2023-12-19,,,2024-01-23 16:26:10,'2024-01-23 16:26:10'),builder,builder,1,0,0,0,0,0,0,0,0
28341,Sifton Properties Ltd,"1295 Riverbend Rd, Ste 300",London,Ontario,N6K 0G2,519-434-1000,2023-12-19,,,2024-01-23 16:26:10,'2024-01-23 16:26:10'),builder,builder,1,0,0,0,0,0,0,0,0
28352,Minto Multi-Residential Income,"4101 Yonge St, Ste 600",Toronto,Ontario,M2P 1N6,416-977-0777,2023-12-18,,,2024-01-23 16:26:11,'2024-01-23 16:26:11'),builder,builder,1,0,0,0,0,0,0,0,0
28358,Brooklin Development General Partner Ltd,137 Bowes Rd,,,L4K 1H3,,2023-12-18,,,2024-01-23 16:26:11,'2024-01-23 16:26:11'),builder,builder,1,0,0,0,0,0,0,0,0
28361,Pegah Construction Ltd,"5050 Dufferin St, Ste 120",Toronto,Ontario,M3H 5T5,416-739-9300,2023-12-18,,,2024-01-23 16:26:11,'2024-01-23 16:26:11'),builder,builder,1,0,0,0,0,0,0,0,0
28364,Hallman Construction Ltd,20 Crestview Place,Kitchener,Ontario,N2B 0A2,519-744-6353,2023-12-18,,,2024-01-23 16:26:11,'2024-01-23 16:26:11'),builder,builder,1,0,0,0,0,0,0,0,0
28365,Kenmore Homes (Waterloo Region) Inc,79 Rankin St,Waterloo,Ontario,N2V 1W2,519-747-2834,2023-12-18,waterloo.ca,,2024-04-16 14:48:30,'2024-01-23 16:26:11'),builder,builder,1,0,0,0,0,0,0,0,0
28366,ADI Developments (Link) Inc,"1100 Burloak Dr, PH Ste 700",Burlington,Ontario,L7L 6B2,905-335-2929,2023-12-18,,,2024-01-23 16:26:11,'2024-01-23 16:26:11'),builder,builder,1,0,0,0,0,0,0,0,0
28368,OPB Realty Inc,"16 York St, Ste 2400",,,M5J 0E6,,2023-12-15,,,2024-01-23 16:26:11,'2024-01-23 16:26:11'),builder,builder,1,0,0,0,0,0,0,0,0
28370,River Realty Development (1976) Inc,6265 Morrison St,Niagara Falls,Ontario,L2E 6V2,905-354-3853,2023-12-15,,,2024-01-23 16:26:12,'2024-01-23 16:26:12'),builder,builder,1,0,0,0,0,0,0,0,0
28371,Mountainview Building Group,"3340 Schmon Pkwy, Unit 1",Thorold,Ontario,L2V 4Y6,905-688-3100,2023-12-15,,,2024-01-23 16:26:12,'2024-01-23 16:26:12'),builder,builder,1,0,0,0,0,0,0,0,0
28379,Lavolit Properties Inc,"5795 Wellington Rd 87, RR 2",Harriston,Ontario,N0Z 1Z0,519-718-8324,2023-12-15,,,2024-01-23 16:26:12,'2024-01-23 16:26:12'),builder,builder,1,0,0,0,0,0,0,0,0
28383,Ashley Developments Ltd,"918 Dundas St E, Ste 500",Mississauga,Ontario,L4Y 4H9,905-276-9980,2023-12-15,,,2024-01-23 16:26:12,'2024-01-23 16:26:12'),builder,builder,1,0,0,0,0,0,0,0,0
28397,Joys Tourism Development Inc,"211 St Patrick St, Unit 507C",,,M5T 2Y9,,2023-12-15,,,2024-01-23 16:26:13,'2024-01-23 16:26:13'),builder,builder,1,0,0,0,0,0,0,0,0
28403,Argo (Joshua Creek) Developments Ltd,"4900 Palladium Way, Ste 105",Burlington,Ontario,L7M 0W7,905-336-5545,2023-12-14,,,2024-01-23 16:26:13,'2024-01-23 16:26:13'),builder,builder,1,0,0,0,0,0,0,0,0
28420,Tomar Realty Corporation,1331 Hyde Park Rd,,,N6H 5M5,,2023-12-14,,,2024-01-23 16:26:13,'2024-01-23 16:26:13'),builder,builder,1,0,0,0,0,0,0,0,0
28421,Sydenham Realty Inc,3799 Commerce Rd,London,Ontario,N6N 1P9,,2023-12-14,,,2024-01-23 16:26:13,'2024-01-23 16:26:13'),builder,builder,1,0,0,0,0,0,0,0,0
28424,Valery Homes Joshua Creek Inc,2140 King St E,Hamilton,Ontario,L8K 1W6more info: mi.pdf,905-547-5056,2023-12-13,,,2024-01-23 16:26:14,'2024-01-23 16:26:14'),builder,builder,1,0,0,0,0,0,0,0,0
28428,Richmond Hill Hotel Development Inc,"550 Highway 7 E, Unit 335",Richmond Hill,Ontario,L4B 3Z4,,2023-12-13,,,2024-01-23 16:26:14,'2024-01-23 16:26:14'),builder,builder,1,0,0,0,0,0,0,0,0
28436,MKN Property Inc,"2800 Skymark Ave, Unit 5",Mississauga,Ontario,L4W 5A6,,2023-12-13,,,2024-01-23 16:26:14,'2024-01-23 16:26:14'),builder,builder,1,0,0,0,0,0,0,0,0
28461,Versailles Construction &amp; Design Inc,28 Vanley Cres,Toronto,Ontario,M3J 2B8,,2023-12-07,,,2024-01-23 16:26:15,'2024-01-23 16:26:15'),builder,builder,1,0,0,0,0,0,0,0,0
28462,The Erin Mills Development Corp,"2300 Steeles Ave W, Ste 220",,,L4K 5X6,,2023-12-07,,,2024-01-23 16:26:15,'2024-01-23 16:26:15'),builder,builder,1,0,0,0,0,0,0,0,0
28467,650 Taunton Developments Ltd,"5400 Yonge St, 5th Flr",,,M2N 5R5,,2023-12-06,,,2024-01-23 16:26:15,'2024-01-23 16:26:15'),builder,builder,1,0,0,0,0,0,0,0,0
28469,SB Developments Inc,,Richmond Hill,Ontario,L4E 1A3,,2023-12-06,,,2024-01-23 16:26:15,'2024-01-23 16:26:15'),builder,builder,1,0,0,0,0,0,0,0,0
28470,Esquire Homes,,Markham,Ontario,L3R 9Z4,905-415-1880,2023-12-06,,,2024-01-23 16:26:15,'2024-01-23 16:26:15'),builder,builder,1,0,0,0,0,0,0,0,0
28473,Rock Developments Stratford Inc,,,,,,2023-12-05,,,2024-01-23 16:26:15,'2024-01-23 16:26:15'),builder,builder,1,0,0,0,0,0,0,0,0
28476,Dunpar Homes,105 Six Point Rd,Etobicoke,Ontario,M8Z 2X3,416-236-9800,2023-12-05,,,2024-01-23 16:26:15,'2024-01-23 16:26:15'),builder,builder,1,0,0,0,0,0,0,0,0
28480,Fusion Homes,500 Hanlon Creek Blvd,Guelph,Ontario,N1C 0A1,519-826-6700,2023-12-04,,,2024-01-23 16:26:16,'2024-01-23 16:26:16'),builder,builder,1,0,0,0,0,0,0,0,0
28482,Foxwood Developments (London) Inc  226-2709674,"759 Hyde Park Rd, Ste 252",,,N6H 3S2,,2023-12-04,,,2024-01-23 16:26:16,'2024-01-23 16:26:16'),builder,builder,1,0,0,0,0,0,0,0,0
28508,Shannex Ontario Developments Ltd,621 Starboard Dr,Halifax,Nova Scotia,B3M 0N5,877-742-6639,2023-12-01,,,2024-01-23 16:26:17,'2024-01-23 16:26:17'),builder,builder,1,0,0,0,0,0,0,0,0
28529,Paradise Banquet Hall - Omega Developments,7601 Jane St,Concord,Ontario,L4K 1X2,416-661-6612,2024-01-26,,,2024-03-06 16:31:50,'2024-03-06 16:31:50'),builder,builder,1,0,0,0,0,0,0,0,0
28536,MTFX Wynford Properties Inc,"18 Wynford Dr, Ste 401",Toronto,Ontario,M3C 3S2,,2024-01-26,wynford.com,,2024-04-16 14:48:33,'2024-03-06 16:31:50'),builder,builder,1,0,0,0,0,0,0,0,0
28544,Aviva Park Property Inc,81 Aviva Park Dr,,,L4L 9C1,,2024-01-25,,,2024-03-06 16:31:51,'2024-03-06 16:31:51'),builder,builder,1,0,0,0,0,0,0,0,0
28552,Ripple Developments,,Concord,Ontario,L4K 4M3,416-520-8840,2024-01-25,,,2024-03-06 16:31:51,'2024-03-06 16:31:51'),builder,builder,1,0,0,0,0,0,0,0,0
28579,Argo (Joshua Creek) Developments Ltd,"4900 Palladium Way, Ste 105",Burlington,Ontario,L7M 0W7,905-336-5545,2024-01-23,,,2024-03-06 16:31:52,'2024-03-06 16:31:52'),builder,builder,1,0,0,0,0,0,0,0,0
28600,RK Properties Brockville Ltd,1879 Parkedale Ave E,Brockville,Ontario,K6V 5T2,,2024-01-22,,,2024-03-06 16:31:53,'2024-03-06 16:31:53'),builder,builder,1,0,0,0,0,0,0,0,0
28601,Vintage Properties Ltd,,Niagara-on-the-Lake,Ontario,L0S 1J0,,2024-01-22,,,2024-03-06 16:31:53,'2024-03-06 16:31:53'),builder,builder,1,0,0,0,0,0,0,0,0
28609,Treasure Hill Homes,101 Bradwick Dr,Vaughan,Ontario,L4K 1K5more info: mi.pdf,416-987-5500,2024-01-19,,,2024-03-06 16:31:53,'2024-03-06 16:31:53'),builder,builder,1,0,0,0,0,0,0,0,0
28610,Country Wide Homes,1500 Highway No 7,Concord,Ontario,L4K 5Y4,905-907-1500,2024-01-19,,,2024-03-06 16:31:53,'2024-03-06 16:31:53'),builder,builder,1,0,0,0,0,0,0,0,0
28633,Wineva Beach Property Inc,1868 Lake Shore Blvd E,Toronto,Ontario,M4L 6S8more info: mi.pdf,,2024-01-18,,,2024-03-06 16:31:54,'2024-03-06 16:31:54'),builder,builder,1,0,0,0,0,0,0,0,0
28658,Berkshire Axis Development,,Toronto,Ontario,M3B 2R2,416-485-7860,2024-01-17,,,2024-03-06 16:31:55,'2024-03-06 16:31:55'),builder,builder,1,0,0,0,0,0,0,0,0
28664,Heathwood Homes (Whitby Country Lane) Ltd,"245 Yorkland Blvd, Ste 100",Willowdale,Ontario,M2J 4W9,416-490-1400,2024-01-16,,,2024-03-06 16:31:56,'2024-03-06 16:31:56'),builder,builder,1,0,0,0,0,0,0,0,0
28673,Delight Realty Inc,"2155A Steeles Ave E, Unit 41",Brampton,Ontario,L6T 5A1,,2024-01-16,,,2024-03-06 16:31:56,'2024-03-06 16:31:56'),builder,builder,1,0,0,0,0,0,0,0,0
28682,Car Worx Properties Inc,91 Ellis Dr,Barrie,Ontario,L4N 8Z3,,2024-01-16,,,2024-03-06 16:31:56,'2024-03-06 16:31:56'),builder,builder,1,0,0,0,0,0,0,0,0
28690,Freure Homes,"501 Krug St, Ste 201",Kitchener,Ontario,N2B 1L3,519-578-7771,2024-01-15,,,2024-03-06 16:31:56,'2024-03-06 16:31:56'),builder,builder,1,0,0,0,0,0,0,0,0
28709,Loca Properties (AB-ON) Inc,"30 N LaSalle St, Ste 4140",Chicago,IL,USA - 60602,,2024-01-12,,,2024-03-06 16:31:57,'2024-03-06 16:31:57'),builder,builder,1,0,0,0,0,0,0,0,0
28714,Petcon Realty GP Inc,,Oldcastle,Ontario,N0R 1L0,519-737-1292,2024-01-12,,,2024-03-06 16:31:58,'2024-03-06 16:31:58'),builder,builder,1,0,0,0,0,0,0,0,0
28741,Donwest Custom Homes,15 Barrie Blvd,St Thomas,Ontario,N5P 4B9,519-633-0691,2024-01-10,donwest.ca,,2024-04-16 14:48:37,'2024-03-06 16:31:59'),builder,builder,1,0,0,0,0,0,0,0,0
28743,Indwell Community Homes,1430 Main St E,Hamilton,Ontario,L8K 1C3,905-529-0454,2024-01-10,,,2024-03-06 16:31:59,'2024-03-06 16:31:59'),builder,builder,1,0,0,0,0,0,0,0,0
28761,Bonnie T Developments (2019) Inc,,,,N2J 5A3,,2024-01-08,,,2024-03-06 16:32:00,'2024-03-06 16:32:00'),builder,builder,1,0,0,0,0,0,0,0,0
28762,Mai Properties I Inc,355 Thompson Dr,Cambridge,Ontario,N1T 2B3,,2024-01-08,,,2024-03-06 16:32:00,'2024-03-06 16:32:00'),builder,builder,1,0,0,0,0,0,0,0,0
28774,Massi Homes Inc,"2 Automatic Rd, Unit 123",,,L6S 6K8,,2024-01-05,,,2024-03-06 16:32:00,'2024-03-06 16:32:00'),builder,builder,1,0,0,0,0,0,0,0,0
28775,Opal Valley Developments Inc,361 Four Valley Dr,Concord,Ontario,L4K 5Z3more info: mi.pdf,,2024-01-05,,,2024-03-06 16:32:00,'2024-03-06 16:32:00'),builder,builder,1,0,0,0,0,0,0,0,0
28779,Theberge Homes,"1600 Laperriere Ave, Ste 205",Ottawa,Ontario,K1Z 8P5,613-421-1515,2024-01-05,,,2024-03-06 16:32:00,'2024-03-06 16:32:00'),builder,builder,1,0,0,0,0,0,0,0,0
28786,JPD Properties Inc,7 Sir Williams Lane,,,M9A 1T8,,2024-01-04,,,2024-03-06 16:32:01,'2024-03-06 16:32:01'),builder,builder,1,0,0,0,0,0,0,0,0
28790,Amcan Business Development Inc,81 Aldershot Cres,,,M2P 1M2,,2024-01-04,,,2024-03-06 16:32:01,'2024-03-06 16:32:01'),builder,builder,1,0,0,0,0,0,0,0,0
28807,JJZ Developments Inc,"1575 Huron Rd, RR 2",Petersburg,Ontario,N0B 2H0,,2024-01-02,,,2024-03-06 16:32:02,'2024-03-06 16:32:02'),builder,builder,1,0,0,0,0,0,0,0,0
28834,Ripple Developments,,Concord,Ontario,L4K 4M3,416-520-8840,2024-01-30,,,2024-03-06 16:32:03,'2024-03-06 16:32:03'),builder,builder,1,0,0,0,0,0,0,0,0
28852,Barrhaven Conservancy Development Corp,3713 Borrisokane Rd,,,K2J 4J4,,2024-02-28,,,2024-03-09 13:48:27,'2024-03-09 13:48:27'),builder,builder,1,0,0,0,0,0,0,0,0
28868,Willi Ristau Construction Ltd,,,,N2V 1Z5,,2024-02-28,,,2024-03-09 13:48:27,'2024-03-09 13:48:27'),builder,builder,1,0,0,0,0,0,0,0,0
28889,Schlegel Urban Developments Corp,"325 Max Becker Dr, Ste 201",Kitchener,Ontario,N2E 4H5,519-571-1873,2024-02-27,,,2024-03-09 13:48:28,'2024-03-09 13:48:28'),builder,builder,1,0,0,0,0,0,0,0,0
28890,Mishray Development Inc,14192 Mount Pleasant Rd,Caledon,Ontario,L7E 3M2,,2024-02-27,,,2024-03-09 13:48:28,'2024-03-09 13:48:28'),builder,builder,1,0,0,0,0,0,0,0,0
28896,Polo Properties Inc,2120 Woodcrest Rd,,,K1H 6H8,,2024-02-26,,,2024-03-09 13:48:29,'2024-03-09 13:48:29'),builder,builder,1,0,0,0,0,0,0,0,0
28903,Royal Pine Homes,"3550 Langstaff Rd, Ste 200",Woodbridge,Ontario,L4L 9G3,905-856-2150,2024-02-23,royalpinehomes.com,,2024-04-16 14:48:39,'2024-03-09 13:48:29'),builder,builder,1,0,0,0,0,0,0,0,0
28908,Fifth Avenue Homes (Station) Inc,101B Roytec Rd,Woodbridge,Ontario,L4L 8A9,289-371-0291,2024-02-23,,,2024-03-09 13:48:29,'2024-03-09 13:48:29'),builder,builder,1,0,0,0,0,0,0,0,0
28916,RIR Developments Ltd,4388 Lakeshore Rd,,,L2L 1B2,,2024-02-22,,,2024-03-09 13:48:30,'2024-03-09 13:48:30'),builder,builder,1,0,0,0,0,0,0,0,0
28919,Kingo (Duncan Mill) Development Corp,67 Park Lane Circle,Toronto,Ontario,M3C 2N4more info: mi.pdf,,2024-02-22,,,2024-03-09 13:48:30,'2024-03-09 13:48:30'),builder,builder,1,0,0,0,0,0,0,0,0
28924,Scottish Heather Development Inc,"351 King St E, Ste 1300",,,M5A 0L6,,2024-02-22,,,2024-03-09 13:48:30,'2024-03-09 13:48:30'),builder,builder,1,0,0,0,0,0,0,0,0
28933,Halmont Properties Corp,"51 Yonge St, Ste 400",,,M5E 1J1,,2024-02-21,,,2024-03-09 13:48:30,'2024-03-09 13:48:30'),builder,builder,1,0,0,0,0,0,0,0,0
28951,Protik Developers Ltd,3452 Danforth Ave,Scarborough,Ontario,M1L 1E1,,2024-02-20,,,2024-03-09 13:48:31,'2024-03-09 13:48:31'),builder,builder,1,0,0,0,0,0,0,0,0
28952,Cardea Bayview Valley Developments Ltd,114 Hazelton Ave,,,M5R 2E5,,2024-02-16,,,2024-03-09 13:48:31,'2024-03-09 13:48:31'),builder,builder,1,0,0,0,0,0,0,0,0
28953,CountryWide Homes Ltd,1500 Highway 7,Concord,Ontario,L4K 5Y4more info: mi.pdf,905-907-1500,2024-02-16,,,2024-03-09 13:48:31,'2024-03-09 13:48:31'),builder,builder,1,0,0,0,0,0,0,0,0
28986,A1 Development,"75 Scarsdale Rd, Ste 203",Toronto,Ontario,M3B 2R2more info: mi.pdf,647-242-9869,2024-02-15,,,2024-03-09 13:48:33,'2024-03-09 13:48:33'),builder,builder,1,0,0,0,0,0,0,0,0
29006,Ripple Developments,,Concord,Ontario,L4K 4M3,416-520-8840,2024-02-14,,,2024-03-09 13:48:34,'2024-03-09 13:48:34'),builder,builder,1,0,0,0,0,0,0,0,0
29014,Stone Column Properties Inc,"1415 Bonhill Rd, Unit 1",Mississauga,Ontario,L5T 1R2,,2024-02-13,,,2024-03-09 13:48:34,'2024-03-09 13:48:34'),builder,builder,1,0,0,0,0,0,0,0,0
29032,Matcorp Developments Inc,,,,L3Y 3L1,,2024-02-09,,,2024-03-09 13:48:35,'2024-03-09 13:48:35'),builder,builder,1,0,0,0,0,0,0,0,0
29045,SDC Realty Corp,35 University Ave E,,,N2J 2V9,,2024-02-06,,,2024-03-09 13:48:36,'2024-03-09 13:48:36'),builder,builder,1,0,0,0,0,0,0,0,0
29052,Queen Developments Inc,7 Lee Centre Dr,,,M1H 3J8,,2024-02-06,,,2024-03-09 13:48:36,'2024-03-09 13:48:36'),builder,builder,1,0,0,0,0,0,0,0,0
29060,Berkshire Axis Development,,Toronto,Ontario,M3B 2R2,416-485-7860,2024-02-05,,,2024-03-09 13:48:36,'2024-03-09 13:48:36'),builder,builder,1,0,0,0,0,0,0,0,0
29066,Caspian Urban Developments Inc,"6290 Shawson Dr, Unit A",Mississauga,Ontario,L5T 1H5,,2024-02-05,,,2024-03-09 13:48:36,'2024-03-09 13:48:36'),builder,builder,1,0,0,0,0,0,0,0,0
29070,Aspen Ridge Homes,29 Floral Parkway,Concord,Ontario,L4K 5C5,905-669-9292,2024-02-02,,,2024-03-09 13:48:37,'2024-03-09 13:48:37'),builder,builder,1,0,0,0,0,0,0,0,0
29086,Liberty Development Corp,"3601 Highway 7 E, Unit 401",Markham,Ontario,L3R 0M3,647-642-6636,2024-02-01,info@libertydevelopment.ca,,2025-02-03 15:30:22,'2024-03-09 13:48:37'),builder,builder,1,0,0,0,0,0,0,0,0
29119,Lake Street Developments Inc,3366 Yonge St,Toronto,Ontario,M4N 2M7,,2024-02-01,,,2024-03-09 13:48:39,'2024-03-09 13:48:39'),builder,builder,1,0,0,0,0,0,0,0,0
29126,Re/Max West Realty Inc,96 Rexdale Blvd,Toronto,Ontario,M9W 1N7,416-745-2300,2024-02-01,,,2024-03-09 13:48:39,'2024-03-09 13:48:39'),builder,builder,1,0,0,0,0,0,0,0,0
29128,Brad J Lamb Realty,778 King St W,Toronto,Ontario,M5V 1N6,416-368-5262,2024-02-01,,,2024-03-09 13:48:39,'2024-03-09 13:48:39'),builder,builder,1,0,0,0,0,0,0,0,0
29131,Sufi Properties Ltd,3148 Clipperton Dr,,,L5M 0C2,,2024-02-01,,,2024-03-09 13:48:39,'2024-03-09 13:48:39'),builder,builder,1,0,0,0,0,0,0,0,0
29137,1313 Mehar Properties Inc,17221 Airport Rd,Caledon,Ontario,L7K 2J9,,2024-02-01,atproperties.com,,2024-04-16 14:48:44,'2024-03-09 13:48:39'),builder,builder,1,0,0,0,0,0,0,0,0
29156,PSG Realty Ltd,,,,L9Y 3Z4,,2024-03-28,,,2024-04-15 20:57:04,'2024-04-15 20:57:04'),builder,builder,1,0,0,0,0,0,0,0,0
29170,River Realty Development (1976) Inc,6265 Morrison St,Niagara Falls,Ontario,L2E 6V2,905-354-3853,2024-03-28,,,2024-04-15 20:57:05,'2024-04-15 20:57:05'),builder,builder,1,0,0,0,0,0,0,0,0
29176,BACU Local 12 Building Corp,44 Beasley Dr,,,N2E 1Y6,,2024-03-27,,,2024-04-15 20:57:05,'2024-04-15 20:57:05'),builder,builder,1,0,0,0,0,0,0,0,0
29189,Sarah Properties Ltd,836 Normandy Dr,Woodstock,Ontario,N4T 0E6,519-537-6969,2024-03-25,,,2024-04-15 20:57:05,'2024-04-15 20:57:05'),builder,builder,1,0,0,0,0,0,0,0,0
29221,Barry&#039;s Construction Ltd,"7839 Hwy 21, PO Box 30",Allenford,Ontario,N0H 1A0,519-934-3374,2024-03-15,,,2024-04-15 20:57:07,'2024-04-15 20:57:07'),builder,builder,1,0,0,0,0,0,0,0,0
29224,Richfield Custom Homes (London) Inc,1836 Upper West Ave,London,Ontario,N6K 0H6,,2024-03-15,,,2024-04-15 20:57:07,'2024-04-15 20:57:07'),builder,builder,1,0,0,0,0,0,0,0,0
29242,Waheguru Properties Ltd,1573 Willow Way,,,L5M 4A1,,2024-03-13,,,2024-04-15 20:57:08,'2024-04-15 20:57:08'),builder,builder,1,0,0,0,0,0,0,0,0
29264,GR Roy Construction Ltd,929 Government Rd S,Timmins,Ontario,P4N 1N4,705-268-0035,2024-03-07,,,2024-04-15 20:57:09,'2024-04-15 20:57:09'),builder,builder,1,0,0,0,0,0,0,0,0
29276,Domus Developments,"200 Villagewalk Blvd, Ste 401",London,Ontario,N6G 0W8,519-439-3881,2024-03-06,domusdevelopmentllc.com,,2024-04-16 14:51:26,'2024-04-15 20:57:10'),builder,builder,1,0,0,0,0,0,0,0,0
29290,R &amp; G Development Inc,29 Aztec Ct,Hamilton,Ontario,L9A 0A2,,2024-03-01,rgdevelopmentgroup.com,,2024-04-16 14:48:47,'2024-04-15 20:57:10'),builder,builder,1,0,0,0,0,0,0,0,0
29336,Townsgate Homes Inc,"8888 Keele St, Units 13 &amp;amp; 14",Concord,Ontario,L4K 2N2,416-309-2009,2024-03-27,,,2024-04-15 20:57:12,'2024-04-15 20:57:12'),builder,builder,1,0,0,0,0,0,0,0,0
29344,Charlesfort Development Corp,18 Clemow Ave,Ottawa,Ontario,K1S 2B2,613-236-9090,2024-03-26,,,2024-04-15 20:57:13,'2024-04-15 20:57:13'),builder,builder,1,0,0,0,0,0,0,0,0
29348,Block (Sumach) Developments Ltd,"79 Wingold Ave, Ste 7",Toronto,Ontario,M6B 1P8,416-638-4000,2024-03-25,,,2024-04-15 20:57:13,'2024-04-15 20:57:13'),builder,builder,1,0,0,0,0,0,0,0,0
29349,R&amp;G Realty Inc,7015 Pine Creek Rd,,,N1H 6J4,,2024-03-25,,,2024-04-15 20:57:13,'2024-04-15 20:57:13'),builder,builder,1,0,0,0,0,0,0,0,0
29358,Kawartha Construction Company Ltd,,,,K9V 4R8,,2024-03-22,,,2024-04-15 20:57:13,'2024-04-15 20:57:13'),builder,builder,1,0,0,0,0,0,0,0,0
29368,Bash Properties Inc,2570 Claymor Cres,Mississauga,Ontario,L5C 1A2,,2024-03-19,,,2024-04-15 20:57:14,'2024-04-15 20:57:14'),builder,builder,1,0,0,0,0,0,0,0,0
29382,Kingston Commercial Developments Ltd,"5400 Yonge St, 5th Flr",Toronto,Ontario,M2N 5R5,416-227-2220,2024-03-12,,,2024-04-15 20:57:14,'2024-04-15 20:57:14'),builder,builder,1,0,0,0,0,0,0,0,0
29387,Elev8 Properties Inc,"7 Grand Ave S, Ste 114",Cambridge,Ontario,N1S 2L3,,2024-03-08,,,2024-04-15 20:57:15,'2024-04-15 20:57:15'),builder,builder,1,0,0,0,0,0,0,0,0
29388,BNJ Properties Inc,26 Ivanhoe Ct,Brampton,Ontario,L6X 0Z4,905-451-1125,2024-03-08,bjbproperties.com,,2024-04-16 14:48:48,'2024-04-15 20:57:15'),builder,builder,1,0,0,0,0,0,0,0,0
29392,Homelife/GTA Realty Inc,,Scarborough,Ontario,M1S 0C2,416-321-6969,2024-03-07,,,2024-04-15 20:57:15,'2024-04-15 20:57:15'),builder,builder,1,0,0,0,0,0,0,0,0
29401,Garbutt Belfor Construction,20 Sandford Fleming Dr,Collingwood,Ontario,L9Y 4V7,705-428-3854,2024-03-05,belfor.com,,2024-04-16 14:48:49,'2024-04-15 20:57:15'),builder,builder,1,0,0,0,0,0,0,0,0
29410,Khanani Developments Inc,"27 Roytec Rd, Unit 12",Vaughan,Ontario,L4L 8E3,416-875-4007,2024-03-01,,,2024-04-15 20:57:16,'2024-04-15 20:57:16'),builder,builder,1,0,0,0,0,0,0,0,0
29412,Dream Development Group Corp,"1 Yorkville Ave, Ste 4006",Toronto,Ontario,M4W 0B1,,2024-03-01,,,2024-04-15 20:57:16,'2024-04-15 20:57:16'),builder,builder,1,0,0,0,0,0,0,0,0
29428,Stellar Homes Inc,"125 Don Hillock Dr, Unit 8",Aurora,Ontario,L4G 0H8,905-726-7778,2024-03-28,,,2024-04-15 20:57:17,'2024-04-15 20:57:17'),builder,builder,1,0,0,0,0,0,0,0,0
29430,Brandt Properties Ltd,,Regina,SK,S4P 3R8,306-791-3333,2024-03-28,,,2024-04-15 20:57:17,'2024-04-15 20:57:17'),builder,builder,1,0,0,0,0,0,0,0,0
29433,Konstantin Homes Corp,194 Brady St,,,N0B 2K0,,2024-03-28,,,2024-04-15 20:57:17,'2024-04-15 20:57:17'),builder,builder,1,0,0,0,0,0,0,0,0
29447,890-894 SCW Properties Inc,"151 Bloor St W, Ste 500",,,M5S 1S4,,2024-03-26,,,2024-04-15 20:57:17,'2024-04-15 20:57:17'),builder,builder,1,0,0,0,0,0,0,0,0
29473,Kolt Realty,40 Martin Grove GP Inc&amp;nbsp; &amp;nbsp; &amp;nbsp;416-860-3660,Toronto,Ontario,M4P 1E4,416-860-3660,2024-03-15,,,2024-04-15 20:57:19,'2024-04-15 20:57:19'),builder,builder,1,0,0,0,0,0,0,0,0
29479,Berkshire Axis Development,,Toronto,Ontario,M3B 2R2,416-485-7860,2024-03-14,,,2024-04-15 20:57:19,'2024-04-15 20:57:19'),builder,builder,1,0,0,0,0,0,0,0,0
29485,AS &amp; EJ Properties Inc,5057 Summersky Ct,Mississauga,Ontario,L5M 0R3,,2024-03-14,skylineproperties.com,,2024-04-16 14:48:50,'2024-04-15 20:57:19'),builder,builder,1,0,0,0,0,0,0,0,0
29491,Rondev Homes Ltd,,Richmond Hill,Ontario,L4B 3A9,,2024-03-12,,,2024-04-15 20:57:20,'2024-04-15 20:57:20'),builder,builder,1,0,0,0,0,0,0,0,0
29532,Lynn Danforth Ave Developments Inc,"111 Gordon Baker Rd, Ste 501",Toronto,Ontario,M2H 3R1,,2024-03-28,lynngroup.com,,2024-04-16 14:48:51,'2024-04-16 02:20:54'),builder,builder,1,0,0,0,0,0,0,0,0
29543,French Properties Ltd,,,,L3V 6J8,,2024-03-28,,,2024-04-16 02:20:55,'2024-04-16 02:20:55'),builder,builder,1,0,0,0,0,0,0,0,0
29559,Chelmsford Green Developments Inc,"2255 Dundas St W,  Ste 207",Mississauga,Ontario,L5K 1R6,,2024-03-27,,,2024-04-16 02:20:55,'2024-04-16 02:20:55'),builder,builder,1,0,0,0,0,0,0,0,0
29609,Canadian Commercial Development,,London,Ontario,N6B 2P6,519-672-7490,2024-03-14,,,2024-04-16 02:20:57,'2024-04-16 02:20:57'),builder,builder,1,0,0,0,0,0,0,0,0
29610,Micor Realty Corp,11511 Weston Rd,Vaughan,Ontario,L3L 0C2,905-832-6000,2024-03-14,,,2024-04-16 02:20:57,'2024-04-16 02:20:57'),builder,builder,1,0,0,0,0,0,0,0,0
29617,Gawne Properties Inc,2495 No 2 Side Rd,,,L7P 0G8,,2024-03-08,,,2024-04-16 02:20:58,'2024-04-16 02:20:58'),builder,builder,1,0,0,0,0,0,0,0,0
29623,147 Church Development Inc,"3190 Harvester Rd, Ste 201A",Burlington,Ontario,L7N 3T1,,2024-03-08,,,2024-04-16 02:20:58,'2024-04-16 02:20:58'),builder,builder,1,0,0,0,0,0,0,0,0
29636,Niagara Property Corp,"7941 Jane St, Unit 1A",Concord,Ontario,L4K 4L6,,2024-03-06,,,2024-04-16 02:20:59,'2024-04-16 02:20:59'),builder,builder,1,0,0,0,0,0,0,0,0
29644,Brad J Lamb Realty,778 King St W,Toronto,Ontario,M5V 1N6,416-368-5262,2024-03-04,,,2024-04-16 02:20:59,'2024-04-16 02:20:59'),builder,builder,1,0,0,0,0,0,0,0,0
29645,A1 Development,"75 Scarsdale Rd, Ste 203",Toronto,Ontario,M3B 2R2more info: mi.pdf,647-242-9869,2024-03-01,,,2024-04-16 02:20:59,'2024-04-16 02:20:59'),builder,builder,1,0,0,0,0,0,0,0,0
29658,Todoc Construction Ltd,52 Hildegard Dr,,,L8K 5R9,,2024-03-28,,,2024-04-16 02:21:00,'2024-04-16 02:21:00'),builder,builder,1,0,0,0,0,0,0,0,0
29662,Saberwood Homes,"40 Snidercroft Rd, Unit 11",Vaughan,Ontario,L4K 0B5,905-761-8690,2024-03-28,deerwoodhomes.com,,2024-04-16 14:51:58,'2024-04-16 02:21:00'),builder,builder,1,0,0,0,0,0,0,0,0
29663,Linsay 2017 Developments Inc,"10 Queen Elizabeth Blvd, Unit 2",Toronto,Ontario,M8Z 1L8,416-979-9996,2024-03-28,,,2024-04-16 02:21:00,'2024-04-16 02:21:00'),builder,builder,1,0,0,0,0,0,0,0,0
29668,Gauty Property Holdco Inc,8080 Lawson Rd,Milton,Ontario,L9T 5C4more info: mi.pdf,,2024-03-28,readymachinery.com,,2024-06-04 13:12:39,'2024-04-16 02:21:00'),builder,builder,1,0,0,0,0,0,0,0,0
29674,Chiaravalle Developments Inc,52 Hildegard Dr,,,L8K 5R9,,2024-03-28,,,2024-04-16 02:21:00,'2024-04-16 02:21:00'),builder,builder,1,0,0,0,0,0,0,0,0
29678,Mark Tan Developments Inc,87 Birch Ave,Richmond Hill,Ontario,L4C 6C5,905-881-2328,2024-03-28,,,2024-04-16 02:21:01,'2024-04-16 02:21:01'),builder,builder,1,0,0,0,0,0,0,0,0
29689,Bugle Construction Company Ltd,"120 Eglinton Ave E, Ste 500",,,M4P 1E2,,2024-03-27,,,2024-04-16 02:21:01,'2024-04-16 02:21:01'),builder,builder,1,0,0,0,0,0,0,0,0
29697,Sundial Homes Ltd,"4576 Yonge St, Ste 500",Toronto,Ontario,M2N 6N4,416-224-1200,2024-03-26,,,2024-04-16 02:21:01,'2024-04-16 02:21:01'),builder,builder,1,0,0,0,0,0,0,0,0
29699,Rhythm Properties Inc,38 Legendary Circle,Brampton,Ontario,L6Y 0R9,905-793-3300,2024-03-26,,,2024-04-16 02:21:01,'2024-04-16 02:21:01'),builder,builder,1,0,0,0,0,0,0,0,0
29700,SBG Realty Ltd,7015 Pine Creek Rd,,,N1H 6J4,,2024-03-26,,,2024-04-16 02:21:02,'2024-04-16 02:21:02'),builder,builder,1,0,0,0,0,0,0,0,0
29707,Evergreen (Canada) Developments Ltd,3725 Keele St,,,M3J 1N4,,2024-03-22,,,2024-04-16 02:21:02,'2024-04-16 02:21:02'),builder,builder,1,0,0,0,0,0,0,0,0
29724,A1 Development,"75 Scarsdale Rd, Ste 203",Toronto,Ontario,M3B 2R2,647-242-9869,2024-03-18,,,2024-04-16 02:21:03,'2024-04-16 02:21:03'),builder,builder,1,0,0,0,0,0,0,0,0
29731,1182 Cardinal Court Realty Inc,"7 Cote Blvd, Unit 1",Hanmer,Ontario,P3P 1X5,,2024-03-15,,,2024-04-16 02:21:03,'2024-04-16 02:21:03'),builder,builder,1,0,0,0,0,0,0,0,0
29758,Dellray Properties Ltd,5 Mead Ct,North York,Ontario,M2L 2A5,647-351-5522,2024-03-08,,,2024-04-16 02:21:04,'2024-04-16 02:21:04'),builder,builder,1,0,0,0,0,0,0,0,0
29769,Malvasia Builders (BT) Inc,8700 Dufferin St,Concord,Ontario,L4K 4S6,416-798-1127,2024-03-06,,,2024-04-16 02:21:04,'2024-04-16 02:21:04'),builder,builder,1,0,0,0,0,0,0,0,0
29772,Dormer Homes,,Toronto,Ontario,M3B 3H9,647-429-7090,2024-03-05,,,2024-04-16 02:21:05,'2024-04-16 02:21:05'),builder,builder,1,0,0,0,0,0,0,0,0
29840,GE Healthcare Canada Property Inc,1919 Minnesota Court HC,Mississauga,Ontario,L5N 0C9,905-858-5100,2024-04-30,,,2024-06-01 15:59:13,'2024-06-01 15:59:13'),builder,builder,1,0,0,0,0,0,0,0,0
29847,Berkshire Axis Development,"75 Scarsdale Rd, Ste 201",Toronto,Ontario,M3B 2R2,416-485-7860,2024-04-30,,,2024-06-01 15:59:14,'2024-06-01 15:59:14'),builder,builder,1,0,0,0,0,0,0,0,0
29863,bcIMC Realty Corp,199 Bay St,Toronto,Ontario,M5L 1G2,416-673-7444,2024-04-29,,,2024-06-01 15:59:15,'2024-06-01 15:59:15'),builder,builder,1,0,0,0,0,0,0,0,0
29869,Fusion Homes,500 Hanlon Creek Blvd,Guelph,Ontario,N1C 0A1,519-826-6700,2024-04-29,,,2024-06-01 15:59:15,'2024-06-01 15:59:15'),builder,builder,1,0,0,0,0,0,0,0,0
29872,Graywood Developments,,Toronto,Ontario,M5H 3T4,416-599-1930,2024-04-26,,,2024-06-01 15:59:15,'2024-06-01 15:59:15'),builder,builder,1,0,0,0,0,0,0,0,0
29880,Switch Health Properties Inc,2600 Matheson Blvd E,,,L4W 4J1,,2024-04-25,,,2024-06-01 15:59:15,'2024-06-01 15:59:15'),builder,builder,1,0,0,0,0,0,0,0,0
29884,Chanraj Development Inc,40 Granite Ridge Cres,,,L6R 3H7,,2024-04-24,,,2024-06-01 15:59:16,'2024-06-01 15:59:16'),builder,builder,1,0,0,0,0,0,0,0,0
29885,Claridge Homes (Belleville) Inc,"505 Preston St, 2nd Flr",Ottawa,Ontario,K1S 4N7more info: mi.pdf,613-233-6030,2024-04-24,,,2024-06-01 15:59:16,'2024-06-01 15:59:16'),builder,builder,1,0,0,0,0,0,0,0,0
29887,LIV Developments Ltd,"1005 Skyview Dr, Unit 301",Burlington,Ontario,L7P 5B1,289-245-1300,2024-04-23,,,2024-06-01 15:59:16,'2024-06-01 15:59:16'),builder,builder,1,0,0,0,0,0,0,0,0
29888,GP Realty Ltd,1241 Kerrisdale Blvd,,,L3Y 8W1,,2024-04-22,,,2024-06-01 15:59:16,'2024-06-01 15:59:16'),builder,builder,1,0,0,0,0,0,0,0,0
29895,1443 Denison Street Properties ULC,137 Dunvegan Dr,Toronto,Ontario,M4V 2R2,,2024-04-19,,,2024-06-01 15:59:16,'2024-06-01 15:59:16'),builder,builder,1,0,0,0,0,0,0,0,0
29903,Fortune Properties Private Ltd,"7 St Dennis Dr, Unit 210",North York,Ontario,M3C 1E4,,2024-04-18,,,2024-06-01 15:59:16,'2024-06-01 15:59:16'),builder,builder,1,0,0,0,0,0,0,0,0
29913,Tanem Properties Ltd,"4391 King St E, Unit 2",,,N2P 2G1,,2024-04-16,,,2024-06-01 15:59:17,'2024-06-01 15:59:17'),builder,builder,1,0,0,0,0,0,0,0,0
29916,George Brown College &amp; Halmount Properties,"51 Yonge St, Ste 400",Toronto,Ontario,M5E 1J1,,2024-04-15,,,2024-06-01 15:59:17,'2024-06-01 15:59:17'),builder,builder,1,0,0,0,0,0,0,0,0
29919,H &amp; H Construction Inc,2 Fairway Dr,,,K8A 8N2,,2024-04-12,,,2024-06-01 15:59:17,'2024-06-01 15:59:17'),builder,builder,1,0,0,0,0,0,0,0,0
29937,QuadReal Property Group Ltd,"199 Bay St, Ste 4900",Toronto,Ontario,M4L 1G2more info: mi.pdf,416-673-7444,2024-04-09,,,2024-06-01 15:59:18,'2024-06-01 15:59:18'),builder,builder,1,0,0,0,0,0,0,0,0
29938,Parkview Homes,"637 The Queensway, Ste 17",Peterborough,Ontario,K9J 7J6more info: mi.pdf,705-768-2829,2024-04-09,,,2024-06-01 15:59:18,'2024-06-01 15:59:18'),builder,builder,1,0,0,0,0,0,0,0,0
29944,Grandview Homes,24 Executive Place,Kitchener,Ontario,N2P 2N4,519-748-2800,2024-04-09,,,2024-06-01 15:59:18,'2024-06-01 15:59:18'),builder,builder,1,0,0,0,0,0,0,0,0
29953,Northland Properties Corp,"1755 West Broadway, Ste 310",Vancouver,BC,V6J 4S5,604-730-6610,2024-04-08,,,2024-06-01 15:59:19,'2024-06-01 15:59:19'),builder,builder,1,0,0,0,0,0,0,0,0
29966,Northland Properties Corporation,"1755 West Broadway, Ste 310",Vancouver,BC,V6J 4S5more info: mi.pdf,604-730-6610,2024-04-04,,,2024-06-01 15:59:19,'2024-06-01 15:59:19'),builder,builder,1,0,0,0,0,0,0,0,0
29974,Treasure Hill Homes,101 Bradwick Dr,Vaughan,Ontario,L4K 1K5,416-987-5500,2024-04-03,,,2024-06-01 15:59:19,'2024-06-01 15:59:19'),builder,builder,1,0,0,0,0,0,0,0,0
29981,Mason Homes,"70 Innovator Ave, Unit 1",Stouffville,Ontario,L4A 0Y2,905-640-6777,2024-04-03,,,2024-06-01 15:59:20,'2024-06-01 15:59:20'),builder,builder,1,0,0,0,0,0,0,0,0
29994,Gracious Industrial Developments Inc,7200 Martin Grove Rd,,,L4L 9J3,,2024-04-02,,,2024-06-01 15:59:20,'2024-06-01 15:59:20'),builder,builder,1,0,0,0,0,0,0,0,0
30023,Panattoni Development Co,,Toronto,Ontario,M9C 5L5,416-915-1970,2024-02-29,,,2024-06-01 15:59:27,'2024-06-01 15:59:27'),builder,builder,1,0,0,0,0,0,0,0,0
30037,Killam Properties SGP Ltd,"3700 Kempt Rd, Ste 100",Halifax,Nova Scotia,B3K 4X8,866-453-8900,2024-05-09,,,2024-06-01 15:59:28,'2024-06-01 15:59:28'),builder,builder,1,0,0,0,0,0,0,0,0
30040,District Realty,50 Bayswater Ave,Ottawa,Ontario,K1Y 2E9,613-759-8383,2024-05-09,,,2024-06-01 15:59:28,'2024-06-01 15:59:28'),builder,builder,1,0,0,0,0,0,0,0,0
30054,Apex Results Realty Inc,2465 Walker&#039;s Line,Burlington,Ontario,L7M 4K4,905-332-4111,2024-04-30,,,2024-06-01 16:41:07,'2024-06-01 16:41:07'),builder,builder,1,0,0,0,0,0,0,0,0
30060,Reid&#039;s Heritage Homes,"700 Jamieson Pkwy, Unit 103",Cambridge,Ontario,N3C 4N6,519-658-6656,2024-04-26,,,2024-06-01 16:41:07,'2024-06-01 16:41:07'),builder,builder,1,0,0,0,0,0,0,0,0
30061,Tri-Art Realty Inc,18 St Remy Place,,,K7K 6C4,,2024-04-26,,,2024-06-01 16:41:07,'2024-06-01 16:41:07'),builder,builder,1,0,0,0,0,0,0,0,0
30063,Land Development Group Canada Inc,,,,USA - 33321,,2024-04-26,,,2024-06-01 16:41:07,'2024-06-01 16:41:07'),builder,builder,1,0,0,0,0,0,0,0,0
30065,Sunningdale Developments Inc,"560 Wellington St, 2nd Flr",,,N6A 3R4,,2024-04-26,,,2024-06-01 16:41:07,'2024-06-01 16:41:07'),builder,builder,1,0,0,0,0,0,0,0,0
30066,Auburn Developments,,London,Ontario,N6A 3R4,519-434-1808,2024-04-26,,,2024-06-01 16:41:07,'2024-06-01 16:41:07'),builder,builder,1,0,0,0,0,0,0,0,0
30086,Wm J Gies Construction Ltd,193 Ashcroft Place,Waterloo,Ontario,N2K 4K5,519-885-3610,2024-04-22,,,2024-06-01 16:41:08,'2024-06-01 16:41:08'),builder,builder,1,0,0,0,0,0,0,0,0
30090,Gorgeous Homes Unionville Inc,12 Rycroft Dr,,,L3R 2J9,,2024-04-19,,,2024-06-01 16:41:08,'2024-06-01 16:41:08'),builder,builder,1,0,0,0,0,0,0,0,0
30103,Kolt Realty,40 Martin Grove GP Inc&amp;nbsp; &amp;nbsp; &amp;nbsp;416-860-3660,Toronto,Ontario,M4P 1E4,416-860-3660,2024-04-17,,,2024-06-01 16:41:09,'2024-06-01 16:41:09'),builder,builder,1,0,0,0,0,0,0,0,0
30121,MacDonald-Cartier Development Ltd,31 Creekwood Cres,,,K2H 1E1,,2024-04-11,,,2024-06-01 16:41:10,'2024-06-01 16:41:10'),builder,builder,1,0,0,0,0,0,0,0,0
30135,Unexus Muskoka Developments Inc,"50 Minthorn Blvd, Ste 102",,,L3T 7X8,,2024-04-08,,,2024-06-01 16:41:10,'2024-06-01 16:41:10'),builder,builder,1,0,0,0,0,0,0,0,0
30145,PF Beckman Properties Inc,395 Westney Rd S,Ajax,Ontario,L1S 6M6,,2024-04-05,,,2024-06-01 16:41:10,'2024-06-01 16:41:10'),builder,builder,1,0,0,0,0,0,0,0,0
30173,Ripple Developments,,Concord,Ontario,L4K 4M3,416-520-8840,2024-04-02,,,2024-06-01 16:41:12,'2024-06-01 16:41:12'),builder,builder,1,0,0,0,0,0,0,0,0
30174,TCD Development Ltd,38 Ashbury Blvd,Ajax,Ontario,L1Z 1L2,905-428-3781,2024-04-02,tcd.ie,,2024-06-04 13:12:43,'2024-06-01 16:41:12'),builder,builder,1,0,0,0,0,0,0,0,0
30194,Woodbine Downs Healthcare Realty Inc,122 Edenbridge Dr,,,M9A 3G4,,2024-04-30,,,2024-06-01 17:35:44,'2024-06-01 17:35:44'),builder,builder,1,0,0,0,0,0,0,0,0
30199,Huht Properties Ltd,666 Colby Dr,,,N2V 1A2,,2024-04-30,,,2024-06-01 17:35:45,'2024-06-01 17:35:45'),builder,builder,1,0,0,0,0,0,0,0,0
30211,12100 Creditview Developments Ltd,"5400 Yonge St, Ste 501",,,M2N 5R5,,2024-04-25,,,2024-06-01 17:35:45,'2024-06-01 17:35:45'),builder,builder,1,0,0,0,0,0,0,0,0
30230,1304 Military Development Inc,58 Durant Cres,Markham,Ontario,L3S 3A6,,2024-04-18,,,2024-06-01 17:35:46,'2024-06-01 17:35:46'),builder,builder,1,0,0,0,0,0,0,0,0
30238,FH Development Group Inc,216 Cobequid Rd,Lower Sackville,NS,B4C 2N4,902-252-3192,2024-04-17,fhdevgroup.com,,2024-06-04 13:12:44,'2024-06-01 17:35:46'),builder,builder,1,0,0,0,0,0,0,0,0
30244,GGK Properties Inc,"136 Thorold Rd, Unit 3",,,L3C 3V3,,2024-04-16,,,2024-06-01 17:35:47,'2024-06-01 17:35:47'),builder,builder,1,0,0,0,0,0,0,0,0
30269,Foxwood Developments (London) Inc,"759 Hyde Park Rd, Ste 252",London,Ontario,N6H 3S2,226-270-9674,2024-04-12,,,2024-06-01 17:35:48,'2024-06-01 17:35:48'),builder,builder,1,0,0,0,0,0,0,0,0
30270,Adi Morgan Developments (Thomas Alton) Inc,"1100 Burloak Dr, PH Suite 700",,,L7L 6B2,,2024-04-11,,,2024-06-01 17:35:48,'2024-06-01 17:35:48'),builder,builder,1,0,0,0,0,0,0,0,0
30286,Brandt Properties Ltd,,Regina,Saskatchewan,S4P 3R8,306-791-3333,2024-04-08,,,2024-06-01 17:35:49,'2024-06-01 17:35:49'),builder,builder,1,0,0,0,0,0,0,0,0
30295,Port Sandfield Development Co Ltd,3838 Highway 118 W,,,P0B 1J0,,2024-04-04,,,2024-06-01 17:35:50,'2024-06-01 17:35:50'),builder,builder,1,0,0,0,0,0,0,0,0
30312,Canadian Commercial Development,,London,Ontario,N6B 2P6,519-672-7490,2024-04-02,,,2024-06-01 17:35:50,'2024-06-01 17:35:50'),builder,builder,1,0,0,0,0,0,0,0,0
30332,219 James Properties Inc,30 Brookhaven Cres,East Garafraxa,Ontario,L9W 7L9,,2024-04-30,rjamesproperties.com,,2024-06-04 13:12:46,'2024-06-01 20:18:02'),builder,builder,1,0,0,0,0,0,0,0,0
30343,A &amp; J Ferreira Homes Ltd,343 Airport Rd,,,P1B 8W8,,2024-04-30,,,2024-06-01 20:18:02,'2024-06-01 20:18:02'),builder,builder,1,0,0,0,0,0,0,0,0
30357,Sunchris Properties Inc,260 Lakeshore Rd W,Oro-Medonte,Ontario,L0L 2E0,,2024-04-26,,,2024-06-01 20:18:03,'2024-06-01 20:18:03'),builder,builder,1,0,0,0,0,0,0,0,0
30362,Alo Development Corp,"7442 Grande River Line, RR 7",,,N7M 5J7,,2024-04-25,,,2024-06-01 20:18:03,'2024-06-01 20:18:03'),builder,builder,1,0,0,0,0,0,0,0,0
30364,Ruscio Developments Inc,1085 McNabb St,Sault Ste Marie,Ontario,P6B 2A1,705-949-1832,2024-04-25,,,2024-06-01 20:18:03,'2024-06-01 20:18:03'),builder,builder,1,0,0,0,0,0,0,0,0
30365,The Properties Group,236 Metcalfe St,Ottawa,Ontario,K2P 1R3,613-237-2425,2024-04-25,,,2024-06-01 20:18:03,'2024-06-01 20:18:03'),builder,builder,1,0,0,0,0,0,0,0,0
30367,Dunsire Properties Inc,"5100 South Service Rd, Ste 54",Burlington,Ontario,L7L 6A5more info: mi.pdf,888-519-2346,2024-04-25,,,2024-06-01 20:18:04,'2024-06-01 20:18:04'),builder,builder,1,0,0,0,0,0,0,0,0
30375,549 Rose Ave Developments Inc,"181 James St N, Ste 307",Hamilton,Ontario,L8R 2K9,,2024-04-22,,,2024-06-01 20:18:04,'2024-06-01 20:18:04'),builder,builder,1,0,0,0,0,0,0,0,0
30381,Citrine Developments Inc,300 Trailgate St,Ottawa,Ontario,K1V 0Z7,613-425-1380,2024-04-22,,,2024-06-01 20:18:04,'2024-06-01 20:18:04'),builder,builder,1,0,0,0,0,0,0,0,0
30393,Antilia Homes Corp,326 Churchill Ave N,,,K1Z 5B9,,2024-04-18,,,2024-06-01 20:18:05,'2024-06-01 20:18:05'),builder,builder,1,0,0,0,0,0,0,0,0
30396,JJZ Developments Inc,1575 Huron Rd,Petersburg,Ontario,N0B 2H0more info: mi.pdf,,2024-04-18,,,2024-06-01 20:18:05,'2024-06-01 20:18:05'),builder,builder,1,0,0,0,0,0,0,0,0
30401,Muoi Properties Ltd,121 Hastings Ave,,,M4L 2L1,,2024-04-16,,,2024-06-01 20:18:05,'2024-06-01 20:18:05'),builder,builder,1,0,0,0,0,0,0,0,0
30409,NU Globe Developments Ltd,81 Mathersfield Dr,,,M4W 3W4,,2024-04-15,,,2024-06-01 20:18:05,'2024-06-01 20:18:05'),builder,builder,1,0,0,0,0,0,0,0,0
30433,KD Properties Ltd,2235 Old Norwood Rd,Peterborough,Ontario,K9H 0G2,705-874-0418,2024-04-09,,,2024-06-01 20:18:07,'2024-06-01 20:18:07'),builder,builder,1,0,0,0,0,0,0,0,0
30439,Grizzly Homes Inc,163 Foster Rd,Ashton Ontario,,K0A 1B0,613-880-0031,2024-04-05,grizzlyhomes.com,,2024-06-04 13:12:48,'2024-06-01 20:18:07'),builder,builder,1,0,0,0,0,0,0,0,0
30440,Pacer Property Maintenance &amp;,360 Montrose Ave,Toronto,Ontario,M6G 3H1,,2024-04-05,,,2024-06-01 20:18:07,'2024-06-01 20:18:07'),builder,builder,1,0,0,0,0,0,0,0,0
30445,PW Residential Inc,288 Altha Ave,Ottawa,Ontario,K1L 7C5,,2024-04-04,,,2024-06-01 20:18:08,'2024-06-01 20:18:08'),builder,builder,1,0,0,0,0,0,0,0,0
30459,CUPW Building Society/,377 Bank St,Ottawa,Ontario,K2P 1Y3,613-236-7238,2024-04-03,,,2024-06-01 20:18:08,'2024-06-01 20:18:08'),builder,builder,1,0,0,0,0,0,0,0,0
30462,Ruscio Masonry and Construction Ltd,1085 McNabb St,Sault Ste Marie,Ontario,P6B 2A1,705-949-1832,2024-04-03,,,2024-06-01 20:18:08,'2024-06-01 20:18:08'),builder,builder,1,0,0,0,0,0,0,0,0
30464,OCP Construction Supplies Inc,1072 Webbwood Dr,Sudbury,Ontario,P3C 3B7,705-674-7073,2024-04-03,,,2024-06-01 20:18:08,'2024-06-01 20:18:08'),builder,builder,1,0,0,0,0,0,0,0,0
30486,Grand Slam Developments (Newcastle) Inc,185 Simcoe St N,Oshawa,Ontario,L1G 4S8,,2024-05-17,grand-slam.com.au,,2024-06-04 13:12:49,'2024-06-03 16:40:04'),builder,builder,1,0,0,0,0,0,0,0,0
30502,Alsmi Properties Inc,406 Kilspindie Ridge,Nepean,Ontario,K2J 6A3,,2024-05-01,,,2024-06-03 16:40:05,'2024-06-03 16:40:05'),builder,builder,1,0,0,0,0,0,0,0,0
30524,Osgoode Properties,1284 Wellington St,Ottawa,Ontario,K1Y 3A6,613-688-2222,2024-05-23,,,2024-06-03 16:40:06,'2024-06-03 16:40:06'),builder,builder,1,0,0,0,0,0,0,0,0
30536,A1 Development,"75 Scardsale Rd, Unit 203",North York,Ontario,M3B 2R2,647-242-9869,2024-05-22,,,2024-06-03 16:40:06,'2024-06-03 16:40:06'),builder,builder,1,0,0,0,0,0,0,0,0
30537,Escalade Property Corp,,London,Ontario,N6P 1L9,,2024-05-22,,,2024-06-03 16:40:06,'2024-06-03 16:40:06'),builder,builder,1,0,0,0,0,0,0,0,0
30557,Chestnut Hill Developments,"150 Ferrand Dr, Ste 801",Toronto,Ontario,M3C 3E5,416-499-9995,2024-05-17,,,2024-06-03 16:40:07,'2024-06-03 16:40:07'),builder,builder,1,0,0,0,0,0,0,0,0
30566,Sifton Properties Ltd,"1295 Riverbend Rd, Ste 300",London,Ontario,N6K 0G2,519-434-1000,2024-05-15,,,2024-06-03 16:40:08,'2024-06-03 16:40:08'),builder,builder,1,0,0,0,0,0,0,0,0
30567,WrightHaven Homes Ltd,"925 Gartshore St, Units 1 &amp;amp; 2",Fergus,Ontario,N1M 3V9,519-787-6699,2024-05-15,,,2024-06-03 16:40:08,'2024-06-03 16:40:08'),builder,builder,1,0,0,0,0,0,0,0,0
30568,Premium Properties 145 Inc,"73 Railside Rd, Unit 8",,,M3A 1B2,,2024-05-14,,,2024-06-03 16:40:08,'2024-06-03 16:40:08'),builder,builder,1,0,0,0,0,0,0,0,0
30574,Cachet Developments (Mt Pleasant) Inc,"2555 Meadowpine Blvd, Unit 3",Mississauga,Ontario,L5N 6C3,905-764-1983,2024-05-10,,,2024-06-03 16:40:08,'2024-06-03 16:40:08'),builder,builder,1,0,0,0,0,0,0,0,0
30613,Hallman Construction Ltd,20 Crestview Place,Kitchener,Ontario,N2B 0A2,519-744-6353,2024-05-31,,,2024-06-03 16:40:15,'2024-06-03 16:40:15'),builder,builder,1,0,0,0,0,0,0,0,0
30615,Capitol Buildings Properties Inc,"366 Adelaide St W, Ste 605",,,M5V 1R9,,2024-05-31,,,2024-06-03 16:40:15,'2024-06-03 16:40:15'),builder,builder,1,0,0,0,0,0,0,0,0
30616,Manel Construction Ltd,41 Rivalda Rd,Toronto,Ontario,M9M 2M4,416-635-0876,2024-05-31,,,2024-06-03 16:40:15,'2024-06-03 16:40:15'),builder,builder,1,0,0,0,0,0,0,0,0
30621,OPB Realty Inc,"16 York St, Ste 2400",,,M5J 0E6,,2024-05-30,,,2024-06-03 16:40:16,'2024-06-03 16:40:16'),builder,builder,1,0,0,0,0,0,0,0,0
30624,Cachet Homes (Chilligo) Inc,"2555 Meadowpine Blvd, Unit 3",Mississauga,Ontario,L5N 6C3,905-764-1983,2024-05-30,,,2024-06-03 16:40:16,'2024-06-03 16:40:16'),builder,builder,1,0,0,0,0,0,0,0,0
30625,Wanless Properties Ltd,"330 New Huntington Rd, Ste 201",,,L4H 4C9,,2024-05-30,,,2024-06-03 16:40:16,'2024-06-03 16:40:16'),builder,builder,1,0,0,0,0,0,0,0,0
30626,Paradise Developments,1 Heron&#039;s Hill Way,Toronto,Ontario,M2J 0G2,416-756-1972,2024-05-30,,,2024-06-03 16:40:16,'2024-06-03 16:40:16'),builder,builder,1,0,0,0,0,0,0,0,0
30629,bcIMC Realty Corp,"666 Burrard St, Ste 800",,,V6C 2X8,,2024-05-29,,,2024-06-03 16:40:16,'2024-06-03 16:40:16'),builder,builder,1,0,0,0,0,0,0,0,0
30668,Clarence Street Developments Inc,1046 Yonge St,,,M4W 2L1,,2024-04-29,,,2024-06-03 21:37:08,'2024-06-03 21:37:08'),builder,builder,1,0,0,0,0,0,0,0,0
30684,Madigan Properties Inc,526 Shoreway Dr,Greely,Ontario,K4P 0G3,,2024-04-26,,,2024-06-03 21:37:09,'2024-06-03 21:37:09'),builder,builder,1,0,0,0,0,0,0,0,0
30686,St Catharines Building Supplies Inc,176 Bunting Rd,St Catharines,Ontario,L2M 3Y1,905-688-2111,2024-04-26,stcbs.com,,2024-06-04 13:12:52,'2024-06-03 21:37:09'),builder,builder,1,0,0,0,0,0,0,0,0
30692,Mezcon Construction,70 Preston St,Guelph,Ontario,N1H 3C4more info: mi.pdf,519-780-1441,2024-04-25,mezcon.ca,,2024-06-04 13:12:53,'2024-06-03 21:37:09'),builder,builder,1,0,0,0,0,0,0,0,0
30701,Gatta Properties Inc,,,,L0S 1J0,,2024-04-22,,,2024-06-03 21:37:10,'2024-06-03 21:37:10'),builder,builder,1,0,0,0,0,0,0,0,0
30702,SPTA Properties Inc,2468 Lakeshore Rd E,Oakville,Ontario,L6J 1M5,,2024-04-22,,,2024-06-03 21:37:10,'2024-06-03 21:37:10'),builder,builder,1,0,0,0,0,0,0,0,0
30710,Smooth Rock Properties Inc,1 Ceasar Rd,,,P3E 5P3,,2024-04-18,,,2024-06-03 21:37:10,'2024-06-03 21:37:10'),builder,builder,1,0,0,0,0,0,0,0,0
30711,Dalron Construction Ltd,"130 Elm St, Ste 100",Sudbury,Ontario,P3C 1T6,705-560-9770,2024-04-18,,,2024-06-03 21:37:10,'2024-06-03 21:37:10'),builder,builder,1,0,0,0,0,0,0,0,0
30739,NorthLoop Development,"80 Scollard St, Ste 300",Toronto,Ontario,M5R 1G2more info: mi.pdf,416-923-9996,2024-04-10,,,2024-06-03 21:37:12,'2024-06-03 21:37:12'),builder,builder,1,0,0,0,0,0,0,0,0
30740,ALO Development Corp,"7442 Grande River Line, RR 7",,,N7M 5J7,,2024-04-10,,,2024-06-03 21:37:12,'2024-06-03 21:37:12'),builder,builder,1,0,0,0,0,0,0,0,0
30744,Longyard Properties Inc,30 Floral Parkway,,,L4K 4R1,,2024-04-10,,,2024-06-03 21:37:12,'2024-06-03 21:37:12'),builder,builder,1,0,0,0,0,0,0,0,0
30748,Brown Family Funeral Homes Ltd,"510 Mill St, PO Box 459",Port Elgin,Ontario,N0H 2C0,519-832-2222,2024-04-08,,,2024-06-03 21:37:12,'2024-06-03 21:37:12'),builder,builder,1,0,0,0,0,0,0,0,0
30749,Murphy Homes and Design Inc,"33 Nickason Dr,",Allenford,Ontario,N0H 1A0,,2024-04-08,,,2024-06-03 21:37:12,'2024-06-03 21:37:12'),builder,builder,1,0,0,0,0,0,0,0,0
30752,Majesty Commercial Properties Inc,,London,Ontario,N5Y 5L1,519-615-4444,2024-04-05,,,2024-06-03 21:37:13,'2024-06-03 21:37:13'),builder,builder,1,0,0,0,0,0,0,0,0
30753,Tricar Properties Ltd,3800 Colonel Talbot Rd,London,Ontario,N6P 1H5,519-652-8900,2024-04-05,,,2024-06-03 21:37:13,'2024-06-03 21:37:13'),builder,builder,1,0,0,0,0,0,0,0,0
30760,Collin Properties Inc,169 Royale St,Timmins,Ontario,P4N 4C7,,2024-04-05,conlinproperties.com,,2024-06-04 13:12:54,'2024-06-03 21:37:13'),builder,builder,1,0,0,0,0,0,0,0,0
30799,Extend Properties Inc,79 Helena St,Ottawa,Ontario,K1Y 3M9,,2024-05-23,heartlandproperties.com,,2024-06-04 13:13:04,'2024-06-04 11:21:14'),builder,builder,1,0,0,0,0,0,0,0,0
30806,Megapro X Properties,"2700 Dufferin St, Unit 50",Toronto,Ontario,M6B 4J3,905-780-9610,2024-05-23,,,2024-06-04 11:21:14,'2024-06-04 11:21:14'),builder,builder,1,0,0,0,0,0,0,0,0
30816,Alti Construction,51 Alti Place,Ottawa,Ontario,K2R 1E6,613-741-3311,2024-05-21,,,2024-06-04 11:21:14,'2024-06-04 11:21:14'),builder,builder,1,0,0,0,0,0,0,0,0
30828,Andres Bell Construction Ltd,,Virgil,Ontario,L0S 1T0,,2024-05-16,,,2024-06-04 11:21:15,'2024-06-04 11:21:15'),builder,builder,1,0,0,0,0,0,0,0,0
30829,On The Lake Developments Inc,976 Four Mile Creek Rd,Niagara on the Lake,Ontario,L0S 1J0,,2024-05-16,lake-santee.com,,2024-06-04 13:12:55,'2024-06-04 11:21:15'),builder,builder,1,0,0,0,0,0,0,0,0
30831,Wallis Property Inc,344 Lake St,St Catharines,Ontario,L2N 4H4,,2024-05-16,,,2024-06-04 11:21:15,'2024-06-04 11:21:15'),builder,builder,1,0,0,0,0,0,0,0,0
30833,Gold Leaf Properties Inc,1602 River Dr,Arkona,Ontario,N0M 1B0,,2024-05-16,,,2024-06-04 11:21:15,'2024-06-04 11:21:15'),builder,builder,1,0,0,0,0,0,0,0,0
30843,Geese Developments Ltd,"400 Dundas St, Suite One",London,Ontario,N6B 1V7,,2024-05-15,,,2024-06-04 11:21:16,'2024-06-04 11:21:16'),builder,builder,1,0,0,0,0,0,0,0,0
30845,Thomas Cavanagh Construction Ltd,9094 Cavanagh Rd,Ashton,Ontario,K0A 1B0,613-257-2918,2024-05-15,,,2024-06-04 11:21:16,'2024-06-04 11:21:16'),builder,builder,1,0,0,0,0,0,0,0,0
30862,JMZ Developments Inc,5 Rednor Rd,,,M4C 4B3,,2024-05-14,,,2024-06-04 11:21:17,'2024-06-04 11:21:17'),builder,builder,1,0,0,0,0,0,0,0,0
30890,Clarksburg Contractors Ltd,465 Lyons Ct,,,L9Z 1V1,,2024-05-08,,,2024-06-04 11:21:18,'2024-06-04 11:21:18'),builder,builder,1,0,0,0,0,0,0,0,0
30892,Cooper Developments (1) Inc,25 Market Place,,,N5A 1A4,,2024-05-08,,,2024-06-04 11:21:18,'2024-06-04 11:21:18'),builder,builder,1,0,0,0,0,0,0,0,0
30950,Argue Construction,,Carp,Ontario,K0A 1L0,613-801-8158,2024-05-01,argueconstruction.ca,,2024-06-04 13:12:57,'2024-06-04 11:21:21'),builder,builder,1,0,0,0,0,0,0,0,0
30981,TMJ Construction Inc,,,,K0C 2B0,,2024-05-23,,,2024-06-04 11:21:22,'2024-06-04 11:21:22'),builder,builder,1,0,0,0,0,0,0,0,0
30987,McAnthony Properties Ltd,"2053 Williams Pkwy E, Ste 46",Brampton,Ontario,L9S 5T4,,2024-05-22,maloneyproperties.com,,2024-06-04 13:12:58,'2024-06-04 11:21:22'),builder,builder,1,0,0,0,0,0,0,0,0
30988,Sheldon Creek Developments Inc,"75 First St, Ste 14",,,L9W 2E7,,2024-05-22,,,2024-06-04 11:21:22,'2024-06-04 11:21:22'),builder,builder,1,0,0,0,0,0,0,0,0
31006,Little Rainy Developments Inc,326106  Norwich Rd,Norwich,Ontario,N0J 1P0,,2024-05-16,,,2024-06-04 11:21:23,'2024-06-04 11:21:23'),builder,builder,1,0,0,0,0,0,0,0,0
31061,1630 Queen Developments Ltd,"2 St Clair Ave W, Ste 1600",,,M4V 1L5,,2024-05-07,,,2024-06-04 11:21:26,'2024-06-04 11:21:26'),builder,builder,1,0,0,0,0,0,0,0,0
31072,Losani Homes,"430 McNeilly Rd, Ste 203",Stoney Creek,Ontario,L8E 5E3,905-561-1700,2024-05-06,,,2024-06-04 11:21:26,'2024-06-04 11:21:26'),builder,builder,1,0,0,0,0,0,0,0,0
31073,Silva Homes Inc,1365 Ferris Rd,Harrow,Ontario,N0R 1G0,,2024-05-06,silvahomes.co.uk,,2024-06-04 13:12:59,'2024-06-04 11:21:27'),builder,builder,1,0,0,0,0,0,0,0,0
31096,Solid General Contractors,66 Leek Cres,Richmond Hill,Ontario,L4B 1H1,905-475-0707,2024-05-01,,,2024-06-04 11:21:28,'2024-06-04 11:21:28'),builder,builder,1,0,0,0,0,0,0,0,0
31102,EMS Construction Inc,"2994 Hackbart Rd, RR 1",,,N0B 2M0,,2024-05-01,,,2024-06-04 11:21:28,'2024-06-04 11:21:28'),builder,builder,1,0,0,0,0,0,0,0,0
31107,Magesh &amp; Birk Developers Inc,36 Grovewood Dr,Brampton,Ontario,L7A 1S7,,2024-05-01,,,2024-06-04 11:21:28,'2024-06-04 11:21:28'),builder,builder,1,0,0,0,0,0,0,0,0
31109,Saar Properties Inc,7579 Yarmouth Centre Rd,St Thomas,Ontario,N5P 3S9,,2024-05-01,islandproperties.com,,2024-06-04 13:13:00,'2024-06-04 11:21:28'),builder,builder,1,0,0,0,0,0,0,0,0
31112,LAAA Properties Ltd,"226 Bunting Rd, Unit 1",,,L2M 3Y5,,2024-05-01,,,2024-06-04 11:21:29,'2024-06-04 11:21:29'),builder,builder,1,0,0,0,0,0,0,0,0
31120,Hole in the Wall Developments Inc,244 Barrie St,Essa,Ontario,L0L 2N0,,2024-05-01,,,2024-06-04 11:21:29,'2024-06-04 11:21:29'),builder,builder,1,0,0,0,0,0,0,0,0
31188,Brandt Properties Ltd,,Regina,SK,S4P 3R8,306-791-3333,2024-05-15,,,2024-06-04 11:21:32,'2024-06-04 11:21:32'),builder,builder,1,0,0,0,0,0,0,0,0
31198,Gemstone Developments Ltd,"427 Laurier Ave W, Ste 700",Ottawa,Ontario,K1R 7Y2,613-236-0111,2024-05-13,,,2024-06-04 11:21:32,'2024-06-04 11:21:32'),builder,builder,1,0,0,0,0,0,0,0,0
31209,1884 Queen Commercial Developments Ltd,"5400 Yonge St, Ste 501",,,M2N 5R5,,2024-05-10,,,2024-06-04 11:21:33,'2024-06-04 11:21:33'),builder,builder,1,0,0,0,0,0,0,0,0
31216,Pella J Developments Inc,8 Palmer Circle,Bolton,Ontario,L7E 0A4,,2024-05-09,pella.com,,2024-06-04 13:13:02,'2024-06-04 11:21:33'),builder,builder,1,0,0,0,0,0,0,0,0
31218,Highbury Commercial Developments Inc,"2 Sheppard Ave E, Ste 1505",Toronto,Ontario,M2N 5Y7,,2024-05-09,,,2024-06-04 11:21:33,'2024-06-04 11:21:33'),builder,builder,1,0,0,0,0,0,0,0,0
31219,Hanskill Properties Inc,675 Wallace Ave S,,,N4W 1Y7,,2024-05-09,,,2024-06-04 11:21:33,'2024-06-04 11:21:33'),builder,builder,1,0,0,0,0,0,0,0,0
31220,Aurora-Croskill Properties Inc,8358 Fairlane Rd,Listowel,Ontario,N4W 3G6,,2024-05-09,,,2024-06-04 11:21:33,'2024-06-04 11:21:33'),builder,builder,1,0,0,0,0,0,0,0,0
31258,Ruscio Masonry and Construction Ltd,1085 McNabb St,Sault Ste Marie,Ontario,P6B 2A1,705-949-1832,2024-05-01,,,2024-06-04 11:21:35,'2024-06-04 11:21:35'),builder,builder,1,0,0,0,0,0,0,0,0
31279,Canvas Developments,"100 Strada Drive, Unit 1",Woodbridge,Ontario,L4L 5V7,905-264-8001,2024-06-20,,,2024-06-27 12:43:56,'2024-06-27 12:43:56'),builder,builder,1,0,0,0,0,0,0,0,0
31285,Purple Door Properties Corp,"800 Beach Blvd, Unit 1",,,L8H 6Z3,,2024-06-14,,,2024-06-27 12:43:56,'2024-06-27 12:43:56'),builder,builder,1,0,0,0,0,0,0,0,0
31286,STM Properties Inc,2156 Creekridge Bend,London,Ontario,N6G 0L9,,2024-06-14,,,2024-06-27 12:43:56,'2024-06-27 12:43:56'),builder,builder,1,0,0,0,0,0,0,0,0
31320,Sarnia-Lambton Business Development Corp,346 Christina St N,,,N7T 5V7,,2024-06-13,,,2024-06-27 12:43:58,'2024-06-27 12:43:58'),builder,builder,1,0,0,0,0,0,0,0,0
31321,Sloot Construction Ltd,661 Watson Rd S,Puslinch,Ontario,N0B 2J0,519-836-6142,2024-06-13,,,2024-06-27 12:43:58,'2024-06-27 12:43:58'),builder,builder,1,0,0,0,0,0,0,0,0
31322,RPL Properties (Bayfield) Ltd,23 Main St N,Bayfield,Ontario,N0M 1G0,,2024-06-13,,,2024-06-27 12:43:58,'2024-06-27 12:43:58'),builder,builder,1,0,0,0,0,0,0,0,0
31331,Antilia Homes Corp,326 Churchill Ave N,,,K1Z 5B9,,2024-06-12,,,2024-06-27 12:43:59,'2024-06-27 12:43:59'),builder,builder,1,0,0,0,0,0,0,0,0
31349,Gatta Properties Inc,,Niagara on the Lake,ON,L0S 1J0,905-468-8867,2024-06-11,,,2024-06-27 12:44:00,'2024-06-27 12:44:00'),builder,builder,1,0,0,0,0,0,0,0,0
31377,Drygas Properties Inc,,Thorndale,Ontario,N0M 2P0,,2024-06-07,,,2024-06-27 12:44:01,'2024-06-27 12:44:01'),builder,builder,1,0,0,0,0,0,0,0,0
31380,The Crystal Beach Property Inc,14650 Bathurst St,King City,Ontario,L7B 1K5,,2024-06-07,,,2024-06-27 12:44:01,'2024-06-27 12:44:01'),builder,builder,1,0,0,0,0,0,0,0,0
31398,Dena Property Economic Services Ltd,9 Davis Rd,Aurora,Ontario,L4G 2B4,,2024-06-05,,,2024-06-27 12:44:02,'2024-06-27 12:44:02'),builder,builder,1,0,0,0,0,0,0,0,0
31402,Kolt Realty Inc,40 Martin Grove GP Inc&amp;nbsp; &amp;nbsp; &amp;nbsp;416-860-3660,Toronto,Ontario,M4P 1E4,416-860-3660,2024-06-04,,,2024-06-27 12:44:02,'2024-06-27 12:44:02'),builder,builder,1,0,0,0,0,0,0,0,0
31405,A &amp; J Ferreira Homes Ltd,343 Airport Rd,,,P1B 8W8,,2024-06-04,,,2024-06-27 12:44:02,'2024-06-27 12:44:02'),builder,builder,1,0,0,0,0,0,0,0,0
31425,Grascan Construction Ltd,61 Steinway Blvd,Toronto,Ontario,M9W 6H6,416-644-8858,2024-06-03,,,2024-06-27 12:44:03,'2024-06-27 12:44:03'),builder,builder,1,0,0,0,0,0,0,0,0
31431,KMW Properties Inc,435 Worth Blvd,Thornhill,ON,L4J 8B1,,2024-06-17,,,2024-06-27 12:44:04,'2024-06-27 12:44:04'),builder,builder,1,0,0,0,0,0,0,0,0
31463,Grey Forest Homes Ltd,1 Keefer Rd,St Catharines,Ontario,L2M 6K4,905-687-9416,2024-06-14,,,2024-06-27 12:44:05,'2024-06-27 12:44:05'),builder,builder,1,0,0,0,0,0,0,0,0
31465,Lady Bay Developments Inc,11 Bentworth Ave,Toronto,Ontario,M6A 1P1,,2024-06-14,,,2024-06-27 12:44:05,'2024-06-27 12:44:05'),builder,builder,1,0,0,0,0,0,0,0,0
31472,215 Building Ontario Inc,215 Wyecroft Rd,Oakville,Ontario,L6K 3S3,,2024-06-13,,,2024-06-27 12:44:05,'2024-06-27 12:44:05'),builder,builder,1,0,0,0,0,0,0,0,0
31479,Quantech Properties Inc,220 Third St,,,L9Y 1L3,,2024-06-13,,,2024-06-27 12:44:06,'2024-06-27 12:44:06'),builder,builder,1,0,0,0,0,0,0,0,0
31487,CPD Developments,2525 Sources Blvd,Pointe-Claire,Quebec,H9R 5Z9,514-685-0091,2024-06-12,,,2024-06-27 12:44:06,'2024-06-27 12:44:06'),builder,builder,1,0,0,0,0,0,0,0,0
31503,Quan Family Properties Corp,68 Main St,Unionville,Ontario,L3R 2E7,,2024-06-12,,,2024-06-27 12:44:07,'2024-06-27 12:44:07'),builder,builder,1,0,0,0,0,0,0,0,0
31509,Schouten Construction Ltd,2740 Harbison Rd,Richmond,Ontario,K0A 2Z0,613-913-0496,2024-06-11,,,2024-06-27 12:44:07,'2024-06-27 12:44:07'),builder,builder,1,0,0,0,0,0,0,0,0
31519,Buzbuzian Development Corp,"197 Hanlon Creek Blvd, Unit 103",,,N1C 0A1,,2024-06-11,,,2024-06-27 12:44:08,'2024-06-27 12:44:08'),builder,builder,1,0,0,0,0,0,0,0,0
31539,Paczkowski Properties Inc,1238 Thamesridge Cres,,,N6K 4Z6,,2024-06-07,,,2024-06-27 12:44:08,'2024-06-27 12:44:08'),builder,builder,1,0,0,0,0,0,0,0,0
31540,SCT Realty Inc,21486 Hyde Park Rd,Arva,Ontario,N0M 1C0,,2024-06-07,,,2024-06-27 12:44:08,'2024-06-27 12:44:08'),builder,builder,1,0,0,0,0,0,0,0,0
31542,River Strand Properties Ltd,6159 Spring Creek Rd,Smithville,Ontario,L0R 2A0,,2024-06-07,,,2024-06-27 12:44:08,'2024-06-27 12:44:08'),builder,builder,1,0,0,0,0,0,0,0,0
31547,QB Properties Inc,,,,M4P 2H5,,2024-06-06,,,2024-06-27 12:44:09,'2024-06-27 12:44:09'),builder,builder,1,0,0,0,0,0,0,0,0
31549,Joshua Creek Community Developments,"3 Robert Speck Pkwy, Ste 900",Mississauga,Ontario,L4Z 2G5,,2024-06-06,,,2024-06-27 12:44:09,'2024-06-27 12:44:09'),builder,builder,1,0,0,0,0,0,0,0,0
31550,Andrin Joshua Creek Developments Ltd,"26 Lesmill Rd, Unit 3",Toronto,Ontario,M3B 2T5,416-733-3128,2024-06-06,,,2024-06-27 12:44:09,'2024-06-27 12:44:09'),builder,builder,1,0,0,0,0,0,0,0,0
31552,Cardel Homes,"301 Moodie Dr, Ste 100",Ottawa,Ontario,K2H 9C4more info: mi.pdf,613-820-1959,2024-06-06,,,2024-06-27 12:44:09,'2024-06-27 12:44:09'),builder,builder,1,0,0,0,0,0,0,0,0
31561,Matti Homes,"9001 Jane St, Ground Flr",Concord,Ontario,L4K 2M6,416-815-2766,2024-06-06,,,2024-06-27 12:44:09,'2024-06-27 12:44:09'),builder,builder,1,0,0,0,0,0,0,0,0
31563,Morrison Family Homestead Inc,"760 Bruce Rd 86, RR 1",Lucknow,Ontario,N0G 2H0,,2024-06-06,,,2024-06-27 12:44:09,'2024-06-27 12:44:09'),builder,builder,1,0,0,0,0,0,0,0,0
31572,K&amp;D Homes Ltd,"2310 St Laurent Blvd, Ste 219",,,K1G 5H9,,2024-06-05,,,2024-06-27 12:44:10,'2024-06-27 12:44:10'),builder,builder,1,0,0,0,0,0,0,0,0
31573,Concorde Properties,408 Tweedsmuir Ave,Ottawa,Ontario,K1Z 5N5,613-778-8118,2024-06-05,,,2024-06-27 12:44:10,'2024-06-27 12:44:10'),builder,builder,1,0,0,0,0,0,0,0,0
31574,Strama Properties Inc,1350 Osprey Dr,,,L9G 4V5,,2024-06-05,,,2024-06-27 12:44:10,'2024-06-27 12:44:10'),builder,builder,1,0,0,0,0,0,0,0,0
31585,Brauer Housing Developments Inc,414 County Rd 28,Belleville,Ontario,K8N 4Z7,,2024-06-04,,,2024-06-27 12:44:10,'2024-06-27 12:44:10'),builder,builder,1,0,0,0,0,0,0,0,0
31593,Berkshire Axis Development,,Toronto,Ontario,M3B 2R2,416-485-7860,2024-06-04,,,2024-06-27 12:44:11,'2024-06-27 12:44:11'),builder,builder,1,0,0,0,0,0,0,0,0
31603,Ato Developments Inc,757 Queen St W,Toronto,Ontario,M6J 1G1,,2024-06-03,,,2024-06-27 12:44:11,'2024-06-27 12:44:11'),builder,builder,1,0,0,0,0,0,0,0,0
31604,Brad J Lamb Realty Inc,,Toronto,Ontario,M5V 1N6,416-368-5262,2024-06-03,,,2024-06-27 12:44:11,'2024-06-27 12:44:11'),builder,builder,1,0,0,0,0,0,0,0,0
31624,Loblaw Properties Ltd,1 Presidents Choice Circle,Brampton,Ontario,L6Y 5S5,905-459-2500,2024-06-21,,,2024-06-27 12:44:12,'2024-06-27 12:44:12'),builder,builder,1,0,0,0,0,0,0,0,0
31632,Fruitland Rd Realty Inc,404 Fruitland Rd,Stoney Creek,Ontario,L9E 5L9,,2024-06-21,,,2024-06-27 12:44:12,'2024-06-27 12:44:12'),builder,builder,1,0,0,0,0,0,0,0,0
31635,National Realty Management Inc,6 Royal Oak Dr,,,M3C 2M2,,2024-06-21,,,2024-06-27 12:44:12,'2024-06-27 12:44:12'),builder,builder,1,0,0,0,0,0,0,0,0
31640,WO MW Realty Ltd,"180 Renfrew Dr, Ste 230",Markham,Ontario,L3R 9Z2,,2024-06-21,,,2024-06-27 12:44:13,'2024-06-27 12:44:13'),builder,builder,1,0,0,0,0,0,0,0,0
31647,Treasure Hill Homes,101 Bradwick Dr,Vaughan,Ontario,L4K 1K5,416-987-5500,2024-06-20,,,2024-06-27 12:44:13,'2024-06-27 12:44:13'),builder,builder,1,0,0,0,0,0,0,0,0
31652,Isola General Contractor Ltd,16 Stanley Carberry Rd,,,L6P 0B9,,2024-06-20,,,2024-06-27 12:44:13,'2024-06-27 12:44:13'),builder,builder,1,0,0,0,0,0,0,0,0
31663,Laurier Homes,"150 Connie Cres, Unit 4",Concord,Ontario,L4K 1L9,905-738-2009,2024-06-19,,,2024-06-27 12:44:14,'2024-06-27 12:44:14'),builder,builder,1,0,0,0,0,0,0,0,0
31676,Valecraft Homes (2019) Ltd,"1455 Youville Dr, Ste 210",Orleans,Ontario,K1C 6Z7,613-837-1104,2024-06-13,,,2024-06-27 12:44:14,'2024-06-27 12:44:14'),builder,builder,1,0,0,0,0,0,0,0,0
31694,Sifton Properties Ltd,"1290 Riverbend Rd, Ste 300",London,Ontario,N6K 0G2,519-434-1000,2024-06-10,,,2024-06-27 12:44:15,'2024-06-27 12:44:15'),builder,builder,1,0,0,0,0,0,0,0,0
31713,TCU Developments,"150 Isabella St, Ste 1207",Ottawa,Ontario,K1S 5P7,613-680-5582,2024-06-04,,,2024-06-27 12:44:16,'2024-06-27 12:44:16'),builder,builder,1,0,0,0,0,0,0,0,0
31721,Sasson Construction Inc,8600 Dufferin St,,,L4K 5P5,,2024-06-03,,,2024-06-27 12:44:16,'2024-06-27 12:44:16'),builder,builder,1,0,0,0,0,0,0,0,0
31722,Fouro Towers Builders Ltd,"1681 Langstaff Rd, Unit 1",Vaughan,Ontario,L4K 5T3,,2024-06-03,,,2024-06-27 12:44:16,'2024-06-27 12:44:16'),builder,builder,1,0,0,0,0,0,0,0,0
31725,Laurent Viger Construction Ltd,209 Division St,Welland,Ontario,L3B 4A1,905-732-4879,2024-06-21,,,2024-06-27 12:44:16,'2024-06-27 12:44:16'),builder,builder,1,0,0,0,0,0,0,0,0
31739,QuadReal Property Group Ltd,"199 Bay St, Ste 4900",Toronto,Ontario,M5L 1G2,416-673-7444,2024-06-21,,,2024-06-27 12:44:17,'2024-06-27 12:44:17'),builder,builder,1,0,0,0,0,0,0,0,0
31740,Talu Properties Inc,680 Waterloo St,,,N6A 0B3,,2024-06-21,,,2024-06-27 12:44:17,'2024-06-27 12:44:17'),builder,builder,1,0,0,0,0,0,0,0,0
31746,Barrie West Development Inc,"199 Bay St, Ste 2900",Toronto,Ontario,M5L 1G4,,2024-06-21,,,2024-06-27 12:44:17,'2024-06-27 12:44:17'),builder,builder,1,0,0,0,0,0,0,0,0
31753,Tomlinson Development Corp,100 Citigate Dr,Ottawa,Ontario,K2J 6K7,613-822-1867,2024-06-21,,,2024-06-27 12:44:17,'2024-06-27 12:44:17'),builder,builder,1,0,0,0,0,0,0,0,0
31756,VanMar Developments 171 King GP Corp,145 Goddard Cres,Cambridge,Ontario,N3E 0B1,519-740-6800,2024-06-21,,,2024-06-27 12:44:17,'2024-06-27 12:44:17'),builder,builder,1,0,0,0,0,0,0,0,0
31757,James Dick Construction Ltd,14442 Highway 50,Bolton,Ontario,L7E 5T4,905-857-3500,2024-06-21,,,2024-06-27 12:44:18,'2024-06-27 12:44:18'),builder,builder,1,0,0,0,0,0,0,0,0
31759,Rex Property HQ Inc,"9000 Keele St, Units 9 &amp;amp; 10",Vaughan,Ontario,L4K 0B3,,2024-06-21,,,2024-06-27 12:44:18,'2024-06-27 12:44:18'),builder,builder,1,0,0,0,0,0,0,0,0
31765,Kropf Properties Ltd,165 Geddes St,,,N0B 1S0,,2024-06-21,,,2024-06-27 12:44:18,'2024-06-27 12:44:18'),builder,builder,1,0,0,0,0,0,0,0,0
31771,Sundial Homes (Georgetown Trafalgar) Ltd,"4576 Yonge st, Ste 500",Toronto,Ontario,M2N 6N4,416-224-1200,2024-06-20,,,2024-06-27 12:44:18,'2024-06-27 12:44:18'),builder,builder,1,0,0,0,0,0,0,0,0
31781,Braemar Hill Development Ltd,22 County Estates Dr,Markham,Ontario,L6C 1A4more info: mi.pdf,,2024-06-20,,,2024-06-27 12:44:18,'2024-06-27 12:44:18'),builder,builder,1,0,0,0,0,0,0,0,0
31785,Genesis Homes,"1 Yorkdale Rd, Ste 214",Toronto,Ontario,M6A 3A1,416-229-9757,2024-06-20,,,2024-06-27 12:44:19,'2024-06-27 12:44:19'),builder,builder,1,0,0,0,0,0,0,0,0
31803,Marlin Spring Developments,"2300 Yonge St, Ste 500",Toronto,Ontario,M4P 1E4,416-619-3550,2024-06-20,,,2024-06-27 12:44:19,'2024-06-27 12:44:19'),builder,builder,1,0,0,0,0,0,0,0,0
31823,Cachet Homes (Victoria) Inc,"2555 Meadowpine Blvd, Unit 3",Mississauga,Ontario,L5N 6C3,905-764-1983,2024-06-18,,,2024-06-27 12:44:20,'2024-06-27 12:44:20'),builder,builder,1,0,0,0,0,0,0,0,0
31826,Tribute Developments,"1815 Ironstone Manor, Unit 1",Pickering,Ontario,L1W 3W9,905-839-3500,2024-06-18,,,2024-06-27 12:44:20,'2024-06-27 12:44:20'),builder,builder,1,0,0,0,0,0,0,0,0
31845,GGAS Properties Inc,15 Awesome Again Lane,,,L4G 7Y7,,2024-06-17,,,2024-06-27 12:44:21,'2024-06-27 12:44:21'),builder,builder,1,0,0,0,0,0,0,0,0
31864,Skale Developments Inc,"1000 Yonge St, Ste 400",Toronto,Ontario,M4W 2K2,416-710-9898,2024-06-07,,,2024-06-27 12:44:22,'2024-06-27 12:44:22'),builder,builder,1,0,0,0,0,0,0,0,0
31869,WP Developments (Brantford) Inc,"7181 Woodbine Ave, Ste 230",Markham,Ontario,L3R 1A3,,2024-06-06,,,2024-06-27 12:44:22,'2024-06-27 12:44:22'),builder,builder,1,0,0,0,0,0,0,0,0
31872,180 Groh Developments Inc,"180 Frobisher Dr, Unit 3",Waterloo,Ontario,N2V 2A2more info: mi.pdf,647-523-6487,2024-06-05,,,2024-06-27 12:44:22,'2024-06-27 12:44:22'),builder,builder,1,0,0,0,0,0,0,0,0
31882,Enticor Properties Inc,1 Wilkinson Rd,Brampton,Ontario,L6T 4M6,,2024-09-26,,,2024-10-03 12:21:14,'2024-10-03 12:21:14'),builder,builder,1,0,0,0,0,0,0,0,0
31889,Murjay Construction Ltd,100 Adelaide St W,Toronto,Ontario,M5H 0E2,,2024-09-25,,,2024-10-03 12:21:14,'2024-10-03 12:21:14'),builder,builder,1,0,0,0,0,0,0,0,0
31892,Beedie ON (Morningside Ave) Property Ltd,"401 The West Mall, Ste 1101",Etobicoke,Ontario,M9C 5J5,647-598-0268,2024-09-23,,,2024-10-03 12:21:14,'2024-10-03 12:21:14'),builder,builder,1,0,0,0,0,0,0,0,0
31895,Northland Properties Corp,"1755 West Broadway, Ste 310",Vancouver,BC,V6J 4S5,604-730-6610,2024-09-23,,,2024-10-03 12:21:15,'2024-10-03 12:21:15'),builder,builder,1,0,0,0,0,0,0,0,0
31897,Fieldgate Developments Ltd,"5400 Yonge St, 5th Flr",Toronto,Ontario,M2N 5R5more info: mi.pdf,416-227-2220,2024-09-20,,,2024-10-03 12:21:15,'2024-10-03 12:21:15'),builder,builder,1,0,0,0,0,0,0,0,0
31900,Church Welldun Developments Ltd,"5400 Yonge St, 5th Flr",,,M2N 5R5,,2024-09-20,,,2024-10-03 12:21:15,'2024-10-03 12:21:15'),builder,builder,1,0,0,0,0,0,0,0,0
31904,South Sharon Developments Inc,"4711 Yonge St, Ste 1400",,,M2N 7E4,,2024-09-19,,,2024-10-03 12:21:15,'2024-10-03 12:21:15'),builder,builder,1,0,0,0,0,0,0,0,0
31909,Equitron Residential Income Fund Gp Inc,"1111 International Blvd, Ste 500",Burlington,Ontario,L7L 6W1,905-635-1381,2024-09-18,,,2024-10-03 12:21:15,'2024-10-03 12:21:15'),builder,builder,1,0,0,0,0,0,0,0,0
31911,Equitron Residential Income Fund GP Inc,"1111 International Blvd, Ste 500",Burlington,Ontario,L7L 6W1,905-635-1381,2024-09-18,,,2024-10-03 12:21:15,'2024-10-03 12:21:15'),builder,builder,1,0,0,0,0,0,0,0,0
31920,Inside Edge Properties,"464 Bank St, Ste 200",Ottawa,Ontario,K2P 1Z3,613-226-9902,2024-09-13,,,2024-10-03 12:21:16,'2024-10-03 12:21:16'),builder,builder,1,0,0,0,0,0,0,0,0
31935,Galaxy Boulevard Properties Ltd,"162 Cumberland St, Ste 300",,,M5R 3N5,,2024-09-09,,,2024-10-03 12:21:16,'2024-10-03 12:21:16'),builder,builder,1,0,0,0,0,0,0,0,0
31937,LOCA Properties (AB-ON) Inc,"30 N LaSalle St, Ste 4140",Chicago,IL,USA - 60602,,2024-09-09,,,2024-10-03 12:21:16,'2024-10-03 12:21:16'),builder,builder,1,0,0,0,0,0,0,0,0
31944,Shoppers Realty Inc,1 Presidents Choice Circle,,,L6Y 5S5,,2024-09-05,,,2024-10-03 12:21:17,'2024-10-03 12:21:17'),builder,builder,1,0,0,0,0,0,0,0,0
31956,EFS Property Ltd,275 Church St,,,N3B 2Z6,,2024-09-03,,,2024-10-03 12:21:17,'2024-10-03 12:21:17'),builder,builder,1,0,0,0,0,0,0,0,0
31959,SerCo Realty Group,"9 Capella Ct, Ste 200",Ottawa,Ontario,K2E 8A7,613-226-2221,2024-09-03,,,2024-10-03 12:21:17,'2024-10-03 12:21:17'),builder,builder,1,0,0,0,0,0,0,0,0
31960,Argo Development Corp,,Burlington,Ontario,L7M 0W7,905-791-7800,2024-08-30,,,2024-10-03 12:21:17,'2024-10-03 12:21:17'),builder,builder,1,0,0,0,0,0,0,0,0
31967,Greenpark Homes,8700 Dufferin St,Concord,Ontario,L4K 4S6,416-661-5329,2024-08-29,,,2024-10-03 12:21:18,'2024-10-03 12:21:18'),builder,builder,1,0,0,0,0,0,0,0,0
31968,Deco Homes,570 Applewood Cres,Vaughan,Ontario,L4K 4B4,905-907-0300,2024-08-29,,,2024-10-03 12:21:18,'2024-10-03 12:21:18'),builder,builder,1,0,0,0,0,0,0,0,0
31971,Hummel Properties Inc,"329 Four Mile Creek Rd, Unit 333",St David&#039;s,Ontario,L0S 1P0,,2024-08-29,,,2024-10-03 12:21:18,'2024-10-03 12:21:18'),builder,builder,1,0,0,0,0,0,0,0,0
31972,Mountainview Building Group,"3340 Schmon Pkwy, Unit 1",Thorold,Ontario,L2V 4Y6,905-688-3100,2024-08-29,,,2024-10-03 12:21:18,'2024-10-03 12:21:18'),builder,builder,1,0,0,0,0,0,0,0,0
31973,SP Copper Property Buyer Inc,"9 West 57th St, 31st Flr",,,USA - 10019,,2024-08-28,investors@sycamorepartners.com,,2025-02-01 20:02:08,'2024-10-03 12:21:18'),builder,builder,1,0,0,0,0,0,0,0,0
31978,Dunsire Homes Inc,"5100 South Service Rd, Ste 54",Burlington,Ontario,L7L 6A5more info: mi.pdf,888-519-2346,2024-08-23,,,2024-10-03 12:21:18,'2024-10-03 12:21:18'),builder,builder,1,0,0,0,0,0,0,0,0
31981,A1 Development,"75 Scarsdale, Ste 203",Toronto,Ontario,M3B 2R2more info: mi.pdf,647-242-9869,2024-08-22,,,2024-10-03 12:21:18,'2024-10-03 12:21:18'),builder,builder,1,0,0,0,0,0,0,0,0
31982,Minto Multi-Residential Income,"4101 Yonge St, Ste 600",Toronto,Ontario,M2P 1N6,416-977-0777,2024-08-21,,,2024-10-03 12:21:18,'2024-10-03 12:21:18'),builder,builder,1,0,0,0,0,0,0,0,0
31984,Leslie Elgin Developments Inc,270 Chrislea Rd,,,L4L 8A8,,2024-08-21,,,2024-10-03 12:21:18,'2024-10-03 12:21:18'),builder,builder,1,0,0,0,0,0,0,0,0
31986,Brookvalley Developments,,Concord,Ontario,L4K 1H3,905-738-8001,2024-08-21,,,2024-10-03 12:21:18,'2024-10-03 12:21:18'),builder,builder,1,0,0,0,0,0,0,0,0
31994,Markham Woodmills Developments Inc,,,,L4K 5Z5,,2024-08-19,,,2024-10-03 12:21:19,'2024-10-03 12:21:19'),builder,builder,1,0,0,0,0,0,0,0,0
31999,Terrier Properties Inc,"166 King St E, Ste 100",Toronto,Ontario,M5A 1J3,416-364-4544,2024-08-19,,,2024-10-03 12:21:19,'2024-10-03 12:21:19'),builder,builder,1,0,0,0,0,0,0,0,0
32010,Leptis Magna Development Inc,,,,N8X 1T2,,2024-08-14,,,2024-10-03 12:21:19,'2024-10-03 12:21:19'),builder,builder,1,0,0,0,0,0,0,0,0
32011,Lov Development Corp,,Windsor,Ontario,N8X 1T2,,2024-08-14,,,2024-10-03 12:21:19,'2024-10-03 12:21:19'),builder,builder,1,0,0,0,0,0,0,0,0
32016,Breaslau Properties Ltd,"133 Manitou Dr, Unit A",,,N2C 1L4,,2024-08-12,,,2024-10-03 12:21:19,'2024-10-03 12:21:19'),builder,builder,1,0,0,0,0,0,0,0,0
32024,Umbria Developers Inc,37 Hawkridge Trail,,,L6P 2T4,,2024-08-06,,,2024-10-03 12:21:20,'2024-10-03 12:21:20'),builder,builder,1,0,0,0,0,0,0,0,0
32028,NHD Developments Ltd,"3700 Steeles Ave W, Ste 800",,,L4L 9M9,,2024-08-06,,,2024-10-03 12:21:20,'2024-10-03 12:21:20'),builder,builder,1,0,0,0,0,0,0,0,0
32040,Sedgewick Property Inc,"30 Floral Pkwy, Ste 300",,,L4K 4R1,,2024-07-31,,,2024-10-03 12:21:20,'2024-10-03 12:21:20'),builder,builder,1,0,0,0,0,0,0,0,0
32041,Country Wide Homes Sedgewick Inc,1500 Highway 7,Vaughan,Ontario,L4K 5Y4more info: mi.pdf,905-907-1500,2024-07-31,,,2024-10-03 12:21:20,'2024-10-03 12:21:20'),builder,builder,1,0,0,0,0,0,0,0,0
32042,Lakefront Developments Inc,"121 King St W, Ste 510",Toronto,Ontario,M5H 3T9,,2024-07-31,,,2024-10-03 12:21:20,'2024-10-03 12:21:20'),builder,builder,1,0,0,0,0,0,0,0,0
32046,4Q Dufferin Yorkdale Development GP Inc,"1133 Yonge St, 4th Floor",,,M4T 2Y7,,2024-07-29,,,2024-10-03 12:21:21,'2024-10-03 12:21:21'),builder,builder,1,0,0,0,0,0,0,0,0
32052,Sundial Homes (Duffys Lane) Ltd,"4576 Yonge St, Ste 500",Toronto,Ontario,M2N 6N4,416-224-1200,2024-07-26,,,2024-10-03 12:21:21,'2024-10-03 12:21:21'),builder,builder,1,0,0,0,0,0,0,0,0
32054,Triple Properties ,186 Bartley Dr,Toronto,Ontario,M4A 1E1,416-751-4242,2024-07-24,,,2024-10-03 12:21:21,'2024-10-03 12:21:21'),builder,builder,1,0,0,0,0,0,0,0,0
32055,Interhome Developments Ltd,178 St George St,,,M5R 2M7,,2024-07-19,,,2024-10-03 12:21:21,'2024-10-03 12:21:21'),builder,builder,1,0,0,0,0,0,0,0,0
32060,Treasure Hill Homes,101 Bradwick Dr,Vaughan,Ontario,L4K 1K5,416-987-5500,2024-07-18,,,2024-10-03 12:21:21,'2024-10-03 12:21:21'),builder,builder,1,0,0,0,0,0,0,0,0
32071,Tribute Developments,"1815 Ironstone Manor, Unit 1",Pickering,Ontario,L1W 3W9,905-839-3500,2024-07-15,,,2024-10-03 12:21:22,'2024-10-03 12:21:22'),builder,builder,1,0,0,0,0,0,0,0,0
32075,Marlin Spring Developments,"2300 Yonge St, Ste 500",Toronto,Ontario,M4P 1E4more info: mi.pdf,416-619-3550,2024-07-12,,,2024-10-03 12:21:22,'2024-10-03 12:21:22'),builder,builder,1,0,0,0,0,0,0,0,0
32084,Brandt Properties Ltd,,Regina,SK,S4P 3R8more info: mi.pdf,306-791-3333,2024-07-03,,,2024-10-03 12:21:22,'2024-10-03 12:21:22'),builder,builder,1,0,0,0,0,0,0,0,0
32089,Minto Properties Inc,"4101 Yonge St, Ste 600",Toronto,Ontario,M2P 1N6,416-977-0777,2024-07-02,,,2024-10-03 12:21:23,'2024-10-03 12:21:23'),builder,builder,1,0,0,0,0,0,0,0,0
32092,Valery Homes,2140 King St E,Hamilton,Ontario,L8K 1W6,905-547-5056,2024-09-27,,,2024-10-03 12:21:23,'2024-10-03 12:21:23'),builder,builder,1,0,0,0,0,0,0,0,0
32099,Versailles Construction &amp; Design Inc,2727 Steeles Ave W,North York,Ontario,M3J 3G9,,2024-09-26,,,2024-10-03 12:21:23,'2024-10-03 12:21:23'),builder,builder,1,0,0,0,0,0,0,0,0
32100,Greenleaf Properties Ltd,2800 Woodhull Rd,,,N6K 4S5,,2024-09-24,,,2024-10-03 12:21:23,'2024-10-03 12:21:23'),builder,builder,1,0,0,0,0,0,0,0,0
32128,Pratt Development Inc,"27 Clapperton St, Ste 300",,,L4M 3E5,,2024-09-10,,,2024-10-03 12:21:24,'2024-10-03 12:21:24'),builder,builder,1,0,0,0,0,0,0,0,0
32144,Richcraft Homes Ltd,"2280 St Laurent Blvd, Ste 201",Ottawa,Ontario,K1G 4K1,613-739-7111,2024-08-29,,,2024-10-03 12:21:25,'2024-10-03 12:21:25'),builder,builder,1,0,0,0,0,0,0,0,0
32145,Aurorawood Homes Ltd,"1 Bradwick Dr, Unit 1",,,L4K 2T4,,2024-08-28,,,2024-10-03 12:21:25,'2024-10-03 12:21:25'),builder,builder,1,0,0,0,0,0,0,0,0
32149,Bayfield Realty Advisors Inc,"40 Eglinton Ave E, Ste 300",Toronto,Ontario,M4P 3A2,416-227-1552,2024-08-22,,,2024-10-03 12:21:25,'2024-10-03 12:21:25'),builder,builder,1,0,0,0,0,0,0,0,0
32150,900 SCW Properties Inc,"151 Bloor St W, Ste 500",,,M5S 1S4,,2024-08-21,,,2024-10-03 12:21:25,'2024-10-03 12:21:25'),builder,builder,1,0,0,0,0,0,0,0,0
32186,Lakeland Homes Ltd,105 Christy Lane,Tecumseh,Ontario,N8N 0C7,519-818-5336,2024-07-19,,,2024-10-03 12:21:27,'2024-10-03 12:21:27'),builder,builder,1,0,0,0,0,0,0,0,0
32187,Burnford Realty Ltd,"250B Greenbank Rd,  Ste 230",Ottawa,Ontario,K2H 8X4,613-726-8000,2024-07-16,,,2024-10-03 12:21:27,'2024-10-03 12:21:27'),builder,builder,1,0,0,0,0,0,0,0,0
32190,Sycamore Construction Ltd,111 Creditstone Rd,,,L4K 1N3,,2024-07-12,,,2024-10-03 12:21:27,'2024-10-03 12:21:27'),builder,builder,1,0,0,0,0,0,0,0,0
32191,Trisan Construction,"5878 Highway 9, Unit 4",Schomberg,Ontario,L0G 1T0,416-410-3839,2024-07-12,,,2024-10-03 12:21:27,'2024-10-03 12:21:27'),builder,builder,1,0,0,0,0,0,0,0,0
32192,Socfco Properties Ltd,"303 Richmond St, Ste 201",London,Ontario,N6B 2H8more info: mi.pdf,,2024-07-09,,,2024-10-03 12:21:27,'2024-10-03 12:21:27'),builder,builder,1,0,0,0,0,0,0,0,0
32211,Ripple Developments,"3300 Highway 7, Ste 660",Concord,Ontario,L4K 4M3,416-520-8840,2024-09-23,,,2024-10-03 13:40:57,'2024-10-03 13:40:57'),builder,builder,1,0,0,0,0,0,0,0,0
32212,44 Lindner Street Development Inc,494 Eastern Ave,,,M4M 1C5,,2024-09-19,,,2024-10-03 13:40:57,'2024-10-03 13:40:57'),builder,builder,1,0,0,0,0,0,0,0,0
32220,Freure Homes,"501 Krug St, Ste 201",Kitchener,Ontario,N2B 1L3more info: mi.pdf,519-578-7771,2024-09-11,,,2024-10-03 13:40:57,'2024-10-03 13:40:57'),builder,builder,1,0,0,0,0,0,0,0,0
32228,River Mill Properties Inc,"2000 Garth St, Ste 201",Hamilton,Ontario,L9B 0C1,,2024-09-04,,,2024-10-03 13:40:57,'2024-10-03 13:40:57'),builder,builder,1,0,0,0,0,0,0,0,0
32229,AT Realty Inc,275 Church St,,,N3B 2Z6,,2024-09-03,,,2024-10-03 13:40:58,'2024-10-03 13:40:58'),builder,builder,1,0,0,0,0,0,0,0,0
32234,Millview Realty Inc,49 Oakbriar Cres,Nepean,Ontario,K2J 5G1,,2024-08-30,,,2024-10-03 13:40:58,'2024-10-03 13:40:58'),builder,builder,1,0,0,0,0,0,0,0,0
32244,Fusion Homes,500 Hanlon Creek Blvd,Guelph,Ontario,N1C 0A1,519-826-6700,2024-08-26,,,2024-10-03 13:40:58,'2024-10-03 13:40:58'),builder,builder,1,0,0,0,0,0,0,0,0
32254,TFG Realty Ltd,375 King St W,Oshawa,Ontario,L1J 2K3,905-240-7300,2024-08-13,,,2024-10-03 13:40:59,'2024-10-03 13:40:59'),builder,builder,1,0,0,0,0,0,0,0,0
32264,Sheppard &amp; Faywood Developments Inc,"60 Marycroft Ave, Units 7 &amp;amp; 8",,,L4L 5Y5,,2024-08-01,,,2024-10-03 13:40:59,'2024-10-03 13:40:59'),builder,builder,1,0,0,0,0,0,0,0,0
32283,Bick Properties Inc,1616 Champlain Dr,Peterborough,Ontario,K9L 1N6,705-740-1992,2024-07-15,,,2024-10-03 13:41:00,'2024-10-03 13:41:00'),builder,builder,1,0,0,0,0,0,0,0,0
32284,New Horizon Development Group,,Burlington,Ontario,L7N 3W8,905-777-0000,2024-07-15,,,2024-10-03 13:41:00,'2024-10-03 13:41:00'),builder,builder,1,0,0,0,0,0,0,0,0
32286,Podere Construction Ltd,101 Bradwick Dr,,,L4K 1K5,,2024-07-11,,,2024-10-03 13:41:00,'2024-10-03 13:41:00'),builder,builder,1,0,0,0,0,0,0,0,0
32291,Altree Developments,"670 Caledonia Rd, Ste 301",Toronto,Ontario,M6E 4V9,647-715-5711,2024-07-04,,,2024-10-03 13:41:00,'2024-10-03 13:41:00'),builder,builder,1,0,0,0,0,0,0,0,0
32299,White Hawk Developments Corp,5530 Dalment Rd,Osgoode,Ontario,K0A 2W0more info: mi.pdf,,2024-10-11,,,2024-10-28 14:52:08,'2024-10-28 14:52:08'),builder,builder,1,0,0,0,0,0,0,0,0
32313,Sifton Properties Ltd,"1295 Riverbend Rd, Ste 300",London,Ontario,N6K 0G2,519-434-1000,2024-10-01,,,2024-10-28 14:52:09,'2024-10-28 14:52:09'),builder,builder,1,0,0,0,0,0,0,0,0
32319,Keele King Properties Ltd,,,,L4L 4Y5,,2024-10-01,,,2024-10-28 14:52:09,'2024-10-28 14:52:09'),builder,builder,1,0,0,0,0,0,0,0,0
32338,GoWest Realty,2273 Dundas St W,Toronto,Ontario,M6R 1X6more info: mi.pdf,416-534-3511,2024-10-17,,,2024-10-28 15:12:05,'2024-10-28 15:12:05'),builder,builder,1,0,0,0,0,0,0,0,0
32343,Elm Developments,,Vaughan,Ontario,L4K 1V6,905-709-8232,2024-10-16,,,2024-10-28 15:12:05,'2024-10-28 15:12:05'),builder,builder,1,0,0,0,0,0,0,0,0
32356,Pesada Properties Inc,"155 Frobisher Dr, Unit F120",,,N2V 2E1,,2024-10-11,,,2024-10-28 15:12:06,'2024-10-28 15:12:06'),builder,builder,1,0,0,0,0,0,0,0,0
32371,Berkshire Axis Development,,Toronto,Ontario,M3B 2R2,416-485-7860,2024-10-08,,,2024-10-28 15:12:07,'2024-10-28 15:12:07'),builder,builder,1,0,0,0,0,0,0,0,0
32373,3242 Sandwich Development Inc,19 Barnwood Ct,,,M3A 3G2,,2024-10-08,,,2024-10-28 15:12:07,'2024-10-28 15:12:07'),builder,builder,1,0,0,0,0,0,0,0,0
32376,Brad J Lamb Realty,,Toronto,Ontario,M5V 1N6,416-368-5262,2024-10-07,,,2024-10-28 15:12:07,'2024-10-28 15:12:07'),builder,builder,1,0,0,0,0,0,0,0,0
32377,Drygas Properties Inc,22111 Valleyview Rd,Thorndale,Ontario,N0M 2P0,,2024-10-07,,,2024-10-28 15:12:07,'2024-10-28 15:12:07'),builder,builder,1,0,0,0,0,0,0,0,0
32408,Maryhill Development Inc,74 St Charles St W,Maryhill,Ontario,N0B 2B0,,2024-10-02,,,2024-10-28 15:12:09,'2024-10-28 15:12:09'),builder,builder,1,0,0,0,0,0,0,0,0
32417,284 Plains Road Developments Inc,1065 Clarke Rd,London,Ontario,N5V 3B3,,2024-10-02,,,2024-10-28 15:12:09,'2024-10-28 15:12:09'),builder,builder,1,0,0,0,0,0,0,0,0
32449,Canada Residential Rental Ltd,"1670 North Service Rd E, Ste 210",Oakville,Ontario,L6H 7G3,,2024-10-01,,,2024-10-28 15:12:10,'2024-10-28 15:12:10'),builder,builder,1,0,0,0,0,0,0,0,0
32454,Bayside Homes Ltd,20 Division Rd N,,,N0R 1B0,,2024-10-18,,,2024-10-28 16:12:20,'2024-10-28 16:12:20'),builder,builder,1,0,0,0,0,0,0,0,0
32483,Pol Quality Homes Inc,"139 Herbert St, Unit 7",Mitchell,Ontario,N0K 1N0,519-348-5005,2024-10-16,,,2024-10-28 16:12:21,'2024-10-28 16:12:21'),builder,builder,1,0,0,0,0,0,0,0,0
32486,Rice Development Company Inc,7735 Kennedy Rd S,Brampton,Ontario,L6W 0B9,905-796-3630,2024-10-16,,,2024-10-28 16:12:21,'2024-10-28 16:12:21'),builder,builder,1,0,0,0,0,0,0,0,0
32487,McCann Developments Inc,"69478 Bronson Line, RR 3",Dashwood,Ontario,N0M 1N0,,2024-10-16,,,2024-10-28 16:12:21,'2024-10-28 16:12:21'),builder,builder,1,0,0,0,0,0,0,0,0
32499,Aliko Properties Inc,2100 Queen St E,Toronto,Ontario,M4E 1E1,,2024-10-15,,,2024-10-28 16:12:22,'2024-10-28 16:12:22'),builder,builder,1,0,0,0,0,0,0,0,0
32511,LCH Developments,25306 Ontario Ltd&amp;nbsp; &amp;nbsp; &amp;nbsp;647-478-7987,Scarborough,Ontario,M1N 1T8,647-478-7987,2024-10-15,,,2024-10-28 16:12:23,'2024-10-28 16:12:23'),builder,builder,1,0,0,0,0,0,0,0,0
32517,Guy Saumure &amp; Sons Construction Ltd,91 Cornelia St W,,,K7A 2H7,,2024-10-11,,,2024-10-28 16:12:23,'2024-10-28 16:12:23'),builder,builder,1,0,0,0,0,0,0,0,0
32527,CBBG Realty Inc,46 Main St W,,,P0M 1l0,,2024-10-10,,,2024-10-28 16:12:24,'2024-10-28 16:12:24'),builder,builder,1,0,0,0,0,0,0,0,0
32550,Main Street Properties Inc,176 Fernbrook Dr,Wasaga Beach,Ontario,L9Z 2B1,,2024-10-07,,,2024-10-28 16:12:25,'2024-10-28 16:12:25'),builder,builder,1,0,0,0,0,0,0,0,0
32588,PVH Properties Ltd,"573 Danforth Ave, 2nd Flr",Toronto,Ontario,M4K 1P9,,2024-10-02,,,2024-10-28 16:12:27,'2024-10-28 16:12:27'),builder,builder,1,0,0,0,0,0,0,0,0
32617,Kolt Realty Inc,40 Martin Grove GP Inc&amp;nbsp; &amp;nbsp; &amp;nbsp;416-860-3660,Toronto,Ontario,M4P 1E4,416-860-3660,2024-10-01,,,2024-10-28 16:12:28,'2024-10-28 16:12:28'),builder,builder,1,0,0,0,0,0,0,0,0
32629,Thalen Bros Properties Ltd,7988 Wellington Rd 7,,,N0B 1S0,,2024-10-01,,,2024-10-28 16:12:29,'2024-10-28 16:12:29'),builder,builder,1,0,0,0,0,0,0,0,0
32634,B &amp; P Richardson Properties Inc,1390 Hallen Pl,,,L4R 5J7,,2024-10-01,,,2024-10-28 16:12:29,'2024-10-28 16:12:29'),builder,builder,1,0,0,0,0,0,0,0,0
32638,Freure Homes,"501 Krug St, Ste 201",Kitchener,Ontario,N2B 1L3,519-578-7771,2024-10-01,,,2024-10-28 16:12:29,'2024-10-28 16:12:29'),builder,builder,1,0,0,0,0,0,0,0,0
32641,Indwell Community Homes,1430 Main St E,Hamilton,Ontario,L8K 1C3,866-529-0454,2024-10-01,,,2024-10-28 16:12:29,'2024-10-28 16:12:29'),builder,builder,1,0,0,0,0,0,0,0,0
32659,Mountainview Building Group,"3340 Schmon Pkwy, Unit 1",Thorold,Ontario,L2Y 4Y6,905-688-3100,2024-11-01,,,2024-11-11 14:45:18,'2024-11-11 14:45:18'),builder,builder,1,0,0,0,0,0,0,0,0
32680,Visscher Developments Inc,412517 Cranberry Line,,,N4G 4G8,,2024-11-01,,,2024-11-11 14:45:19,'2024-11-11 14:45:19'),builder,builder,1,0,0,0,0,0,0,0,0
32685,Stoney Creek Community Homes Inc,425 Melvin Ave,,,L8H 2L4,,2024-11-01,,,2024-11-11 14:45:19,'2024-11-11 14:45:19'),builder,builder,1,0,0,0,0,0,0,0,0
32718,Windmill Development Group,"150 Elgin St, Ste 1000",Ottawa,Ontario,K2P 1L4,613-820-5600,2024-11-01,,,2024-11-11 14:45:21,'2024-11-11 14:45:21'),builder,builder,1,0,0,0,0,0,0,0,0
32723,Stonebrooke Homes,"91 Friuli Ct, Unit 4",Woodbridge,Ontario,L4L 7H2,905-851-2772,2024-11-01,,,2024-11-11 14:45:21,'2024-11-11 14:45:21'),builder,builder,1,0,0,0,0,0,0,0,0
32793,Muse Properties Ltd,17 Main St N,Waterdown,Ontario,L8B 0L7,905-635-7159,2024-10-31,,,2024-11-11 14:45:24,'2024-11-11 14:45:24'),builder,builder,1,0,0,0,0,0,0,0,0
32796,Jo-Lynn Construction Inc,322 Burt Rd,,,N0E 1N0,,2024-10-31,,,2024-11-11 14:45:24,'2024-11-11 14:45:24'),builder,builder,1,0,0,0,0,0,0,0,0
32798,Thalen Bros Properties Ltd,6899 Wellington Rd 7,,,N0B 1S0,,2024-10-31,,,2024-11-11 14:45:24,'2024-11-11 14:45:24'),builder,builder,1,0,0,0,0,0,0,0,0
32799,NTSB Properties Inc,600 Davidson St S,Listowel,Ontario,N4W 0G7,,2024-10-31,,,2024-11-11 14:45:24,'2024-11-11 14:45:24'),builder,builder,1,0,0,0,0,0,0,0,0
32800,Ashcroft Homes - La Promenade Inc,18 Antares Dr,Nepean,Ontario,K2E 1A9,613-226-7266,2024-10-30,,,2024-11-11 14:45:25,'2024-11-11 14:45:25'),builder,builder,1,0,0,0,0,0,0,0,0
32804,Loca Properties (AB-ON) Inc,"30 N LaSalle St, Ste 4140",Chicago,IL,USA - 60602,,2024-10-30,,,2024-11-11 14:45:25,'2024-11-11 14:45:25'),builder,builder,1,0,0,0,0,0,0,0,0
32806,Mobeco Properties Inc,13 Salisbury Ave,,,N1S 1H7,,2024-10-30,,,2024-11-11 14:45:25,'2024-11-11 14:45:25'),builder,builder,1,0,0,0,0,0,0,0,0
32810,Potters Creek Developments Inc,,,,K8V 5R9,,2024-10-30,,,2024-11-11 14:45:25,'2024-11-11 14:45:25'),builder,builder,1,0,0,0,0,0,0,0,0
32818,JG Real Properties Inc,64 Spring Hill Dr,King City,Ontario,L7B 0B4,905-539-1017,2024-10-30,,,2024-11-11 14:45:25,'2024-11-11 14:45:25'),builder,builder,1,0,0,0,0,0,0,0,0
32823,Karps Developments Inc,96 Aylesbury Dr,Brampton,Ontario,L7A 0W4,,2024-10-30,,,2024-11-11 14:45:26,'2024-11-11 14:45:26'),builder,builder,1,0,0,0,0,0,0,0,0
32843,Devron Developments,,Toronto,Ontario,M3B 2R2,416-471-3706,2024-10-29,,,2024-11-11 14:45:26,'2024-11-11 14:45:26'),builder,builder,1,0,0,0,0,0,0,0,0
32858,Dorplex Realty Inc,100 Norfinch Dr,Toronto,Ontario,M3N 1X1,416-744-3667,2024-10-28,,,2024-11-11 14:45:27,'2024-11-11 14:45:27'),builder,builder,1,0,0,0,0,0,0,0,0
32880,Edenshaw Ann Developments Ltd,"129 Lakeshore Rd E, Ste 201",,,L5G 1E5,,2024-10-25,,,2024-11-11 14:45:28,'2024-11-11 14:45:28'),builder,builder,1,0,0,0,0,0,0,0,0
32882,Yukon Construction Inc,"665 Millway Ave, Unit 61",Concord,Ontario,L4K 3T8,905-738-6110,2024-10-25,,,2024-11-11 14:45:28,'2024-11-11 14:45:28'),builder,builder,1,0,0,0,0,0,0,0,0
32902,Golden Horseshoe Court Developments Ltd,1296 Britton Cres,,,L9E 1J5,,2024-10-25,,,2024-11-11 14:45:30,'2024-11-11 14:45:30'),builder,builder,1,0,0,0,0,0,0,0,0
32904,Panattoni Development Co,9404635 Canada Inc,Toronto,Ontario,M9C 5L5,416-915-1970,2024-10-24,,,2024-11-11 14:45:30,'2024-11-11 14:45:30'),builder,builder,1,0,0,0,0,0,0,0,0
32907,Centurion Apartment Properties,25 Sheppard Ave W,Toronto,Ontario,M2N 6S6more info: mi.pdf,416-733-5600,2024-10-24,,,2024-11-11 14:45:30,'2024-11-11 14:45:30'),builder,builder,1,0,0,0,0,0,0,0,0
32915,Andaric Developments Inc,3096 Line 10,,,L0L 1T0,,2024-10-24,,,2024-11-11 14:45:30,'2024-11-11 14:45:30'),builder,builder,1,0,0,0,0,0,0,0,0
32918,Re/Max City Centre Realty Inc,675 Adelaide St N,London,Ontario,N5Y 2L4,519-667-1800,2024-10-24,,,2024-11-11 14:45:30,'2024-11-11 14:45:30'),builder,builder,1,0,0,0,0,0,0,0,0
32920,Cachet Developments (Baitley) Inc,"2555 Meadowpine Blvd, Unit 3",Mississauga,Ontario,L5N 6C3,905-764-1983,2024-10-24,,,2024-11-11 14:45:30,'2024-11-11 14:45:30'),builder,builder,1,0,0,0,0,0,0,0,0
32929,Barry&#039;s Construction and Insulation Ltd,"7839 Hwy 21, PO Box 30",Allenford,Ontario,N0H 1A0,519-934-3374,2024-10-24,,,2024-11-11 14:45:31,'2024-11-11 14:45:31'),builder,builder,1,0,0,0,0,0,0,0,0
32932,Solid General Contractors,66 Leek Cres,Richmond Hill,Ontario,L4B 1H1,905-475-0707,2024-10-24,,,2024-11-11 14:45:31,'2024-11-11 14:45:31'),builder,builder,1,0,0,0,0,0,0,0,0
32948,Kolt Realty Inc,0-330 Esna Park GP Inc,Toronto,Ontario,M4P 1E4,416-860-3660,2024-10-23,,,2024-11-11 14:45:32,'2024-11-11 14:45:32'),builder,builder,1,0,0,0,0,0,0,0,0
32950,1031 Wilson Ave Development Ltd,"45 St Clair Ave W, Ste 200",Toronto,Ontario,M4V 1K9,,2024-10-22,,,2024-11-11 14:45:32,'2024-11-11 14:45:32'),builder,builder,1,0,0,0,0,0,0,0,0
32952,MacPherson Builders (Clearview) Ltd,"5525 Eglinton Ave W, Unit 128",Toronto,Ontario,M9C 5K5,905-882-8000,2024-10-22,,,2024-11-11 14:45:32,'2024-11-11 14:45:32'),builder,builder,1,0,0,0,0,0,0,0,0
32966,Kemptville Building Centre Ltd,"100 Queen St, Ste 700",Ottawa,Ontario,K1P 1J9,,2024-12-24,,,2025-01-09 19:50:11,'2025-01-09 19:50:11'),builder,builder,1,0,0,0,0,0,0,0,0
32967,Kemptville Properties Inc,3366 Cornish Hollow Rd,Cobourg,Ontario,K9A 4J9,,2024-12-24,,,2025-01-09 19:50:11,'2025-01-09 19:50:11'),builder,builder,1,0,0,0,0,0,0,0,0
32971,CountryWide Homes Ltd,1500 Highway No 7,Vaughan,Ontario,L4K 5Y4,905-907-1500,2024-12-20,,,2025-01-09 19:50:11,'2025-01-09 19:50:11'),builder,builder,1,0,0,0,0,0,0,0,0
32974,Bromont Homes Inc,"60 Saramia Cres, Unit 7",Vaughan Ontario,,L4K 4J7,905-850-3333,2024-12-20,,,2025-01-09 19:50:11,'2025-01-09 19:50:11'),builder,builder,1,0,0,0,0,0,0,0,0
32975,Bridge (By The River) Developments Inc,"2578 Bristol Circle, Unit 17",Oakville,Ontario,L6H 6Z7,,2024-12-20,,,2025-01-09 19:50:11,'2025-01-09 19:50:11'),builder,builder,1,0,0,0,0,0,0,0,0
32976,Cabbage Patch Developments Inc,"351 King St E, 13th Flr",Toronto,Ontario,M5A 0L6,416-491-7778,2024-12-20,,,2025-01-09 19:50:11,'2025-01-09 19:50:11'),builder,builder,1,0,0,0,0,0,0,0,0
32977,Loblaw Properties Ltd,1 Presidents Choice Circle,Brampton,Ontario,L6Y 5S5,905-459-2500,2024-12-20,,,2025-01-09 19:50:11,'2025-01-09 19:50:11'),builder,builder,1,0,0,0,0,0,0,0,0
32995,Mosaik Homes,8800 Jane St,Vaughan,Ontario,L4K 2M9,905-738-6444,2024-12-18,,,2025-01-09 19:50:12,'2025-01-09 19:50:12'),builder,builder,1,0,0,0,0,0,0,0,0
33005,Cedar City TFP Whitby Developments Inc,"124 Merton St, Ste 502",,,M4S 2Z2,,2024-12-17,,,2025-01-09 19:50:13,'2025-01-09 19:50:13'),builder,builder,1,0,0,0,0,0,0,0,0
33011,Vaughan Realty Corp,1712 Dundas St,London,Ontario,N5W 3C9,,2024-12-17,,,2025-01-09 19:50:13,'2025-01-09 19:50:13'),builder,builder,1,0,0,0,0,0,0,0,0
33021,Zen Trinity Properties Inc,39 Orchid Cres,,,L0G 1N0,,2024-12-16,,,2025-01-09 19:50:14,'2025-01-09 19:50:14'),builder,builder,1,0,0,0,0,0,0,0,0
33044,Argo Development Corp,,Burlington,Ontario,L7M 0W7,905-336-5545,2024-12-10,,,2025-01-09 19:50:15,'2025-01-09 19:50:15'),builder,builder,1,0,0,0,0,0,0,0,0
33048,Fernbrook Homes (Bronte Green 76) Ltd,"2220 Highway 7, Unit 5",Concord,Ontario,L4K 1W7,416-667-0447,2024-12-10,,,2025-01-09 19:50:15,'2025-01-09 19:50:15'),builder,builder,1,0,0,0,0,0,0,0,0
33050,Embee Properties Ltd,"88 Sheppard Ave W, Ste 200",Toronto,Ontario,M2N 1M5,416-250-5858,2024-12-10,,,2025-01-09 19:50:15,'2025-01-09 19:50:15'),builder,builder,1,0,0,0,0,0,0,0,0
33051,Patilda Construction Inc,30 Floral Pkwy,,,L4K 4R1,,2024-12-09,,,2025-01-09 19:50:15,'2025-01-09 19:50:15'),builder,builder,1,0,0,0,0,0,0,0,0
33057,Lanterra 234 Simcoe Realty Ltd,2811 Dufferin St,Toronto,Ontario,M6B 2R9,416-635-7424,2024-12-06,,,2025-01-09 19:50:15,'2025-01-09 19:50:15'),builder,builder,1,0,0,0,0,0,0,0,0
33065,Falco Properties,"3845 Bathurst St, Ste 202",Toronto,Ontario,M3H 3N2,416-665-9911,2024-12-05,,,2025-01-09 19:50:16,'2025-01-09 19:50:16'),builder,builder,1,0,0,0,0,0,0,0,0
33067,Cook Homes Waterloo Ltd,"695 Rupert St, Unit B",Waterloo,Ontario,N2V 1Z5,519-746-6244,2024-12-05,,,2025-01-09 19:50:16,'2025-01-09 19:50:16'),builder,builder,1,0,0,0,0,0,0,0,0
33068,Croy Properties Inc,11 Kelfield St,,,M9W 5A1,,2024-12-05,,,2025-01-09 19:50:16,'2025-01-09 19:50:16'),builder,builder,1,0,0,0,0,0,0,0,0
33084,Good Shepherd Non-Profit Homes Inc,400 King St W,Hamilton,Ontario,L8N 3R1,905-528-5877,2024-12-02,,,2025-01-09 19:50:16,'2025-01-09 19:50:16'),builder,builder,1,0,0,0,0,0,0,0,0
33094,Midome Construction,200 Midwest Rd,Scarborough,Ontario,M1P 3A9,416-757-2510,2024-11-29,,,2025-01-09 19:50:17,'2025-01-09 19:50:17'),builder,builder,1,0,0,0,0,0,0,0,0
33103,Broccolini Construction Inc,00 Industrial Park GP Inc&amp;nbsp; &amp;nbsp; &amp;nbsp;514-737-0076,Kirkland,QC,H9H 4M7,514-737-0076,2024-11-28,,,2025-01-09 19:50:18,'2025-01-09 19:50:18'),builder,builder,1,0,0,0,0,0,0,0,0
33112,Developpements Bentom,,Saint Isidore,Ontario,K0C 2B0,,2024-11-28,,,2025-01-09 19:50:18,'2025-01-09 19:50:18'),builder,builder,1,0,0,0,0,0,0,0,0
33113,Mic Mac Realty (Ottawa) Ltd,"396 Cooper St, Ste 200",Ottawa,Ontario,K2P 2H7,613-565-3813,2024-11-28,,,2025-01-09 19:50:18,'2025-01-09 19:50:18'),builder,builder,1,0,0,0,0,0,0,0,0
33120,Deco Homes,"570 Applewood Cres, Unit 1",Vaughan,Ontario,L4K 4B4,905-907-0300,2024-11-27,,,2025-01-09 19:50:18,'2025-01-09 19:50:18'),builder,builder,1,0,0,0,0,0,0,0,0
33140,Argo (Joshua Creek) Developments Ltd,"4900 Palladium Way, Ste 105",Burlington,Ontario,L7M 0W7,905-336-5545,2024-11-22,,,2025-01-09 19:50:19,'2025-01-09 19:50:19'),builder,builder,1,0,0,0,0,0,0,0,0
33141,Valery Homes,2140 King St E,Hamilton,Ontario,L8K 1W6,905-547-5056,2024-11-22,,,2025-01-09 19:50:19,'2025-01-09 19:50:19'),builder,builder,1,0,0,0,0,0,0,0,0
33144,PR Properties Ltd,38 Rinas Ave,,,L6C 0N7,,2024-11-21,,,2025-01-09 19:50:19,'2025-01-09 19:50:19'),builder,builder,1,0,0,0,0,0,0,0,0
33147,Workman Road Developments Inc,"4711 Yonge St, Ste 705",Toronto,Ontario,M2N 6K8,,2024-11-21,,,2025-01-09 19:50:19,'2025-01-09 19:50:19'),builder,builder,1,0,0,0,0,0,0,0,0
33162,Tribute Developments,"1815 Ironstone Manor, Unit 1",Pickering,Ontario,L1W 3W9,905-839-3500,2024-11-19,,,2025-01-09 19:50:20,'2025-01-09 19:50:20'),builder,builder,1,0,0,0,0,0,0,0,0
33164,GTA Development Corp,,Concord,Ontario,L4K 3C4,905-738-3675,2024-11-19,,,2025-01-09 19:50:20,'2025-01-09 19:50:20'),builder,builder,1,0,0,0,0,0,0,0,0
33169,Mayfield McLuaghlin Developments Inc,"124 Merton St, Ste 502",,,M4S 2Z2,,2024-11-18,,,2025-01-09 19:50:20,'2025-01-09 19:50:20'),builder,builder,1,0,0,0,0,0,0,0,0
33180,1623 Wellington Street Developments Ltd,3200 Highway 7,,,L4K 5Z5,,2024-11-18,,,2025-01-09 19:50:21,'2025-01-09 19:50:21'),builder,builder,1,0,0,0,0,0,0,0,0
33189,WO MW Realty Ltd,"180 Renfrew Dr, Ste 230",Markham,Ontario,L3R 9Z2more info: mi.pdf,,2024-11-15,,,2025-01-09 19:50:21,'2025-01-09 19:50:21'),builder,builder,1,0,0,0,0,0,0,0,0
33201,Riverside South Development Corp,2193 Arch St,,,K1G 2H5,,2024-11-15,,,2025-01-09 19:50:22,'2025-01-09 19:50:22'),builder,builder,1,0,0,0,0,0,0,0,0
33223,38 Goddard Developments Corp,140-142 Ryding Ave,,,M6N 1H2,,2024-11-13,,,2025-01-09 19:50:22,'2025-01-09 19:50:22'),builder,builder,1,0,0,0,0,0,0,0,0
33224,Ripple Developments,"3300 Highway 7, Ste 660",Concord,Ontario,L4K 4M3more info: mi.pdf,416-520-8840,2024-11-13,,,2025-01-09 19:50:22,'2025-01-09 19:50:22'),builder,builder,1,0,0,0,0,0,0,0,0
33228,Beedie ON (Morningside Ave) Property Ltd,"401 The West Mall, Ste 1101",Etobicoke,Ontario,M9C 5J5,647-598-0268,2024-11-13,,,2025-01-09 19:50:23,'2025-01-09 19:50:23'),builder,builder,1,0,0,0,0,0,0,0,0
33235,Townwood Homes,"1 Bradwick Dr, Ste 1",Concord,Ontario,L4K 2T4,905-669-1615,2024-11-12,,,2025-01-09 19:50:23,'2025-01-09 19:50:23'),builder,builder,1,0,0,0,0,0,0,0,0
33243,Head Construction and Supply Co Ltd,"1584 Parent Ave, Unit 1",,,N8X 4J7,,2024-11-12,,,2025-01-09 19:50:23,'2025-01-09 19:50:23'),builder,builder,1,0,0,0,0,0,0,0,0
33250,Northwest Stratford (2016) Developments Inc,"1255 Commissioners Rd W, Ste 225",,,N6K 3N5,,2024-11-08,,,2025-01-09 19:50:24,'2025-01-09 19:50:24'),builder,builder,1,0,0,0,0,0,0,0,0
33254,1896 Forbes Property Ltd,1520 Shore Acres Dr,Gilford,Ontario,L0L 1R0,,2024-11-08,,,2025-01-09 19:50:24,'2025-01-09 19:50:24'),builder,builder,1,0,0,0,0,0,0,0,0
33255,1895 Forbes Property Inc,1520 Shore Acres Dr,Gilford,Ontario,L0L 1R0,,2024-11-08,,,2025-01-09 19:50:24,'2025-01-09 19:50:24'),builder,builder,1,0,0,0,0,0,0,0,0
33260,Blackbridge Property Inc,233 Edward St,,,N5P 1Z4,,2024-11-07,,,2025-01-09 19:50:24,'2025-01-09 19:50:24'),builder,builder,1,0,0,0,0,0,0,0,0
33273,Hallman Construction Ltd,20 Crestview Place,Kitchener,Ontario,N2B 0A2,519-744-6353,2024-11-06,,,2025-01-09 19:50:25,'2025-01-09 19:50:25'),builder,builder,1,0,0,0,0,0,0,0,0
33274,Ridgeview Homes Inc,"334 Manitou Dr, Unit A",Kitchener,Ontario,N2C 1L3,519-748-0087,2024-11-06,,,2025-01-09 19:50:25,'2025-01-09 19:50:25'),builder,builder,1,0,0,0,0,0,0,0,0
33280,Lesso Mall Development (Toronto) Ltd,55 Freeway Dr,,,L4K 1S1,,2024-11-05,,,2025-01-09 19:50:25,'2025-01-09 19:50:25'),builder,builder,1,0,0,0,0,0,0,0,0
33283,JPD Properties Inc,7 Sir Williams Lane,Toronto,Ontario,M9A 1T8,416-531-7857,2024-11-05,,,2025-01-09 19:50:25,'2025-01-09 19:50:25'),builder,builder,1,0,0,0,0,0,0,0,0
33284,Parkview Homes,"637 The Queensway, Ste 17",Peterborough,Ontario,K9J 7J6,705-768-2829,2024-11-05,,,2025-01-09 19:50:25,'2025-01-09 19:50:25'),builder,builder,1,0,0,0,0,0,0,0,0
33287,Macey Bay Developments Corp,"145 Adealide St W, Ste 500",,,M5H 4E5,,2024-11-05,,,2025-01-09 19:50:25,'2025-01-09 19:50:25'),builder,builder,1,0,0,0,0,0,0,0,0
33291,Marshall Homes (Jax) Inc,"1295 Wharf St, Unit 9",Pickering,Ontario,L1W 1A2,905-420-1500,2024-11-05,,,2025-01-09 19:50:26,'2025-01-09 19:50:26'),builder,builder,1,0,0,0,0,0,0,0,0
33297,2320 Properties Inc,2060 Dickson Rd,Mississauga,Ontario,L5B 1Y6,,2024-11-04,,,2025-01-09 19:50:26,'2025-01-09 19:50:26'),builder,builder,1,0,0,0,0,0,0,0,0
33298,Vive Development,1020 King St E,Kitchener,Ontario,N2G 2M9more info: mi.pdf,519-208-9675,2024-11-04,,,2025-01-09 19:50:26,'2025-01-09 19:50:26'),builder,builder,1,0,0,0,0,0,0,0,0
33308,Forbes Building Material Ltd,"736 Boundary Rd, RR 2",Mountain,Ontario,K0E 1S0,,2024-11-15,,,2025-01-09 19:50:29,'2025-01-09 19:50:29'),builder,builder,1,0,0,0,0,0,0,0,0
33328,Oak Bridge Properties Inc,"133 Manitou Dr, Ste A",Kitchener,Ontario,N2C 1L4,519-745-4050,2024-11-14,,,2025-01-09 19:50:30,'2025-01-09 19:50:30'),builder,builder,1,0,0,0,0,0,0,0,0
33342,Nora Lee Properties Inc,"101 Toro Rd, Unit 13",Toronto,Ontario,M3J 2Z1,647-922-6351,2024-11-14,,,2025-01-09 19:50:31,'2025-01-09 19:50:31'),builder,builder,1,0,0,0,0,0,0,0,0
33366,Ontario Building Officials Association,5045 Orbitor Dr,Mississauga,Ontario,L4W 4Y4,905-264-1662,2024-11-12,,,2025-01-09 19:50:33,'2025-01-09 19:50:33'),builder,builder,1,0,0,0,0,0,0,0,0
33383,Ohaz Developer Inc,131 Chine Dr,Scarborough,Ontario,M1M 2K8,,2024-11-08,,,2025-01-09 19:50:34,'2025-01-09 19:50:34'),builder,builder,1,0,0,0,0,0,0,0,0
33390,Market Developments Inc,1770 Argentia Rd,Mississauga,Ontario,L5N 3S7,,2024-11-08,,,2025-01-09 19:50:35,'2025-01-09 19:50:35'),builder,builder,1,0,0,0,0,0,0,0,0
33392,Applewood Realty Corp,,,,K8N 2Z0,,2024-11-07,,,2025-01-09 19:50:36,'2025-01-09 19:50:36'),builder,builder,1,0,0,0,0,0,0,0,0
33395,Fairlane Developments Inc,,,,N8N 1Y3,,2024-11-07,,,2025-01-09 19:50:36,'2025-01-09 19:50:36'),builder,builder,1,0,0,0,0,0,0,0,0
33396,Petcon Realty GP Inc,2504 Binder Cres,Oldcastle,Ontario,N0R 1L0,519-737-1292,2024-11-07,,,2025-01-09 19:50:36,'2025-01-09 19:50:36'),builder,builder,1,0,0,0,0,0,0,0,0
33398,Birchstone Developments Inc,"1450 O&#039;Connor Dr, Unit 43",,,M5B 2T8,,2024-11-07,,,2025-01-09 19:50:36,'2025-01-09 19:50:36'),builder,builder,1,0,0,0,0,0,0,0,0
33401,Dunbury Developments (Orillia) Ltd,,,,,,2024-11-07,,,2025-01-09 19:50:37,'2025-01-09 19:50:37'),builder,builder,1,0,0,0,0,0,0,0,0
33402,Platinum Construction Corp,"83 Citation Dr, Unit 2",Concord,Ontario,L4K 2Z6,905-763-8119,2024-11-07,,,2025-01-09 19:50:37,'2025-01-09 19:50:37'),builder,builder,1,0,0,0,0,0,0,0,0
33409,Madami Properties Inc,,Sudbury,Ontario,P3B 0B9,,2024-11-07,,,2025-01-09 19:50:37,'2025-01-09 19:50:37'),builder,builder,1,0,0,0,0,0,0,0,0
33426,Blue Co Properties Ltd,10 First St S,Stoney Creek,Ontario,L8G 1P6,,2024-11-06,,,2025-01-09 19:50:38,'2025-01-09 19:50:38'),builder,builder,1,0,0,0,0,0,0,0,0
33431,IN8 Developments Inc,"180 Columbia St W, Ste 3",Waterloo,Ontario,N2L 3L3,519-954-8868,2024-11-05,,,2025-01-09 19:50:39,'2025-01-09 19:50:39'),builder,builder,1,0,0,0,0,0,0,0,0
33466,Treasure Hill Homes,101 Bradwick Dr,Vaughan,Ontario,L4K 1K5,416-987-5500,2024-12-20,,,2025-01-10 03:20:17,'2025-01-10 03:20:17'),builder,builder,1,0,0,0,0,0,0,0,0
33471,Panattoni Development Co,11035380 Canada Inc,Toronto,Ontario,M9C 5L5,416-915-1970,2024-12-20,,,2025-01-10 03:20:17,'2025-01-10 03:20:17'),builder,builder,1,0,0,0,0,0,0,0,0
33496,Benderson Development,,Niagara Falls,Ontario,L2E 6S8,,2024-12-18,,,2025-01-10 03:20:18,'2025-01-10 03:20:18'),builder,builder,1,0,0,0,0,0,0,0,0
33498,Chambers Building (Ottawa) Inc,"134 Peter St, Ste 1700",,,M5V 2H2,,2024-12-18,,,2025-01-10 03:20:18,'2025-01-10 03:20:18'),builder,builder,1,0,0,0,0,0,0,0,0
33500,Greycan 13 Properties Inc,"185 The West Mall, Ste 860",Toronto,Ontario,M9C 5L5,416-915-1970,2024-12-18,,,2025-01-10 03:20:18,'2025-01-10 03:20:18'),builder,builder,1,0,0,0,0,0,0,0,0
33505,Sifton Properties Ltd,"1295 Riverbend Rd, Ste 300",London,Ontario,N6K 0G2,519-434-1000,2024-12-18,,,2025-01-10 03:20:18,'2025-01-10 03:20:18'),builder,builder,1,0,0,0,0,0,0,0,0
33514,Broccolini Construction Inc,,Kirkland,Quebec,H9H 4M7,514-737-0076,2024-12-16,,,2025-01-10 03:20:19,'2025-01-10 03:20:19'),builder,builder,1,0,0,0,0,0,0,0,0
33529,Prominent Homes Inc,363 Ireland Rd,Simcoe,Ontario,N3Y 4K4,519-426-9186,2024-12-12,,,2025-01-10 03:20:20,'2025-01-10 03:20:20'),builder,builder,1,0,0,0,0,0,0,0,0
33543,JG Real Properties Inc,301 Bradwick Rd,Vaughan,Ontario,L4K 1K5more info: mi.pdf,,2024-12-10,,,2025-01-10 03:20:21,'2025-01-10 03:20:21'),builder,builder,1,0,0,0,0,0,0,0,0
33562,W Fried Construction Ltd,2127 Stavebank Rd N,,,L5C 1T3,,2024-12-03,,,2025-01-10 03:20:22,'2025-01-10 03:20:22'),builder,builder,1,0,0,0,0,0,0,0,0
33563,Acton Properties GP Inc,466 South River Rd,Elora,Ontario,N0B 1S0more info: mi.pdf,,2024-12-03,,,2025-01-10 03:20:22,'2025-01-10 03:20:22'),builder,builder,1,0,0,0,0,0,0,0,0
33565,Context Development Inc,"46 Sherbourne St, Ste 300",Toronto,Ontario,M5A 1J9,416-863-0202,2024-12-03,,,2025-01-10 03:20:22,'2025-01-10 03:20:22'),builder,builder,1,0,0,0,0,0,0,0,0
33575,Freed Development Corp,"552 Wellington St W, Ste 1500",Toronto,Ontario,M5V 2V5,416-781-5699,2024-12-02,,,2025-01-10 03:20:22,'2025-01-10 03:20:22'),builder,builder,1,0,0,0,0,0,0,0,0
33599,Berkshire Axis Development,,Toronto,Ontario,M3B 2R2,416-485-7860,2024-12-20,,,2025-01-11 19:02:08,'2025-01-11 19:02:08'),builder,builder,1,0,0,0,0,0,0,0,0
33605,Mile Square Developments Inc,3592 Stonecreek Cres,,,L4Y 3S7,,2024-12-20,,,2025-01-11 19:02:08,'2025-01-11 19:02:08'),builder,builder,1,0,0,0,0,0,0,0,0
33608,Empire Park Developments Ltd,"3000 Langstaff Rd, Unit 7",,,L4K 4R7,,2024-12-20,,,2025-01-11 19:02:09,'2025-01-11 19:02:09'),builder,builder,1,0,0,0,0,0,0,0,0
33612,Jack Developments Inc,109 Centre St S,Whitby,Ontario,L1N 4V6,,2024-12-20,,,2025-01-11 19:02:09,2025-01-11 19:02:09,builder,builder,1,0,0,0,0,0,0,0,0
33613,Woolverton Development Corp,"180 Bloor St W, Ste 701",Toronto,Ontario,M5S 2V6,,2024-12-19,,,2025-01-11 19:02:09,'2025-01-11 19:02:09'),builder,builder,1,0,0,0,0,0,0,0,0
33631,PPT Realty Inc,95 Sarracini Cres,,,L4L 0E1,,2024-12-18,,,2025-01-11 19:02:10,'2025-01-11 19:02:10'),builder,builder,1,0,0,0,0,0,0,0,0
33634,MAS Realty Inc,1454 Manotick Station Rd,,,K4P 1K4,,2024-12-17,,,2025-01-11 19:02:10,'2025-01-11 19:02:10'),builder,builder,1,0,0,0,0,0,0,0,0
33646,Hummel Properties Inc,"329 Four Mile Creek Rd, Unit 333",St David&#039;s,Ontario,L0S 1P0,,2024-12-16,,,2025-01-11 19:02:11,'2025-01-11 19:02:11'),builder,builder,1,0,0,0,0,0,0,0,0
33660,Beachgate Properties &amp; Estates Inc,702 Welcome Ct,Mississauga,Ontario,L5B 3P8,,2024-12-13,,,2025-01-11 19:02:12,'2025-01-11 19:02:12'),builder,builder,1,0,0,0,0,0,0,0,0
33663,SFEO Homes Inc,14 Wellwood Ave,,,M6C 1G9,,2024-12-13,,,2025-01-11 19:02:12,'2025-01-11 19:02:12'),builder,builder,1,0,0,0,0,0,0,0,0
33673,Concession Property Corp,"25 Scarsdale Rd, Unit 7",Toronto,Ontario,M3B 2R2,,2024-12-10,,,2025-01-11 19:02:12,'2025-01-11 19:02:12'),builder,builder,1,0,0,0,0,0,0,0,0
33679,Galeco Properties Inc,493 Eastchester Ave E,St Catharines,Ontario,L2M 6S2,,2024-12-09,,,2025-01-11 19:02:13,'2025-01-11 19:02:13'),builder,builder,1,0,0,0,0,0,0,0,0
33682,Wallsend Development Inc,30 Floral Pkwy,,,L4K 4R1,,2024-12-09,,,2025-01-11 19:02:13,'2025-01-11 19:02:13'),builder,builder,1,0,0,0,0,0,0,0,0
33701,GTA Development Corp,,Concord,Ontario,L4K 3C4,905-738-3675,2024-12-04,,,2025-01-11 19:02:14,'2025-01-11 19:02:14'),builder,builder,1,0,0,0,0,0,0,0,0
33712,Green Brothers Property Inc,42 Havanna Cres,,,L6P 3Y2,,2024-12-03,,,2025-01-11 19:02:14,'2025-01-11 19:02:14'),builder,builder,1,0,0,0,0,0,0,0,0
33743,Beedie ON (Morningside Ave) Property Ltd,"401 The West Mall, Ste 1101",Etobicoke,Ontario,M9C 5J5,647-598-0268,2025-01-10,,,2025-01-15 15:10:55,'2025-01-15 15:10:55'),builder,builder,1,0,0,0,0,0,0,0,0
33744,Bismillah Development and Real Estate Inc,"2340 Morningside Ave, Unit 5",Toronto,Ontario,M1X 0E2more info: mi.pdf,,2025-01-10,,,2025-01-15 15:10:55,'2025-01-15 15:10:55'),builder,builder,1,0,0,0,0,0,0,0,0
33749,Ambassador Realty Inc,"185 Somerset St, Ste 200",,,K2P 0J2,,2025-01-10,,,2025-01-15 15:10:56,'2025-01-15 15:10:56'),builder,builder,1,0,0,0,0,0,0,0,0
33756,Rego Developments &amp; Construction Ltd,"75 Eglinton Ave W, Ste 2802",Mississauga,Ontario,L5R 0E5,,2025-01-10,,,2025-01-15 15:10:56,'2025-01-15 15:10:56'),builder,builder,1,0,0,0,0,0,0,0,0
33758,Reserve Properties Ltd,"110 Eglinton Ave E, Ste 500",Toronto,Ontario,M4P 2Y1,416-440-2904,2025-01-10,,,2025-01-15 15:10:56,'2025-01-15 15:10:56'),builder,builder,1,0,0,0,0,0,0,0,0
33771,Summerhill Properties Inc,921 Hidden Valley Rd,Kitchener,Ontario,N2C 2S4,,2025-01-10,,,2025-01-15 15:10:57,'2025-01-15 15:10:57'),builder,builder,1,0,0,0,0,0,0,0,0
33773,Claridge Homes (St Thomas) Inc,"505 Preston St, 2nd Flr",Ottawa,Ontario,K1S 4N7,613-233-6030,2025-01-10,,,2025-01-15 15:10:57,'2025-01-15 15:10:57'),builder,builder,1,0,0,0,0,0,0,0,0
33787,Granite Homes,7 Edinburgh Rd S,Guelph,Ontario,N1H 5N8,519-822-3988,2025-01-09,,,2025-01-15 15:10:58,'2025-01-15 15:10:58'),builder,builder,1,0,0,0,0,0,0,0,0
33796,Clarendon Property Ltd,"1306 Wellington St W, Ste 200",Ottawa,Ontario,K1Y 3B2,613-592-1818,2025-01-08,,,2025-01-15 15:10:58,'2025-01-15 15:10:58'),builder,builder,1,0,0,0,0,0,0,0,0
33814,Broccolini Construction,"2680 Skymark Ave, Ste 800",Mississauga,Ontario,L4W 5L6,416-242-7772,2025-01-07,,,2025-01-15 15:10:59,'2025-01-15 15:10:59'),builder,builder,1,0,0,0,0,0,0,0,0
33816,BW Development Group Inc,427 Montmorency Ct,Hamilton,Ontario,L8K 6K8,,2025-01-07,,,2025-01-15 15:10:59,'2025-01-15 15:10:59'),builder,builder,1,0,0,0,0,0,0,0,0
33845,Cooper Creek Properties Ltd,"3-35 Stone Church Rd, Ste 251",Ancaster,Ontario,L9K 1S4,,2025-01-06,,,2025-01-15 15:11:01,'2025-01-15 15:11:01'),builder,builder,1,0,0,0,0,0,0,0,0
33847,Metco Development Inc,423 Pelissier St,Windsor,Ontario,N9A 4L2,,2025-01-06,,,2025-01-15 15:11:01,'2025-01-15 15:11:01'),builder,builder,1,0,0,0,0,0,0,0,0
33848,Coppola Property Inc,1660 Graham Sideroad,Kingsville,Ontario,N9Y 2E4,,2025-01-06,,,2025-01-15 15:11:01,'2025-01-15 15:11:01'),builder,builder,1,0,0,0,0,0,0,0,0
33859,Elm Developments,,Vaughan,Ontario,L4K 1V6,905-709-8232,2025-01-03,,,2025-01-15 15:11:01,'2025-01-15 15:11:01'),builder,builder,1,0,0,0,0,0,0,0,0
33868,Regional Hose Properties Ltd,175 Turnbull Ct,Cambridge,Ontario,N1T 1C6,,2025-01-02,,,2025-01-15 15:11:02,'2025-01-15 15:11:02'),builder,builder,1,0,0,0,0,0,0,0,0
33872,Wilson Property Inc,4448 North Valley Lane,,,L3V 8E5,,2025-01-10,,,2025-01-18 23:15:40,'2025-01-18 23:15:40'),builder,builder,1,0,0,0,0,0,0,0,0
33881,Metric Homes (Ottawa) Inc,4829 Abbott St E,Ottawa,Ontario,K2V 0L4,613-296-7000,2025-01-10,,,2025-01-18 23:15:40,'2025-01-18 23:15:40'),builder,builder,1,0,0,0,0,0,0,0,0
33886,Montana Developments (Cambridge) Ltd,"11950 - 80th Ave, Ste 400",,,V4C 1Y2,,2025-01-10,,,2025-01-18 23:15:41,'2025-01-18 23:15:41'),builder,builder,1,0,0,0,0,0,0,0,0
33890,McPhail Developments Inc,128 Centre St,,,N6J 1T5,,2025-01-09,,,2025-01-18 23:15:42,'2025-01-18 23:15:42'),builder,builder,1,0,0,0,0,0,0,0,0
33916,Gatta Homes,,Niagara-On-The-Lake,ON,L0S 1J0,905-468-8867,2025-01-07,,,2025-01-18 23:15:46,'2025-01-18 23:15:46'),builder,builder,1,0,0,0,0,0,0,0,0
33919,Thams Renovation Services Inc,217 Fleming Dr,Milton,Ontario,L9T 5Y2,,2025-01-07,,,2025-01-18 23:15:46,'2025-01-18 23:15:46'),builder,builder,1,0,0,0,0,0,0,0,0
33939,Diam Developments,"85 Prologis Blvd, Ste 1",Mississauga,Ontario,L5W 0G4,905-497-6993,2018-06-29,,,2025-02-01 22:53:42,'2025-02-01 22:53:42'),builder,builder,1,0,0,0,0,0,0,0,0
33941,Diam Fox Hill Property Inc,"85 Prologis Blvd, Ste 1",Mississauga,Ontario,L9W 0G4,905-799-3003,2017-12-15,,,2025-02-01 22:53:42,'2025-02-01 22:53:42'),builder,builder,1,0,0,0,0,0,0,0,0
33943,Erin Mills Development Corp,"7501 Keele St, Ste 500",Vaughan,Ontario,L4K 1Y2,416-736-1808,2013-07-16,,,2025-02-01 22:53:42,'2025-02-01 22:53:42'),builder,builder,1,0,0,0,0,0,0,0,0
33944,Crownvetch Development Inc,"7501 Keele St, Ste 500",Vaughan,Ontario,L4K 1Y2,416-735-1808,2013-07-16,,,2025-02-01 22:53:42,'2025-02-01 22:53:42'),builder,builder,1,0,0,0,0,0,0,0,0
33960,Karanda Properties Ltd,"55 Fleming Dr, Unit 3",,,N1T 2A9,,2025-01-23,,,2025-02-01 22:56:48,'2025-02-01 22:56:48'),builder,builder,1,0,0,0,0,0,0,0,0
33970,Aye Properties Inc,6435-6451 Northwest Dr,,,L4V 1K2,,2025-01-20,,,2025-02-01 22:56:49,'2025-02-01 22:56:49'),builder,builder,1,0,0,0,0,0,0,0,0
33973,Linco Construction Ltd,50 Nimacor Ave,Vaughan,Ontario,L4K 4Z9,905-851-1717,2025-01-17,,,2025-02-01 22:56:49,'2025-02-01 22:56:49'),builder,builder,1,0,0,0,0,0,0,0,0
33983,Greycan 13 Properties Inc,"185 The West Mall, Ste 860",Toronto,Ontario,M9C 5L5,416-915-1970,2025-01-15,,,2025-02-01 22:56:49,'2025-02-01 22:56:49'),builder,builder,1,0,0,0,0,0,0,0,0
33985,Panattoni Development Company,12501252 Canada Inc,Toronto,Ontario,M9C 5L5,416-915-1970,2025-01-15,,,2025-02-01 22:56:50,'2025-02-01 22:56:50'),builder,builder,1,0,0,0,0,0,0,0,0
33988,L82 Construction Ltd,2070 Huron St,London,Ontario,N5V 5A7more info: mi.pdf,519-649-1082,2025-01-15,,,2025-02-01 22:56:50,'2025-02-01 22:56:50'),builder,builder,1,0,0,0,0,0,0,0,0
33989,Forest Green Homes,,Woodbridge,Ontario,L4L 1T3,905-850-8500,2025-01-14,,,2025-02-01 22:56:50,'2025-02-01 22:56:50'),builder,builder,1,0,0,0,0,0,0,0,0
34003,M3 Developments Inc,12 Kensington Dr,Richmond Hill,Ontario,L4E 3M9,,2023-01-16,,,2025-02-02 00:11:23,'2025-02-02 00:11:23'),builder,builder,1,0,0,0,0,0,0,0,0
34006,Otis Properties Ltd,3338 Dufferin St,Toronto,Ontario,M6A 3A4,416-489-2833,2021-08-24,,,2025-02-02 00:11:24,'2025-02-02 00:11:24'),builder,builder,1,0,0,0,0,0,0,0,0
34007,Homes By DeSantis,"461 Green Rd, Unit 10",Stoney Creek,Ontario,L8E 5B4,905-664-7288,2021-01-28,,,2025-02-02 00:11:24,'2025-02-02 00:11:24'),builder,builder,1,0,0,0,0,0,0,0,0
34014,Piroli Construction Inc,"1500 Ouellette Ave, Ste 201",Windsor,Ontario,N8X 1K7,519-967-8669,2018-06-28,,,2025-02-02 00:11:25,'2025-02-02 00:11:25'),builder,builder,1,0,0,0,0,0,0,0,0
34016,SMNE Developments Ltd,"5400 Yonge St, Ste 501",Toronto,Ontario,M2N 5R5,416-227-2220,2017-11-14,,,2025-02-02 00:11:25,'2025-02-02 00:11:25'),builder,builder,1,0,0,0,0,0,0,0,0
34017,Cor-Lots Developments Ltd,"11 Headdon Gate, Unit 3",Richmond Hill,Ontario,L4C 9W9,,2017-10-31,,,2025-02-02 00:11:25,'2025-02-02 00:11:25'),builder,builder,1,0,0,0,0,0,0,0,0
34018,Cachet Development (Brantford) Inc,"361 Connie Cres, Ste 200",Vaughan,Ontario,L4K 5R2,905-764-1983,2017-08-01,,,2025-02-02 00:11:25,'2025-02-02 00:11:25'),builder,builder,1,0,0,0,0,0,0,0,0
34019,Hastings &amp; Snow Developments Inc,19 Barnwood Ct,Toronto,Ontario,M3A 3G2,,2017-07-25,,,2025-02-02 00:11:25,'2025-02-02 00:11:25'),builder,builder,1,0,0,0,0,0,0,0,0
34022,Loblaws Properties Ltd,1 Presidents Choice Circle,Brampton,Ontario,L6Y 5S5,905-459-2500,2015-01-21,,,2025-02-02 00:11:26,'2025-02-02 00:11:26'),builder,builder,1,0,0,0,0,0,0,0,0
34023,Boundary Properties Ltd,"22 St Clair Ave E, Ste 800",Toronto,Ontario,M4T 2S5,,2014-10-07,,,2025-02-02 00:11:26,'2025-02-02 00:11:26'),builder,builder,1,0,0,0,0,0,0,0,0
34026,Rutledge Development Corp,16 Four Seasons Place,Toronto,Ontario,M9B 6E5,416-622-2400,2013-05-15,,,2025-02-02 00:11:26,'2025-02-02 00:11:26'),builder,builder,1,0,0,0,0,0,0,0,0
34037,Fieldgate Development,"5400 Yonge St, Ste 501",Toronto,Ontario,M2N 5R5,416-227-2220,2010-01-27,,,2025-02-02 00:11:28,'2025-02-02 00:11:28'),builder,builder,1,0,0,0,0,0,0,0,0
34038,Trinity Development Group Inc,"359 Kent Street, Ste 400",Ottawa,Ontario,K2P 0R6,613-565-5864,2009-12-10,,,2025-02-02 00:11:28,'2025-02-02 00:11:28'),builder,builder,1,0,0,0,0,0,0,0,0
34039,Loblaw Properties,1 President&#039;s Choice Circle,Brampton,Ontario,L6Y 5S5,905-459-2500,2009-11-20,,,2025-02-02 00:11:28,'2025-02-02 00:11:28'),builder,builder,1,0,0,0,0,0,0,0,0
34042,Kirkland Family Property Ltd,"605 Main St, RR 1",Sauble Beach,Ontario,N0H 2G0,,2009-01-30,,,2025-02-02 00:11:28,'2025-02-02 00:11:28'),builder,builder,1,0,0,0,0,0,0,0,0
34043,Maal Properties Ltd,99 Campbell Ave,North Bay,Ontario,P1A 1V4,705-476-9003,2008-12-22,,,2025-02-02 00:11:28,'2025-02-02 00:11:28'),builder,builder,1,0,0,0,0,0,0,0,0
34045,Riotrin Properties (Flamborough) Inc,"359 Kent St, Ste 400",Ottawa,Ontario,K2P 0R6,613-565-5864,2008-11-26,,,2025-02-02 00:11:28,'2025-02-02 00:11:28'),builder,builder,1,0,0,0,0,0,0,0,0
34047,E-Lane Properties (Weber) Inc,485 Claywood Ct,Waterloo,Ontario,N2T 2C6,519-746-9945,2008-09-15,,,2025-02-02 00:11:29,'2025-02-02 00:11:29'),builder,builder,1,0,0,0,0,0,0,0,0
34054,Brockville Crossroads Properties inc,"20 Toronto St, Ste 960",Toronto,Ontario,M5C 2B8,,2007-11-16,,,2025-02-02 00:11:30,'2025-02-02 00:11:30'),builder,builder,1,0,0,0,0,0,0,0,0
34055,Salem Development Co Inc,615 Union St W,Fergus,Ontario,N1M 1V5,,2007-07-18,,,2025-02-02 00:11:30,'2025-02-02 00:11:30'),builder,builder,1,0,0,0,0,0,0,0,0
34059,J Donato Construction Ltd,28 Poplar St,Wasaga Beach,Ontario,L9Z 2X5,,2007-01-31,,,2025-02-02 00:11:30,'2025-02-02 00:11:30'),builder,builder,1,0,0,0,0,0,0,0,0
34060,Riotrin Properties (Milton) Inc,"150 Isabella St, Ste 610",Ottawa,Ontario,K1S 1V7,613-565-5864,2006-12-20,,,2025-02-02 00:11:30,'2025-02-02 00:11:30'),builder,builder,1,0,0,0,0,0,0,0,0
34061,Park Terrace Development Corp,800 Colonel Sam Dr,Oshawa,Ontario,L1H 8A9,,2006-11-15,,,2025-02-02 00:11:31,'2025-02-02 00:11:31'),builder,builder,1,0,0,0,0,0,0,0,0
34080,RioTrin Properties (Orleans) Inc,"150 Isabella St, Ste 610",Ottawa,Ontario,K1S 1V7,613-565-5864,2005-08-09,,,2025-02-02 00:11:33,'2025-02-02 00:11:33'),builder,builder,1,0,0,0,0,0,0,0,0
34090,Pittao Construction Ltd,"22628 Richmond St, RR 42",London,Ontario,N5X 4B2,519-666-0721,2003-08-07,,,2025-02-02 15:08:03,'2025-02-02 15:08:03'),builder,builder,1,0,0,0,0,0,0,0,0
34093,Glen-Dufferin Developments Inc,100 Scarsdale Rd,Toronto,Ontario,M3B 2R8,416-449-3300,2002-10-02,,,2025-02-02 15:08:03,'2025-02-02 15:08:03'),builder,builder,1,0,0,0,0,0,0,0,0
34099,WC - 401 Developments Ltd,"259 Yorkland Rd, Ste 300",Toronto,Ontario,M2J 5B2,416-493-9112,2001-12-21,,,2025-02-02 15:08:04,'2025-02-02 15:08:04'),builder,builder,1,0,0,0,0,0,0,0,0
34101,South Nepean Development Corp,"427 Laurier Ave W, Ste 300",Ottawa,Ontario,K1R 7Y2,613-230-7051,2001-07-31,,,2025-02-02 15:08:04,'2025-02-02 15:08:04'),builder,builder,1,0,0,0,0,0,0,0,0
34103,Black Creek Property Ltd,"16 Four Seasons Place, Ste 212",Etobicoke,Ontario,M9B 6E5,,2000-12-14,,,2025-02-02 15:08:04,'2025-02-02 15:08:04'),builder,builder,1,0,0,0,0,0,0,0,0
34105,Baif Developments Ltd,"3625 Dufferin St, Ste 404",Downsview,Ontario,M3K 1Z2,,2000-11-17,,,2025-02-02 15:08:04,'2025-02-02 15:08:04'),builder,builder,1,0,0,0,0,0,0,0,0
34106,First Bramten Developments Ltd,"259 Yorkland Rd, Ste 300",North York,Ontario,M2J 5B2,416-493-9112,2000-10-06,,,2025-02-02 15:08:04,'2025-02-02 15:08:04'),builder,builder,1,0,0,0,0,0,0,0,0
34111,Ontario Realty Corporation,"777 Bay St, 15th Floor",Toronto,Ontario,M5G 2ES,,1999-02-05,,,2025-02-02 15:08:05,'2025-02-02 15:08:05'),builder,builder,1,0,0,0,0,0,0,0,0
34134,Royal Pine Homes,"3550 Langstaff Rd, Ste 200",Woodbridge,Ontario,L4L 9G3,905-856-2150,2025-01-28,,,2025-02-04 13:36:25,'2025-02-04 13:36:25'),builder,builder,1,0,0,0,0,0,0,0,0
34145,Unionville Property Ltd,36 Whitewood Dr,Stouffville,Ontario,L4A 1R9more info: mi.pdf,,2025-01-23,,,2025-02-04 13:43:21,'2025-02-04 13:43:21'),builder,builder,1,0,0,0,0,0,0,0,0
34146,Schlegel Urban Developments Corp,"325 Max Becker Dr, Ste 201",Kitchener,Ontario,N2E 4H5,519-571-1873,2025-01-21,,,2025-02-04 13:43:21,'2025-02-04 13:43:21'),builder,builder,1,0,0,0,0,0,0,0,0
34147,Fusion Homes,500 Hanlon Creek Blvd,Guelph,Ontario,N1C 0A1,519-826-6700,2025-01-21,,,2025-02-04 13:43:21,'2025-02-04 13:43:21'),builder,builder,1,0,0,0,0,0,0,0,0
34152,Oshawa (Conlin) Developments (BT) Inc,101 Bradwick Dr,,,L4K 1K5,,2025-01-17,,,2025-02-04 13:43:21,'2025-02-04 13:43:21'),builder,builder,1,0,0,0,0,0,0,0,0
34153,Oshawa (Conlin) Developments (BT) Inc,101 Bradwick Dr,L4K 1K5Transferee(s),,,,2025-01-17,,,2025-02-04 13:43:21,'2025-02-04 13:43:21'),builder,builder,1,0,0,0,0,0,0,0,0
34172,Claybar Developments Inc,"560 Wellington St, 2nd Flr",,,N6A 3R4,,2025-01-28,,,2025-02-04 13:56:56,'2025-02-04 13:56:56'),builder,builder,1,0,0,0,0,0,0,0,0
34184,Terraco Developments Inc,"1275 Finch Ave W, Unit 404",,,M3J 0L5,,2025-01-20,,,2025-02-04 13:56:56,'2025-02-04 13:56:56'),builder,builder,1,0,0,0,0,0,0,0,0
34191,Richmond Village Development Corp,3713 Borrisokane Rd,,,K2J 4J4,,2025-01-15,,,2025-02-04 13:56:57,'2025-02-04 13:56:57'),builder,builder,1,0,0,0,0,0,0,0,0
34193,Greenleaf Properties Ltd,2800 Woodhull Rd,,,N6K 4S5,,2025-01-15,,,2025-02-04 13:56:57,'2025-02-04 13:56:57'),builder,builder,1,0,0,0,0,0,0,0,0
34198,Klemencic Homes Inc,499 Dundas St W,Trenton,Ontario,K8V 6C43,,2025-01-13,,,2025-02-04 13:56:57,'2025-02-04 13:56:57'),builder,builder,1,0,0,0,0,0,0,0,0
34208,Caledon Development General Partner Ltd,137 Bowes Rd,,,L4K 1H3,,2025-01-29,,,2025-02-04 14:13:58,'2025-02-04 14:13:58'),builder,builder,1,0,0,0,0,0,0,0,0
34209,Zancor Properties Caledon Inc,221 North Rivermede Rd,Concord,Ontario,L4K 3N7,905-738-7010,2025-01-29,,,2025-02-04 14:13:58,'2025-02-04 14:13:58'),builder,builder,1,0,0,0,0,0,0,0,0
34217,2733 Properties Inc,"190 O&#039;Connor St, 11th Flr",,,K2P 2R3,,2025-01-23,,,2025-02-04 14:13:58,'2025-02-04 14:13:58'),builder,builder,1,0,0,0,0,0,0,0,0
34218,Facilities Commercial Realty Inc,"720 Belfast Rd, Ste 210",Ottawa,Ontario,K1G 0Z5,613-723-8944,2025-01-23,,,2025-02-04 14:13:58,'2025-02-04 14:13:58'),builder,builder,1,0,0,0,0,0,0,0,0
34223,Blue Egg Properties Inc,9200 Twiss Rd,,,L0P 1B0,,2025-01-22,,,2025-02-04 14:13:58,'2025-02-04 14:13:58'),builder,builder,1,0,0,0,0,0,0,0,0
34241,Canyon Hill Developments Ltd,109 Banff Rd,Toronto,Ontario,M4P 2P6,,2025-01-15,,,2025-02-04 14:13:59,'2025-02-04 14:13:59'),builder,builder,1,0,0,0,0,0,0,0,0
34251,Sandmill Developments Inc,361 Four Valley Dr,,,L4K 5Z3,,2025-02-10,,,2025-02-18 16:04:43,'2025-02-18 16:04:43'),builder,builder,1,0,0,0,0,0,0,0,0
34252,Medallion Developments (Leslie West) Ltd,"970 Lawrence Ave W, Ste 304",Toronto,Ontario,M6A 3B4,416-256-3900,2025-02-10,,,2025-02-18 16:04:43,'2025-02-18 16:04:43'),builder,builder,1,0,0,0,0,0,0,0,0
34266,Schecter Realty Ltd,195 Pinewood Ave,York,Ontario,M6C 2V8,,2025-02-07,,,2025-02-18 16:04:43,'2025-02-18 16:04:43'),builder,builder,1,0,0,0,0,0,0,0,0
34281,Granite Homes (South River) Inc,7 Edinburgh Rd S,Guelph,Ontario,N1H 5N8,519-822-3988,2025-02-06,,,2025-02-18 16:04:44,'2025-02-18 16:04:44'),builder,builder,1,0,0,0,0,0,0,0,0
34296,905 Developments Inc,1767 Gregory Rd,,,L2R 6P9,,2025-02-05,,,2025-02-18 16:04:45,'2025-02-18 16:04:45'),builder,builder,1,0,0,0,0,0,0,0,0
34297,Mountainview Homes (Niagara) Ltd,"3340 Schmon Pkwy, Unit 1",Thorold,Ontario,L2V 4Y6,905-688-3100,2025-02-05,,,2025-02-18 16:04:45,'2025-02-18 16:04:45'),builder,builder,1,0,0,0,0,0,0,0,0
34310,6212 Main Street Development Corp,415 Bedford Rd,,,L6J 4X8,,2025-02-04,,,2025-02-18 16:04:46,'2025-02-18 16:04:46'),builder,builder,1,0,0,0,0,0,0,0,0
34313,Rolling Meadow Land Development Corp,,,,L0S 1E0,,2025-02-04,,,2025-02-18 16:04:46,'2025-02-18 16:04:46'),builder,builder,1,0,0,0,0,0,0,0,0
34317,Elm Developments,,Vaughan,Ontario,L4K 1V5,905-709-8232,2025-02-04,,,2025-02-18 16:04:46,'2025-02-18 16:04:46'),builder,builder,1,0,0,0,0,0,0,0,0
34335,Bluestone Properties Inc,"130 Dufferin Ave, Ste 105",London,Ontario,N6A 5R2,519-433-0391,2025-02-03,,,2025-02-18 16:04:47,'2025-02-18 16:04:47'),builder,builder,1,0,0,0,0,0,0,0,0
34355,Filament Construction,"2285 St Laurent Blvd, Unit D19",Ottawa,Ontario,K1G 4Z7,613-702-5001,2025-02-03,,,2025-02-18 16:04:48,'2025-02-18 16:04:48'),builder,builder,1,0,0,0,0,0,0,0,0
34356,JD Development Group,"131 McNabb St, Ste 201",Markham,Ontario,L3R 5V7,905-479-9898,2025-02-03,,,2025-02-18 16:04:48,'2025-02-18 16:04:48'),builder,builder,1,0,0,0,0,0,0,0,0
34384,Minuk Construction &amp; Engineering Co,"99 Sante Dr, Unit C",Concord,Ontario,L4K 3C4,905-738-3675,2025-03-06,,,2025-03-11 01:11:19,'2025-03-11 01:11:19'),builder,builder,1,0,0,0,0,0,0,0,0
34388,Lanterra Developments,2811 Dufferin St,Toronto,Ontario,M6B 3R9,416-635-7424,2025-03-05,,,2025-03-11 01:11:19,'2025-03-11 01:11:19'),builder,builder,1,0,0,0,0,0,0,0,0
34398,Presidential Management &amp; Development Corp,141 York Mills Rd,North York,Ontario,M2L 1K4,416-225-0470,2025-03-04,,,2025-03-11 01:11:20,'2025-03-11 01:11:20'),builder,builder,1,0,0,0,0,0,0,0,0
34404,Lifetime Developments &amp; INK Entertainment Group,,Toronto,Ontario,M4T 1E2,,2025-03-03,,,2025-03-11 01:11:20,'2025-03-11 01:11:20'),builder,builder,1,0,0,0,0,0,0,0,0
34413,All Saints Developments Inc,317 Chapel St,,,K2P 2H7,,2025-03-03,,,2025-03-11 01:11:20,'2025-03-11 01:11:20'),builder,builder,1,0,0,0,0,0,0,0,0
34414,Windmill Development Group,"150 Elgin St, Ste 1000",Ottawa,Ontario,K2P 1L4,613-820-5600,2025-03-03,,,2025-03-11 01:11:20,'2025-03-11 01:11:20'),builder,builder,1,0,0,0,0,0,0,0,0
34415,AG Construction Inc,"700 Third Line, Unit 144",,,L6L 4B1,,2025-03-03,,,2025-03-11 01:11:21,'2025-03-11 01:11:21'),builder,builder,1,0,0,0,0,0,0,0,0
34416,Harbour Hills Construction Management,472 Beach Rd,Hamilton,Ontario,L8H 3K7,905-547-8484,2025-03-03,,,2025-03-11 01:11:21,'2025-03-11 01:11:21'),builder,builder,1,0,0,0,0,0,0,0,0
34423,Fieldgate Developments Ltd,"5400 Yonge St, 5th Flr",Toronto,Ontario,M2N 5R5,416-227-2220,2025-03-03,,,2025-03-11 01:11:21,'2025-03-11 01:11:21'),builder,builder,1,0,0,0,0,0,0,0,0
34424,Provincial Construction (Niagara Falls) Ltd,4382 Montrose Rd,Niagara Falls,Ontario,L2H 1K2,905-356-3769,2025-03-03,,,2025-03-11 01:11:21,'2025-03-11 01:11:21'),builder,builder,1,0,0,0,0,0,0,0,0
34429,Birdland Developments Ltd,,,,N3B 2N0,,2025-06-13,,,2025-06-25 17:11:01,'2025-06-25 17:11:01'),builder,builder,1,0,0,0,0,0,0,0,0
34430,Bauer Homes Elmira Inc,16 Oriole Pkwy,Elmira,Ontario,N3B 1B7,519-669-5028,2025-06-13,,,2025-06-25 17:11:01,'2025-06-25 17:11:01'),builder,builder,1,0,0,0,0,0,0,0,0
34433,Broccolini Construction Inc,304 Heart Lake Road Limited Partnership,Kirkland,Quebec,H9H 4M7,514-737-0076,2025-06-09,,,2025-06-25 17:11:01,'2025-06-25 17:11:01'),builder,builder,1,0,0,0,0,0,0,0,0
34439,Towerhill Developments Inc,"2800 Hwy 7 W, Ste 301",,,L4K 1W8,,2025-06-06,,,2025-06-25 17:11:02,'2025-06-25 17:11:02'),builder,builder,1,0,0,0,0,0,0,0,0
34440,Pristine Homes Inc,"242 Applewood Cres, Unit 2",Concord,Ontario,L4K 4E5,905-738-4994,2025-06-06,,,2025-06-25 17:11:02,'2025-06-25 17:11:02'),builder,builder,1,0,0,0,0,0,0,0,0
34445,Jon Koopmans Construction Ltd,17650 Telephone Rd,,,K8V 5P4,,2025-06-04,,,2025-06-25 17:11:02,'2025-06-25 17:11:02'),builder,builder,1,0,0,0,0,0,0,0,0
34449,Caledon 410 Developments Ltd,"5400 Yonge St, 5th Flr",,,M2N 5R5,,2025-06-02,,,2025-06-25 17:11:02,'2025-06-25 17:11:02'),builder,builder,1,0,0,0,0,0,0,0,0
34450,Minuk Construction &amp; Engineering Co,"99 Sante Dr, Unit C",Concord,Ontario,L4K 3C4,905-738-3675,2025-06-02,,,2025-06-25 17:11:02,'2025-06-25 17:11:02'),builder,builder,1,0,0,0,0,0,0,0,0
34452,Losani Homes,"430 McNeilly Rd, Ste 203",Stoney Creek,Ontario,L8E 5E3more info: mi.pdf,905-561-1700,2025-06-02,,,2025-06-25 17:11:02,'2025-06-25 17:11:02'),builder,builder,1,0,0,0,0,0,0,0,0
34459,Asis Properties Ltd,242 Sine Rd,,,K0K 3E0,,2025-07-25,,,2025-07-30 14:43:35,'2025-07-30 14:43:35'),builder,builder,1,0,0,0,0,0,0,0,0
34461,Albis Construction Inc,121 Green St,,,L1N 4C9,,2025-07-25,,,2025-07-30 14:43:35,'2025-07-30 14:43:35'),builder,builder,1,0,0,0,0,0,0,0,0
34464,Duet Developments Ltd,25 Belvedere Dr,Oakville,Ontario,L6L 4B5,,2025-07-25,,,2025-07-30 14:43:36,'2025-07-30 14:43:36'),builder,builder,1,0,0,0,0,0,0,0,0
34466,LJM Developments (Lincoln) Inc,"1860 Appleby Line, Ste 28",Burlington,Ontario,L7L 0B7,289-245-1900,2025-07-25,,,2025-07-30 14:43:36,'2025-07-30 14:43:36'),builder,builder,1,0,0,0,0,0,0,0,0
34479,JPD Properties Inc,7 Sir Williams Lane,Toronto,Ontario,M9A 1T8,416-531-7857,2025-07-24,,,2025-07-30 14:43:36,'2025-07-30 14:43:36'),builder,builder,1,0,0,0,0,0,0,0,0
34485,DeMan Construction Corp,"776 Dundas St E, Ste 201",Mississauga,Ontario,L4Y 2B6,905-277-0363,2025-07-24,,,2025-07-30 14:43:37,'2025-07-30 14:43:37'),builder,builder,1,0,0,0,0,0,0,0,0
34490,Peters Construction Group,"3 Cross St, Unit 203",Welland,Ontario,L3B 5X6,905-714-0011,2025-07-24,,,2025-07-30 14:43:37,'2025-07-30 14:43:37'),builder,builder,1,0,0,0,0,0,0,0,0
34510,Richmond Westboro Property Ltd,"1306 Wellington St W, Ste 200",Ottawa,Ontario,K1Y 3B2,613-592-1818,2025-07-23,,,2025-07-30 14:44:03,'2025-07-30 14:44:03'),builder,builder,1,0,0,0,0,0,0,0,0
34529,Kaur Canada Realty I BC ULC,9639 Macchiato Ave,Baco Raton,Florida,USA - 33496,,2025-07-22,,,2025-07-30 14:44:04,'2025-07-30 14:44:04'),builder,builder,1,0,0,0,0,0,0,0,0
34547,Cambridge Properties GP Inc,466 South River Rd,Elora,Ontario,N0B 1S0,226-384-1294,2025-07-21,,,2025-07-30 14:44:05,'2025-07-30 14:44:05'),builder,builder,1,0,0,0,0,0,0,0,0
34553,Thomas Cavanagh Construction Ltd,9094 Cavanagh Rd,Ashton,Ontario,K0A 1B0,613-257-2918,2025-07-21,,,2025-07-30 14:44:05,'2025-07-30 14:44:05'),builder,builder,1,0,0,0,0,0,0,0,0
34567,Majorwood Developments Inc,200 Bridgeland Ave,,,M6A 1Z4,,2025-07-18,,,2025-07-30 14:44:06,'2025-07-30 14:44:06'),builder,builder,1,0,0,0,0,0,0,0,0
34569,Fieldgate Developments Ltd,"5400 Yonge St, 5th Flr",Toronto,Ontario,M2N 5R5,416-227-2220,2025-07-18,,,2025-07-30 14:44:06,'2025-07-30 14:44:06'),builder,builder,1,0,0,0,0,0,0,0,0
34571,Perimeter Development Corp,"305 King St W, Ste 302",Kitchener,Ontario,N2G 1B9,519-745-3800,2025-07-18,,,2025-07-30 14:44:06,'2025-07-30 14:44:06'),builder,builder,1,0,0,0,0,0,0,0,0
34572,Fieldgate Developments,7-2220,Toronto,Ontario,M2N 5R5,416-227-2220,2025-07-18,,,2025-07-30 14:44:06,'2025-07-30 14:44:06'),builder,builder,1,0,0,0,0,0,0,0,0
34595,McGill Properties Inc,"275 Hanlon Creek Blvd, Unit 1",Guelph,Ontario,N1C 0A1,519-265-7000,2025-07-18,,,2025-07-30 14:44:07,'2025-07-30 14:44:07'),builder,builder,1,0,0,0,0,0,0,0,0
34617,Trinity Development Group,"77 Bloor St W, Ste 1601",Toronto,Ontario,M4S 1M2,416-255-8800,2025-03-28,,,2025-07-31 10:57:00,'2025-07-31 10:57:00'),builder,builder,1,0,0,0,0,0,0,0,0
34634,1092 KR Urban Properties Inc,"85 Hanna Ave, Ste 400",Toronto,Ontario,M6K 3S3,416-504-4114,2024-06-19,,,2025-07-31 10:57:02,'2025-07-31 10:57:02'),builder,builder,1,0,0,0,0,0,0,0,0
34642,Treasure Hill Homes,101 Bradwick Dr,Vaughan,Ontario,L4K 1K5,416-987-5500,2025-07-28,,,2025-09-08 14:30:15,'2025-09-08 14:30:15'),builder,builder,1,0,0,0,0,0,0,0,0
34645,Patilda Construction Inc,30 Floral Pkwy,,,L4K 4R1,,2025-06-17,,,2025-09-08 14:30:16,'2025-09-08 14:30:16'),builder,builder,1,0,0,0,0,0,0,0,0
34646,Regal Crest Homes,"171 Basaltic Rd, Unit 1",Concord,Ontario,L4K 1G4more info: mi.pdf,905-669-5003,2025-06-17,,,2025-09-08 14:30:16,'2025-09-08 14:30:16'),builder,builder,1,0,0,0,0,0,0,0,0
34647,Royal Pine Homes,"3550 Langstaff Rd, Ste 200",Woodbridge,Ontario,L4L 9G3more info: mi.pdf,905-856-2150,2025-06-17,,,2025-09-08 14:30:16,'2025-09-08 14:30:16'),builder,builder,1,0,0,0,0,0,0,0,0
34649,TACC Developments,600 Applewood Cres,Vaughan,Ontario,L4K 4B4,905-760-7300,2025-06-16,,,2025-09-08 14:30:16,'2025-09-08 14:30:16'),builder,builder,1,0,0,0,0,0,0,0,0
34655,Uniform Developments,"117 Centrepointe Dr, Unit 300",Ottawa,Ontario,K2G 5X3more info: mi.pdf,613-225-0770,2025-05-29,,,2025-09-08 14:30:16,'2025-09-08 14:30:16'),builder,builder,1,0,0,0,0,0,0,0,0
34659,Dunsire Homes Inc,29 Harriet St,Hamilton,Ontario,L8R 2E5more info: mi.pdf,888-519-2346,2025-04-29,,,2025-09-08 14:30:17,'2025-09-08 14:30:17'),builder,builder,1,0,0,0,0,0,0,0,0
34664,Metrus Properties,,Concord,Ontario,L4K 4R1,905-669-9714,2025-03-27,,,2025-09-08 14:30:17,'2025-09-08 14:30:17'),builder,builder,1,0,0,0,0,0,0,0,0
34665,CountryWide Homes Ltd,1500 Highway No 7,Concord,Ontario,L4K 5Y4more info: mi.pdf,905-907-1500,2025-03-27,,,2025-09-08 14:30:17,'2025-09-08 14:30:17'),builder,builder,1,0,0,0,0,0,0,0,0
34666,Lindwide Developments (Cornell) Ltd,"3625 Dufferin St, Ste 200",,,M3K 1Z2,,2025-03-27,,,2025-09-08 14:30:17,'2025-09-08 14:30:17'),builder,builder,1,0,0,0,0,0,0,0,0
34667,Lindvest Properties (Cornell Buroak) Ltd,"3625 Dufferin St, Ste 200",Toronto,Ontario,M3K 1Z2more info: mi.pdf,,2025-03-27,,,2025-09-08 14:30:17,'2025-09-08 14:30:17'),builder,builder,1,0,0,0,0,0,0,0,0
34668,Aspen Ridge Homes,29 Floral Pkwy,Concord,Ontario,L4K 5C5more info: mi.pdf,905-669-9292,2025-03-25,,,2025-09-08 14:30:17,'2025-09-08 14:30:17'),builder,builder,1,0,0,0,0,0,0,0,0
34669,Lindvest Properties,,Toronto,Ontario,M3K 1Z2,416-635-7575,2025-03-21,,,2025-09-08 14:30:17,'2025-09-08 14:30:17'),builder,builder,1,0,0,0,0,0,0,0,0
34670,Lakeview Homes,200 Bridgeland Ave,Toronto,Ontario,M6A 1Z4more info: mi.pdf,416-785-8172,2025-03-19,,,2025-09-08 14:30:17,'2025-09-08 14:30:17'),builder,builder,1,0,0,0,0,0,0,0,0
34673,Lifetime Developments,"49 Jackes Ave, Ste 200",Toronto,Ontario,M4T 1E2,416-987-3344,2025-03-19,,,2025-09-08 14:30:18,'2025-09-08 14:30:18'),builder,builder,1,0,0,0,0,0,0,0,0
34675,Mayfield Gore Developments Inc,"1051 Meyerside Dr, Unit 11",Mississauga,Ontario,L5T 1J6,,2025-02-18,,,2025-09-08 14:30:18,'2025-09-08 14:30:18'),builder,builder,1,0,0,0,0,0,0,0,0
34697,Solmar Development Corp,122 Romina Dr,Concord,Ontario,L4K 4Z7,905-660-9222,2025-08-25,,,2025-09-09 03:57:30,'2025-09-09 03:57:30'),builder,builder,1,0,0,0,0,0,0,0,0
34701,Fieldgate Developments Ltd,"5400 Yonge St, Ste 501",Toronto,Ontario,M2N 5R5,416-227-2220,2025-08-21,,,2025-09-09 03:57:30,'2025-09-09 03:57:30'),builder,builder,1,0,0,0,0,0,0,0,0
34728,Rock Developments East Windsor Inc,"19 Amy Croft Dr, Unit 201",Tecumseh,Ontario,N9K 1C7,519-739-3900,2025-08-01,,,2025-09-09 03:57:31,'2025-09-09 03:57:31'),builder,builder,1,0,0,0,0,0,0,0,0
34732,4Q Multi-Residential GP Inc,"1133 Yonge St, 4th Flr",,,M4T 2Y7,,2025-07-30,,,2025-09-09 03:57:31,'2025-09-09 03:57:31'),builder,builder,1,0,0,0,0,0,0,0,0
34736,OPB Realty Inc,"16 York St, Ste 2400",Toronto,Ontario,M5J 0T6,416-408-4626,2025-07-16,,,2025-09-09 03:57:32,'2025-09-09 03:57:32'),builder,builder,1,0,0,0,0,0,0,0,0
34742,Old Oak Properties Inc,,London,Ontario,N6A 5N6,519-661-0215,2025-07-10,,,2025-09-09 03:57:32,'2025-09-09 03:57:32'),builder,builder,1,0,0,0,0,0,0,0,0
34743,BlueStone Properties Inc,"130 Dufferin Ave, Ste 105",London,Ontario,N6A 5R2,519-433-0391,2025-07-10,,,2025-09-09 03:57:32,'2025-09-09 03:57:32'),builder,builder,1,0,0,0,0,0,0,0,0
34754,"Oldcastle Building Products Canada, Inc","2020 Winston Park Dr, Ste 303",,,L6H 6X7,,2025-06-26,,,2025-09-09 03:57:33,'2025-09-09 03:57:33'),builder,builder,1,0,0,0,0,0,0,0,0
34767,Mattamy Homes,6696 Financial Dr,Mississauga,Ontario,L5N 7J6,905-203-3900,2025-06-06,,,2025-09-09 03:57:34,'2025-09-09 03:57:34'),builder,builder,1,0,0,0,0,0,0,0,0
34769,Enticor Properties Inc,1 Wilkinson Rd,Brampton,Ontario,L6T 4M6,,2025-06-03,,,2025-09-09 03:57:34,'2025-09-09 03:57:34'),builder,builder,1,0,0,0,0,0,0,0,0
34770,Lawson Properties Inc,2260 Normandy Rd,,,N9H 1Y9,,2025-06-03,,,2025-09-09 03:57:34,'2025-09-09 03:57:34'),builder,builder,1,0,0,0,0,0,0,0,0
34773,Emshih Developments Inc,"895 Brant St, Ste 7",Burlington,Ontario,L7R 2J6,905-639-9006,2025-06-03,,,2025-09-09 03:57:34,'2025-09-09 03:57:34'),builder,builder,1,0,0,0,0,0,0,0,0
34774,Strategic Growth Realty Group Inc,6593 January Dr,,,L2J 4J4,,2025-06-03,,,2025-09-09 03:57:34,'2025-09-09 03:57:34'),builder,builder,1,0,0,0,0,0,0,0,0
34780,Highbury Park Property Ltd,"1306 Wellington St W, Ste 300",,,K1Y 3B2,,2025-05-29,,,2025-09-09 03:57:35,'2025-09-09 03:57:35'),builder,builder,1,0,0,0,0,0,0,0,0
34811,Meadow Electrical Contractors Ltd,"3845 Bathurst St, Ste 102",,,M3H 3N2,,2025-05-01,,,2025-09-09 03:57:36,'2025-09-09 03:57:36'),builder,builder,1,0,0,0,0,0,0,0,0
34816,Diamond Residential Developments Corp,,,,L4L 7Z5,,2025-04-30,,,2025-09-09 03:57:37,'2025-09-09 03:57:37'),builder,builder,1,0,0,0,0,0,0,0,0
34818,Wilmot Creek Developments Inc,290 Lake Rd,,,L1C 4P8,,2025-04-29,,,2025-09-09 03:57:37,'2025-09-09 03:57:37'),builder,builder,1,0,0,0,0,0,0,0,0
34830,Burnford Realty Ltd,"250B Greenbank Rd, Ste 230",,,K2H 8X4,,2025-04-15,,,2025-09-09 03:57:37,'2025-09-09 03:57:37'),builder,builder,1,0,0,0,0,0,0,0,0
34835,Vrancor Residential Inc,"115 George St, Unit 1510",Oakville,Ontario,L6J 0A2,,2025-04-08,,,2025-09-09 03:57:38,'2025-09-09 03:57:38'),builder,builder,1,0,0,0,0,0,0,0,0
