(1,'Canal City Realty Limited','Thorold','Niagara S','','','Serge Anthony Carpino','2023-12-20 16:16:14','2023-12-20 16:16:14'),
(2,'Emerald Realty Group Ltd.','Thorold','Niagara S','','','Lindsey Anne Phieffer','2023-12-20 16:16:15','2023-12-20 16:16:15'),
(3,'Extreme Real Estate Brokerage Inc.','Thorold','Niagara S','extremerealestate.ca','','Joshua John Fennell','2023-12-20 16:16:15','2023-12-20 16:16:15'),
(4,'Griff Real Estate Ltd','Thorold','Niagara S','griffrealestate.com','','Shirley A. Griff','2023-12-20 16:16:15','2023-12-20 16:16:15'),
(5,'M Life Realty Corp.','Thorold','Niagara S','','','Nicholas Frank Colamartini','2023-12-20 16:16:15','2023-12-20 16:16:15'),
(6,'Niagara Builders Realty Inc.','Thorold','Niagara S','','','Emma Csak','2023-12-20 16:16:15','2023-12-20 16:16:15'),
(7,'Serge Realty Inc.','Thorold','Niagara S','','','Matthew James Sergenese','2023-12-20 16:16:15','2023-12-20 16:16:15'),
(8,'1000158617 Ontario Inc.','Markham','York Region','pivotre.com','','Shelly Sou','2023-12-20 16:17:12','2023-12-20 16:17:12'),
(9,'1000212273 Ontario Inc.','Markham','York Region','consultant.com','','Ullanda Chu','2023-12-20 16:17:12','2023-12-20 16:17:12'),
(10,'10117897 Canada Inc.','Markham','York Region','remaxmetropolis.ca','','Balwant Singh Rathore','2023-12-20 16:17:12','2023-12-20 16:17:12'),
(11,'10584894 Canada Inc.','Markham','York Region','','','Zheng Cui','2023-12-20 16:17:12','2023-12-20 16:17:12'),
(12,'11565397 Canada Limited','Markham','York Region','smartsoldrealty.ca','','Qingsu Zhang','2023-12-20 16:17:12','2023-12-20 16:17:12'),
(13,'11829785 Canada Inc.','Markham','York Region','','','Neeraj Bhugra','2023-12-20 16:17:12','2023-12-20 16:17:12'),
(14,'1661753 Ontario Inc','Markham','York Region','','','George Politis','2024-01-31 12:27:23','2023-12-20 16:17:12'),
(15,'168 Real Estates Inc.','Markham','York Region','','','Jenny Yu Ching Lee','2023-12-20 16:17:12','2023-12-20 16:17:12'),
(16,'2490931 Ontario Inc.','Markham','York Region','teamrajpal.com','','Rajiv Rajpal','2023-12-20 16:17:12','2023-12-20 16:17:12'),
(17,'2528771 Ontario Inc.','Markham','York Region','','','Marius Mitrofan','2023-12-20 16:17:12','2023-12-20 16:17:12'),
(18,'2529919 Ontario Ltd.','Markham','York Region','remaxprimeproperties.ca','','Yini Liu','2023-12-20 16:17:12','2023-12-20 16:17:12'),
(19,'2530134 Ontario Inc.','Markham','York Region','torontotopagents.com','','Samson Vei Shun Chiu','2023-12-20 16:17:12','2023-12-20 16:17:12'),
(20,'2578928 Ontario Inc.','Markham','York Region','','','Mandeep Kaur Sachdeva','2023-12-20 16:17:12','2023-12-20 16:17:12'),
(21,'2603077 Ontario Ltd.','Markham','York Region','','','Jay Leung','2023-12-20 16:17:12','2023-12-20 16:17:12'),
(22,'2632485 Ontario Inc.','Markham','York Region','','','Manni Xu','2023-12-20 16:17:12','2023-12-20 16:17:12'),
(23,'2708874 Ontario Inc.','Markham','York Region','homelifelandmark.com','','Xi Ming Huang','2023-12-20 16:17:12','2023-12-20 16:17:12'),
(24,'2715504 Ontario Inc.','Markham','York Region','','','Hua Pei','2023-12-20 16:17:12','2023-12-20 16:17:12'),
(25,'2796683 Ontario Ltd.','Markham','York Region','','','Ka Kai Chu','2023-12-20 16:17:12','2023-12-20 16:17:12'),
(26,'2822847 Ontario Inc.','Markham','York Region','','','','2023-12-20 16:17:12','2023-12-20 16:17:12'),
(27,'2839158 Ontario Inc.','Markham','York Region','teamblueforce.ca','','Nijenthi Pararajalingam','2023-12-20 16:17:12','2023-12-20 16:17:12'),
(28,'2843852 Ontario Inc.','Markham','York Region','wangfaye.com','','Bo Wang','2023-12-20 16:17:12','2023-12-20 16:17:12'),
(29,'A Class Realty Inc.','Markham','York Region','','','Fei Yun','2023-12-20 16:17:12','2023-12-20 16:17:12'),
(30,'Ace Realty Brokerage Limited','Markham','York Region','','','David Ka Shing Ho','2023-12-20 16:17:12','2023-12-20 16:17:12'),
(31,'Agnes M. Y. Lee','Markham','York Region','','','','2023-12-20 16:17:12','2023-12-20 16:17:12'),
(32,'Agree Realty Centre Inc','Markham','York Region','','','Allan C L Lai','2023-12-20 16:17:12','2023-12-20 16:17:12'),
(33,'Aimhome Realty Inc.','Markham','York Region','aimhomerealty.ca','','','2023-12-20 16:17:12','2023-12-20 16:17:12'),
(34,'Alpha Sold Realty Ltd.','Markham','York Region','','','Yu Feng Gao','2024-01-29 17:32:34','2023-12-20 16:17:12'),
(35,'Alvir Homes Realty Ltd Brokerage','Markham','York Region','','','Alvir Canlas Tanghal','2023-12-20 16:17:12','2023-12-20 16:17:12'),
(36,'Anchor New Homes Inc.','Markham','York Region','anchornewhomes.com','','Min Min He','2023-12-20 16:17:12','2023-12-20 16:17:12'),
(37,'Anjia Realty Inc.','Markham','York Region','anjiarealty.ca','','Harry Leung-kit Siu','2023-12-20 16:17:12','2023-12-20 16:17:12'),
(38,'Applaud Realty Inc.','Markham','York Region','','','Warren Yu','2024-01-31 12:11:50','2023-12-20 16:17:12'),
(39,'Associates Realty Inc.','Markham','York Region','royallepage.ca','','Srisangar Shan Sinnarajah','2023-12-20 16:17:12','2023-12-20 16:17:12'),
(40,'Atrium Home Realty Inc.','Markham','York Region','atriumhomerealty.com','','Qiong Wu','2023-12-20 16:17:12','2023-12-20 16:17:12'),
(41,'Avion Realty Inc.','Markham','York Region','','','','2023-12-20 16:17:12','2023-12-20 16:17:12'),
(42,'Avison Young Commercial Real Estate Services Lp','Markham','York Region','avisonyoung.com','','','2023-12-20 16:17:12','2023-12-20 16:17:12'),
(43,'B.first Inc.','Markham','York Region','bfirst.ca','','Dinah Vanda Steele','2023-12-20 16:17:12','2023-12-20 16:17:12'),
(44,'Bay Street Group Inc.','Markham','York Region','','','','2023-12-20 16:17:12','2023-12-20 16:17:12'),
(45,'Bay Street Integrity Realty Inc.','Markham','York Region','baystreetintegrity.com','','','2023-12-20 16:17:12','2023-12-20 16:17:12'),
(46,'Benchmark Signature Realty Inc.','Markham','York Region','','','Cheuk Kee Chou','2024-01-29 17:32:34','2023-12-20 16:17:12'),
(47,'Benczik Kavanagh Real Estate Team Inc.','Markham','York Region','getbenczik.com','','Leslie Rudolph Benczik','2023-12-20 16:17:12','2023-12-20 16:17:12'),
(48,'Best Canada Home Realty Inc.','Markham','York Region','','','Xi Zou','2023-12-20 16:17:12','2023-12-20 16:17:12'),
(49,'Best Union Realty Inc.','Markham','York Region','','','Hao Wang','2023-12-20 16:17:12','2023-12-20 16:17:12'),
(50,'Bestway Realty Inc.','Markham','York Region','bestwayrealtyinc.com','','Praven Jayasiri','2023-12-20 16:17:12','2023-12-20 16:17:12'),
(51,'Bgis Global Integrated Solutions Realty Inc. Bgis Societe Immobiliere Solutions Globales Integrees Inc.','Markham','York Region','bgis.com','','Kathryn Susan B Quirke','2023-12-20 16:17:12','2023-12-20 16:17:12'),
(52,'Bgs Realty Inc.','Markham','York Region','bgshomes.com','','','2023-12-20 16:17:12','2023-12-20 16:17:12'),
(53,'Big City Realty Inc. Brokerage','Markham','York Region','bigcityrealtor.com','','Nerses Sraidarian','2023-12-20 16:17:12','2023-12-20 16:17:12'),
(54,'Blue Whale Capital Realty Inc.','Markham','York Region','viptre.com','','Victor Chi Ho Lee','2023-12-20 16:17:12','2023-12-20 16:17:12'),
(55,'Blvd Real Estate Inc.','Markham','York Region','delmarhomes.ca','','Hamed Ismailzadeh','2023-12-20 16:17:12','2023-12-20 16:17:12'),
(56,'Boxin Realty Inc.','Markham','York Region','','','Boxin Wang','2023-12-20 16:17:12','2023-12-20 16:17:12'),
(57,'C.d.p. Real Estate Limited','Markham','York Region','','','Raffaela Dipaola','2024-01-31 12:11:50','2023-12-20 16:17:12'),
(58,'Canadian Real Estate International Inc','Markham','York Region','','','Ronald J Graham','2023-12-20 16:17:12','2023-12-20 16:17:12'),
(59,'Capital Edge Real Estate Corp','Markham','York Region','','','Emily Chen','2023-12-20 16:17:12','2023-12-20 16:17:12'),
(60,'Capitalplus Group Realty Inc.','Markham','York Region','capitalpluscanada.com','','Bo Wen Li','2023-12-20 16:17:12','2023-12-20 16:17:12'),
(61,'Centerpoint Realty Inc.','Markham','York Region','evanhomes.ca','','Zhekai Tang','2023-12-20 16:17:12','2023-12-20 16:17:12'),
(62,'Centrecorp Real Estate Services Limited','Markham','York Region','centrecorp.com','','Antonio Fazari','2023-12-20 16:17:12','2023-12-20 16:17:12'),
(63,'Century 21 - Leading Edge Realty Inc.','Markham','York Region','century21.ca','','','2023-12-20 16:17:12','2023-12-20 16:17:12'),
(64,'Century 21 Kennect Realty Inc.','Markham','York Region','c21.ca','','Rowena Siu','2023-12-20 16:17:12','2023-12-20 16:17:12'),
(65,'Century 21 King\'s Quay Real Estate Inc','Markham','York Region','','','Kwan-lum Chow','2023-12-20 16:17:12','2023-12-20 16:17:12'),
(66,'Century 21 Landunion Homenet Realty Inc.','Markham','York Region','zhujia.ca','','Bo Xu','2023-12-20 16:17:12','2023-12-20 16:17:12'),
(67,'Century 21 Landunion Matchome Realty Inc.','Markham','York Region','','','Shujie Mei','2023-12-20 16:17:12','2023-12-20 16:17:12'),
(68,'Century 21 Landunion Realty Inc.','Markham','York Region','','','Ruijuan Susan Wu','2023-12-20 16:17:12','2023-12-20 16:17:12'),
(69,'Century 21 Leading Edge Experia Realty Inc.','Markham','York Region','','','Hua Shu Hu','2023-12-20 16:17:12','2023-12-20 16:17:12'),
(70,'Century 21 Parkland Ltd','Markham','York Region','century21.ca','','','2023-12-20 16:17:12','2023-12-20 16:17:12'),
(71,'Century 21 South Breeze Realty Inc.','Markham','York Region','','','May Kit Young','2023-12-20 16:17:12','2023-12-20 16:17:12'),
(72,'Chestnut Park Real Estate Limited','Markham','York Region','','','','2023-12-20 16:17:12','2023-12-20 16:17:12'),
(73,'City Plus Realty Inc.','Markham','York Region','','','Anita Siu Shan Woo','2024-01-31 12:11:50','2023-12-20 16:17:13'),
(74,'City Wide Professionals Inc.','Markham','York Region','citywideprofessionals.com','','John Em Tran','2023-12-20 16:17:13','2023-12-20 16:17:13'),
(75,'Classic Realty Inc','Markham','York Region','','','Diamondali Kamrudin Sunderani','2024-01-31 12:11:50','2023-12-20 16:17:13'),
(76,'Connell Real Estate Ltd','Markham','York Region','connellrealestate.com','','Fraser John Connell','2023-12-20 16:17:13','2023-12-20 16:17:13'),
(77,'Cornerstone Marketing Realty Inc.','Markham','York Region','cornerstonemarketing.ca','','Johnson Kai Chiu Cheng','2023-12-20 16:17:13','2023-12-20 16:17:13'),
(78,'Creekside Realty Inc.','Markham','York Region','','','Huiqi Zhang','2023-12-20 16:17:13','2023-12-20 16:17:13'),
(79,'Crown Home Realty Inc.','Markham','York Region','','','Nancy L. S. Chan','2023-12-20 16:17:13','2023-12-20 16:17:13'),
(80,'Culturelink Realty Inc.','Markham','York Region','culturelinkgroup.com','','Gallan Hui','2023-12-20 16:17:13','2023-12-20 16:17:13'),
(81,'Cushman & Wakefield Ulc','Markham','York Region','','','','2023-12-20 16:17:13','2023-12-20 16:17:13'),
(82,'Cypro Realty Inc.','Markham','York Region','cypro.ca','','Dan Xiao','2023-12-20 16:17:13','2023-12-20 16:17:13'),
(83,'Dolphin Realty Inc.','Markham','York Region','dolphinrealty.ca','','Lu Jia','2023-12-20 16:17:13','2023-12-20 16:17:13'),
(84,'Done Deal Realty Inc.','Markham','York Region','amritthukral.com','','','2023-12-20 16:17:13','2023-12-20 16:17:13'),
(85,'Dosman Real Estate Services Inc.','Markham','York Region','','','Michael F. Dosman','2023-12-20 16:17:13','2023-12-20 16:17:13'),
(86,'Dream Home Realty Inc.','Markham','York Region','','','Zhu Wang','2023-12-20 16:17:13','2023-12-20 16:17:13'),
(87,'Dsma Real Estate Inc.','Markham','York Region','dsma.com','','Monte Christian Weis','2023-12-20 16:17:13','2023-12-20 16:17:13'),
(88,'Eastide Realty Inc.','Markham','York Region','','','Xinhong Lin','2023-12-20 16:17:13','2023-12-20 16:17:13'),
(89,'Elite Capital Realty Inc','Markham','York Region','','','Grace Lau','2023-12-20 16:17:13','2023-12-20 16:17:13'),
(90,'Enso Realty Inc.','Markham','York Region','ensorealty.ca','','Jane Chi-yan Fung','2023-12-20 16:17:13','2023-12-20 16:17:13'),
(91,'Epic Realty Inc.','Markham','York Region','','','Yang Yan Li','2024-01-29 17:32:34','2023-12-20 16:17:13'),
(92,'Epl Investment Realty Limited','Markham','York Region','','','John Nassr','2024-01-31 12:11:50','2023-12-20 16:17:13'),
(93,'Equinox Arora Realty Inc.','Markham','York Region','equinoxarorarealty.com','','Samir Kumar Arora','2023-12-20 16:17:13','2023-12-20 16:17:13'),
(94,'Estar Real Estate Corporation','Markham','York Region','','','Shi Dong Zhang','2023-12-20 16:17:13','2023-12-20 16:17:13'),
(95,'Estay Realty Brokerage Inc.','Markham','York Region','','','Zhengjun Hao','2023-12-20 16:17:13','2023-12-20 16:17:13'),
(96,'Excel-first Realty Inc.','Markham','York Region','excelgroup.ca','','Paul Chi K Cheng','2023-12-20 16:17:13','2023-12-20 16:17:13'),
(97,'Excellent Realty Ltd','Markham','York Region','','','Wing-yun Kwan','2023-12-20 16:17:13','2023-12-20 16:17:13'),
(98,'Ey Homes Realty Inc.','Markham','York Region','','','De Feng','2023-12-20 16:17:13','2023-12-20 16:17:13'),
(99,'Ferrow Real Estate Inc.','Markham','York Region','ferrowrealestate.com','','Freddy Yoong Nian Mak','2023-12-20 16:17:13','2023-12-20 16:17:13'),
(100,'First Class Realty Inc.','Markham','York Region','firstclassrealty.ca','','','2023-12-20 16:17:13','2023-12-20 16:17:13'),
(101,'Foryou Real Estate Inc.','Markham','York Region','','','Rajeev Narang','2023-12-20 16:17:13','2023-12-20 16:17:13'),
(102,'Four Points Realty Inc.','Markham','York Region','','','Sandeep Kaur','2023-12-20 16:17:13','2023-12-20 16:17:13'),
(103,'Givalas Real Estate Ltd.','Markham','York Region','','','Nick Givalas','2023-12-20 16:17:13','2023-12-20 16:17:13'),
(104,'Global Link Realty Group Inc.','Markham','York Region','','','Dundas Wing Hung Kwok','2023-12-20 16:17:13','2023-12-20 16:17:13'),
(105,'Golden Ridge Realty Inc.','Markham','York Region','royallepage.ca','','Shu Zhou','2023-12-20 16:17:13','2023-12-20 16:17:13'),
(106,'Goudy Real Estate Corp.','Markham','York Region','','','Leonard Arthur Goudy','2023-12-20 16:17:13','2023-12-20 16:17:13'),
(107,'Green Home Works Realty Inc.','Markham','York Region','greenhomeworks.ca','','','2023-12-20 16:17:13','2023-12-20 16:17:13'),
(108,'Harborelite Realty Inc.','Markham','York Region','','','Dingchen Guo','2023-12-20 16:17:13','2023-12-20 16:17:13'),
(109,'Home Legend Realty Inc. Brokerage','Markham','York Region','','','Jun Jiang','2023-12-20 16:17:13','2023-12-20 16:17:13'),
(110,'Home One Realty Inc.','Markham','York Region','','','Ke Qin Chen','2023-12-20 16:17:13','2023-12-20 16:17:13'),
(111,'Homeart Realty Services Inc.','Markham','York Region','homeartrealty.com','','Arthur Pak Yu','2023-12-20 16:17:13','2023-12-20 16:17:13'),
(112,'Homelife Broadway Realty Inc.','Markham','York Region','','','','2023-12-20 16:17:13','2023-12-20 16:17:13'),
(113,'Homelife Culturelink Realty Inc.','Markham','York Region','culturelinkgroup.com','','Elaine L.w. Hui','2023-12-20 16:17:13','2023-12-20 16:17:13'),
(114,'Homelife Excelsior Realty Inc.','Markham','York Region','','','Victor Sing','2023-12-20 16:17:13','2023-12-20 16:17:13'),
(115,'Homelife Golconda Realty Inc.','Markham','York Region','hlgolconda.com','','Yoon Choy Wong','2023-12-20 16:17:13','2023-12-20 16:17:13'),
(116,'Homelife Landmark Realty Inc.','Markham','York Region','homelifelandmark.com','','','2023-12-20 16:17:13','2023-12-20 16:17:13'),
(117,'Homelife Top Star Realty Inc.','Markham','York Region','homelifetopstar.com','','Vaithilingam Jayasiri','2023-12-20 16:17:13','2023-12-20 16:17:13'),
(118,'Homelife/bayview Realty Inc.','Markham','York Region','homelifebayview.com','','','2023-12-20 16:17:13','2023-12-20 16:17:13'),
(119,'Homelife/future Realty Inc.','Markham','York Region','','','Selvadurai Vettyvel','2023-12-20 16:17:13','2023-12-20 16:17:13'),
(120,'Homelife/gold Trade Realty Ltd.','Markham','York Region','goldtraderealty.com','','Jimmy Jimorthy Chun Kou Wong','2023-12-20 16:17:13','2023-12-20 16:17:13'),
(121,'Homelife/leader Inc.','Markham','York Region','','','Paul C W Lau','2023-12-20 16:17:13','2023-12-20 16:17:13'),
(122,'Homelife/prohill Realty Ltd.','Markham','York Region','','','Sandra Filice','2023-12-20 16:17:13','2023-12-20 16:17:13'),
(123,'Homeliving Empire Realty Inc.','Markham','York Region','','','Guang Yan Wang','2023-12-20 16:17:13','2023-12-20 16:17:13'),
(124,'Homepin Realty Inc.','Markham','York Region','','','My Ngoc Tran','2023-12-20 16:17:13','2023-12-20 16:17:13'),
(125,'Homespot Corporation','Markham','York Region','c21heritagegroup.ca','','Ronald Prescott','2023-12-20 16:17:13','2023-12-20 16:17:13'),
(126,'Homeward Inc.','Markham','York Region','','','','2023-12-20 16:17:13','2023-12-20 16:17:13'),
(127,'Housesigma Inc.','Markham','York Region','housesigma.com','','','2023-12-20 16:17:13','2023-12-20 16:17:13'),
(128,'Ht International Realty Inc.','Markham','York Region','','','Raymond L Nie','2023-12-20 16:17:13','2023-12-20 16:17:13'),
(129,'Iliv Realty Inc','Markham','York Region','ilivrealty.ca','','Balika Kanagalingam','2023-12-20 16:17:13','2023-12-20 16:17:13'),
(130,'International Home Marketing Group Realty Inc.','Markham','York Region','ihmg.ca','','Stephen Wong','2023-12-20 16:17:13','2023-12-20 16:17:13'),
(131,'Ipoe Corporation','Markham','York Region','','','James C Li','2023-12-20 16:17:13','2023-12-20 16:17:13'),
(132,'Iqi Global Real Estate Ltd','Markham','York Region','iqicanada.com','','','2023-12-20 16:17:13','2023-12-20 16:17:13'),
(133,'Ireps Toronto Realty Corp.','Markham','York Region','ireps.ca','','Alex Sirmalis','2023-12-20 16:17:13','2023-12-20 16:17:13'),
(134,'Jdl Realty Inc.','Markham','York Region','','','','2023-12-20 16:17:13','2023-12-20 16:17:13'),
(135,'Jenfort Realty Inc.','Markham','York Region','','','Raymond Y.h. Kan','2023-12-20 16:17:14','2023-12-20 16:17:14'),
(136,'Joynet Realty Inc.','Markham','York Region','joynetrealty.ca','','Zhijun Wang','2023-12-20 16:17:14','2023-12-20 16:17:14'),
(137,'Kashmax Real Estate Inc.','Markham','York Region','kashmax.ca','','Ahsan Pervaiz','2023-12-20 16:17:14','2023-12-20 16:17:14'),
(138,'Kee Plus Realty Ltd.','Markham','York Region','','','Malcolm John Cho-kee','2023-12-20 16:17:14','2023-12-20 16:17:14'),
(139,'Ken Chan Realty Inc.','Markham','York Region','','','Beibei Xie','2023-12-20 16:17:14','2023-12-20 16:17:14'),
(140,'Landing Realty Inc.','Markham','York Region','landingrealty.ca','','Chong Deng','2023-12-20 16:17:14','2023-12-20 16:17:14'),
(141,'Landpower Real Estate Ltd.','Markham','York Region','landpower.ca','','Stephen Chi Wan Li','2023-12-20 16:17:14','2023-12-20 16:17:14'),
(142,'Landview Realty Ltd','Markham','York Region','','','Keyvan Shahrokhi','2023-12-20 16:17:14','2023-12-20 16:17:14'),
(143,'Lennard Commercial Realty Ltd.','Markham','York Region','lennard.com','','','2023-12-20 16:17:14','2023-12-20 16:17:14'),
(144,'Lifestyle/yonge Realty Inc.','Markham','York Region','','','Shahram Shokouhi','2023-12-20 16:17:14','2023-12-20 16:17:14'),
(145,'Lin\'s Global Realty Corporation','Markham','York Region','linsglobalrealty.ca','','Fen Lin','2023-12-20 16:17:14','2023-12-20 16:17:14'),
(146,'Living Realty Inc','Markham','York Region','livingrealty.com','','','2023-12-20 16:17:14','2023-12-20 16:17:14'),
(147,'Livingmaple Realty Inc.','Markham','York Region','','','Qian Dai','2023-12-20 16:17:14','2023-12-20 16:17:14'),
(148,'Lsg Realty Inc.','Markham','York Region','','','Malihe Esmaeili','2023-12-20 16:17:14','2023-12-20 16:17:14'),
(149,'Luxury Homes World Inc.','Markham','York Region','luxuryhomesworld.com','','Inthiran Swamy','2023-12-20 16:17:14','2023-12-20 16:17:14'),
(150,'Maratex Realty Inc.','Markham','York Region','','','Maryann Dipaola','2024-01-31 12:11:50','2023-12-20 16:17:14'),
(151,'Markham Centre Realty Inc.','Markham','York Region','','','Susan Y Y Wong','2023-12-20 16:17:15','2023-12-20 16:17:15'),
(152,'Master\'s Choice Realty Inc.','Markham','York Region','','','Bin Ji','2023-12-20 16:17:15','2023-12-20 16:17:15'),
(153,'Master\'s Trust Realty Inc.','Markham','York Region','','','Bing Liu','2023-12-20 16:17:15','2023-12-20 16:17:15'),
(154,'Meta Realty Inc.','Markham','York Region','metarealtyinc.ca','','Jake Edward Steinman','2023-12-20 16:17:15','2023-12-20 16:17:15'),
(155,'Mfs Realty Services Inc.','Markham','York Region','mfsrealty.com','','Thomas Bentley Mcgrath','2023-12-20 16:17:15','2023-12-20 16:17:15'),
(156,'Mypro Realty Inc.','Markham','York Region','c21myprorealty.com','','Bingbing Jiang','2023-12-20 16:17:15','2023-12-20 16:17:15'),
(157,'Nation Wide Realty Inc.','Markham','York Region','','','Hooshfar Rokni Pezeshkian','2023-12-20 16:17:15','2023-12-20 16:17:15'),
(158,'New Continent International Limited','Markham','York Region','','','Xi Sidney Liu','2023-12-20 16:17:15','2023-12-20 16:17:15'),
(159,'New Home Inc.','Markham','York Region','','','Honglei Dong','2023-12-20 16:17:15','2023-12-20 16:17:15'),
(160,'New Vision Capital Realty Inc.','Markham','York Region','','','Xiao Dong Duan','2023-12-20 16:17:15','2023-12-20 16:17:15'),
(161,'Newbridge Realty Inc.','Markham','York Region','nationwideappraisals.com','','Thomas Walter Mccormick','2023-12-20 16:17:15','2023-12-20 16:17:15'),
(162,'Newcondo Inc.','Markham','York Region','newcondo.ca','','Min Qian','2023-12-20 16:17:15','2023-12-20 16:17:15'),
(163,'Norman Hill Realty Inc.','Markham','York Region','normanhill.com','','Warren D. Hill','2023-12-20 16:17:15','2023-12-20 16:17:15'),
(164,'Pan-national Real Estate Ltd','Markham','York Region','','','Demetre Sklavos','2024-01-31 12:11:50','2023-12-20 16:17:15'),
(165,'Peter Kwan Realty Inc.','Markham','York Region','pkwan.com','','Philip Ching Kin Kwan','2023-12-20 16:17:15','2023-12-20 16:17:15'),
(166,'Pma Brethour Real Estate Corporation Inc.','Markham','York Region','pmabrethour.com','','Andrew R Brethour','2023-12-20 16:17:15','2023-12-20 16:17:15'),
(167,'Popular Real Estate Inc.','Markham','York Region','baystreetgroup.ca','','Dan Yang Zhao','2023-12-20 16:17:15','2023-12-20 16:17:15'),
(168,'Powers Real Estate Limited','Markham','York Region','powersproperty.com','','David Ciastko','2023-12-20 16:17:15','2023-12-20 16:17:15'),
(169,'Premier Group Realty Inc.','Markham','York Region','pgrealty.ca','','Manjit Banwait','2023-12-20 16:17:15','2023-12-20 16:17:15'),
(170,'Prestigium Real Estate Ltd','Markham','York Region','prestigiumgroup.com','','Tong Wang','2023-12-20 16:17:15','2023-12-20 16:17:15'),
(171,'Property Max Realty Inc.','Markham','York Region','','','Muthuthamby Sanmugathas','2023-12-20 16:17:15','2023-12-20 16:17:15'),
(172,'Proptech Realty Inc.','Markham','York Region','proptechrealtors.com','','Wenhao Zhu','2023-12-20 16:17:15','2023-12-20 16:17:15'),
(173,'Proxy Realty Ltd.','Markham','York Region','','','Zohreh Hemati','2023-12-20 16:17:15','2023-12-20 16:17:15'),
(174,'Public Trust Realty Inc.','Markham','York Region','','','Kashif Naveed','2023-12-20 16:17:15','2023-12-20 16:17:15'),
(175,'Quintillion Realty Inc.','Markham','York Region','','','Daniel M. Ho Lung','2023-12-20 16:17:15','2023-12-20 16:17:15'),
(176,'Radisson Realty Inc.','Markham','York Region','radissonrealty.com','','Bo Jia','2023-12-20 16:17:15','2023-12-20 16:17:15'),
(177,'Rc Best Choice Realty Corp','Markham','York Region','','','Wenming Cheng','2023-12-20 16:17:15','2023-12-20 16:17:15'),
(178,'Rd&co. Realty Inc','Markham','York Region','','','Travis Nikkolas Clarke Mofford','2023-12-20 16:17:15','2023-12-20 16:17:15'),
(179,'Re/max All-stars Realty Inc.','Markham','York Region','remaxallstars.ca','','Janet M Keen','2023-12-20 16:17:15','2023-12-20 16:17:15'),
(180,'Re/max Crossroads Realty Incorporated','Markham','York Region','topremax.ca','','Raka Paul','2023-12-20 16:17:15','2023-12-20 16:17:15'),
(181,'Re/max Excel Realty Ltd.','Markham','York Region','','','Joseph Chi Ho Wong','2023-12-20 16:17:15','2023-12-20 16:17:15'),
(182,'Re/max Goldenway Realty Inc','Markham','York Region','','','','2023-12-20 16:17:15','2023-12-20 16:17:15'),
(183,'Re/max Imperial Realty Inc.','Markham','York Region','','','Guiming Cai','2023-12-20 16:17:15','2023-12-20 16:17:15'),
(184,'Re/max Realtron Realty Inc','Markham','York Region','','','Alexander Pilarski','2023-12-20 16:17:15','2023-12-20 16:17:15'),
(185,'Re/max Realtron Tns Realty Inc.','Markham','York Region','','','Tony Chan','2023-12-20 16:17:15','2023-12-20 16:17:15'),
(186,'Real/net Realty Inc.','Markham','York Region','remaxrealtron.com','','Marilyn P Pilarski','2023-12-20 16:17:15','2023-12-20 16:17:15'),
(187,'Realtrium Realty Ltd.','Markham','York Region','realtrium.com','','Sivakanthan Sivagnanam','2023-12-20 16:17:15','2023-12-20 16:17:15'),
(188,'Realty Associates Inc.','Markham','York Region','','','Vanisha Vasta','2023-12-20 16:17:15','2023-12-20 16:17:15'),
(189,'Realty Wealth Group Inc.','Markham','York Region','','','Sebastien Ballin','2023-12-20 16:17:15','2023-12-20 16:17:15'),
(190,'Reon Homes Realty Inc','Markham','York Region','','','Justin M William','2023-12-20 16:17:15','2023-12-20 16:17:15'),
(191,'Rh Realty Inc','Markham','York Region','rhrealty.ca','','Yi Zeng','2023-12-20 16:17:15','2023-12-20 16:17:15'),
(192,'Richland Real Estate Marketing & Sales Inc.','Markham','York Region','richlandrems.com','','Eric Yee Lai Wong','2023-12-20 16:17:15','2023-12-20 16:17:15'),
(193,'Rife Realty Inc.','Markham','York Region','','','Lei Zhang','2023-12-20 16:17:15','2023-12-20 16:17:15'),
(194,'Rosemount Realty And Associates Ltd.','Markham','York Region','rosemountrealty.ca','','Ramaan Kangatharan','2023-12-20 16:17:15','2023-12-20 16:17:15'),
(195,'Royal Canadian Realty Brokers Inc.','Markham','York Region','royalcanadianrealty.com','','','2023-12-20 16:17:15','2023-12-20 16:17:15'),
(196,'Royal Elite Jerry Wen Realty Inc.','Markham','York Region','','','Zong Xue Wen','2023-12-20 16:17:15','2023-12-20 16:17:15'),
(197,'Royal Elite Realty Inc.','Markham','York Region','','','Meng Zhang','2023-12-20 16:17:15','2023-12-20 16:17:15'),
(198,'Royal Elite Skyline Realty Inc.','Markham','York Region','','','Hongfang Li','2023-12-20 16:17:15','2023-12-20 16:17:15'),
(199,'Royal Life Realty Inc.','Markham','York Region','trebnet.com','','Shoufeng Zhang','2023-12-20 16:17:15','2023-12-20 16:17:15'),
(200,'Royal Properties Realty Ltd.','Markham','York Region','remaxroyal.ca','','','2023-12-20 16:17:15','2023-12-20 16:17:15'),
(201,'Silwin Real Estate Ltd','Markham','York Region','','','Michelle A. Blackwin','2024-01-31 12:11:50','2023-12-20 16:17:16'),
(202,'Skyland Realty Inc.','Markham','York Region','','','Vera Wei Zhang','2023-12-20 16:17:16','2023-12-20 16:17:16'),
(203,'Skylette Marketing Realty Inc.','Markham','York Region','skylettemarketing.com','','Joey Cho-yee Wong','2023-12-20 16:17:16','2023-12-20 16:17:16'),
(204,'Skyline Marketing Realty Inc.','Markham','York Region','skylinerealty.ca','','A Vay Chau','2023-12-20 16:17:16','2023-12-20 16:17:16'),
(205,'Sunlake Realty Inc.','Markham','York Region','','','Peter Sai Hon Wong','2023-12-20 16:17:16','2023-12-20 16:17:16'),
(206,'Sunshine Realty Brokerage Inc.','Markham','York Region','','','Jun Yong Zhang','2023-12-20 16:17:16','2023-12-20 16:17:16'),
(207,'Supercity Realty Group Inc.','Markham','York Region','','','Shijie Situ','2023-12-20 16:17:16','2023-12-20 16:17:16'),
(208,'Superstars Realty Ltd.','Markham','York Region','superstarsrealty.com','','Ka Chun Shiu','2023-12-20 16:17:16','2023-12-20 16:17:16'),
(209,'Sw Real Estate Inc.','Markham','York Region','slwong.com','','Samuel Wong','2023-12-20 16:17:16','2023-12-20 16:17:16'),
(210,'T2r Properties Inc.','Markham','York Region','t2realty.com','','Christopher Leung','2023-12-20 16:17:16','2023-12-20 16:17:16'),
(211,'Tanco Corporation','Markham','York Region','','','Boh R S Tan','2024-01-31 12:11:50','2023-12-20 16:17:16'),
(212,'Tek Realty Inc.','Markham','York Region','tekrealty.ca','','Haifan Hu','2023-12-20 16:17:16','2023-12-20 16:17:16'),
(213,'The One Realty Inc.','Markham','York Region','','','Meng Zhou','2024-01-29 17:32:34','2023-12-20 16:17:16'),
(214,'Top Assets Realty Inc.','Markham','York Region','topassetsrealty.com','','Lu Yi','2023-12-20 16:17:16','2023-12-20 16:17:16'),
(215,'Tradeworld Realty Inc.','Markham','York Region','tradeworldrealty.com','','','2023-12-20 16:17:16','2023-12-20 16:17:16'),
(216,'Trilement Realty Inc.','Markham','York Region','','','Johnson Yip','2023-12-20 16:17:16','2023-12-20 16:17:16'),
(217,'Tron Realty Inc.','Markham','York Region','','','Meng Dong','2023-12-20 16:17:16','2023-12-20 16:17:16'),
(218,'Truecity Realty Inc.','Markham','York Region','','','Cathy Hong','2023-12-20 16:17:16','2023-12-20 16:17:16'),
(219,'Trustwell Realty Inc','Markham','York Region','trustwell.ca','','','2023-12-20 16:17:16','2023-12-20 16:17:16'),
(220,'Turnquest Realty Services Inc.','Markham','York Region','turnquest.ca','','','2023-12-20 16:17:16','2023-12-20 16:17:16'),
(221,'Urban Homes Realty Inc.','Markham','York Region','kotlyar.ca','','Filipp Kotlyar','2023-12-20 16:17:16','2023-12-20 16:17:16'),
(222,'Vip Realty Group Inc.','Markham','York Region','','','Lihuang Xie','2023-12-20 16:17:16','2023-12-20 16:17:16'),
(223,'Wanthome Realty Inc.','Markham','York Region','','','Xiaobin Wan','2023-12-20 16:17:16','2023-12-20 16:17:16'),
(224,'Wealthpower Real Estate Inc.','Markham','York Region','','','Jie Wang','2023-12-20 16:17:16','2023-12-20 16:17:16'),
(225,'Wehome Realty Inc.','Markham','York Region','wehomerealty.ca','','Fei Duan','2023-12-20 16:17:16','2023-12-20 16:17:16'),
(226,'Willco Realty Ltd','Markham','York Region','','','Christopher Wong','2023-12-20 16:17:16','2023-12-20 16:17:16'),
(227,'Winland Real Estate Services Inc.','Markham','York Region','','','Albert C. H. Cheung','2023-12-20 16:17:16','2023-12-20 16:17:16'),
(228,'Winmax Realty Inc.','Markham','York Region','','','Kitty Tseung','2023-12-20 16:17:16','2023-12-20 16:17:16'),
(229,'Woodsview Realty Inc.','Markham','York Region','woodsviewrealty.com','','Anthony K Azan','2023-12-20 16:17:16','2023-12-20 16:17:16'),
(230,'Wrenwood Realty Inc.','Markham','York Region','','','Demetre Politis','2023-12-20 16:17:16','2023-12-20 16:17:16'),
(231,'Yifan Hu','Markham','York Region','','','Yifan Hu','2023-12-20 16:17:17','2023-12-20 16:17:17'),
(232,'Yl Realty Inc.','Markham','York Region','','','Wen Hsiung Lee','2023-12-20 16:17:17','2023-12-20 16:17:17'),
(233,'Your Community Realty Inc.','Markham','York Region','royallepage.ca','','','2023-12-20 16:17:17','2023-12-20 16:17:17'),
(234,'Your Home Sold Guaranteed Realty Group Inc.','Markham','York Region','','','Faranak Dibaei Irani','2023-12-20 16:17:17','2023-12-20 16:17:17'),
(235,'Your Home Sold Guaranteed Realty Team Pris Han Corp.','Markham','York Region','','','Youling Han','2023-12-20 16:17:17','2023-12-20 16:17:17'),
(236,'Your Home Sold Guaranteed Realty Timsold Inc.','Markham','York Region','timsold.com','','Beatrice Ho','2023-12-20 16:17:17','2023-12-20 16:17:17'),
(237,'Yourcondos Realty Inc.','Markham','York Region','','','Yi-bin Zhao','2023-12-20 16:17:17','2023-12-20 16:17:17'),
(238,'Zillow (canada) Inc.','Markham','York Region','zillowgroup.com','','Kenneth Leandre Laroza','2023-12-20 16:17:17','2023-12-20 16:17:17'),
(239,'Associates Realty Solutions Inc.','Orangeville','Dufferin County','kw.com','','','2023-12-20 16:20:32','2023-12-20 16:20:32'),
(240,'Bask Realty Inc.','Orangeville','Dufferin County','','','Boris Dimovski','2023-12-20 16:20:32','2023-12-20 16:20:32'),
(241,'Century 21 Millennium Inc.','Orangeville','Dufferin County','c21m.ca','','','2023-12-20 16:20:33','2023-12-20 16:20:33'),
(242,'Cornerstone Realty Inc','Orangeville','Dufferin County','','','Jason Shane Haist','2023-12-20 16:20:33','2023-12-20 16:20:33'),
(243,'Exp Realty Of Canada Inc','Orangeville','Dufferin County','exprealty.net','','','2023-12-20 16:20:33','2023-12-20 16:20:33'),
(244,'I Find Realty Inc.','Orangeville','Dufferin County','','','Antonino Canali','2023-12-20 16:20:33','2023-12-20 16:20:33'),
(245,'Ipro Realty Ltd','Orangeville','Dufferin County','iprorealty.com','','','2023-12-20 16:20:33','2023-12-20 16:20:33'),
(246,'Rcr Realty Inc.','Orangeville','Dufferin County','royallepage.ca','','','2023-12-20 16:20:33','2023-12-20 16:20:33'),
(247,'Re/max Real Estate Centre Inc.','Orangeville','Dufferin County','remaxcentre.ca','','','2023-12-20 16:20:33','2023-12-20 16:20:33'),
(248,'Ronan Realty Ltd.','Orangeville','Dufferin County','ronanrealty.com','','','2023-12-20 16:20:33','2023-12-20 16:20:33'),
(249,'Save Max Supreme Real Estate Inc.','Orangeville','Dufferin County','savemax.ca','','','2023-12-20 16:20:33','2023-12-20 16:20:33'),
(250,'Alliance Realty Inc.','East Gwillimbury','','','','Roberta Enes','2023-12-20 16:38:22','2023-12-20 16:38:22'),
(251,'Keystar Realty Inc.','East Gwillimbury','','','','Iouri Chestopalov','2023-12-20 16:38:22','2023-12-20 16:38:22'),
(252,'Nan\'s Realty Inc.','East Gwillimbury','','','','Mian Nan','2023-12-20 16:38:22','2023-12-20 16:38:22'),
(253,'Urbanlife Realty Inc.','East Gwillimbury','','urbanliferealty.com','','','2023-12-20 16:38:22','2023-12-20 16:38:22'),
(254,'All Cdn Real Estate Ltd.','Erin','Wellington','','','Chris Othman Guermoudi','2023-12-20 16:38:22','2023-12-20 16:38:22'),
(255,'Mcenery Real Estate Inc.','Erin','Wellington','','','John T Cook','2023-12-20 16:38:23','2023-12-20 16:38:23'),
(256,'Meadowtowne Realty Inc.','Erin','Wellington','royallepage.ca','','','2023-12-20 16:38:23','2023-12-20 16:38:23'),
(257,'Re/max Real Estate Centre Inc.','Erin','Wellington','remaxcentre.ca','','','2023-12-20 16:38:23','2023-12-20 16:38:23'),
(258,'Xceed Realty Inc','Erin','Wellington','','','Joseph Kolenc','2023-12-20 16:38:23','2023-12-20 16:38:23'),
(259,'1868843 Ontario Inc.','Ajax','Durham Region','','','Anne-marie Nielsen','2023-12-20 16:38:23','2023-12-20 16:38:23'),
(260,'Achievers Real Estate Ltd','Ajax','Durham Region','lakeridge.ca','','Robert P Oldman','2023-12-20 16:38:23','2023-12-20 16:38:23'),
(261,'All-purpose Realty Services Inc.','Ajax','Durham Region','all-purposerealty.com','','Cathy Lewis','2023-12-20 16:38:23','2023-12-20 16:38:23'),
(262,'Aries Realty Inc.','Ajax','Durham Region','','','Edith Brown','2023-12-20 16:38:23','2023-12-20 16:38:23'),
(263,'Black Star Realty Corp.','Ajax','Durham Region','','','Kiangala Lumbu','2023-12-20 16:38:23','2023-12-20 16:38:23'),
(264,'Boulevard Homes Real Estate Limited','Ajax','Durham Region','','','Nikhil Bhardwaj','2023-12-20 16:38:23','2023-12-20 16:38:23'),
(265,'Central Real Estate Corporation','Ajax','Durham Region','centralrealestatecorp.com','','Harold Mitchell Green','2023-12-20 16:38:23','2023-12-20 16:38:23'),
(266,'Century 21 Innovative Realty Inc.','Ajax','Durham Region','century21.ca','','','2023-12-20 16:38:23','2023-12-20 16:38:23'),
(267,'Century 21 Percy Fulton Ltd','Ajax','Durham Region','','','','2023-12-20 16:38:23','2023-12-20 16:38:23'),
(268,'Connect Realty Inc.','Ajax','Durham Region','royallepage.ca','','','2023-12-20 16:38:23','2023-12-20 16:38:23'),
(269,'Cppi Realty Inc.','Ajax','Durham Region','cppirealty.com','','Michael K. Poon','2023-12-20 16:38:23','2023-12-20 16:38:23'),
(270,'Equity One Real Estate Inc.','Ajax','Durham Region','eore.ca','','','2023-12-20 16:38:23','2023-12-20 16:38:23'),
(271,'Green Cloud Realty Incorporated','Ajax','Durham Region','greencloudrealty.com','','Natasha Green','2023-12-20 16:38:23','2023-12-20 16:38:23'),
(272,'Lebel Real Estate Inc.','Ajax','Durham Region','','','Steven Lebel','2023-12-20 16:38:23','2023-12-20 16:38:23'),
(273,'Min Com New Choice Realty Ltd.','Ajax','Durham Region','mincomrealty.ca','','Judith R Stacee-cleaver','2023-12-20 16:38:23','2023-12-20 16:38:23'),
(274,'Mincom Peoples Choice Realty Inc','Ajax','Durham Region','','','David Joseph','2024-01-31 12:11:50','2023-12-20 16:38:23'),
(275,'Net More Real Estate Inc.','Ajax','Durham Region','morerealestate.ca','','Mena Bishay','2023-12-20 16:38:23','2023-12-20 16:38:23'),
(276,'Re/max Community Realty Inc.','Ajax','Durham Region','remaxcommunity.ca','','','2023-12-20 16:38:24','2023-12-20 16:38:24'),
(277,'Re/max Hallmark First Group Realty Ltd.','Ajax','Durham Region','remaxhallmark.com','','','2023-12-20 16:38:24','2023-12-20 16:38:24'),
(278,'Re/max Rouge River Realty Ltd.','Ajax','Durham Region','remaxrougeriver.com','','','2023-12-20 16:38:24','2023-12-20 16:38:24'),
(279,'Real Pro Realty Inc.','Ajax','Durham Region','','','Peter Chew','2024-01-31 12:11:50','2023-12-20 16:38:24'),
(280,'Royal Properties Realty Ltd.','Ajax','Durham Region','remaxroyal.ca','','Renuka Selvakumar','2023-12-20 16:38:24','2023-12-20 16:38:24'),
(281,'Rstm Realty Inc.','Ajax','Durham Region','','','Robert Makkar','2023-12-20 16:38:24','2023-12-20 16:38:24'),
(282,'Sail Realty Ltd.','Ajax','Durham Region','','','Mark Andrew Alphonso','2023-12-20 16:38:24','2023-12-20 16:38:24'),
(283,'Square Yards Real Estate Inc.','Ajax','Durham Region','squareyards.com','','','2023-12-20 16:38:24','2023-12-20 16:38:24'),
(284,'Sutton Group Heritage Realty Inc.','Ajax','Durham Region','sutton.com','','Rosalind A. Menary','2023-12-20 16:38:24','2023-12-20 16:38:24'),
(285,'Binder Real Estate Inc.','Amherstburg','Essex County','royallepagebinder.com','','','2023-12-20 16:38:30','2023-12-20 16:38:30'),
(286,'Bob Pedler Real Estate Limited','Amherstburg','Essex County','pedlerrealestate.com','','','2023-12-20 16:38:30','2023-12-20 16:38:30'),
(287,'Buckingham Realty (windsor) Ltd','Amherstburg','Essex County','buckinghamrealty.ca','','','2023-12-20 16:38:30','2023-12-20 16:38:30'),
(288,'Capital I Realty Ltd.','Amherstburg','Essex County','','','Kamal Duggal','2024-01-31 12:27:23','2023-12-20 16:38:30'),
(289,'Re/max Preferred Realty Ltd.','Amherstburg','Essex County','glenmuir.ca','','','2023-12-20 16:38:30','2023-12-20 16:38:30'),
(290,'The Dan Gemus Real Estate Team Ltd.','Amherstburg','Essex County','dangemus.com','','Daniel Patrick Gemus','2023-12-20 16:38:30','2023-12-20 16:38:30'),
(291,'6side Realty Inc.','Aurora','York Region','','','Annunziato Papa','2023-12-20 16:38:31','2023-12-20 16:38:31'),
(292,'Affiliate Realty Inc.','Aurora','York Region','','','Victor Santhiapillai','2023-12-20 16:38:31','2023-12-20 16:38:31'),
(293,'Angeliston Realty Trust Inc.','Aurora','York Region','','','Shuo Wang','2023-12-20 16:38:31','2023-12-20 16:38:31'),
(294,'Approved Realty Ltd.','Aurora','York Region','serbinski.com','','','2023-12-20 16:38:31','2023-12-20 16:38:31'),
(295,'Best Union Realty Inc.','Aurora','York Region','bestunionrealty.com','','','2023-12-20 16:38:31','2023-12-20 16:38:31'),
(296,'Century 21 - Leading Edge Realty Inc.','Aurora','York Region','century21.ca','','','2023-12-20 16:38:31','2023-12-20 16:38:31'),
(297,'Century 21 B. J. Roth Realty Ltd','Aurora','York Region','century21.ca','','','2023-12-20 16:38:31','2023-12-20 16:38:31'),
(298,'Empire Realty Centres Inc.','Aurora','York Region','kwrealtycentres.com','','','2023-12-20 16:38:31','2023-12-20 16:38:31'),
(299,'Fairmont Realty Ltd','Aurora','York Region','fairmontproperties.ca','','John Howard Emery','2023-12-20 16:38:31','2023-12-20 16:38:31'),
(300,'Forest Hill Real Estate Inc','Aurora','York Region','foresthillaurora.com','','','2023-12-20 16:38:31','2023-12-20 16:38:31'),
(301,'Home @ Last Realty Brokerage Ltd.','Aurora','York Region','','','Mike Palmieri','2023-12-20 16:38:31','2023-12-20 16:38:31'),
(302,'J.j. Barron And Associates Realty Inc','Aurora','York Region','','','John James Barron','2024-01-29 17:31:45','2023-12-20 16:38:31'),
(303,'Lucais Corp.','Aurora','York Region','lucais.com','','Lucais Shepherd','2023-12-20 16:38:31','2023-12-20 16:38:31'),
(304,'N. S. Smith Real Estate Ltd.','Aurora','York Region','smithrealestate.ca','','Norman S Smith','2023-12-20 16:38:31','2023-12-20 16:38:31'),
(305,'Peaceland Realty Group Inc.','Aurora','York Region','','','','2023-12-20 16:38:31','2023-12-20 16:38:31'),
(306,'Re/max Hallmark York Group Realty Ltd.','Aurora','York Region','remaxhallmark.com','','Barbara Brindle','2023-12-20 16:38:31','2023-12-20 16:38:31'),
(307,'Rowland Realty Ltd.','Aurora','York Region','','','Christopher Isles Rowland','2023-12-20 16:38:31','2023-12-20 16:38:31'),
(308,'Royal Dynasty Real Estate Ltd.','Aurora','York Region','','','Eduard Fitingof','2024-01-31 12:11:50','2023-12-20 16:38:31'),
(309,'Smartlist Realty Network Inc.','Aurora','York Region','','','Garry Robert Glidden','2024-01-31 12:11:50','2023-12-20 16:38:31'),
(310,'Snu Group Inc.','Aurora','York Region','','','Ming Jin','2023-12-20 16:38:31','2023-12-20 16:38:31'),
(311,'Tesa Real Estate Inc.','Aurora','York Region','tesarealestate.com','','Afshin Nabavi','2023-12-20 16:38:31','2023-12-20 16:38:31'),
(312,'The Lind Realty Team Inc.','Aurora','York Region','lindrealty.ca','','Lenard Herbert Lind','2023-12-20 16:38:31','2023-12-20 16:38:31'),
(313,'Urban Reform Realty Inc.','Aurora','York Region','urbanreformrealty.com','','','2023-12-20 16:38:31','2023-12-20 16:38:31'),
(314,'York National Realty Inc.','Aurora','York Region','yorknational.com','','Farid Ameryoun','2023-12-20 16:38:31','2023-12-20 16:38:31'),
(315,'Your Community Realty Inc.','Aurora','York Region','','','','2023-12-20 16:38:31','2023-12-20 16:38:31'),
(316,'Your Home Sold Guaranteed Realty Specialists Inc.','Aurora','York Region','','','Mauro Bucci','2024-01-31 12:11:50','2023-12-20 16:38:31'),
(317,'1000085532 Ontario Inc.','Barrie','Simcoe County','rightathomerealty.com','','','2023-12-20 16:38:32','2023-12-20 16:38:32'),
(318,'12396467 Canada Inc.','Barrie','Simcoe County','painteddoor.ca','','Kraig Edward Schwartz','2023-12-20 16:38:32','2023-12-20 16:38:32'),
(319,'2341652 Ontario Limited','Barrie','Simcoe County','kw.com','','','2023-12-20 16:38:32','2023-12-20 16:38:32'),
(320,'2689788 Ontario Inc.','Barrie','Simcoe County','','','Ramin Kouladji','2023-12-20 16:38:32','2023-12-20 16:38:32'),
(321,'Arlington Commercial Properties Inc.','Barrie','Simcoe County','arlingtoncommercial.ca','','Arlette P. Utton','2023-12-20 16:38:32','2023-12-20 16:38:32'),
(322,'Brimstone Realty Brokerage Inc.','Barrie','Simcoe County','brimstonerealty.ca','','','2023-12-20 16:38:32','2023-12-20 16:38:32'),
(323,'Burgess Realty Partners Ltd.','Barrie','Simcoe County','','','David A Burgess','2023-12-20 16:38:32','2023-12-20 16:38:32'),
(324,'Callhome Realty Network Inc.','Barrie','Simcoe County','callhomerealty.org','','Shirley Elizabeth Near','2023-12-20 16:38:32','2023-12-20 16:38:32'),
(325,'Century 21 B. J. Roth Realty Ltd','Barrie','Simcoe County','century21.ca','','Tamara Dawn Perlic','2023-12-20 16:38:32','2023-12-20 16:38:32'),
(326,'Chestnut Park Real Estate Limited','Barrie','Simcoe County','chestnutpark.com','','','2023-12-20 16:38:32','2023-12-20 16:38:32'),
(327,'Ed Lowe Limited','Barrie','Simcoe County','edlowerealestate.com','','Catherine A. Lowe','2023-12-20 16:38:32','2023-12-20 16:38:32'),
(328,'Exp Realty Of Canada Inc','Barrie','Simcoe County','exprealty.net','','','2023-12-20 16:38:32','2023-12-20 16:38:32'),
(329,'First Choice Realty Ontario Ltd.','Barrie','Simcoe County','','','Victoria Kathleen Meadows','2023-12-20 16:38:32','2023-12-20 16:38:32'),
(330,'First Contact Realty Ltd.','Barrie','Simcoe County','royallepage.ca','','Barbara Gail Frueh','2023-12-20 16:38:32','2023-12-20 16:38:32'),
(331,'Gregory A. Viau Real Estate Ltd.','Barrie','Simcoe County','','','Gregory A Viau','2023-12-20 16:38:32','2023-12-20 16:38:32'),
(332,'H Knox Realty Services Inc.','Barrie','Simcoe County','','','Heather Lynne Knox','2023-12-20 16:38:33','2023-12-20 16:38:33'),
(333,'Hassey Realty Corp','Barrie','Simcoe County','hasseyrealty.com','','Colin Hassey','2023-12-20 16:38:33','2023-12-20 16:38:33'),
(334,'Hightree Realty Inc. Brokerage','Barrie','Simcoe County','hightreerealty.com','','Pat H Nivera Hogeboom-nivera','2023-12-20 16:38:33','2023-12-20 16:38:33'),
(335,'Hilton Realty Corp','Barrie','Simcoe County','','','Sandra Knight','2023-12-20 16:38:33','2023-12-20 16:38:33'),
(336,'Home Choice Realty Inc.','Barrie','Simcoe County','','','Mazher Ali Talpur','2023-12-20 16:38:33','2023-12-20 16:38:33'),
(337,'Homelife All Points Realty Inc.','Barrie','Simcoe County','homelifeallpointsrealty.ca','','Julia Stanford','2023-12-20 16:38:33','2023-12-20 16:38:33'),
(338,'Homelife Nu-key Realty Ltd.','Barrie','Simcoe County','','','Michael J Mifsud','2023-12-20 16:38:33','2023-12-20 16:38:33'),
(339,'Housesigma Inc.','Barrie','Simcoe County','housesigma.com','','','2023-12-20 16:38:33','2023-12-20 16:38:33'),
(340,'Jrb Group Realty Inc.','Barrie','Simcoe County','thejrbgroup.ca','','','2023-12-20 16:38:33','2023-12-20 16:38:33'),
(341,'Lillian Wilkinson','Barrie','Simcoe County','','','','2023-12-20 16:38:33','2023-12-20 16:38:33'),
(342,'Maven Commercial Real Estate Inc.','Barrie','Simcoe County','mavencommercial.ca','','Stephanie Lynn Maye','2023-12-20 16:38:33','2023-12-20 16:38:33'),
(343,'Max Wright Real Estate Corporation','Barrie','Simcoe County','sothebysrealty.ca','','','2023-12-20 16:38:33','2023-12-20 16:38:33'),
(344,'Nobility Realty Inc.','Barrie','Simcoe County','','','Ajmal Mohammad Noushahi','2023-12-20 16:38:33','2023-12-20 16:38:33'),
(345,'One Percent Realty Ltd.','Barrie','Simcoe County','onepercentrealty.com','','Darren Chamish','2023-12-20 16:38:33','2023-12-20 16:38:33'),
(346,'Our Neighbourhood Realty Inc.','Barrie','Simcoe County','trebnet.com','','','2023-12-20 16:38:33','2023-12-20 16:38:33'),
(347,'P & P Properties Inc.','Barrie','Simcoe County','pandpproperties.com','','Marc James Pumple','2023-12-20 16:38:33','2023-12-20 16:38:33'),
(348,'P2 Realty Inc.','Barrie','Simcoe County','p2realty.com','','','2023-12-20 16:38:33','2023-12-20 16:38:33'),
(349,'Parker Coulter Realty Brokerage Inc.','Barrie','Simcoe County','parkercoulter.com','','Parker James Coulter','2023-12-20 16:38:33','2023-12-20 16:38:33'),
(350,'Peggy Hill Team Real Estate Brokerage Inc.','Barrie','Simcoe County','peggyhill.com','','Matthew William Morrison','2023-12-20 16:38:33','2023-12-20 16:38:33'),
(351,'Pine Tree Real Estate Brokerage Inc.','Barrie','Simcoe County','pinetreerealestate.ca','','Leonard Skok','2023-12-20 16:38:33','2023-12-20 16:38:33'),
(352,'Re/max Chay Realty Inc.','Barrie','Simcoe County','remaxchay.com','','Paula Christine Carney','2023-12-20 16:38:33','2023-12-20 16:38:33'),
(353,'Re/max Crosstown Realty Inc. Brokerage','Barrie','Simcoe County','remaxcrosstown.ca','','','2023-12-20 16:38:33','2023-12-20 16:38:33'),
(354,'Realty Executives Of Simcoe Inc.','Barrie','Simcoe County','realtyexecutives.com','','Don Allan Mcaskin','2023-12-20 16:38:33','2023-12-20 16:38:33'),
(355,'Redefined Real Estate Inc. Brokerage','Barrie','Simcoe County','redrealestate.ca','','Darren Burley','2023-12-20 16:38:33','2023-12-20 16:38:33'),
(356,'Revel Realty Inc.','Barrie','Simcoe County','revelrealty.ca','','','2023-12-20 16:38:33','2023-12-20 16:38:33'),
(357,'Save Max Superstars Realty Inc.','Barrie','Simcoe County','','','Waiz Ahmed','2023-12-20 16:38:33','2023-12-20 16:38:33'),
(358,'Singhteam Realty Inc.','Barrie','Simcoe County','','','Harpreet Singh','2023-12-20 16:38:33','2023-12-20 16:38:33'),
(359,'Sutton Group Incentive Realty Inc.','Barrie','Simcoe County','sutton.com','','Bill Kindou','2023-12-20 16:38:33','2023-12-20 16:38:33'),
(360,'The Chilton Team Inc.','Barrie','Simcoe County','thechiltonteam.com','','','2023-12-20 16:38:33','2023-12-20 16:38:33'),
(361,'The Faris Team Corp.','Barrie','Simcoe County','faristeam.ca','','Jeffrey W. Barr','2023-12-20 16:38:33','2023-12-20 16:38:33'),
(362,'The Real Estate Centre Inc.','Barrie','Simcoe County','coldwellbanker.ca','','','2023-12-20 16:38:33','2023-12-20 16:38:33'),
(363,'Top Cats Realty Inc.','Barrie','Simcoe County','topcats.ca','','Kelly Claudine Laughton','2023-12-20 16:38:33','2023-12-20 16:38:33'),
(364,'Ultramax Realty Inc.','Barrie','Simcoe County','','','John Daniel Reeves','2023-12-20 16:38:33','2023-12-20 16:38:33'),
(365,'Weir Realty Services Inc.','Barrie','Simcoe County','johndweir.com','','John Duncan Weir','2023-12-20 16:38:33','2023-12-20 16:38:33'),
(366,'Yellow Brick Realty Ltd.','Barrie','Simcoe County','yellowbrick.ca','','','2023-12-20 16:38:33','2023-12-20 16:38:33'),
(367,'Zolo Realty (ontario) Inc.','Barrie','Simcoe County','zolo.ca','','','2023-12-20 16:38:33','2023-12-20 16:38:33'),
(368,'A.l. Wyrcimaga Real Estate Inc.','Beamsville','','','','Adam L. Wyrcimaga','2023-12-20 16:38:48','2023-12-20 16:38:48'),
(369,'Chettle House Realty Inc.','Beamsville','','','','Lawrence Edward Chettle','2024-01-31 12:27:23','2023-12-20 16:38:48'),
(370,'Nrc Realty Inc.','Beamsville','','homesniagara.com','','','2023-12-20 16:38:48','2023-12-20 16:38:48'),
(371,'Reflection Bay Realty Inc.','Beamsville','','reflectionbayrealty.com','','Michael Ryan Martin','2023-12-20 16:38:48','2023-12-20 16:38:48'),
(372,'W. Bald Real Estate Brokerage Ltd.','Beamsville','','','','Wilma M Bald','2023-12-20 16:38:48','2023-12-20 16:38:48'),
(373,'2257648 Ontario Inc','Belleville','Hastings County','bradyshortt.com','','Brady Lawrence Shortt','2023-12-20 16:38:49','2023-12-20 16:38:49'),
(374,'Century 21 Lanthorn & Associates Real Estate Ltd.','Belleville','Hastings County','c21.ca','','Travis Adam Royle','2023-12-20 16:38:49','2023-12-20 16:38:49'),
(375,'Century 21-lanthorn Real Estate Ltd','Belleville','Hastings County','century21.ca','','','2023-12-20 16:38:49','2023-12-20 16:38:49'),
(376,'Direct Realty Ltd.','Belleville','Hastings County','directrealty.com','','John Samuel Chisholm','2023-12-20 16:38:49','2023-12-20 16:38:49'),
(377,'Donna Kearns','Belleville','Hastings County','','','','2023-12-20 16:38:49','2023-12-20 16:38:49'),
(378,'Ekort Realty Ltd.','Belleville','Hastings County','ekortrealty.com','','Jamie T. Troke','2023-12-20 16:38:49','2023-12-20 16:38:49'),
(379,'Exp Realty Of Canada Inc','Belleville','Hastings County','exprealty.net','','','2023-12-20 16:38:49','2023-12-20 16:38:49'),
(380,'Gordon\'s Downsizing & Estate Services Ltd.','Belleville','Hastings County','gogordons.com','','','2023-12-20 16:38:49','2023-12-20 16:38:49'),
(381,'Inspire Real Estate Corp.','Belleville','Hastings County','kw.com','','','2023-12-20 16:38:49','2023-12-20 16:38:49'),
(382,'Ipro Realty Ltd','Belleville','Hastings County','','','Fedele Colucci','2023-12-20 16:38:49','2023-12-20 16:38:49'),
(383,'Kearns Donna','Belleville','Hastings County','','','Donna Kearns','2023-12-20 16:38:49','2023-12-20 16:38:49'),
(384,'Loyalist Realty Inc.','Belleville','Hastings County','loyalistrealty.com','','Roy D Brett','2023-12-20 16:38:49','2023-12-20 16:38:49'),
(385,'Marino Locations Limited','Belleville','Hastings County','marino.ca','','','2023-12-20 16:38:49','2023-12-20 16:38:49'),
(386,'Max Wright Real Estate Corporation','Belleville','Hastings County','sothebysrealty.ca','','','2023-12-20 16:38:49','2023-12-20 16:38:49'),
(387,'Our Neighbourhood Realty Inc.','Belleville','Hastings County','onri.ca','','','2023-12-20 16:38:49','2023-12-20 16:38:49'),
(388,'Proalliance Realty Corporation','Belleville','Hastings County','markrashotte.com','','Mark Christopher Rashotte','2023-12-20 16:38:49','2023-12-20 16:38:49'),
(389,'Re/max Quinte Ltd.','Belleville','Hastings County','remaxquinte.com','','Sean Mckinney','2023-12-20 16:38:49','2023-12-20 16:38:49'),
(390,'Royal Heritage Realty Ltd.','Belleville','Hastings County','','','','2024-01-31 12:11:50','2023-12-20 16:38:49'),
(391,'2341652 Ontario Limited','Bracebridge','Muskoka','kw.com','','','2023-12-20 16:38:56','2023-12-20 16:38:56'),
(392,'2607842 Ontario Inc.','Bracebridge','Muskoka','perylekeye.com','','Joline Irene Bradbury','2023-12-20 16:38:56','2023-12-20 16:38:56'),
(393,'2734100 Ontario Inc.','Bracebridge','Muskoka','','','','2023-12-20 16:38:56','2023-12-20 16:38:56'),
(394,'Bracebridge Realty Inc.','Bracebridge','Muskoka','bracebridgerealty.ca','','Oliver John Reprich','2023-12-20 16:38:56','2023-12-20 16:38:56'),
(395,'Exp Realty Of Canada Inc','Bracebridge','Muskoka','exprealty.net','','','2023-12-20 16:38:56','2023-12-20 16:38:56'),
(396,'Lakes Of Muskoka Realty Inc.','Bracebridge','Muskoka','rlpmuskoka.com','','John Matthew O\'rourke','2023-12-20 16:38:56','2023-12-20 16:38:56'),
(397,'Re/max Hallmark Realty Limited','Bracebridge','Muskoka','remaxhallmark.com','','','2023-12-20 16:38:56','2023-12-20 16:38:56'),
(398,'Sharon Elliott Real Estate Ltd.','Bracebridge','Muskoka','bmts.com','','Sharon M. Elliott','2023-12-20 16:38:56','2023-12-20 16:38:56'),
(399,'The Brokerage Inc.','Bracebridge','Muskoka','theagencyre.com','','','2023-12-20 16:38:56','2023-12-20 16:38:56'),
(400,'Awan Realty Inc.','Bradford','Simcoe County','','','Nusrat Awan','2023-12-20 16:38:58','2023-12-20 16:38:58'),
(401,'Century 21 Heritage Group Ltd.','Bradford','Simcoe County','','','','2024-01-31 12:11:50','2023-12-20 16:38:58'),
(402,'Home N Work Realty Inc.','Bradford','Simcoe County','','','Judy Sharon Smith','2023-12-20 16:38:58','2023-12-20 16:38:58'),
(403,'King District Realty','Bradford','Simcoe County','','','Roman Poliakov','2023-12-20 16:38:58','2023-12-20 16:38:58'),
(404,'Metro King Realty Inc.','Bradford','Simcoe County','','','Iftikhar Ahmad','2023-12-20 16:38:58','2023-12-20 16:38:58'),
(405,'Milor Realty Inc.','Bradford','Simcoe County','','','Mike Prete','2024-01-31 12:11:50','2023-12-20 16:38:58'),
(406,'Rcr Realty Inc.','Bradford','Simcoe County','','','','2023-12-20 16:38:58','2023-12-20 16:38:58'),
(407,'Re/max Chay Realty Inc.','Bradford','Simcoe County','remaxhallmark.com','','','2023-12-20 16:38:58','2023-12-20 16:38:58'),
(408,'Realty Exchange Real Estate Ltd.','Bradford','Simcoe County','','','Mehran Najaf-toomraei','2024-01-31 12:11:50','2023-12-20 16:38:58'),
(409,'Rycor Realty Inc.','Bradford','Simcoe County','','','Rick E Crozier','2024-01-31 12:11:50','2023-12-20 16:38:58'),
(410,'1000063247 Ontario Ltd.','Brampton','Peel Region','savemaxcrown.com','','Shafiq Ur Rahman','2023-12-20 16:39:03','2023-12-20 16:39:03'),
(411,'1000163556 Ontario Inc.','Brampton','Peel Region','','','Gurneet Singh Sahota','2023-12-20 16:39:03','2023-12-20 16:39:03'),
(412,'1000238677 Ontario Limited','Brampton','Peel Region','cbacre.ca','','Jaycob Slevin Gill','2023-12-20 16:39:03','2023-12-20 16:39:03'),
(413,'1000256476 Ontario Inc.','Brampton','Peel Region','','','Sudeep Sarkar','2023-12-20 16:39:03','2023-12-20 16:39:03'),
(414,'1000571970 Ontario Inc.','Brampton','Peel Region','prgrealestate.ca','','Harshwinder Singh Pabla','2023-12-20 16:39:03','2023-12-20 16:39:03'),
(415,'1000667840 Ontario Inc.','Brampton','Peel Region','','','Satwant Singh Sandhu','2023-12-20 16:39:03','2023-12-20 16:39:03'),
(416,'11083155 Canada Inc.','Brampton','Peel Region','goldgaterealty.ca','','Gaurangkumar Bhatt','2023-12-20 16:39:03','2023-12-20 16:39:03'),
(417,'14542096 Canada Inc.','Brampton','Peel Region','','','Jagdeep Singh Saini','2023-12-20 16:39:03','2023-12-20 16:39:03'),
(418,'1917149 Ontario Inc.','Brampton','Peel Region','','','','2024-01-31 12:11:50','2023-12-20 16:39:03'),
(419,'2432594 Ontario Inc.','Brampton','Peel Region','','','Manjit Singh Pawar','2023-12-20 16:39:03','2023-12-20 16:39:03'),
(420,'2439953 Ontario Inc','Brampton','Peel Region','','','Shafiqullah Akbari','2023-12-20 16:39:03','2023-12-20 16:39:03'),
(421,'2605448 Ontario Inc.','Brampton','Peel Region','','','','2023-12-20 16:39:03','2023-12-20 16:39:03'),
(422,'2712628 Ontario Inc.','Brampton','Peel Region','','','Dhaval R.b. Patel','2023-12-20 16:39:03','2023-12-20 16:39:03'),
(423,'2805604 Ontario Incorporated','Brampton','Peel Region','','','Ketankumar Bhanushanker Trivedi','2023-12-20 16:39:03','2023-12-20 16:39:03'),
(424,'2805609 Ontario Inc.','Brampton','Peel Region','','','Nirav Sunilkumar Parikh','2023-12-20 16:39:03','2023-12-20 16:39:03'),
(425,'2823711 Ontario Limited','Brampton','Peel Region','','','Ravi Singh Godara','2023-12-20 16:39:03','2023-12-20 16:39:03'),
(426,'2851365 Ontario Inc.','Brampton','Peel Region','century21.ca','','','2023-12-20 16:39:03','2023-12-20 16:39:03'),
(427,'5020993 Ontario Inc.','Brampton','Peel Region','','','Pushpinder Singh','2023-12-20 16:39:03','2023-12-20 16:39:03'),
(428,'99homes Realty Inc.','Brampton','Peel Region','99homes.ca','','Kulwant Singh','2023-12-20 16:39:03','2023-12-20 16:39:03'),
(429,'Aa Real Estate Ltd. Brokerage','Brampton','Peel Region','','','Kanwal Tanwir','2023-12-20 16:39:03','2023-12-20 16:39:03'),
(430,'Access Homes Realty Services Inc.','Brampton','Peel Region','','','Rameshwar Singh Nanwa','2024-01-31 12:27:23','2023-12-20 16:39:03'),
(431,'Ace Team Realty Inc','Brampton','Peel Region','manojarora.com','','','2023-12-20 16:39:03','2023-12-20 16:39:03'),
(432,'Adenat Real Estate Ltd.','Brampton','Peel Region','adenathomes.com','','Reesa Sari Garber','2023-12-20 16:39:03','2023-12-20 16:39:03'),
(433,'Ali Sadia Ali Realty Corp.','Brampton','Peel Region','trebnet.com','','Sadia Ali','2023-12-20 16:39:03','2023-12-20 16:39:03'),
(434,'Antoinette Nadine Graham','Brampton','Peel Region','','','Antoinette Nadine Graham','2023-12-20 16:39:03','2023-12-20 16:39:03'),
(435,'Archway Realty Limited','Brampton','Peel Region','','','Dario James Sguigna','2023-12-20 16:39:03','2023-12-20 16:39:03'),
(436,'Astate Homes Realty Inc.','Brampton','Peel Region','','','Anurag K Sharma','2024-01-31 12:27:23','2023-12-20 16:39:03'),
(437,'Ava Star Realty Inc.','Brampton','Peel Region','sagarteam.com','','Rajendra M. Sagar','2023-12-20 16:39:03','2023-12-20 16:39:03'),
(438,'B2b Realty Inc.','Brampton','Peel Region','','','Padam Kumar Bir','2023-12-20 16:39:03','2023-12-20 16:39:03'),
(439,'Bbn Realty Inc.','Brampton','Peel Region','','','Jagdish Kumar','2023-12-20 16:39:04','2023-12-20 16:39:04'),
(440,'Best Home Realty Ltd','Brampton','Peel Region','','','Tirth Singh','2023-12-20 16:39:04','2023-12-20 16:39:04'),
(441,'Bizpro Realty Inc.','Brampton','Peel Region','','','Nilesh Ramanbhai Dalwadi','2023-12-20 16:39:04','2023-12-20 16:39:04'),
(442,'Blue Jays Realty Inc.','Brampton','Peel Region','','','Shailja Dadar','2023-12-20 16:39:04','2023-12-20 16:39:04'),
(443,'Blue Rose Realty Inc.','Brampton','Peel Region','blueroserealty.ca','','Parminder Singh Mangat','2023-12-20 16:39:04','2023-12-20 16:39:04'),
(444,'Bluetick Realty Inc.','Brampton','Peel Region','','','Shefali Sanjay Shah','2023-12-20 16:39:04','2023-12-20 16:39:04'),
(445,'Caine Real Estate Services Inc','Brampton','Peel Region','','','Leslie J Caine','2024-01-31 12:11:50','2023-12-20 16:39:04'),
(446,'Canada Build Platinum Real Estate Brokerage Inc.','Brampton','Peel Region','','','Neha Sethi','2023-12-20 16:39:04','2023-12-20 16:39:04'),
(447,'Canadian Real Estate Group Inc.','Brampton','Peel Region','','','Manmohanjit Kaur Minhas','2023-12-20 16:39:04','2023-12-20 16:39:04'),
(448,'Captain Real Estate Group Ltd.','Brampton','Peel Region','','','Rajinder Minhas-bal','2023-12-20 16:39:04','2023-12-20 16:39:04'),
(449,'Carriage House Realty Corp.','Brampton','Peel Region','','','Derrik A Libawski','2024-01-31 12:11:50','2023-12-20 16:39:04'),
(450,'Castlemore Real Estate Limited','Brampton','Peel Region','','','Daniela Andrea Rojas','2024-01-29 17:31:35','2023-12-20 16:39:04'),
(451,'Century 21 Empire Realty Inc','Brampton','Peel Region','century21.ca','','','2023-12-20 16:39:04','2023-12-20 16:39:04'),
(452,'Century 21 Millennium Inc.','Brampton','Peel Region','c21m.ca','','','2023-12-20 16:39:04','2023-12-20 16:39:04'),
(453,'Century 21 Paramount Realty Inc.','Brampton','Peel Region','century21.ca','','Harminder Saggu','2023-12-20 16:39:04','2023-12-20 16:39:04'),
(454,'Century 21 People\'s Choice Realty Inc.','Brampton','Peel Region','','','','2023-12-20 16:39:04','2023-12-20 16:39:04'),
(455,'Century 21 President Realty Inc.','Brampton','Peel Region','century21.ca','','','2023-12-20 16:39:04','2023-12-20 16:39:04'),
(456,'Century 21 Property Zone Realty Inc.','Brampton','Peel Region','','','','2023-12-20 16:39:04','2023-12-20 16:39:04'),
(457,'Century 21 Red Star Realty Inc.','Brampton','Peel Region','niksharma.com','','Anil Kumar Sharma','2023-12-20 16:39:04','2023-12-20 16:39:04'),
(458,'Century 21 Royaltors Realty Inc. Brokerage','Brampton','Peel Region','century21.ca','','Harcharan Singh Bhullar','2023-12-20 16:39:04','2023-12-20 16:39:04'),
(459,'Circle Real Estate Inc.','Brampton','Peel Region','','','','2023-12-20 16:39:04','2023-12-20 16:39:04'),
(460,'Citi Brokers Realty Inc','Brampton','Peel Region','citibrokersrealty.com','','Kamaldeep Singh Chohan','2023-12-20 16:39:04','2023-12-20 16:39:04'),
(461,'City Max Homes Realty Inc.','Brampton','Peel Region','','','Vijaya Birsam Reddy','2023-12-20 16:39:04','2023-12-20 16:39:04'),
(462,'Cityscape Real Estate Ltd.','Brampton','Peel Region','cityscapeone.com','','','2023-12-20 16:39:04','2023-12-20 16:39:04'),
(463,'Credit Valley Real Estate Inc.','Brampton','Peel Region','royallepage.ca','','Khalid Latif','2023-12-20 16:39:04','2023-12-20 16:39:04'),
(464,'Crown Realtors Brokerage Corporation','Brampton','Peel Region','','','Navpal Singh Hothi','2023-12-20 16:39:04','2023-12-20 16:39:04'),
(465,'Crystal Path Realty Inc.','Brampton','Peel Region','crystalpathrealty.com','','Sherifat Adebola Adekola','2023-12-20 16:39:04','2023-12-20 16:39:04'),
(466,'Curbside Realty Inc.','Brampton','Peel Region','','','Jaswinder Gakhal','2023-12-20 16:39:04','2023-12-20 16:39:04'),
(467,'Custom Realty Services Inc.','Brampton','Peel Region','customrealty.ca','','Mary M Wojas','2023-12-20 16:39:04','2023-12-20 16:39:04'),
(468,'Deservia Realty Inc.','Brampton','Peel Region','','','Farhana Kabir','2023-12-20 16:39:04','2023-12-20 16:39:04'),
(469,'Dream Max Real Estate Inc.','Brampton','Peel Region','','','Rajnish Handa','2023-12-20 16:39:04','2023-12-20 16:39:04'),
(470,'Dreamnest Realty Inc.','Brampton','Peel Region','dreamnest.ca','','Rajesh Kumar Wadehra','2023-12-20 16:39:04','2023-12-20 16:39:04'),
(471,'Eclat Realty Inc.','Brampton','Peel Region','eclatrealty.ca','','Adebayo John Taiwo','2023-12-20 16:39:04','2023-12-20 16:39:04'),
(472,'Elfa Realty Inc.','Brampton','Peel Region','elfarealty.com','','Ermidio F Alves','2023-12-20 16:39:04','2023-12-20 16:39:04'),
(473,'Executive Real Estate Services Ltd.','Brampton','Peel Region','','','','2024-01-31 12:11:50','2023-12-20 16:39:04'),
(474,'First Time Realty Services Inc.','Brampton','Peel Region','firsttimerealty.ca','','Kurt Andre Walker','2023-12-20 16:39:04','2023-12-20 16:39:04'),
(475,'Flagship Realty Inc.','Brampton','Peel Region','flagshiprealtyinc.com','','Himakshi Sandhu','2023-12-20 16:39:04','2023-12-20 16:39:04'),
(476,'Florida Home Finders Of Canada Inc.','Brampton','Peel Region','','','Philip J Calvano','2024-01-31 12:11:50','2023-12-20 16:39:04'),
(477,'Flower City Realty Inc.','Brampton','Peel Region','royallepageflowercity.com','','Iqbal Bhangu','2023-12-20 16:39:04','2023-12-20 16:39:04'),
(478,'Freeway Real Estates Inc.','Brampton','Peel Region','freewaygroup.ca','','Avinderjit Dhaliwal','2023-12-20 16:39:04','2023-12-20 16:39:04'),
(479,'Freeway Realty Inc.','Brampton','Peel Region','','','Manpreet Singh Othi','2023-12-20 16:39:04','2023-12-20 16:39:04'),
(480,'Gain Max Realty Inc.','Brampton','Peel Region','','','Balbir Singh Toor','2023-12-20 16:39:04','2023-12-20 16:39:04'),
(481,'Gate Real Estate Inc.','Brampton','Peel Region','','','','2024-01-31 12:11:50','2023-12-20 16:39:04'),
(482,'Get Max Realty Inc. Brokerage','Brampton','Peel Region','','','Sreekari Maluru','2023-12-20 16:39:04','2023-12-20 16:39:04'),
(483,'Gold Estate Realty Inc.','Brampton','Peel Region','','','','2023-12-20 16:39:04','2023-12-20 16:39:04'),
(484,'Goldcliff Homes Ltd.','Brampton','Peel Region','goldcliffhomes.com','','','2023-12-20 16:39:04','2023-12-20 16:39:04'),
(485,'Grace Dwyer','Brampton','Peel Region','','','','2023-12-20 16:39:04','2023-12-20 16:39:04'),
(486,'Grappling Home Realty Inc.','Brampton','Peel Region','','','Mohini Persaud','2024-01-31 12:11:15','2023-12-20 16:39:04'),
(487,'Green Maple Realty Inc.','Brampton','Peel Region','','','Simarpreet Kaur Chabbewal','2023-12-20 16:39:04','2023-12-20 16:39:04'),
(488,'Hare Real Estate (peel) Limited','Brampton','Peel Region','','','Daryl James Ruff','2023-12-20 16:39:04','2023-12-20 16:39:04'),
(489,'Hashtag Homes Real Estate Inc.','Brampton','Peel Region','','','Rahul Kashyap','2023-12-20 16:39:04','2023-12-20 16:39:04'),
(490,'Home To Home Realty Inc.','Brampton','Peel Region','peterbottcher.ca','','Peter Bottcher','2023-12-20 16:39:04','2023-12-20 16:39:04'),
(491,'Homecastle Real Estate Inc.','Brampton','Peel Region','','','Sunpreet Singh','2023-12-20 16:39:04','2023-12-20 16:39:04'),
(492,'Homelife G1 Realty Inc.','Brampton','Peel Region','jeevanpunni.com','','Sanjivan Jeevan Punni','2023-12-20 16:39:04','2023-12-20 16:39:04'),
(493,'Homelife Maple Leaf Realty Ltd.','Brampton','Peel Region','','','','2023-12-20 16:39:04','2023-12-20 16:39:04'),
(494,'Homelife Miracle Realty Ltd.','Brampton','Peel Region','homelifemiracle.com','','','2023-12-20 16:39:04','2023-12-20 16:39:04'),
(495,'Homelife Paramount Realty Inc.','Brampton','Peel Region','rjrealtor.ca','','Ritesh Jhamb','2023-12-20 16:39:04','2023-12-20 16:39:04'),
(496,'Homelife Silvercity Realty Inc.','Brampton','Peel Region','hlsilvercity.com','','','2023-12-20 16:39:04','2023-12-20 16:39:04'),
(497,'Homelife Superstars Real Estate Limited','Brampton','Peel Region','','','','2023-12-20 16:39:04','2023-12-20 16:39:04'),
(498,'Homelife/diamonds Realty Inc.','Brampton','Peel Region','','','Inderveer S Chawla','2023-12-20 16:39:04','2023-12-20 16:39:04'),
(499,'Homes Homes Realty Inc.','Brampton','Peel Region','','','Jaswinder Singh Kainth','2023-12-20 16:39:04','2023-12-20 16:39:04'),
(500,'Houseland Enterprises Inc.','Brampton','Peel Region','','','Sukhdev Dhade','2023-12-20 16:39:04','2023-12-20 16:39:04'),
(501,'Icc Realtor Inc.','Brampton','Peel Region','','','Ripudaman Singh Dhillon','2023-12-20 16:39:04','2023-12-20 16:39:04'),
(502,'Ipro Realty Ltd','Brampton','Peel Region','iprorealty.com','','','2023-12-20 16:39:04','2023-12-20 16:39:04'),
(503,'Jn Asensio Realty Inc.','Brampton','Peel Region','jnrealty.ca','','Tomas Asensio','2023-12-20 16:39:05','2023-12-20 16:39:05'),
(504,'Kan-mar Developments Inc.','Brampton','Peel Region','','','James B. Florecki','2023-12-20 16:39:05','2023-12-20 16:39:05'),
(505,'Kewin Commercial Realty Inc.','Brampton','Peel Region','','','Terry M. Kewin','2024-01-31 12:11:50','2023-12-20 16:39:05'),
(506,'King Realty Inc.','Brampton','Peel Region','','','','2023-12-20 16:39:05','2023-12-20 16:39:05'),
(507,'Kingsview - Ford Real Estate Limited','Brampton','Peel Region','','','Edward Andrew Ford-king','2023-12-20 16:39:05','2023-12-20 16:39:05'),
(508,'Kotla Realty Inc.','Brampton','Peel Region','kotla.ca','','Narinder Singh','2023-12-20 16:39:05','2023-12-20 16:39:05'),
(509,'Landlink Real Estate Ltd','Brampton','Peel Region','','','Sandeep Kaur Badesha','2023-12-20 16:39:05','2023-12-20 16:39:05'),
(510,'Landmark Real Estate Centre Inc.','Brampton','Peel Region','vipcondonetwork.com','','Hardeep Singh Grewal','2023-12-20 16:39:05','2023-12-20 16:39:05'),
(511,'Legacy Real Estate Services Inc.','Brampton','Peel Region','','','Marcello Vitale','2023-12-20 16:39:05','2023-12-20 16:39:05'),
(512,'Lesscom Realty Inc.','Brampton','Peel Region','lesscomrealty.com','','Navjeet Singh Ghuman','2023-12-20 16:39:05','2023-12-20 16:39:05'),
(513,'Lexus Realty Inc.','Brampton','Peel Region','','','Daniel Iannitto','2023-12-20 16:39:05','2023-12-20 16:39:05'),
(514,'Lion Gate Realty Inc.','Brampton','Peel Region','','','Victor Nijjar','2023-12-20 16:39:05','2023-12-20 16:39:05'),
(515,'List N Sold Realty Corp.','Brampton','Peel Region','','','Gursharan J S Grewal','2023-12-20 16:39:05','2023-12-20 16:39:05'),
(516,'Maple Realty Inc.','Brampton','Peel Region','','','Shailender Singh Gill','2023-12-20 16:39:05','2023-12-20 16:39:05'),
(517,'Megacity Realty Inc.','Brampton','Peel Region','','','Pradeep Kumar','2023-12-20 16:39:05','2023-12-20 16:39:05'),
(518,'Metapro Realty Inc.','Brampton','Peel Region','metaprorealty.ca','','','2023-12-20 16:39:05','2023-12-20 16:39:05'),
(519,'Millennium Real Estate Inc.','Brampton','Peel Region','remaxmillennium.ca','','','2023-12-20 16:39:05','2023-12-20 16:39:05'),
(520,'My Home Realty Ltd.','Brampton','Peel Region','','','Gurkirpal Singh Sandhu','2023-12-20 16:39:05','2023-12-20 16:39:05'),
(521,'New Door Realty Inc.','Brampton','Peel Region','new-door.ca','','Kamla Devi Gupta','2023-12-20 16:39:05','2023-12-20 16:39:05'),
(522,'Noble Edge Realty Inc.','Brampton','Peel Region','','','Kuldip Kaur','2023-12-20 16:39:05','2023-12-20 16:39:05'),
(523,'Nsd 3brokers Realty Inc.','Brampton','Peel Region','nsd3brokers.ca','','Rajiv Datta','2023-12-20 16:39:05','2023-12-20 16:39:05'),
(524,'Ojala Prosperity Specialists Inc.','Brampton','Peel Region','ojalabankers.com','','Pritam Singh Meet','2023-12-20 16:39:05','2023-12-20 16:39:05'),
(525,'Orbis Realty Inc.','Brampton','Peel Region','orbisrealty.ca','','Ranjan Rhode','2023-12-20 16:39:05','2023-12-20 16:39:05'),
(526,'Pace Realty Inc.','Brampton','Peel Region','','','Rajiv Sadana','2024-01-29 17:31:26','2023-12-20 16:39:05'),
(527,'Peel Realty Inc','Brampton','Peel Region','','','Gurjinder Kaur Sandhu','2023-12-20 16:39:05','2023-12-20 16:39:05'),
(528,'Platinum Realty Inc.','Brampton','Peel Region','royallepage.ca','','','2023-12-20 16:39:05','2023-12-20 16:39:05'),
(529,'Plus Realty Ltd.','Brampton','Peel Region','','','Elio D. Sardella','2023-12-20 16:39:05','2023-12-20 16:39:05'),
(530,'Price Real Estate Limited','Brampton','Peel Region','','','Bradley Robert Price','2024-01-31 12:11:50','2023-12-20 16:39:06'),
(531,'Profit Makers Real Estate Inc.brokerage','Brampton','Peel Region','profitmakers.ca','','Karanvir Singh Gandhi','2023-12-20 16:39:06','2023-12-20 16:39:06'),
(532,'Re/max Champions Realty Inc.','Brampton','Peel Region','','','Kashmir Aujla','2024-01-31 12:11:50','2023-12-20 16:39:06'),
(533,'Re/max Gold Realty Inc.','Brampton','Peel Region','','','Sukwinder S Khuman','2023-12-20 16:39:06','2023-12-20 16:39:06'),
(534,'Re/max Real Estate Centre Inc.','Brampton','Peel Region','remaxcentre.ca','','','2023-12-20 16:39:06','2023-12-20 16:39:06'),
(535,'Re/max Realty Services Inc','Brampton','Peel Region','4561000.com','','','2023-12-20 16:39:06','2023-12-20 16:39:06'),
(536,'Re/max Realty Specialists Inc.','Brampton','Peel Region','remaxspec.on.ca','','','2023-12-20 16:39:06','2023-12-20 16:39:06'),
(537,'Re/max Skyway Realty Inc.','Brampton','Peel Region','','','Tejvir Singh Dhugga','2023-12-20 16:39:06','2023-12-20 16:39:06'),
(538,'Real City Realty Inc.','Brampton','Peel Region','','','Kelechi Chiedoziem Amadi','2023-12-20 16:39:06','2023-12-20 16:39:06'),
(539,'Realestation Realty Inc.','Brampton','Peel Region','realestation.ca','','Blaine Bell','2023-12-20 16:39:06','2023-12-20 16:39:06'),
(540,'Realty Heroes Inc.','Brampton','Peel Region','','','Davinder Pal Singh','2023-12-20 16:39:06','2023-12-20 16:39:06'),
(541,'Rebest Realty Inc.','Brampton','Peel Region','','','Munish Arora','2023-12-20 16:39:06','2023-12-20 16:39:06'),
(542,'Reed Realty Inc','Brampton','Peel Region','reedrealty.ca','','James Reed','2023-12-20 16:39:06','2023-12-20 16:39:06'),
(543,'Res/com Real Estate Services Inc.','Brampton','Peel Region','','','Swaran Singh Dhaliwal','2023-12-20 16:39:06','2023-12-20 16:39:06'),
(544,'Rigmaxx Realty Inc.','Brampton','Peel Region','','','Raj Kumar Mahat','2023-12-20 16:39:06','2023-12-20 16:39:06'),
(545,'Rising Star Realty Ltd.','Brampton','Peel Region','','','Ram Pal Singh Pawar','2023-12-20 16:39:06','2023-12-20 16:39:06'),
(546,'Rising Sun Real Estate Inc.','Brampton','Peel Region','','','Gurvir Singh Grewal','2023-12-20 16:39:06','2023-12-20 16:39:06'),
(547,'Royal Star Realty Inc','Brampton','Peel Region','royalstarrealty.com','','','2023-12-20 16:39:06','2023-12-20 16:39:06'),
(548,'Save Home Realty Inc.','Brampton','Peel Region','savehome.ca','','Sanjeep Kumar Shrestha','2023-12-20 16:39:06','2023-12-20 16:39:06'),
(549,'Save Max First Choice Real Estate Inc.','Brampton','Peel Region','savemax.ca','','','2023-12-20 16:39:06','2023-12-20 16:39:06'),
(550,'Save Max Real Estate Inc.','Brampton','Peel Region','savemax.ca','','','2023-12-20 16:39:06','2023-12-20 16:39:06'),
(551,'Search Realty Corp.','Brampton','Peel Region','searchrealty.ca','','','2023-12-20 16:39:06','2023-12-20 16:39:06'),
(552,'Sellmaxx Real Estate Inc.','Brampton','Peel Region','','','','2023-12-20 16:39:06','2023-12-20 16:39:06'),
(553,'Show More And More Realty Corporation','Brampton','Peel Region','','','Joss Covenoho','2023-12-20 16:39:06','2023-12-20 16:39:06'),
(554,'Sky Realty Inc.','Brampton','Peel Region','skyrealty.ca','','Nandalall Haro Shivratan','2023-12-20 16:39:06','2023-12-20 16:39:06'),
(555,'Skymax Realty Inc.','Brampton','Peel Region','skymaxrealtyinc.com','','Manjot Singh Braich','2023-12-20 16:39:06','2023-12-20 16:39:06'),
(556,'Smartbuyers Real Estate Marketing Inc.','Brampton','Peel Region','','','James Vlachos','2024-01-31 12:11:50','2023-12-20 16:39:06'),
(557,'Stembo Realty Inc. Brokerage','Brampton','Peel Region','','','Nishanthe Lalandra Stembo','2023-12-20 16:39:06','2023-12-20 16:39:06'),
(558,'Street Master Realty Ltd.','Brampton','Peel Region','streetmaster.ca','','Dharmender Kumar','2023-12-20 16:39:06','2023-12-20 16:39:06'),
(559,'Streetville Executive Plus Realty Inc.','Brampton','Peel Region','streetville.ca','','Ferdousul Alam Bhuiyan','2023-12-20 16:39:06','2023-12-20 16:39:06'),
(560,'Sutton Group - Realty Experts Inc.','Brampton','Peel Region','rakeshsharma.ca','','Rakesh Sharma','2023-12-20 16:39:06','2023-12-20 16:39:06'),
(561,'Tcb Realty Ltd.','Brampton','Peel Region','','','Russell G V Paul','2024-01-31 12:11:15','2023-12-20 16:39:06'),
(562,'Team Sukhvinder Real Estate Limited','Brampton','Peel Region','teamsukhvinder.com','','Tajinder Singh','2023-12-20 16:39:06','2023-12-20 16:39:06'),
(563,'The Grand Realty Inc.','Brampton','Peel Region','','','Avtar Sandhu','2023-12-20 16:39:06','2023-12-20 16:39:06'),
(564,'The Realty Den Corporation','Brampton','Peel Region','therealtyden.com','','','2023-12-20 16:39:06','2023-12-20 16:39:06'),
(565,'Top/max Realty Inc.','Brampton','Peel Region','topmaxrealestate.com','','Sandeep Mohan','2023-12-20 16:39:06','2023-12-20 16:39:06'),
(566,'Tri-city Professional Realty Inc.','Brampton','Peel Region','','','Kuldip Singh Bassi','2023-12-20 16:39:06','2023-12-20 16:39:06'),
(567,'Triple Net Realty Inc.','Brampton','Peel Region','nnnrealty.ca','','Sumanjit Singh Panfer','2023-12-20 16:39:06','2023-12-20 16:39:06'),
(568,'United Associates Realty Inc.','Brampton','Peel Region','','','Jaspreet Kaur Mundi','2023-12-20 16:39:06','2023-12-20 16:39:06'),
(569,'Upshift Realty Inc.','Brampton','Peel Region','','','Bhupender Taneja','2023-12-20 16:39:06','2023-12-20 16:39:06'),
(570,'Upstate Realty Inc.','Brampton','Peel Region','upstaterealty.ca','','Randeep Singh Chatha','2023-12-20 16:39:06','2023-12-20 16:39:06'),
(571,'Urban Metropolis Estates Realty Inc.','Brampton','Peel Region','urbanmetrorealty.com','','Sabir Shaikh','2023-12-20 16:39:06','2023-12-20 16:39:06'),
(572,'Vc Realty Inc.','Brampton','Peel Region','vcrealtyteam.com','','Vijaya Chumun','2023-12-20 16:39:06','2023-12-20 16:39:06'),
(573,'Vendex Realty Inc.','Brampton','Peel Region','rlpvendex.ca','','Mario Jeorge Hermenegildo','2023-12-20 16:39:06','2023-12-20 16:39:06'),
(574,'Watershed Realty Inc.','Brampton','Peel Region','watershedrealty.ca','','David Berto','2023-12-20 16:39:06','2023-12-20 16:39:06'),
(575,'Wolfpack Realty Inc.','Brampton','Peel Region','','','Sukhbir Kaur','2023-12-20 16:39:06','2023-12-20 16:39:06'),
(576,'Yes Realty Inc.','Brampton','Peel Region','yesrealty.ca','','Gurpartap Bhutta','2023-12-20 16:39:06','2023-12-20 16:39:06'),
(577,'2158833 Ontario Inc.','Brantford','Brant','','','Michael B Hurley','2024-01-31 12:11:50','2023-12-20 16:40:47'),
(578,'Aalracasa Realty Inc','Brantford','Brant','','','Linda M Zelem','2024-01-31 12:11:50','2023-12-20 16:40:47'),
(579,'Acme Realty Inc.','Brantford','Brant','','','Lalit Handa','2023-12-20 16:40:47','2023-12-20 16:40:47'),
(580,'Action Realty Ltd.','Brantford','Brant','royallepage.ca','','Danny De Dominicis','2023-12-20 16:40:47','2023-12-20 16:40:47'),
(581,'Advantage Realty Group (brantford) Inc.','Brantford','Brant','','','Gary S Macdonnell','2023-12-20 16:40:47','2023-12-20 16:40:47'),
(582,'Brant Real Estate Ltd','Brantford','Brant','','','','2023-12-20 16:40:47','2023-12-20 16:40:47'),
(583,'Casam Realty Inc.','Brantford','Brant','casam.ca','','Mark Anthony Steele','2023-12-20 16:40:47','2023-12-20 16:40:47'),
(584,'Century 21 Grand Realty Inc.','Brantford','Brant','century21.ca','','Manny Munir','2023-12-20 16:40:47','2023-12-20 16:40:47'),
(585,'Century 21 Heritage House Ltd','Brantford','Brant','century21.ca','','','2023-12-20 16:40:47','2023-12-20 16:40:47'),
(586,'Elizabeth Anna Koster','Brantford','Brant','','','','2023-12-20 16:40:47','2023-12-20 16:40:47'),
(587,'Exp Realty Of Canada Inc','Brantford','Brant','exprealty.net','','','2023-12-20 16:40:47','2023-12-20 16:40:47'),
(588,'Homefront Realty Inc','Brantford','Brant','','','Michelle Linda Amey','2024-01-31 12:11:50','2023-12-20 16:40:47'),
(589,'Houseeo Realty Inc.','Brantford','Brant','houseeo.com','','Gurpreet Singh Bedi','2023-12-20 16:40:47','2023-12-20 16:40:47'),
(590,'Innovation Real Estate Inc.','Brantford','Brant','kwinnovationrealty.com','','','2023-12-20 16:40:47','2023-12-20 16:40:47'),
(591,'King Realty Inc.','Brantford','Brant','','','','2023-12-20 16:40:47','2023-12-20 16:40:47'),
(592,'Pamela White','Brantford','Brant','pamelawhite.ca','','Pamela White','2023-12-20 16:40:47','2023-12-20 16:40:47'),
(593,'Pay It Forward Realty Brant Inc.','Brantford','Brant','payitforwardrealty.ca','','Jake Gerald Eivers','2023-12-20 16:40:47','2023-12-20 16:40:47'),
(594,'Pmw Long Real Estate Ltd.','Brantford','Brant','','','Paul W.r. Long','2023-12-20 16:40:47','2023-12-20 16:40:47'),
(595,'Re/max Escarpment Realty Inc.','Brantford','Brant','rmxemail.com','','Conrad Guy Zurini','2023-12-20 16:40:47','2023-12-20 16:40:47'),
(596,'Re/max Twin City Realty Inc.','Brantford','Brant','rexmaxtwincity.com','','','2023-12-20 16:40:47','2023-12-20 16:40:47'),
(597,'Realty Place Inc','Brantford','Brant','realtyplace.ca','','Maria Przednowek','2023-12-20 16:40:47','2023-12-20 16:40:47'),
(598,'Revel Realty Inc.','Brantford','Brant','revelrealty.ca','','','2023-12-20 16:40:47','2023-12-20 16:40:47'),
(599,'Seller\'s Choice Stockdale Realty Ltd.','Brantford','Brant','thesellerschoice.ca','','Ronald C. Stockdale','2023-12-20 16:40:47','2023-12-20 16:40:47'),
(600,'The Brokerage Inc.','Brantford','Brant','theagencyre.com','','','2023-12-20 16:40:47','2023-12-20 16:40:47'),
(601,'Ultimate Advantage Real Estate Ltd.','Brantford','Brant','','','Francis C Olenski','2024-01-31 12:11:50','2023-12-20 16:40:47'),
(602,'West Brant Realty Inc.','Brantford','Brant','','','Philip Romanenko','2023-12-20 16:40:47','2023-12-20 16:40:47'),
(603,'Century 21 Percy Fulton Ltd','Brighton','Northumberland','','','','2023-12-20 16:40:54','2023-12-20 16:40:54'),
(604,'Proalliance Realty Corporation','Brighton','Northumberland','reach.net','','','2023-12-20 16:40:54','2023-12-20 16:40:54'),
(605,'Re/max Quinte Ltd.','Brighton','Northumberland','remaxquinte.com','','','2023-12-20 16:40:54','2023-12-20 16:40:54'),
(606,'Royal Heritage Realty Ltd.','Brighton','Northumberland','','','','2024-01-31 12:11:50','2023-12-20 16:40:54'),
(607,'11828991 Canada Inc.','Brockville','Leeds','tomurealestate.com','','','2023-12-20 16:40:54','2023-12-20 16:40:54'),
(608,'2416725 Ontario Ltd.','Brockville','Leeds','sutton.com','','Dana Leslie Pearce','2023-12-20 16:40:54','2023-12-20 16:40:54'),
(609,'Century 21 River\'s Edge Ltd.','Brockville','Leeds','','','Christian Lessard Wiltshire','2023-12-20 16:40:54','2023-12-20 16:40:54'),
(610,'Culligan Real Estate Limited','Brockville','Leeds','culliganrealestate.ca','','','2023-12-20 16:40:54','2023-12-20 16:40:54'),
(611,'Exp Realty Of Canada Inc','Brockville','Leeds','exprealty.net','','','2023-12-20 16:40:54','2023-12-20 16:40:54'),
(612,'Homelife/dlk Real Estate Ltd.','Brockville','Leeds','','','David J. Wilson','2023-12-20 16:40:54','2023-12-20 16:40:54'),
(613,'John Henry White','Brockville','Leeds','','','','2023-12-20 16:40:54','2023-12-20 16:40:54'),
(614,'L/g Realty Inc.','Brockville','Leeds','','','Ralph Frank Legere','2023-12-20 16:40:54','2023-12-20 16:40:54'),
(615,'O\'grady Real Estate Brokerage Inc.','Brockville','Leeds','','','Monica Kaliopi O\'grady','2023-12-20 16:40:54','2023-12-20 16:40:54'),
(616,'Proalliance Realty Corporation','Brockville','Leeds','royallepage.ca','','','2023-12-20 16:40:54','2023-12-20 16:40:54'),
(617,'Re/max Hometown Realty Inc','Brockville','Leeds','janetandray.com','','Raymond J. Wheeler','2023-12-20 16:40:54','2023-12-20 16:40:54'),
(618,'Ron Merkley Real Estate & Appraisals Inc.','Brockville','Leeds','merkleyappraisals.com','','Ronald G. Merkley','2023-12-20 16:40:54','2023-12-20 16:40:54'),
(619,'Solid Rock Realty Inc.','Brockville','Leeds','srrealty.ca','','','2023-12-20 16:40:54','2023-12-20 16:40:54'),
(620,'Vip Realty Inc.','Brockville','Leeds','kwintegrity.ca','','','2023-12-20 16:40:54','2023-12-20 16:40:54'),
(621,'1000085532 Ontario Inc.','Burlington','Halton Region','rightathomerealty.com','','','2023-12-20 16:40:57','2023-12-20 16:40:57'),
(622,'1000678677 Ontario Limited','Burlington','Halton Region','','','Kim Smiley Wiley','2023-12-20 16:40:57','2023-12-20 16:40:57'),
(623,'13337511 Canada Inc.','Burlington','Halton Region','','','','2023-12-20 16:40:57','2023-12-20 16:40:57'),
(624,'1804456 Ontario Inc.','Burlington','Halton Region','ontariowiderealty.ca','','','2023-12-20 16:40:57','2023-12-20 16:40:57'),
(625,'1837915 Ontario Inc.','Burlington','Halton Region','kw.com','','','2023-12-20 16:40:57','2023-12-20 16:40:57'),
(626,'2482212 Ontario Inc.','Burlington','Halton Region','barbarabeers.com','','Barbara J Beers','2023-12-20 16:40:57','2023-12-20 16:40:57'),
(627,'2514510 Ontario Inc.','Burlington','Halton Region','rmxemail.com','','Sarah Stephenson Logue','2023-12-20 16:40:57','2023-12-20 16:40:57'),
(628,'2651197 Ontario Inc.','Burlington','Halton Region','ontariopropertypros.com','','Brenda Irene Mckinley','2023-12-20 16:40:57','2023-12-20 16:40:57'),
(629,'2868768 Ontario Incorporated','Burlington','Halton Region','synergized.ca','','Li Cheng','2023-12-20 16:40:57','2023-12-20 16:40:57'),
(630,'Active Properties Inc.','Burlington','Halton Region','tag-realty.ca','','Richard Maddern','2023-12-20 16:40:57','2023-12-20 16:40:57'),
(631,'Agra Real Estate Ltd','Burlington','Halton Region','','','Veena Malhotra','2023-12-20 16:40:57','2023-12-20 16:40:57'),
(632,'Apex Results Realty Inc.','Burlington','Halton Region','','','Bob Van De Vrande','2023-12-20 16:40:57','2023-12-20 16:40:57'),
(633,'Apple Park Realty Inc','Burlington','Halton Region','','','Allan R Mccurdy','2023-12-20 16:40:57','2023-12-20 16:40:57'),
(634,'Best Real Estate Inc.','Burlington','Halton Region','bestrealestateinc.com','','Ross Gligic','2023-12-20 16:40:57','2023-12-20 16:40:57'),
(635,'Blair Blanchard Stapleton Halton Ltd.','Burlington','Halton Region','bbsrealty.com','','Kevin James Mcaleese','2023-12-20 16:40:57','2023-12-20 16:40:57'),
(636,'Brad Louis Koziey-kronas Stephen Robert Kronas','Burlington','Halton Region','','','Bradley Louis Koziey-kronas','2023-12-20 16:40:57','2023-12-20 16:40:57'),
(637,'Bradbury Estate Realty Inc.','Burlington','Halton Region','bradburyestaterealty.com','','','2023-12-20 16:40:57','2023-12-20 16:40:57'),
(638,'Burloak Real Estate Services Ltd','Burlington','Halton Region','royallepage.ca','','','2023-12-20 16:40:57','2023-12-20 16:40:57'),
(639,'Burnhill Realty Limited','Burlington','Halton Region','cbburnhill.com','','Michael Edward Griffith','2023-12-20 16:40:57','2023-12-20 16:40:57'),
(640,'C. Anderson Real Estate Limited','Burlington','Halton Region','','','Cyril Rj Anderson','2023-12-20 16:40:57','2023-12-20 16:40:57'),
(641,'Century 21 Miller Real Estate Ltd.','Burlington','Halton Region','century21.ca','','','2023-12-20 16:40:57','2023-12-20 16:40:57'),
(642,'Ch Real Estate Corp.','Burlington','Halton Region','crystalhomes.com','','Kathy Ann Di Silvestro','2023-12-20 16:40:57','2023-12-20 16:40:57'),
(643,'Choice Realty Ltd.','Burlington','Halton Region','davidpegorer.com','','','2023-12-20 16:40:57','2023-12-20 16:40:57'),
(644,'Colliers Macaulay Nicolls Inc.','Burlington','Halton Region','colliers.com','','','2023-12-20 16:40:57','2023-12-20 16:40:57'),
(645,'Creative Business Intermediary Inc.','Burlington','Halton Region','cbi2001.com','','Walter H. Hambrock','2023-12-20 16:40:57','2023-12-20 16:40:57'),
(646,'Davies Real Estate Limited','Burlington','Halton Region','daviescondos.ca','','Jennifer Danelle Connell','2023-12-20 16:40:57','2023-12-20 16:40:57'),
(647,'Donald Plouffe Ltd','Burlington','Halton Region','plouffehomes.ca','','Marc Andre Plouffe','2023-12-20 16:40:57','2023-12-20 16:40:57'),
(648,'Douglas Brooks','Burlington','Halton Region','','','Douglas Brooks','2023-12-20 16:40:57','2023-12-20 16:40:57'),
(649,'Empire Real Estate Brokerage Inc.','Burlington','Halton Region','','','Ramneet Singh','2023-12-20 16:40:57','2023-12-20 16:40:57'),
(650,'Equitas Business Brokers Limited','Burlington','Halton Region','equitasbusinessbrokers.com','','Ronald Hunter','2023-12-20 16:40:57','2023-12-20 16:40:57'),
(651,'Fortunate Realty Inc.','Burlington','Halton Region','fortunaterealty.ca','','Han Qing Li','2023-12-20 16:40:57','2023-12-20 16:40:57'),
(652,'H. Bullock Realty Inc.','Burlington','Halton Region','','','Hadia Amin Bullock','2023-12-20 16:40:57','2023-12-20 16:40:57'),
(653,'Halton Real Estate Corporation','Burlington','Halton Region','','','Davinder Bhatia','2024-01-31 12:11:50','2023-12-20 16:40:57'),
(654,'Heaps & Doyle Practice Solutions Inc.','Burlington','Halton Region','heapsanddoyle.com','','Fazle Ali Naqvi','2023-12-20 16:40:57','2023-12-20 16:40:57'),
(655,'Hearth & Home Realty Inc.','Burlington','Halton Region','tamerfahmi.com','','Tamer E Fahmi','2023-12-20 16:40:57','2023-12-20 16:40:57'),
(656,'Hogarth Realty Inc.','Burlington','Halton Region','','','William Adair Hogarth','2023-12-20 16:40:57','2023-12-20 16:40:57'),
(657,'Homelife Nulife Realty Inc.','Burlington','Halton Region','homelifenulife.com','','','2023-12-20 16:40:57','2023-12-20 16:40:57'),
(658,'Ici Private Sale Inc.','Burlington','Halton Region','questhouse.ca','','Milaud Sobhi','2023-12-20 16:40:57','2023-12-20 16:40:57'),
(659,'Inspire Real Estate Corp.','Burlington','Halton Region','kw.com','','','2023-12-20 16:40:57','2023-12-20 16:40:57'),
(660,'International Realty Firm Inc.','Burlington','Halton Region','internationalrealtyfirm.com','','','2023-12-20 16:40:57','2023-12-20 16:40:57'),
(661,'Ipro Realty Ltd','Burlington','Halton Region','iprorealty.com','','','2023-12-20 16:40:57','2023-12-20 16:40:57'),
(662,'Karma Realty Inc.','Burlington','Halton Region','karmarealty.ca','','Lesley E Moll','2023-12-20 16:40:57','2023-12-20 16:40:57'),
(663,'Keystone Business Advisors Inc.','Burlington','Halton Region','keystonebusiness.ca','','Steve Skrlac','2023-12-20 16:40:57','2023-12-20 16:40:57'),
(664,'Leaf King Realty Ltd','Burlington','Halton Region','','','Zhen Hua Ye','2023-12-20 16:40:57','2023-12-20 16:40:57'),
(665,'Linda Davies Real Estate Limited','Burlington','Halton Region','daviescondos.ca','','Linda S. Davies','2023-12-20 16:40:57','2023-12-20 16:40:57'),
(666,'Lindop Real Estate Corporation','Burlington','Halton Region','','','Thomas Robert Lindop','2023-12-20 16:40:57','2023-12-20 16:40:57'),
(667,'Martin Joseph Smith','Burlington','Halton Region','','','','2023-12-20 16:40:57','2023-12-20 16:40:57'),
(668,'Martin Smith Real Estate Brokerage','Burlington','Halton Region','','','','2023-12-20 16:40:57','2023-12-20 16:40:57'),
(669,'Michelle Russell Realty & Appraisal Services Limited','Burlington','Halton Region','','','Michelle Maureen Russell','2024-01-29 17:32:02','2023-12-20 16:40:57'),
(670,'Midevco Commercial Realty Corporation','Burlington','Halton Region','midevco.com','','Kirstin Paisley-godsave','2023-12-20 16:40:57','2023-12-20 16:40:57'),
(671,'Minrate Realty Inc.','Burlington','Halton Region','minrate.com','','Baljit Thandi','2023-12-20 16:40:57','2023-12-20 16:40:57'),
(672,'Nicro Realty Corp.','Burlington','Halton Region','nicrorealty.com','','Gabriel Ireland Crowder','2023-12-20 16:40:57','2023-12-20 16:40:57'),
(673,'Norwich International Real Estate Inc.','Burlington','Halton Region','katerenchuck.com','','Mathew S. Katerenchuk','2023-12-20 16:40:57','2023-12-20 16:40:57'),
(674,'One Percent Realty Ltd.','Burlington','Halton Region','onepercentrealty.com','','','2023-12-20 16:40:57','2023-12-20 16:40:57'),
(675,'Ouellette Real Estate Services Inc.','Burlington','Halton Region','4decades.ca','','Paul J Ouellette','2023-12-20 16:40:57','2023-12-20 16:40:57'),
(676,'Private Service Realty Ltd.','Burlington','Halton Region','psrbrokerage.com','','','2023-12-20 16:40:57','2023-12-20 16:40:57'),
(677,'Re/max Escarpment Realty Inc.','Burlington','Halton Region','rmxemail.com','','','2023-12-20 16:40:57','2023-12-20 16:40:57'),
(678,'Re/max Real Estate Centre Inc.','Burlington','Halton Region','remaxcentre.ca','','','2023-12-20 16:40:57','2023-12-20 16:40:57'),
(679,'Real Broker Ontario Ltd.','Burlington','Halton Region','therealbrokerage.com','','','2023-12-20 16:40:57','2023-12-20 16:40:57'),
(680,'Real Estate Advisors Inc.','Burlington','Halton Region','','','','2023-12-20 16:40:57','2023-12-20 16:40:57'),
(681,'Real Real Estate Agency Ltd. Brokerage','Burlington','Halton Region','realagency.ca','','Katie Golge Davidson','2023-12-20 16:40:57','2023-12-20 16:40:57'),
(682,'Regan Real Estate Inc.','Burlington','Halton Region','reganteam.ca','','','2023-12-20 16:40:57','2023-12-20 16:40:57'),
(683,'Revel Realty Inc.','Burlington','Halton Region','revelrealty.ca','','','2023-12-20 16:40:57','2023-12-20 16:40:57'),
(684,'Robert W Walker','Burlington','Halton Region','','','Robert W Walker','2023-12-20 16:40:58','2023-12-20 16:40:58'),
(685,'S. Todd Real Estate Ltd.','Burlington','Halton Region','look.ca','','Sally Todd Peth','2023-12-20 16:40:58','2023-12-20 16:40:58'),
(686,'Save Max Rise Realty Inc.','Burlington','Halton Region','','','Naveen Sharma','2023-12-20 16:40:58','2023-12-20 16:40:58'),
(687,'Sites Realty Inc.','Burlington','Halton Region','','','Dean Hartley Morrison','2023-12-20 16:40:58','2023-12-20 16:40:58'),
(688,'Stonehaven Realty Management Inc.','Burlington','Halton Region','stonehavenrm.com','','David Edward Blois','2023-12-20 16:40:58','2023-12-20 16:40:58'),
(689,'Stonemill Realty Inc','Burlington','Halton Region','stonemill.ca','','Paul Ribau','2023-12-20 16:40:58','2023-12-20 16:40:58'),
(690,'Sutton Group - Summit Realty Inc.','Burlington','Halton Region','suttonsummit.ca','','','2023-12-20 16:40:58','2023-12-20 16:40:58'),
(691,'Svn Rock Advisors Inc.','Burlington','Halton Region','svn.com','','Derek Anthony Lobo','2023-12-20 16:40:58','2023-12-20 16:40:58'),
(692,'Team Alliance Realty Inc.','Burlington','Halton Region','redbuyers.com','','','2023-12-20 16:40:58','2023-12-20 16:40:58'),
(693,'The Condo Store Realty Inc.','Burlington','Halton Region','condostorecanada.com','','Parmiss Ghooparanloo','2023-12-20 16:40:58','2023-12-20 16:40:58'),
(694,'Webster Retail Commercial Real Estate Ltd.','Burlington','Halton Region','websterretail.ca','','Michael S. Webster','2023-12-20 16:40:58','2023-12-20 16:40:58'),
(695,'Your Home Sold Guaranteed Realty Services Inc.','Burlington','Halton Region','walshandvolk.com','','Alison Walsh','2023-12-20 16:40:58','2023-12-20 16:40:58'),
(696,'2742705 Ontario Inc.','Caledon','Peel Region','','','Rajesh Madhok','2023-12-20 16:41:26','2023-12-20 16:41:26'),
(697,'2819179 Ontario Inc.','Caledon','Peel Region','ffaf.ca','','Sidak Pal Singh Dang','2023-12-20 16:41:26','2023-12-20 16:41:26'),
(698,'Capital Equities Realty Corp','Caledon','Peel Region','','','William Louis Toderan','2024-01-31 12:11:15','2023-12-20 16:41:26'),
(699,'Chestnut Park Real Estate Limited','Caledon','Peel Region','chestnutpark.com','','','2023-12-20 16:41:26','2023-12-20 16:41:26'),
(700,'Franchise Realty Canada Corp.','Caledon','Peel Region','flintconsulting.ca','','Rhett Mark Thurston','2023-12-20 16:41:26','2023-12-20 16:41:26'),
(701,'Home And Property Real Estate Ltd.','Caledon','Peel Region','homeandproperty.ca','','','2023-12-20 16:41:26','2023-12-20 16:41:26'),
(702,'King Realty Inc.','Caledon','Peel Region','','','','2023-12-20 16:41:26','2023-12-20 16:41:26'),
(703,'Lennard Commercial Realty Ltd.','Caledon','Peel Region','lennard.com','','','2023-12-20 16:41:26','2023-12-20 16:41:26'),
(704,'Mazzeflynn Real Estate Limited','Caledon','Peel Region','mazzeflynn.com','','Kristin Ashley Flynn','2023-12-20 16:41:26','2023-12-20 16:41:26'),
(705,'Meadowtowne Realty Inc.','Caledon','Peel Region','royallepage.ca','','','2023-12-20 16:41:26','2023-12-20 16:41:26'),
(706,'Re/max In The Hills Inc.','Caledon','Peel Region','remaxinthehills.com','','Sean Dylan Anderson','2023-12-20 16:41:26','2023-12-20 16:41:26'),
(707,'Re/max Realty Services Inc','Caledon','Peel Region','','','','2023-12-20 16:41:26','2023-12-20 16:41:26'),
(708,'Re/max Realty Specialists Inc.','Caledon','Peel Region','remaxspec.on.ca','','','2023-12-20 16:41:26','2023-12-20 16:41:26'),
(709,'Re/max Specialists Tavsells Inc.','Caledon','Peel Region','tavsells.com','','Ottavio Tav Schembri','2023-12-20 16:41:26','2023-12-20 16:41:26'),
(710,'Realty Executives Plus Ltd','Caledon','Peel Region','realtyexecutivesregional.com','','','2023-12-20 16:41:26','2023-12-20 16:41:26'),
(711,'Select Real Estate Associates Inc.','Caledon','Peel Region','cbselect.ca','','','2023-12-20 16:41:26','2023-12-20 16:41:26'),
(712,'State Realty Limited','Caledon','Peel Region','royallepage.ca','','','2023-12-20 16:41:26','2023-12-20 16:41:26'),
(713,'Sutton-headwaters Realty Inc.','Caledon','Peel Region','sutton.com','','Jim Russell Wallace','2023-12-20 16:41:26','2023-12-20 16:41:26'),
(714,'Tailor Made Real Estate Inc.','Caledon','Peel Region','','','Melanie Miriam Daigle','2024-01-31 12:11:50','2023-12-20 16:41:26'),
(715,'2566466 Ontario Inc.','Cambridge','Kitchener-waterloo','homeshack.com','','Faisal Sikander Susiwala','2023-12-20 16:41:27','2023-12-20 16:41:27'),
(716,'2615267 Ontario Inc.','Cambridge','Kitchener-waterloo','davenportrealty.ca','','','2023-12-20 16:41:27','2023-12-20 16:41:27'),
(717,'2816012 Ontario Inc.','Cambridge','Kitchener-waterloo','engelvoelkers.com','','Mehrdad Mehravar','2023-12-20 16:41:27','2023-12-20 16:41:27'),
(718,'2828245 Ontario Inc.','Cambridge','Kitchener-waterloo','protonmail.com','','Antonio F Fernandes','2023-12-20 16:41:27','2023-12-20 16:41:27'),
(719,'Adana Homes A Canadian Realty Inc.','Cambridge','Kitchener-waterloo','adanahomes.ca','','Satishwar Persaud','2023-12-20 16:41:27','2023-12-20 16:41:27'),
(720,'Avison Young Commercial Real Estate Services Lp','Cambridge','Kitchener-waterloo','avisonyoung.com','','','2023-12-20 16:41:27','2023-12-20 16:41:27'),
(721,'Beothuck Realty Ltd.','Cambridge','Kitchener-waterloo','','','Coleen Boland','2023-12-20 16:41:27','2023-12-20 16:41:27'),
(722,'Bob Peace Realty Ltd','Cambridge','Kitchener-waterloo','on.aibn.com','','Robert L Peace','2023-12-20 16:41:27','2023-12-20 16:41:27'),
(723,'Bosley Real Estate Ltd','Cambridge','Kitchener-waterloo','bosleyrealestate.com','','','2023-12-20 16:41:27','2023-12-20 16:41:27'),
(724,'Chc Realty Corporation','Cambridge','Kitchener-waterloo','chcrealtycorp.com','','Colin Peter Heaton','2023-12-20 16:41:27','2023-12-20 16:41:27'),
(725,'Crown Realty Services Inc.','Cambridge','Kitchener-waterloo','royallepage.ca','','Angela Dawn Asadoorian','2023-12-20 16:41:27','2023-12-20 16:41:27'),
(726,'Dewar Realty Inc.','Cambridge','Kitchener-waterloo','dewarrealty.com','','','2023-12-20 16:41:27','2023-12-20 16:41:27'),
(727,'Eaton Realty Inc.','Cambridge','Kitchener-waterloo','eatonrealty.ca','','Anne Eaton','2023-12-20 16:41:27','2023-12-20 16:41:27'),
(728,'Elite Realty Point Inc.','Cambridge','Kitchener-waterloo','','','Sangeeta Airi','2023-12-20 16:41:27','2023-12-20 16:41:27'),
(729,'Franmax Inc.','Cambridge','Kitchener-waterloo','franmax.com','','Roger Noble','2023-12-20 16:41:27','2023-12-20 16:41:27'),
(730,'Gary Baverstock Realty Inc.','Cambridge','Kitchener-waterloo','','','Gary Gerald John Baverstock','2023-12-20 16:41:27','2023-12-20 16:41:27'),
(731,'Gord Ridsdale Realty Ltd.','Cambridge','Kitchener-waterloo','gordridsdale.com','','Gordon C Ridsdale','2023-12-20 16:41:27','2023-12-20 16:41:27'),
(732,'Grand West Realty Inc.','Cambridge','Kitchener-waterloo','grandwestrealty.ca','','Riina Jessel','2023-12-20 16:41:27','2023-12-20 16:41:27'),
(733,'Holmes Real Estate Services Inc.','Cambridge','Kitchener-waterloo','homesbyholmes.com','','Michele L Holmes','2023-12-20 16:41:28','2023-12-20 16:41:28'),
(734,'Homelife Miracle Realty Ltd.','Cambridge','Kitchener-waterloo','homelifemiracle.com','','','2023-12-20 16:41:28','2023-12-20 16:41:28'),
(735,'Homeward Inc.','Cambridge','Kitchener-waterloo','','','','2023-12-20 16:41:28','2023-12-20 16:41:28'),
(736,'Homewood Real Estate Inc.','Cambridge','Kitchener-waterloo','','','Sardool Bhogal','2023-12-20 16:41:28','2023-12-20 16:41:28'),
(737,'Howie Schmidt Realty Inc','Cambridge','Kitchener-waterloo','hsrealty.ca','','','2023-12-20 16:41:28','2023-12-20 16:41:28'),
(738,'Innovation Real Estate Inc.','Cambridge','Kitchener-waterloo','','','','2023-12-20 16:41:28','2023-12-20 16:41:28'),
(739,'Integrity Realty Inc.','Cambridge','Kitchener-waterloo','','','Kathryn Rose Hoekstra','2023-12-20 16:41:28','2023-12-20 16:41:28'),
(740,'Iqi Global Real Estate Ltd','Cambridge','Kitchener-waterloo','iqicanada.com','','','2023-12-20 16:41:28','2023-12-20 16:41:28'),
(741,'James Jacques','Cambridge','Kitchener-waterloo','','','James Jacques','2023-12-20 16:41:28','2023-12-20 16:41:28'),
(742,'Kaleidoscope Realty Inc.','Cambridge','Kitchener-waterloo','kaleidoscoperealty.ca','','Christopher Michael Burke','2023-12-20 16:41:28','2023-12-20 16:41:28'),
(743,'Kindred Homes Realty Inc.','Cambridge','Kitchener-waterloo','','','Dennis N Gouveia','2023-12-20 16:41:28','2023-12-20 16:41:28'),
(744,'King Realty Inc.','Cambridge','Kitchener-waterloo','','','Harbinder S Sahota','2023-12-20 16:41:28','2023-12-20 16:41:28'),
(745,'Kingsway Real Estate Inc.','Cambridge','Kitchener-waterloo','','','','2024-01-31 12:11:50','2023-12-20 16:41:28'),
(746,'Makey Real Estate Inc.','Cambridge','Kitchener-waterloo','makeyrealestate.com','','','2023-12-20 16:41:28','2023-12-20 16:41:28'),
(747,'Own It Max Realty Inc.','Cambridge','Kitchener-waterloo','ownitmaxrealty.com','','Rashpal Singh Mann','2023-12-20 16:41:28','2023-12-20 16:41:28'),
(748,'Private Service Realty Ltd.','Cambridge','Kitchener-waterloo','psrbrokerage.com','','Linda Wheeler','2023-12-20 16:41:28','2023-12-20 16:41:28'),
(749,'R W Dyer Realty Inc','Cambridge','Kitchener-waterloo','dyerrealty.ca','','Jackie Kent Dyer','2023-12-20 16:41:28','2023-12-20 16:41:28'),
(750,'Re/max Real Estate Centre Inc.','Cambridge','Kitchener-waterloo','remaxcentre.ca','','Delio Manuel Oliveira','2023-12-20 16:41:28','2023-12-20 16:41:28'),
(751,'Re/max Twin City Realty Inc.','Cambridge','Kitchener-waterloo','remaxtwincity.com','','','2023-12-20 16:41:28','2023-12-20 16:41:28'),
(752,'Realty Executives Edge Inc','Cambridge','Kitchener-waterloo','','','','2023-12-20 16:41:28','2023-12-20 16:41:28'),
(753,'Region-wide Real Estate Inc.','Cambridge','Kitchener-waterloo','','','John M Mccash','2023-12-20 16:41:28','2023-12-20 16:41:28'),
(754,'Rego Realty Inc.','Cambridge','Kitchener-waterloo','regorealty.ca','','','2023-12-20 16:41:28','2023-12-20 16:41:28'),
(755,'Remax K.l.s. Realty Inc.','Cambridge','Kitchener-waterloo','klsrealty.com','','Ken Steven Scott','2023-12-20 16:41:28','2023-12-20 16:41:28'),
(756,'Rescom Real Estate (ontario) Ltd.','Cambridge','Kitchener-waterloo','','','Leslie Holdway','2024-01-31 12:11:50','2023-12-20 16:41:28'),
(757,'Rouse Realty Advisors Inc.','Cambridge','Kitchener-waterloo','gcr1914.ca','','Eric Prince','2023-12-20 16:41:28','2023-12-20 16:41:28'),
(758,'Shaw Realty Group Inc.','Cambridge','Kitchener-waterloo','shawrealtygroup.com','','Caroline Emily Ohi','2023-12-20 16:41:28','2023-12-20 16:41:28'),
(759,'Team Home Realty Inc.','Cambridge','Kitchener-waterloo','teamhomerealty.com','','','2023-12-20 16:41:28','2023-12-20 16:41:28'),
(760,'The Brokerage Inc.','Cambridge','Kitchener-waterloo','theagencyre.com','','','2023-12-20 16:41:28','2023-12-20 16:41:28'),
(761,'Homelife Emerald Realty Ltd.','Clearview','Simcoe County','','','','2023-12-20 16:41:53','2023-12-20 16:41:53'),
(762,'Century 21 All-pro Realty (1993) Ltd.','Cobourg','Northumberland','eagle.ca','','Garry L Liboiron','2023-12-20 16:41:53','2023-12-20 16:41:53'),
(763,'Homeward Inc.','Cobourg','Northumberland','','','','2023-12-20 16:41:53','2023-12-20 16:41:53'),
(764,'Michal Hasek Real Estate Ltd.','Cobourg','Northumberland','hasek.ca','','Michal Hasek','2023-12-20 16:41:53','2023-12-20 16:41:53'),
(765,'Morcap Corporation','Cobourg','Northumberland','morcap.ca','','','2023-12-20 16:41:53','2023-12-20 16:41:53'),
(766,'Northshore Realty Inc','Cobourg','Northumberland','eagle.ca','','Debra Ruth Reid','2023-12-20 16:41:53','2023-12-20 16:41:53'),
(767,'Northumberland Hills Realty Inc.','Cobourg','Northumberland','nhrealty.ca','','Jody Lynne Ledgerwood','2023-12-20 16:41:53','2023-12-20 16:41:53'),
(768,'Our Neighbourhood Realty Inc.','Cobourg','Northumberland','onri.ca','','','2023-12-20 16:41:53','2023-12-20 16:41:53'),
(769,'Proalliance Realty Corporation','Cobourg','Northumberland','royallepage.ca','','','2023-12-20 16:41:53','2023-12-20 16:41:53'),
(770,'R.m.r. Real Estate Limited','Cobourg','Northumberland','coldwellbanker.com','','','2023-12-20 16:41:53','2023-12-20 16:41:53'),
(771,'Re/max Lakeshore Realty Inc.','Cobourg','Northumberland','eagle.ca','','Michael J Perry','2023-12-20 16:41:53','2023-12-20 16:41:53'),
(772,'Re/max Rouge River Realty Ltd.','Cobourg','Northumberland','remaxrougeriver.com','','','2023-12-20 16:41:53','2023-12-20 16:41:53'),
(773,'Realty Executives Pentel Ltd.','Cobourg','Northumberland','realtyexecutivespentel.com','','Daniel James Bulger','2023-12-20 16:41:53','2023-12-20 16:41:53'),
(774,'Royal Heritage Realty Ltd.','Cobourg','Northumberland','','','','2024-01-31 12:11:50','2023-12-20 16:41:53'),
(775,'Royal Service Real Estate Inc','Cobourg','Northumberland','royalservice.ca','','','2023-12-20 16:41:53','2023-12-20 16:41:53'),
(776,'The Home Shop Realty Ltd','Cobourg','Northumberland','','','Larry John Mcquoid','2023-12-20 16:41:53','2023-12-20 16:41:53'),
(777,'Thorncrest Realty Inc.','Cobourg','Northumberland','','','Kelly L. Campbell','2024-01-29 17:31:35','2023-12-20 16:41:53'),
(778,'1881384 Ontario Inc.','Collingwood','Simcoe County','royallepage.ca','','','2023-12-20 16:41:54','2023-12-20 16:41:54'),
(779,'Aagk Corp.','Collingwood','Simcoe County','keitnergroup.com','','','2023-12-20 16:41:54','2023-12-20 16:41:54'),
(780,'Aaron Mathew Pilon','Collingwood','Simcoe County','','','Aaron Mathew Pilon','2023-12-20 16:41:54','2023-12-20 16:41:54'),
(781,'Century 21 Millennium Inc.','Collingwood','Simcoe County','c21m.ca','','','2023-12-20 16:41:54','2023-12-20 16:41:54'),
(782,'Chestnut Park Real Estate Limited','Collingwood','Simcoe County','chestnutpark.com','','','2023-12-20 16:41:54','2023-12-20 16:41:54'),
(783,'Clairwood Real Estate Corporation','Collingwood','Simcoe County','clairwoodrealestate.com','','','2023-12-20 16:41:54','2023-12-20 16:41:54'),
(784,'Doug Gillis & Associates Real Estate Brokerage Inc','Collingwood','Simcoe County','douggillis.ca','','Douglas Cyril Gillis','2023-12-20 16:41:54','2023-12-20 16:41:54'),
(785,'Forest Hill Real Estate Inc','Collingwood','Simcoe County','','','Jeffrey H Wagman','2023-12-20 16:41:54','2023-12-20 16:41:54'),
(786,'Ipro Realty Ltd','Collingwood','Simcoe County','iprorealty.com','','','2023-12-20 16:41:54','2023-12-20 16:41:54'),
(787,'John Edward Giffen','Collingwood','Simcoe County','','','','2023-12-20 16:41:54','2023-12-20 16:41:54'),
(788,'Max Wright Real Estate Corporation','Collingwood','Simcoe County','sothebysrealty.ca','','','2023-12-20 16:41:54','2023-12-20 16:41:54'),
(789,'Our Neighbourhood Realty Inc.','Collingwood','Simcoe County','trebnet.com','','','2023-12-20 16:41:54','2023-12-20 16:41:54'),
(790,'Rcr Realty Inc.','Collingwood','Simcoe County','royallepage.ca','','Andrew W. Wildeboer','2023-12-20 16:41:54','2023-12-20 16:41:54'),
(791,'Re/max Four Seasons Realty Limited','Collingwood','Simcoe County','remaxcollingwood.com','','Blair Thompson','2023-12-20 16:41:54','2023-12-20 16:41:54'),
(792,'Resort Country Realty Inc','Collingwood','Simcoe County','mountainbeachrealty.com','','James Edwin Thomson','2023-12-20 16:41:54','2023-12-20 16:41:54'),
(793,'Springate-renaud Holdings Inc.','Collingwood','Simcoe County','springate-renaud.com','','','2023-12-20 16:41:54','2023-12-20 16:41:54'),
(794,'Sutton Group Incentive Realty Inc.','Collingwood','Simcoe County','sutton.com','','','2023-12-20 16:41:54','2023-12-20 16:41:54'),
(795,'The Faris Team Corp.','Collingwood','Simcoe County','faristeam.ca','','','2023-12-20 16:41:54','2023-12-20 16:41:54'),
(796,'2246229 Ontario Inc.','Cornwall','Stormont','stormrealty.ca','','Steven Lloyd Iwachniuk','2023-12-20 16:41:55','2023-12-20 16:41:55'),
(797,'2524592 Ontario Inc.','Cornwall','Stormont','assist2sell.com','','Tracy Wheeler','2023-12-20 16:41:55','2023-12-20 16:41:55'),
(798,'Century 21 Shield Realty Ltd.','Cornwall','Stormont','century21.ca','','William George Macdonald','2023-12-20 16:41:55','2023-12-20 16:41:55'),
(799,'D.global Plus Realty Inc.','Cornwall','Stormont','','','Diego Fernando Delgado','2023-12-20 16:41:55','2023-12-20 16:41:55'),
(800,'Exp Realty Of Canada Inc','Cornwall','Stormont','exprealty.net','','','2023-12-20 16:41:55','2023-12-20 16:41:55'),
(801,'Exsellence Team Realty Inc.','Cornwall','Stormont','exsellenceteamrealty.ca','','Hana Novotny','2023-12-20 16:41:55','2023-12-20 16:41:55'),
(802,'James V Cornett','Cornwall','Stormont','','','','2023-12-20 16:41:55','2023-12-20 16:41:55'),
(803,'M. Jean Cameron Real Estate Limited','Cornwall','Stormont','homesnet.ca','','John A Cameron','2023-12-20 16:41:55','2023-12-20 16:41:55'),
(804,'Performance Realty Ltd.','Cornwall','Stormont','performancerealty.ca','','','2023-12-20 16:41:55','2023-12-20 16:41:55'),
(805,'Seaway Realty Inc.','Cornwall','Stormont','exitrealtyseaway.com','','Henrietta F. Duvall','2023-12-20 16:41:55','2023-12-20 16:41:55'),
(806,'Vip Realty Inc.','Cornwall','Stormont','kwintegrity.ca','','','2023-12-20 16:41:55','2023-12-20 16:41:55'),
(807,'K. Miller Realty Ltd.','Dunnville','Haldimand County','coldwellbanker.ca','','Jack Antonius Huitema','2023-12-20 16:41:57','2023-12-20 16:41:57'),
(808,'Nrc Realty Inc.','Dunnville','Haldimand County','royallepage.ca','','','2023-12-20 16:41:57','2023-12-20 16:41:57'),
(809,'2607948 Ontario Ltd.','Elliot Lake','Algoma','royallepage.ca','','','2023-12-20 16:41:57','2023-12-20 16:41:57'),
(810,'John A. Shamess','Elliot Lake','Algoma','','','','2023-12-20 16:41:57','2023-12-20 16:41:57'),
(811,'Oak Realty Ltd.','Elliot Lake','Algoma','oakrealty.ca','','Donna Anne Morris','2023-12-20 16:41:57','2023-12-20 16:41:57'),
(812,'Century 21 Erie Shores Realty Inc.','Essex','Essex County','','','','2023-12-20 16:41:57','2023-12-20 16:41:57'),
(813,'Chuck Roy Real Estate Team Inc.','Essex','Essex County','chuckroy.ca','','Charles Norman Roy','2023-12-20 16:41:57','2023-12-20 16:41:57'),
(814,'Ideal: A Boutique Real Estate Brokerage Inc.','Essex','Essex County','','','Stephanie Christine Winger','2024-01-29 17:31:26','2023-12-20 16:41:57'),
(815,'Jump Realty Inc.','Essex','Essex County','jumprealty.ca','','','2023-12-20 16:41:57','2023-12-20 16:41:57'),
(816,'Vision Realty Local Inc.','Essex','Essex County','','','Jeanette Vallance','2023-12-20 16:41:57','2023-12-20 16:41:57'),
(817,'Century 21 Today Realty Ltd','Fonthill','','century21.ca','','','2023-12-20 16:41:58','2023-12-20 16:41:58'),
(818,'Internet Commercial Realty Inc.','Fonthill','','internetcomrealty.com','','Razaul K. Majumder','2023-12-20 16:41:58','2023-12-20 16:41:58'),
(819,'Momentum Realty Inc.','Fonthill','','coldwellbanker.ca','','','2023-12-20 16:41:58','2023-12-20 16:41:58'),
(820,'Nrc Realty Inc.','Fonthill','','homesniagara.com','','','2023-12-20 16:41:59','2023-12-20 16:41:59'),
(821,'Peak Performers Realty Inc.','Fonthill','','','','Stephen Canjar','2023-12-20 16:41:59','2023-12-20 16:41:59'),
(822,'Re/max Garden City Realty Inc','Fonthill','','remax-gc.com','','','2023-12-20 16:41:59','2023-12-20 16:41:59'),
(823,'Revel Realty Inc.','Fonthill','','revelrealty.ca','','','2023-12-20 16:41:59','2023-12-20 16:41:59'),
(824,'Century 21 Today Realty Ltd','Fort Erie','Niagara S','century21.ca','','Eugene Pilato','2023-12-20 16:42:01','2023-12-20 16:42:01'),
(825,'Nrc Realty Inc.','Fort Erie','Niagara S','homesniagara.com','','','2023-12-20 16:42:01','2023-12-20 16:42:01'),
(826,'Re/max Niagara Realty Ltd.','Fort Erie','Niagara S','rmxemail.com','','','2023-12-20 16:42:01','2023-12-20 16:42:01'),
(827,'Revel Realty Inc.','Fort Erie','Niagara S','revelrealty.ca','','','2023-12-20 16:42:01','2023-12-20 16:42:01'),
(828,'Royal Oak Real Estate Ltd.','Fort Erie','Niagara S','royaloakre.ca','','Brent Donald King','2023-12-20 16:42:01','2023-12-20 16:42:01'),
(829,'Exp Realty Of Canada Inc','Georgina','York Region','exprealty.net','','','2023-12-20 16:42:03','2023-12-20 16:42:03'),
(830,'Valuepluss Group Inc.','Georgina','York Region','','','Lan Jia','2023-12-20 16:42:03','2023-12-20 16:42:03'),
(831,'2734100 Ontario Inc.','Gravenhurst','Muskoka','','','','2023-12-20 16:42:03','2023-12-20 16:42:03'),
(832,'2860948 Ontario Inc.','Gravenhurst','Muskoka','bealbusinessbrokers.ca','','Steven Hudson Beal','2023-12-20 16:42:03','2023-12-20 16:42:03'),
(833,'Anita Latner Realty Inc.','Gravenhurst','Muskoka','anitalatner.com','','Anita Latner','2023-12-20 16:42:03','2023-12-20 16:42:03'),
(834,'Associates Realty Solutions Inc.','Gravenhurst','Muskoka','aroundmuskoka.ca','','','2023-12-20 16:42:03','2023-12-20 16:42:03'),
(835,'Century 21 B. J. Roth Realty Ltd','Gravenhurst','Muskoka','cenury21.ca','','','2023-12-20 16:42:03','2023-12-20 16:42:03'),
(836,'Chestnut Park Real Estate Limited','Gravenhurst','Muskoka','chestnutpark.com','','','2023-12-20 16:42:03','2023-12-20 16:42:03'),
(837,'Commonwealth Real Estate Services Corporation','Gravenhurst','Muskoka','thecommonwealthrealestategroup.com','','Douglas J. Sales','2023-12-20 16:42:03','2023-12-20 16:42:03'),
(838,'Gulf Lake Realty Ltd','Gravenhurst','Muskoka','gulflakerealty.com','','','2023-12-20 16:42:03','2023-12-20 16:42:03'),
(839,'Homeward Inc.','Gravenhurst','Muskoka','','','','2023-12-20 16:42:03','2023-12-20 16:42:03'),
(840,'Lakes Of Muskoka Realty Inc.','Gravenhurst','Muskoka','rlpmuskoka.com','','','2023-12-20 16:42:03','2023-12-20 16:42:03'),
(841,'Lederer Real Estate Limited','Gravenhurst','Muskoka','','','John Lederer','2023-12-20 16:42:03','2023-12-20 16:42:03'),
(842,'Max Wright Real Estate Corporation','Gravenhurst','Muskoka','sothebysrealty.ca','','','2023-12-20 16:42:03','2023-12-20 16:42:03'),
(843,'Muskoka Real Estate Services Inc.','Gravenhurst','Muskoka','','','Kenneth Little','2023-12-20 16:42:03','2023-12-20 16:42:03'),
(844,'Ontario One Realty Ltd.','Gravenhurst','Muskoka','ontarioonerealty.com','','Ray Dickson','2023-12-20 16:42:03','2023-12-20 16:42:03'),
(845,'Private Service Realty Ltd.','Gravenhurst','Muskoka','psrbrokerage.com','','','2023-12-20 16:42:03','2023-12-20 16:42:03'),
(846,'Referral Network Realty Inc.','Gravenhurst','Muskoka','referralnetworkrealty.com','','','2023-12-20 16:42:03','2023-12-20 16:42:03'),
(847,'The Real Estate Centre Inc.','Gravenhurst','Muskoka','wearetrec.com','','','2023-12-20 16:42:03','2023-12-20 16:42:03'),
(848,'Vacation Time Real Estate Inc.','Gravenhurst','Muskoka','vacationtimemuskoka.com','','Melissa Andrea Boasley-white','2023-12-20 16:42:03','2023-12-20 16:42:03'),
(849,'1000419723 Ontario Limited','Grimsby','Niagara N','sandstonerealty.ca','','Susan Elizabeth Williams','2023-12-20 16:42:03','2023-12-20 16:42:03'),
(850,'1906351 Ontario Inc.','Grimsby','Niagara N','kwcomplete.com','','','2023-12-20 16:42:03','2023-12-20 16:42:03'),
(851,'1959088 Ontario Inc.','Grimsby','Niagara N','kwcomplete.com','','','2023-12-20 16:42:03','2023-12-20 16:42:03'),
(852,'2734496 Ontario Inc.','Grimsby','Niagara N','steveaugustine.com','','Steven Augustine','2023-12-20 16:42:03','2023-12-20 16:42:03'),
(853,'Couturier Realty Group Inc.','Grimsby','Niagara N','couturierrealtygroup.com','','Mary Paula Couturier','2023-12-20 16:42:04','2023-12-20 16:42:04'),
(854,'Glen Elgin Real Estate Corp','Grimsby','Niagara N','glenelgin.com','','David S Jarvis','2023-12-20 16:42:04','2023-12-20 16:42:04'),
(855,'Jjn Realty Brokerage Inc.','Grimsby','Niagara N','jjnrealty.com','','David William Samis','2023-12-20 16:42:04','2023-12-20 16:42:04'),
(856,'Laurence Penley','Grimsby','Niagara N','','','Laurence Penley','2023-12-20 16:42:04','2023-12-20 16:42:04'),
(857,'Momentum Realty Inc.','Grimsby','Niagara N','momentumrealty.ca','','Stephen John Oliver','2023-12-20 16:42:04','2023-12-20 16:42:04'),
(858,'Nrc Realty Inc.','Grimsby','Niagara N','royallepage.ca','','','2023-12-20 16:42:04','2023-12-20 16:42:04'),
(859,'Queens Real Estate Inc.','Grimsby','Niagara N','','','Rita Ann Ventresca','2023-12-20 16:42:04','2023-12-20 16:42:04'),
(860,'Re/max Garden City Realty Inc','Grimsby','Niagara N','remax-gc.com','','','2023-12-20 16:42:04','2023-12-20 16:42:04'),
(861,'Revel Realty Inc.','Grimsby','Niagara N','revelrealty.ca','','','2023-12-20 16:42:04','2023-12-20 16:42:04'),
(862,'Robbinex Inc','Grimsby','Niagara N','robbinex.com','','Douglas Melvin Robbins','2023-12-20 16:42:04','2023-12-20 16:42:04'),
(863,'Sutton Group Realty Systems Inc.','Grimsby','Niagara N','realtor.com','','','2023-12-20 16:42:04','2023-12-20 16:42:04'),
(864,'1000250688 Ontario Inc.','Guelph','Wellington','homegrouprealty.ca','','Paul Lawrence Fitzpatrick','2023-12-20 16:42:04','2023-12-20 16:42:04'),
(865,'2817660 Ontario Inc.','Guelph','Wellington','','','Vikas Jain','2023-12-20 16:42:04','2023-12-20 16:42:04'),
(866,'Albert Fish Associates Limited','Guelph','Wellington','whitecaps.ca','','Kenneth G. Fish','2023-12-20 16:42:04','2023-12-20 16:42:04'),
(867,'Barry V Kurtz','Guelph','Wellington','','','Barry V Kurtz','2023-12-20 16:42:04','2023-12-20 16:42:04'),
(868,'Brad Fagan High Point Realty Inc.','Guelph','Wellington','','','Bradley Fagan','2024-01-31 12:11:15','2023-12-20 16:42:04'),
(869,'Bruce Starr & Company Ltd.','Guelph','Wellington','','','Bruce Starr','2024-01-31 12:11:50','2023-12-20 16:42:04'),
(870,'Carlo L. Ferraro','Guelph','Wellington','','','','2023-12-20 16:42:04','2023-12-20 16:42:04'),
(871,'Century 21 First Canadian - Kingwell Realty Inc.','Guelph','Wellington','century21.ca','','','2023-12-20 16:42:04','2023-12-20 16:42:04'),
(872,'Century 21 Heritage House Ltd','Guelph','Wellington','century21.ca','','','2023-12-20 16:42:04','2023-12-20 16:42:04'),
(873,'Champion Real Estate Inc.','Guelph','Wellington','champion.ca','','Ruth C. Adlam','2023-12-20 16:42:04','2023-12-20 16:42:04'),
(874,'Chestnut Park Realty (southwestern Ontario) Ltd','Guelph','Wellington','chestnutparkwest.com','','','2023-12-20 16:42:04','2023-12-20 16:42:04'),
(875,'Diloreto & Co. Inc.','Guelph','Wellington','diloretoteam.com','','Adam Diloreto','2023-12-20 16:42:04','2023-12-20 16:42:04'),
(876,'Double Real Estate Inc.','Guelph','Wellington','doublerealestate.ca','','Sherry-lynn Double','2023-12-20 16:42:04','2023-12-20 16:42:04'),
(877,'Eve Claxton Realty Inc.','Guelph','Wellington','eveclaxton.ca','','Eve Louise Claxton','2023-12-20 16:42:04','2023-12-20 16:42:04'),
(878,'Exp Realty Of Canada Inc','Guelph','Wellington','exprealty.net','','','2023-12-20 16:42:04','2023-12-20 16:42:04'),
(879,'Finlay Realty Inc.','Guelph','Wellington','netflash.net','','Douglas J. Finlay','2023-12-20 16:42:04','2023-12-20 16:42:04'),
(880,'Gary Major Realty Ltd.','Guelph','Wellington','','','Louise Eleanor Cherevaty','2023-12-20 16:42:04','2023-12-20 16:42:04'),
(881,'Glenpark Realty Inc.','Guelph','Wellington','glenparkrealty.com','','Kory Alexander Adam Hodgson','2023-12-20 16:42:04','2023-12-20 16:42:04'),
(882,'Guelph Realty Brokerage Ltd.','Guelph','Wellington','','','Rick Rozyle','2024-01-31 12:11:50','2023-12-20 16:42:04'),
(883,'Homelife Power Realty Inc.','Guelph','Wellington','homelifeguelph.com','','Inder Mattu','2023-12-20 16:42:04','2023-12-20 16:42:04'),
(884,'King Realty Inc.','Guelph','Wellington','','','','2023-12-20 16:42:04','2023-12-20 16:42:04'),
(885,'M1 Real Estate Brokerage Ltd.','Guelph','Wellington','','','Christopher John Mochrie','2023-12-20 16:42:04','2023-12-20 16:42:04'),
(886,'Mason Real Estate Limited','Guelph','Wellington','masonrealestate.ca','','Robert John Mason','2023-12-20 16:42:05','2023-12-20 16:42:05'),
(887,'Max Wright Real Estate Corporation','Guelph','Wellington','sothebysrealty.ca','','','2023-12-20 16:42:05','2023-12-20 16:42:05'),
(888,'Michael Balnar Real Estate Ltd.','Guelph','Wellington','balnar.com','','Michael Robert Balnar','2023-12-20 16:42:05','2023-12-20 16:42:05'),
(889,'Neumann Real Estate Ltd.','Guelph','Wellington','cbn.on.ca','','Stephen Foti','2023-12-20 16:42:05','2023-12-20 16:42:05'),
(890,'Park Capital Inc.','Guelph','Wellington','naiparkcapital.com','','Michael Merker','2023-12-20 16:42:05','2023-12-20 16:42:05'),
(891,'Planet Realty Inc.','Guelph','Wellington','planetrealty.ca','','Karen Kessel','2023-12-20 16:42:05','2023-12-20 16:42:05'),
(892,'Premium Business Brokers Inc.','Guelph','Wellington','','','Robert Mitchell','2023-12-20 16:42:05','2023-12-20 16:42:05'),
(893,'Property.ca Inc.','Guelph','Wellington','property.ca','','','2023-12-20 16:42:05','2023-12-20 16:42:05'),
(894,'Re/max Real Estate Centre Inc.','Guelph','Wellington','remaxcentre.ca','','','2023-12-20 16:42:05','2023-12-20 16:42:05'),
(895,'Real Broker Ontario Ltd.','Guelph','Wellington','therealbrokerage.com','','','2023-12-20 16:42:05','2023-12-20 16:42:05'),
(896,'Realty Executives Edge Inc','Guelph','Wellington','','','','2023-12-20 16:42:05','2023-12-20 16:42:05'),
(897,'Realty Executives Plus Ltd','Guelph','Wellington','realtyexecutivesregional.com','','','2023-12-20 16:42:05','2023-12-20 16:42:05'),
(898,'Red Brick Real Estate Brokerage Ltd.','Guelph','Wellington','redbrickreb.com','','','2023-12-20 16:42:05','2023-12-20 16:42:05'),
(899,'Royal City Realty Ltd.','Guelph','Wellington','royallepage.ca','','','2023-12-20 16:42:05','2023-12-20 16:42:05'),
(900,'Royal Star Realty Inc','Guelph','Wellington','royalstarrealty.com','','','2023-12-20 16:42:05','2023-12-20 16:42:05'),
(901,'Samuel Zahnd','Guelph','Wellington','zahnd.ca','','Samuel Zahnd','2023-12-20 16:42:05','2023-12-20 16:42:05'),
(902,'Skyline Commercial Management Inc.','Guelph','Wellington','skylineonline.ca','','Bob W Price','2023-12-20 16:42:05','2023-12-20 16:42:05'),
(903,'Steve Kewin & Associates Inc.','Guelph','Wellington','skewinassociates.com','','James Stephen Kewin','2023-12-20 16:42:05','2023-12-20 16:42:05'),
(904,'Sullivan Real Estate Brokerage Inc.','Guelph','Wellington','','','Sean Patrick Sullivan','2023-12-20 16:42:05','2023-12-20 16:42:05'),
(905,'Tri-city Gold Realty Inc.','Guelph','Wellington','','','Amardeep Basi','2023-12-20 16:42:05','2023-12-20 16:42:05'),
(906,'Trilliumwest Real Estate Brokerage Ltd.','Guelph','Wellington','trilliumwest.com','','','2023-12-20 16:42:05','2023-12-20 16:42:05'),
(907,'Wellington Realty Brokerage Inc.','Guelph','Wellington','wellingtonrealty.ca','','Robert Hans Eilers','2023-12-20 16:42:05','2023-12-20 16:42:05'),
(908,'Wincorp Realty Inc.','Guelph','Wellington','','','Winston Timothy James Davies','2024-01-31 12:11:50','2023-12-20 16:42:05'),
(909,'Your Home Realty Inc.','Guelph','Wellington','yhrealty.ca','','Emad H Ibrahim','2023-12-20 16:42:05','2023-12-20 16:42:05'),
(910,'Blue Rose Realty Inc.','Halton Hills (norval)','','','','','2023-12-20 16:42:17','2023-12-20 16:42:17'),
(911,'King Realty Inc.','Halton Hills (norval)','','','','','2023-12-20 16:42:17','2023-12-20 16:42:17'),
(912,'New Age Real Estate Group Inc.','Halton Hills (norval)','','newagerealestate.ca','','Roopa Sharma','2023-12-20 16:42:17','2023-12-20 16:42:17'),
(913,'Your Home Today Realty Inc.','Halton Hills (norval)','','heyray.ca','','Raymond Patrick Chesher','2023-12-20 16:42:18','2023-12-20 16:42:18'),
(914,'1906351 Ontario Inc.','Hamilton','Hamilton-wentworth','kwcomplete.com','','Andrew Bruce Robertson','2023-12-20 16:42:19','2023-12-20 16:42:19'),
(915,'1950545 Ontario Inc.','Hamilton','Hamilton-wentworth','watersidegroup.ca','','Jeff Giles','2023-12-20 16:42:19','2023-12-20 16:42:19'),
(916,'1st Stop Real Estate Co Ltd','Hamilton','Hamilton-wentworth','firststoprealestate.ca','','Patrick Pugliese','2023-12-20 16:42:19','2023-12-20 16:42:19'),
(917,'1st Sunshine Realty Inc.','Hamilton','Hamilton-wentworth','','','Xia Bing Zhang','2023-12-20 16:42:19','2023-12-20 16:42:19'),
(918,'2594650 Ontario Inc.','Hamilton','Hamilton-wentworth','purerealtybrokerage.ca','','Amal Gallant','2023-12-20 16:42:19','2023-12-20 16:42:19'),
(919,'A. Desantis Real Estate Limited','Hamilton','Hamilton-wentworth','desantis.com','','Anthony N. Desantis','2023-12-20 16:42:19','2023-12-20 16:42:19'),
(920,'Alternative Realty Corp.','Hamilton','Hamilton-wentworth','','','Constance J. Allen','2024-01-31 12:27:23','2023-12-20 16:42:19'),
(921,'Ambitious Realty Advisors Inc.','Hamilton','Hamilton-wentworth','ambitiousrealty.ca','','','2023-12-20 16:42:19','2023-12-20 16:42:19'),
(922,'Apex Results Realty Inc.','Hamilton','Hamilton-wentworth','','','','2023-12-20 16:42:19','2023-12-20 16:42:19'),
(923,'B. Dowling Real Estate Limited','Hamilton','Hamilton-wentworth','','','Bonnie Diane Dowling','2024-01-29 17:32:02','2023-12-20 16:42:20'),
(924,'Blair Blanchard Stapleton Limited','Hamilton','Hamilton-wentworth','bbsrealty.com','','','2023-12-20 16:42:20','2023-12-20 16:42:20'),
(925,'Blue Phoenix Real Estate Ltd.','Hamilton','Hamilton-wentworth','','','Colleen A Harrison','2023-12-20 16:42:20','2023-12-20 16:42:20'),
(926,'Bridgecan Realty Corp.','Hamilton','Hamilton-wentworth','bridgecan.com','','','2023-12-20 16:42:20','2023-12-20 16:42:20'),
(927,'Castellano Real Estate Inc','Hamilton','Hamilton-wentworth','','','Joseph J Castellano','2023-12-20 16:42:20','2023-12-20 16:42:20'),
(928,'Catania Realty Limited','Hamilton','Hamilton-wentworth','cataniarealty.ca','','Jerry J Catania','2023-12-20 16:42:20','2023-12-20 16:42:20'),
(929,'Century 21 Heritage Group Ltd.','Hamilton','Hamilton-wentworth','','','','2023-12-20 16:42:20','2023-12-20 16:42:20'),
(930,'Century 21 Red Star Realty Inc.','Hamilton','Hamilton-wentworth','niksharma.com','','','2023-12-20 16:42:20','2023-12-20 16:42:20'),
(931,'Century 21 Ultra Realty Inc.','Hamilton','Hamilton-wentworth','century21.ca','','Patrick Howe Gabriel','2023-12-20 16:42:20','2023-12-20 16:42:20'),
(932,'Chase Realty Inc.','Hamilton','Hamilton-wentworth','','','','2023-12-20 16:42:20','2023-12-20 16:42:20'),
(933,'Chin Property Advisors Inc.','Hamilton','Hamilton-wentworth','','','Daniel Paul Chin','2023-12-20 16:42:20','2023-12-20 16:42:20'),
(934,'Cirrius Realty Inc','Hamilton','Hamilton-wentworth','cirriusrealty.ca','','Karen Henrica Filice','2023-12-20 16:42:20','2023-12-20 16:42:20'),
(935,'City Centre Realty Co. Ltd.','Hamilton','Hamilton-wentworth','citycentrerealty.ca','','Michael M. Ivic','2023-12-20 16:42:20','2023-12-20 16:42:20'),
(936,'Corona Realty Inc.','Hamilton','Hamilton-wentworth','','','Andrew Ielasi','2024-01-31 12:27:23','2023-12-20 16:42:20'),
(937,'D.a. Mckerlie & Company Inc.','Hamilton','Hamilton-wentworth','execulink.com','','Douglas Andrew Mckerlie','2023-12-20 16:42:20','2023-12-20 16:42:20'),
(938,'Deerfield Brokerage Inc.','Hamilton','Hamilton-wentworth','deerfielddevelopments.com','','Alexander Amram Shafran','2023-12-20 16:42:20','2023-12-20 16:42:20'),
(939,'Douglas Hazlett Real Estate Ltd.','Hamilton','Hamilton-wentworth','','','Douglas Walter Hazlett','2024-01-31 12:11:50','2023-12-20 16:42:20'),
(940,'Enas Awad','Hamilton','Hamilton-wentworth','','','','2023-12-20 16:42:20','2023-12-20 16:42:20'),
(941,'Exp Realty Of Canada Inc','Hamilton','Hamilton-wentworth','exprealty.net','','','2023-12-20 16:42:20','2023-12-20 16:42:20'),
(942,'Flynn Real Estate Inc.','Hamilton','Hamilton-wentworth','flynnrealestateinc.com','','','2023-12-20 16:42:20','2023-12-20 16:42:20'),
(943,'Global One Agency Corporation','Hamilton','Hamilton-wentworth','engelvoelkers.com','','Richard John Rutkowski','2023-12-20 16:42:20','2023-12-20 16:42:20'),
(944,'Greatland Realty Corporation','Hamilton','Hamilton-wentworth','','','Christian Obiom Chukwuali','2023-12-20 16:42:20','2023-12-20 16:42:20'),
(945,'Harry Stinson Realty Corp.','Hamilton','Hamilton-wentworth','','','Harry J Stinson','2023-12-20 16:42:20','2023-12-20 16:42:20'),
(946,'Home Choice Realty Inc.','Hamilton','Hamilton-wentworth','','','','2023-12-20 16:42:20','2023-12-20 16:42:20'),
(947,'Homelife Professionals Realty Inc.','Hamilton','Hamilton-wentworth','','','Joseph Rosati','2023-12-20 16:42:20','2023-12-20 16:42:20'),
(948,'Housesigma Inc.','Hamilton','Hamilton-wentworth','housesigma.com','','','2023-12-20 16:42:20','2023-12-20 16:42:20'),
(949,'International Realty Firm Inc.','Hamilton','Hamilton-wentworth','internationalrealtyfirm.com','','','2023-12-20 16:42:20','2023-12-20 16:42:20'),
(950,'J.j. Pilon Realty Corporation','Hamilton','Hamilton-wentworth','','','Jack J A Pilon','2024-01-31 12:11:50','2023-12-20 16:42:20'),
(951,'Jag Realty Inc.','Hamilton','Hamilton-wentworth','','','Edwin M Alexander','2023-12-20 16:42:20','2023-12-20 16:42:20'),
(952,'Jim Pauls Real Estate Ltd','Hamilton','Hamilton-wentworth','jimpaulsrealestate.com','','Susan Pauls-valerio','2023-12-20 16:42:20','2023-12-20 16:42:20'),
(953,'Judy Marsales Real Estate Ltd','Hamilton','Hamilton-wentworth','judymarsales.com','','','2023-12-20 16:42:20','2023-12-20 16:42:20'),
(954,'King Realty Inc.','Hamilton','Hamilton-wentworth','','','','2023-12-20 16:42:20','2023-12-20 16:42:20'),
(955,'Leadex Realty Inc.','Hamilton','Hamilton-wentworth','rmxemail.com','','','2023-12-20 16:42:20','2023-12-20 16:42:20'),
(956,'Martel Commercial Realty Inc','Hamilton','Hamilton-wentworth','','','Harold Scott Overell','2024-01-31 12:27:23','2023-12-20 16:42:20'),
(957,'Matthew Aren Van Huizen','Hamilton','Hamilton-wentworth','','','','2023-12-20 16:42:20','2023-12-20 16:42:20'),
(958,'Matthew Van Huizen','Hamilton','Hamilton-wentworth','','','Matthew Aren Van Huizen','2023-12-20 16:42:20','2023-12-20 16:42:20'),
(959,'Max Wright Real Estate Corporation','Hamilton','Hamilton-wentworth','sothebysrealty.ca','','','2023-12-20 16:42:20','2023-12-20 16:42:20'),
(960,'Megna Real Estate & Insurance Ltd','Hamilton','Hamilton-wentworth','megna.com','','Paul Rocco Megna','2023-12-20 16:42:20','2023-12-20 16:42:20'),
(961,'Michael G Irving','Hamilton','Hamilton-wentworth','mikeirving.com','','Michael G Irving','2023-12-20 16:42:20','2023-12-20 16:42:20'),
(962,'Nashdom Realty Brokerage Inc.','Hamilton','Hamilton-wentworth','nashdominc.ca','','Magdalena Abril','2023-12-20 16:42:20','2023-12-20 16:42:20'),
(963,'New Age Real Estate Group Inc.','Hamilton','Hamilton-wentworth','newagerealestate.ca','','','2023-12-20 16:42:20','2023-12-20 16:42:20'),
(964,'Noble Realty Inc.','Hamilton','Hamilton-wentworth','','','James John Noble','2024-01-29 17:32:02','2023-12-20 16:42:20'),
(965,'One Percent Realty Ltd.','Hamilton','Hamilton-wentworth','onepercentrealty.com','','','2023-12-20 16:42:20','2023-12-20 16:42:20'),
(966,'Onemax Real Estate Ltd.','Hamilton','Hamilton-wentworth','','','Jawad Chaudhry','2023-12-20 16:42:20','2023-12-20 16:42:20'),
(967,'Open Door Realty Inc.','Hamilton','Hamilton-wentworth','odrealty.ca','','Sean Kirk','2023-12-20 16:42:20','2023-12-20 16:42:20'),
(968,'P2 Realty Inc.','Hamilton','Hamilton-wentworth','p2realty.com','','','2023-12-20 16:42:20','2023-12-20 16:42:20'),
(969,'Parkwood Realty & Appraisals Ltd.','Hamilton','Hamilton-wentworth','parkwoodappraisal.com','','Michael Charles Mamone','2023-12-20 16:42:20','2023-12-20 16:42:20'),
(970,'Pinnacle Real Estate Inc','Hamilton','Hamilton-wentworth','1110.ca','','','2023-12-20 16:42:20','2023-12-20 16:42:20'),
(971,'Pocrnic Realty Advisors Inc.','Hamilton','Hamilton-wentworth','pracommercial.com','','Steve M. Pocrnic','2023-12-20 16:42:20','2023-12-20 16:42:20'),
(972,'Pottruff & Oliver Realty Inc','Hamilton','Hamilton-wentworth','pottruffandoliver.com','','James M Pottruff','2023-12-20 16:42:20','2023-12-20 16:42:20'),
(973,'Queenston Group Realty Inc','Hamilton','Hamilton-wentworth','queenstongroup.com','','Daniel J Velenosi','2023-12-20 16:42:20','2023-12-20 16:42:20'),
(974,'Queensway Real Estate Brokerage Inc.','Hamilton','Hamilton-wentworth','','','Vasile Ioan Dincov','2023-12-20 16:42:20','2023-12-20 16:42:20'),
(975,'Re/max Escarpment Golfi Realty Inc.','Hamilton','Hamilton-wentworth','rmxemail.com','','','2023-12-20 16:42:20','2023-12-20 16:42:20'),
(976,'Re/max Escarpment Realty Inc.','Hamilton','Hamilton-wentworth','rmxemail.com','','','2023-12-20 16:42:20','2023-12-20 16:42:20'),
(977,'Re/max Real Estate Centre Inc.','Hamilton','Hamilton-wentworth','remaxcentre.ca','','','2023-12-20 16:42:20','2023-12-20 16:42:20'),
(978,'Real Estate City Inc.','Hamilton','Hamilton-wentworth','citybrokerage.ca','','Bianca Marijan','2023-12-20 16:42:20','2023-12-20 16:42:20'),
(979,'Realpro Realty Advisors Inc.','Hamilton','Hamilton-wentworth','mohammedghaddar.com','','Mohammed Ali Ghaddar','2023-12-20 16:42:20','2023-12-20 16:42:20'),
(980,'Realty Hub Ontario Inc.','Hamilton','Hamilton-wentworth','','','Stephanie Pinet','2023-12-20 16:42:20','2023-12-20 16:42:20'),
(981,'Realty Network: 100 Inc.','Hamilton','Hamilton-wentworth','realtynetwork.biz','','','2023-12-20 16:42:20','2023-12-20 16:42:20'),
(982,'Referrals Realty Inc.','Hamilton','Hamilton-wentworth','','','Arvid N Karlsen','2023-12-20 16:42:20','2023-12-20 16:42:20'),
(983,'Revel Realty Inc.','Hamilton','Hamilton-wentworth','revelrealty.ca','','','2023-12-20 16:42:20','2023-12-20 16:42:20'),
(984,'Rod Frank Realty Inc.','Hamilton','Hamilton-wentworth','rmxemail.com','','Ben Frank','2023-12-20 16:42:20','2023-12-20 16:42:20'),
(985,'Royal Canadian Realty Brokers Inc.','Hamilton','Hamilton-wentworth','royalcanadianrealty.com','','','2023-12-20 16:42:20','2023-12-20 16:42:20'),
(986,'Royal Maple Real Estate Management Inc.','Hamilton','Hamilton-wentworth','royalmaplerealestate.com','','Rohit Mohan','2023-12-20 16:42:20','2023-12-20 16:42:20'),
(987,'Saco Real Estate Ltd.','Hamilton','Hamilton-wentworth','','','David Sa','2024-01-31 12:27:23','2023-12-20 16:42:20'),
(988,'Sam Mcdadi Real Estate Inc.','Hamilton','Hamilton-wentworth','mcdadi.com','','','2023-12-20 16:42:20','2023-12-20 16:42:20'),
(989,'Schinkel Real Estate Inc.','Hamilton','Hamilton-wentworth','schinkelappraisals.ca','','Robert J Schinkel','2023-12-20 16:42:20','2023-12-20 16:42:20'),
(990,'Smyth Group Commercial Real Estate Corporation','Hamilton','Hamilton-wentworth','smythre.ca','','Spencer Abby Smyth','2023-12-20 16:42:20','2023-12-20 16:42:20'),
(991,'State Realty Limited','Hamilton','Hamilton-wentworth','royallepage.ca','','','2023-12-20 16:42:20','2023-12-20 16:42:20'),
(992,'Stephen Joseph Paige','Hamilton','Hamilton-wentworth','','','','2024-01-29 17:31:35','2023-12-20 16:42:20'),
(993,'Stephen Paige','Hamilton','Hamilton-wentworth','','','Stephen Joseph Paige','2024-01-29 17:31:35','2023-12-20 16:42:20'),
(994,'Streetcity Realty Inc.','Hamilton','Hamilton-wentworth','','','','2023-12-20 16:42:21','2023-12-20 16:42:21'),
(995,'Sutton Group Innovative Realty Inc.','Hamilton','Hamilton-wentworth','sutton.com','','','2023-12-20 16:42:21','2023-12-20 16:42:21'),
(996,'The Effort Trust Company','Hamilton','Hamilton-wentworth','efforttrust.ca','','Paul I. Ciardullo','2023-12-20 16:42:21','2023-12-20 16:42:21'),
(997,'Toma Realty Inc.','Hamilton','Hamilton-wentworth','','','Kristina Toma','2023-12-20 16:42:21','2023-12-20 16:42:21'),
(998,'Tristar Commercial Realty Ltd.','Hamilton','Hamilton-wentworth','tristarrealty.ca','','William Ng','2023-12-20 16:42:21','2023-12-20 16:42:21'),
(999,'Unique Realty Inc.','Hamilton','Hamilton-wentworth','uniquerealty.ca','','Peter Darrin Deroches','2023-12-20 16:42:21','2023-12-20 16:42:21'),
(1000,'Wink Properties & Realty Inc.','Hamilton','Hamilton-wentworth','winkproperties.ca','','Paul Robert Martindale','2023-12-20 16:42:21','2023-12-20 16:42:21'),
(1001,'Zoocasa Realty Inc.','Hamilton','Hamilton-wentworth','zoocasa.com','','','2023-12-20 16:42:21','2023-12-20 16:42:21'),
(1002,'10212644 Canada Inc.','Hawkesbury','Prescott','micheldesnoyers.com','','','2023-12-20 16:42:58','2023-12-20 16:42:58'),
(1003,'116 Main St. East Seguin Realty Ltd.','Hawkesbury','Prescott','seguinrealtyltd.com','','Carole Seguin','2023-12-20 16:42:58','2023-12-20 16:42:58'),
(1004,'Realty Matrix Ltd.','Hawkesbury','Prescott','tessierteam.ca','','','2023-12-20 16:42:58','2023-12-20 16:42:58'),
(1005,'2734100 Ontario Inc.','Huntsville','Muskoka','','','','2023-12-20 16:42:58','2023-12-20 16:42:58'),
(1006,'Attainable Realty Inc.','Huntsville','Muskoka','attainable.ca','','Blayne Hutchins','2023-12-20 16:42:58','2023-12-20 16:42:58'),
(1007,'Cayman Marshall International Realty Inc.','Huntsville','Muskoka','caymanmarshall.com','','','2023-12-20 16:42:58','2023-12-20 16:42:58'),
(1008,'Century 21 B. J. Roth Realty Ltd','Huntsville','Muskoka','century21.ca','','','2023-12-20 16:42:58','2023-12-20 16:42:58'),
(1009,'Chestnut Park Real Estate Limited','Huntsville','Muskoka','chestnutpark.com','','','2023-12-20 16:42:58','2023-12-20 16:42:58'),
(1010,'Cottage Vacations Real Estate Brokerage Inc.','Huntsville','Muskoka','cvrealestate.com','','Tyler Stephen Da Costa','2023-12-20 16:42:58','2023-12-20 16:42:58'),
(1011,'Harvey Kalles Real Estate Ltd','Huntsville','Muskoka','harveykalles.com','','','2023-12-20 16:42:58','2023-12-20 16:42:58'),
(1012,'Lakes Of Muskoka Realty Inc.','Huntsville','Muskoka','rlpmuskoka.com','','','2023-12-20 16:42:58','2023-12-20 16:42:58'),
(1013,'Max Wright Real Estate Corporation','Huntsville','Muskoka','sothebysrealty.ca','','','2023-12-20 16:42:58','2023-12-20 16:42:58'),
(1014,'Milborne Real Estate Inc.','Huntsville','Muskoka','milborne.com','','','2023-12-20 16:42:58','2023-12-20 16:42:58'),
(1015,'Springate-renaud Holdings Inc.','Huntsville','Muskoka','springate-renaud.com','','','2023-12-20 16:42:58','2023-12-20 16:42:58'),
(1016,'Sutton Group Muskoka Realty Inc.','Huntsville','Muskoka','vianet.ca','','Trevor John Docherty','2023-12-20 16:42:58','2023-12-20 16:42:58'),
(1017,'Thompson Real Estate Ltd.','Huntsville','Muskoka','muskokapropertyteam.com','','Brandon Tyler Stapleton','2023-12-20 16:42:58','2023-12-20 16:42:58'),
(1018,'Toronto Central Inc.','Huntsville','Muskoka','bhhstoronto.ca','','','2023-12-20 16:42:58','2023-12-20 16:42:58'),
(1019,'Century 21 Heritage House Ltd','Ingersoll','Oxford County','century21.ca','','','2023-12-20 16:43:00','2023-12-20 16:43:00'),
(1020,'Homelife Total Care Realty Inc.','Ingersoll','Oxford County','','','Charles Arends','2023-12-20 16:43:00','2023-12-20 16:43:00'),
(1021,'Re/max A-b Realty Ltd','Ingersoll','Oxford County','ingersollhomes.ca','','','2023-12-20 16:43:00','2023-12-20 16:43:00'),
(1022,'Sutton Group - Select Realty Inc.','Ingersoll','Oxford County','sutton.com','','','2023-12-20 16:43:00','2023-12-20 16:43:00'),
(1023,'The Realty Firm Inc.','Ingersoll','Oxford County','therealtyfirm.ca','','','2023-12-20 16:43:00','2023-12-20 16:43:00'),
(1024,'Triland Realty Ltd.','Ingersoll','Oxford County','royallepage.ca','','','2023-12-20 16:43:00','2023-12-20 16:43:00'),
(1025,'2842617 Ontario Inc.','Innisfil','Simcoe County','homesbyhamilton.ca','','Sara Hamilton','2023-12-20 16:43:00','2023-12-20 16:43:00'),
(1026,'Associates Realty Solutions Inc.','Innisfil','Simcoe County','kw.com','','Sunil Daljit','2023-12-20 16:43:00','2023-12-20 16:43:00'),
(1027,'Bernice Whelan Realty Inc.','Innisfil','Simcoe County','bernicewhelan.com','','Bernice M Whelan','2023-12-20 16:43:00','2023-12-20 16:43:00'),
(1028,'Century 21 B. J. Roth Realty Ltd','Innisfil','Simcoe County','','','','2023-12-20 16:43:00','2023-12-20 16:43:00'),
(1029,'Dbm Realty Limited','Innisfil','Simcoe County','','','David Brian Mortell','2024-01-31 12:11:50','2023-12-20 16:43:00'),
(1030,'Goldfarb Real Estate Inc.','Innisfil','Simcoe County','goldfarbrealty.com','','','2023-12-20 16:43:00','2023-12-20 16:43:00'),
(1031,'Laceby Real Estate Limited','Innisfil','Simcoe County','lacebyrealestate.com','','','2023-12-20 16:43:00','2023-12-20 16:43:00'),
(1032,'Michael Daniel Realty Inc.','Innisfil','Simcoe County','','','Yulia Kozyr','2023-12-20 16:43:00','2023-12-20 16:43:00'),
(1033,'Re/max Chay Realty Inc.','Innisfil','Simcoe County','remaxchay.com','','','2023-12-20 16:43:00','2023-12-20 16:43:00'),
(1034,'Skyrocket Realty Inc.','Innisfil','Simcoe County','skyrocketrealty.com','','Dino Garofalo','2023-12-20 16:43:00','2023-12-20 16:43:00'),
(1035,'Sutton Group Incentive Realty Inc.','Innisfil','Simcoe County','sutton.com','','','2023-12-20 16:43:00','2023-12-20 16:43:00'),
(1036,'The Real Estate Centre Inc.','Innisfil','Simcoe County','wearetrec.com','','','2023-12-20 16:43:00','2023-12-20 16:43:00'),
(1037,'Tiny Keys Realty Inc.','Innisfil','Simcoe County','','','Maria Regno','2023-12-20 16:43:00','2023-12-20 16:43:00'),
(1038,'Wesell Realty Inc.','Innisfil','Simcoe County','sellingthedream.ca','','Carly Victoria Fiore','2023-12-20 16:43:00','2023-12-20 16:43:00'),
(1039,'Cabin Country Realty Ltd.','Kenora','Kenora','cabincountry.com','','Graham David Chaze','2023-12-20 16:43:00','2023-12-20 16:43:00'),
(1040,'Century 21 Northern Choice Realty Ltd.','Kenora','Kenora','century21.ca','','Ian James Filips','2023-12-20 16:43:00','2023-12-20 16:43:00'),
(1041,'Landry\'s For Real Estate (kenora) Inc.','Kenora','Kenora','royallepage.ca','','Paul G. Landry','2023-12-20 16:43:00','2023-12-20 16:43:00'),
(1042,'Re/max Northwest Realty Ltd.','Kenora','Kenora','remax.net','','Angela L Kuchma','2023-12-20 16:43:00','2023-12-20 16:43:00'),
(1043,'Vogue Realty Inc.','Kenora','Kenora','voguerealty.ca','','Walter E Domareski','2023-12-20 16:43:00','2023-12-20 16:43:00'),
(1044,'Century 21 In-studio Realty Inc.','Kincardine','Bruce','','','','2023-12-20 16:43:01','2023-12-20 16:43:01'),
(1045,'Exchange Realty Company Inc.','Kincardine','Bruce','royallepage.ca','','Natasa Roufos','2023-12-20 16:43:01','2023-12-20 16:43:01'),
(1046,'Lake Range Realty Ltd.','Kincardine','Bruce','lakerangerealty.ca','','Mitchell John Twolan','2023-12-20 16:43:01','2023-12-20 16:43:01'),
(1047,'Peter Benninger Realty Ltd.','Kincardine','Bruce','coldwellbankerpbr.com','','','2023-12-20 16:43:01','2023-12-20 16:43:01'),
(1048,'Re/max Land Exchange Ltd.','Kincardine','Bruce','remax-lx.ca','','','2023-12-20 16:43:01','2023-12-20 16:43:01'),
(1049,'2391898 Ontario Inc.','King City','','','','Gordon Douglas Schofield','2024-01-31 12:11:15','2023-12-20 16:43:02'),
(1050,'2795217 Ontario Inc','King City','','','','Manuela Palermo','2024-01-31 12:11:50','2023-12-20 16:43:02'),
(1051,'Access Business Brokers Inc.','King City','','','','Katherine C. Denton','2023-12-20 16:43:02','2023-12-20 16:43:02'),
(1052,'Binder Real Estate Inc.','King City','','royallepagebinder.com','','','2023-12-20 16:43:03','2023-12-20 16:43:03'),
(1053,'Bizcap Inc.','King City','','sunbeltcanada.com','','','2023-12-20 16:43:03','2023-12-20 16:43:03'),
(1054,'Blue Moon Realty Inc.','King City','','bluemoonrealty.ca','','Kady Romagnuolo','2023-12-20 16:43:04','2023-12-20 16:43:04'),
(1055,'Bpe Real Estate Ltd.','King City','','bpegroup.ca','','Benjamin Joseph Pilon','2023-12-20 16:43:04','2023-12-20 16:43:04'),
(1056,'Capital North Realty Corporation','King City','','gevasirealestate.com','','','2023-12-20 16:43:04','2023-12-20 16:43:04'),
(1057,'Century 21 Champ Realty Limited','King City','','teamchamp.ca','','Gregory P M Enright','2023-12-20 16:43:04','2023-12-20 16:43:04'),
(1058,'Century 21 Erie Shores Realty Inc.','King City','','century21.ca','','','2023-12-20 16:43:04','2023-12-20 16:43:04'),
(1059,'Century 21 Heritage Group Ltd.','King City','','century21.ca','','','2023-12-20 16:43:04','2023-12-20 16:43:04'),
(1060,'Chestnut Park Real Estate Limited','King City','','kos.net','','','2023-12-20 16:43:04','2023-12-20 16:43:04'),
(1061,'David J Gavel','King City','','','','','2023-12-20 16:43:05','2023-12-20 16:43:05'),
(1062,'Exp Realty Of Canada Inc','King City','','exprealty.net','','','2023-12-20 16:43:06','2023-12-20 16:43:06'),
(1063,'Gavel David','King City','','','','David J Gavel','2023-12-20 16:43:06','2023-12-20 16:43:06'),
(1064,'Gholam Ali Tawakoli-dehaghy','King City','','','','Gholam Ali Tawakoli-dehaghy','2023-12-20 16:43:06','2023-12-20 16:43:06'),
(1065,'Gordon\'s Downsizing & Estate Services Ltd.','King City','','gogordons.com','','Manson Lee Slik','2023-12-20 16:43:06','2023-12-20 16:43:06'),
(1066,'Greg M. Anthony','King City','','','','Greg M. Anthony','2023-12-20 16:43:06','2023-12-20 16:43:06'),
(1067,'Hometown Realty Kingston Corp.','King City','','hometownrealtykingston.com','','Hilary Jane Mckenna','2023-12-20 16:43:07','2023-12-20 16:43:07'),
(1068,'Inspire Real Estate Corp.','King City','','kw.com','','Claire Louise Barrett','2023-12-20 16:43:07','2023-12-20 16:43:07'),
(1069,'Ipro Realty Ltd','King City','','reico.ca','','Fedele Colucci','2023-12-20 16:43:07','2023-12-20 16:43:07'),
(1070,'John B Garvin','King City','','','','','2023-12-20 16:43:08','2023-12-20 16:43:08'),
(1071,'Jump Realty Inc.','King City','','jumprealty.ca','','','2023-12-20 16:43:08','2023-12-20 16:43:08'),
(1072,'Kb Realty Inc.','King City','','kbbrokerage.ca','','Wendy J. Hay','2023-12-20 16:43:08','2023-12-20 16:43:08'),
(1073,'King City Realty Corp.','King City','','','','Gino Schincariol','2024-01-31 12:11:15','2023-12-20 16:43:09'),
(1074,'Kostogiannis Enterprise Inc.','King City','','cwkingston.com','','Peter Kostogiannis','2023-12-20 16:43:09','2023-12-20 16:43:09'),
(1075,'Laceby Real Estate Limited','King City','','lacebyrealestate.com','','Jeffrey W Laceby','2023-12-20 16:43:09','2023-12-20 16:43:09'),
(1076,'Leslie T Weatherby Ltd','King City','','kos.net','','Leslie Thornton Weatherby','2023-12-20 16:43:09','2023-12-20 16:43:09'),
(1077,'Macinnis Realty Inc.','King City','','sarahmacinnis.ca','','Sarah Virginia Macinnis','2023-12-20 16:43:09','2023-12-20 16:43:09'),
(1078,'Max Wright Real Estate Corporation','King City','','sothebysrealty.ca','','','2023-12-20 16:43:10','2023-12-20 16:43:10'),
(1079,'Moffat Dunlap Real Estate Limited','King City','','moffatdunlap.com','','John M Dunlap','2023-12-20 16:43:11','2023-12-20 16:43:11'),
(1080,'One Percent Realty Ltd.','King City','','onepercentrealty.com','','','2023-12-20 16:43:11','2023-12-20 16:43:11'),
(1081,'Pinnacle Plus Realty Ltd.','King City','','pinnacleplusrealty.com','','','2023-12-20 16:43:11','2023-12-20 16:43:11'),
(1082,'Proalliance Realty Corporation','King City','','royallepage.ca','','','2023-12-20 16:43:11','2023-12-20 16:43:11'),
(1083,'Re/max Finest Realty Inc.','King City','','jasonclarke.ca','','','2023-12-20 16:43:12','2023-12-20 16:43:12'),
(1084,'Re/max Preferred Realty Ltd.','King City','','glenmuir.ca','','','2023-12-20 16:43:12','2023-12-20 16:43:12'),
(1085,'Re/max Service First Realty Inc.','King City','','remaxservicefirst.com','','Brenda Holly Henderson','2023-12-20 16:43:12','2023-12-20 16:43:12'),
(1086,'Rise Executives Inc.','King City','','remaxrise.com','','','2023-12-20 16:43:12','2023-12-20 16:43:12'),
(1087,'Rogers & Trainor Commercial Realty Inc.','King City','','rtcr.com','','Constantine Doulas','2023-12-20 16:43:12','2023-12-20 16:43:12'),
(1088,'Ronan Realty Ltd.','King City','','ronanrealty.com','','','2023-12-20 16:43:12','2023-12-20 16:43:12'),
(1089,'Solid Rock Realty Inc.','King City','','srrealty.ca','','','2023-12-20 16:43:13','2023-12-20 16:43:13'),
(1090,'Sutton Group - Masters Realty Inc.','King City','','sutton.com','','David Angus Hatt','2023-12-20 16:43:14','2023-12-20 16:43:14'),
(1091,'The Brokerage Inc.','King City','','theagencyre.com','','','2023-12-20 16:43:14','2023-12-20 16:43:14'),
(1092,'Trends Realty Inc.','King City','','trendsrealtyinc.com','','Ana Pronio','2023-12-20 16:43:14','2023-12-20 16:43:14'),
(1093,'Velev Group Inc.','King City','','','','Sergiy Shchavyelyev','2023-12-20 16:43:14','2023-12-20 16:43:14'),
(1094,'Your Community Realty Inc.','King City','','','','','2023-12-20 16:43:15','2023-12-20 16:43:15'),
(1095,'Your Home Sold Guaranteed Realty Centres Ltd.','King City','','jasonclarke.ca','','Benjamin William Perosin','2023-12-20 16:43:15','2023-12-20 16:43:15'),
(1096,'Access Business Brokers Inc.','Kingston','Frontenac County','','','Katherine C. Denton','2023-12-20 16:43:38','2023-12-20 16:43:38'),
(1097,'Bizcap Inc.','Kingston','Frontenac County','sunbeltcanada.com','','','2023-12-20 16:43:38','2023-12-20 16:43:38'),
(1098,'Blue Moon Realty Inc.','Kingston','Frontenac County','bluemoonrealty.ca','','Kady Romagnuolo','2023-12-20 16:43:38','2023-12-20 16:43:38'),
(1099,'Bpe Real Estate Ltd.','Kingston','Frontenac County','bpegroup.ca','','Benjamin Joseph Pilon','2023-12-20 16:43:38','2023-12-20 16:43:38'),
(1100,'Century 21 Champ Realty Limited','Kingston','Frontenac County','teamchamp.ca','','Gregory P M Enright','2023-12-20 16:43:38','2023-12-20 16:43:38'),
(1101,'Century 21 Heritage Group Ltd.','Kingston','Frontenac County','century21.ca','','','2023-12-20 16:43:38','2023-12-20 16:43:38'),
(1102,'Chestnut Park Real Estate Limited','Kingston','Frontenac County','kos.net','','','2023-12-20 16:43:38','2023-12-20 16:43:38'),
(1103,'David J Gavel','Kingston','Frontenac County','','','','2023-12-20 16:43:38','2023-12-20 16:43:38'),
(1104,'Exp Realty Of Canada Inc','Kingston','Frontenac County','exprealty.net','','Katherine Sara Milian','2023-12-20 16:43:38','2023-12-20 16:43:38'),
(1105,'Gavel David','Kingston','Frontenac County','','','David J Gavel','2023-12-20 16:43:38','2023-12-20 16:43:38'),
(1106,'Gholam Ali Tawakoli-dehaghy','Kingston','Frontenac County','','','Gholam Ali Tawakoli-dehaghy','2023-12-20 16:43:38','2023-12-20 16:43:38'),
(1107,'Gordon\'s Downsizing & Estate Services Ltd.','Kingston','Frontenac County','gogordons.com','','Manson Lee Slik','2023-12-20 16:43:38','2023-12-20 16:43:38'),
(1108,'Greg M. Anthony','Kingston','Frontenac County','','','Greg M. Anthony','2023-12-20 16:43:38','2023-12-20 16:43:38'),
(1109,'Hometown Realty Kingston Corp.','Kingston','Frontenac County','hometownrealtykingston.com','','Hilary Jane Mckenna','2023-12-20 16:43:38','2023-12-20 16:43:38'),
(1110,'Inspire Real Estate Corp.','Kingston','Frontenac County','kw.com','','Claire Louise Barrett','2023-12-20 16:43:38','2023-12-20 16:43:38'),
(1111,'Ipro Realty Ltd','Kingston','Frontenac County','reico.ca','','Fedele Colucci','2023-12-20 16:43:38','2023-12-20 16:43:38'),
(1112,'John B Garvin','Kingston','Frontenac County','','','','2023-12-20 16:43:38','2023-12-20 16:43:38'),
(1113,'Kb Realty Inc.','Kingston','Frontenac County','kbbrokerage.ca','','Wendy J. Hay','2023-12-20 16:43:38','2023-12-20 16:43:38'),
(1114,'Kostogiannis Enterprise Inc.','Kingston','Frontenac County','cwkingston.com','','Peter Kostogiannis','2023-12-20 16:43:38','2023-12-20 16:43:38'),
(1115,'Leslie T Weatherby Ltd','Kingston','Frontenac County','kos.net','','Leslie Thornton Weatherby','2023-12-20 16:43:38','2023-12-20 16:43:38'),
(1116,'Macinnis Realty Inc.','Kingston','Frontenac County','sarahmacinnis.ca','','Sarah Virginia Macinnis','2023-12-20 16:43:38','2023-12-20 16:43:38'),
(1117,'One Percent Realty Ltd.','Kingston','Frontenac County','onepercentrealty.com','','','2023-12-20 16:43:38','2023-12-20 16:43:38'),
(1118,'Proalliance Realty Corporation','Kingston','Frontenac County','royallepage.ca','','','2023-12-20 16:43:38','2023-12-20 16:43:38'),
(1119,'Re/max Finest Realty Inc.','Kingston','Frontenac County','','','','2023-12-20 16:43:38','2023-12-20 16:43:38'),
(1120,'Re/max Service First Realty Inc.','Kingston','Frontenac County','remaxservicefirst.com','','Brenda Holly Henderson','2023-12-20 16:43:38','2023-12-20 16:43:38'),
(1121,'Rise Executives Inc.','Kingston','Frontenac County','remaxrise.com','','Patrick N. Hulley','2023-12-20 16:43:38','2023-12-20 16:43:38'),
(1122,'Rogers & Trainor Commercial Realty Inc.','Kingston','Frontenac County','rtcr.com','','Constantine Doulas','2023-12-20 16:43:38','2023-12-20 16:43:38'),
(1123,'Solid Rock Realty Inc.','Kingston','Frontenac County','srrealty.ca','','','2023-12-20 16:43:38','2023-12-20 16:43:38'),
(1124,'Sutton Group - Masters Realty Inc.','Kingston','Frontenac County','sutton.com','','David Angus Hatt','2023-12-20 16:43:38','2023-12-20 16:43:38'),
(1125,'Your Home Sold Guaranteed Realty Centres Ltd.','Kingston','Frontenac County','jasonclarke.ca','','Benjamin William Perosin','2023-12-20 16:43:38','2023-12-20 16:43:38'),
(1126,'Binder Real Estate Inc.','Kingsville','Essex County','royallepagebinder.com','','','2023-12-20 16:43:46','2023-12-20 16:43:46'),
(1127,'Century 21 Erie Shores Realty Inc.','Kingsville','Essex County','century21.ca','','','2023-12-20 16:43:46','2023-12-20 16:43:46'),
(1128,'Jump Realty Inc.','Kingsville','Essex County','jumprealty.ca','','','2023-12-20 16:43:46','2023-12-20 16:43:46'),
(1129,'Pinnacle Plus Realty Ltd.','Kingsville','Essex County','pinnacleplusrealty.com','','','2023-12-20 16:43:46','2023-12-20 16:43:46'),
(1130,'Re/max Preferred Realty Ltd.','Kingsville','Essex County','glenmuir.ca','','','2023-12-20 16:43:46','2023-12-20 16:43:46'),
(1131,'2396222 Ontario Inc.','Kitchener','Kitchener-waterloo','fluxrealty.ca','','Matthew Michael Fierling','2023-12-20 16:43:46','2023-12-20 16:43:46'),
(1132,'2810764 Ontario Inc.','Kitchener','Kitchener-waterloo','','','Raj Kumar Sharma','2023-12-20 16:43:46','2023-12-20 16:43:46'),
(1133,'A.f. Bocchino Real Estate Services Ltd.','Kitchener','Kitchener-waterloo','golden.net','','Anthony F. Bocchino','2023-12-20 16:43:46','2023-12-20 16:43:46'),
(1134,'Adrian Homes Realty Inc.','Kitchener','Kitchener-waterloo','adrianhomes.ca','','Adrian Viorel Florea','2023-12-20 16:43:46','2023-12-20 16:43:46'),
(1135,'Amdirect Corp.','Kitchener','Kitchener-waterloo','amdirect.ca','','Aziz Abdiladif Mohamed','2023-12-20 16:43:46','2023-12-20 16:43:46'),
(1136,'Art Of Living Realty Inc','Kitchener','Kitchener-waterloo','','','Evert I Hernandez','2023-12-20 16:43:46','2023-12-20 16:43:46'),
(1137,'Authentic Real Estate Corporation','Kitchener','Kitchener-waterloo','','','Richard Berenz','2023-12-20 16:43:46','2023-12-20 16:43:46'),
(1138,'Baxter I.c.i. Corp.','Kitchener','Kitchener-waterloo','baxterici.com','','John Robert Baxter','2023-12-20 16:43:46','2023-12-20 16:43:46'),
(1139,'Benjamins Realty Inc.','Kitchener','Kitchener-waterloo','benjaminsrealty.com','','Jacob John Benjamins','2023-12-20 16:43:46','2023-12-20 16:43:46'),
(1140,'C M A Realty Ltd.','Kitchener','Kitchener-waterloo','cmarealty.ca','','Neil Anthony Koebel','2023-12-20 16:43:46','2023-12-20 16:43:46'),
(1141,'Cbre Limited','Kitchener','Kitchener-waterloo','cbre.com','','','2023-12-20 16:43:46','2023-12-20 16:43:46'),
(1142,'Centralink Realty Inc.','Kitchener','Kitchener-waterloo','centrallinkrealty.com','','Daniela Jaworski','2023-12-20 16:43:46','2023-12-20 16:43:46'),
(1143,'Century 21 Heritage House Ltd','Kitchener','Kitchener-waterloo','century21hh.ca','','','2023-12-20 16:43:46','2023-12-20 16:43:46'),
(1144,'Century 21 Right Time Real Estate Inc.','Kitchener','Kitchener-waterloo','','','Surjit Singh Pablay','2023-12-20 16:43:46','2023-12-20 16:43:46'),
(1145,'Citimax Realty Ltd','Kitchener','Kitchener-waterloo','','','Richard James Griesbaum','2023-12-20 16:43:47','2023-12-20 16:43:47'),
(1146,'Cityprize 7 Inc.','Kitchener','Kitchener-waterloo','','','Svetlana Bryzgalova','2023-12-20 16:43:47','2023-12-20 16:43:47'),
(1147,'Colliers Macaulay Nicolls Inc.','Kitchener','Kitchener-waterloo','colliers.com','','','2023-12-20 16:43:47','2023-12-20 16:43:47'),
(1148,'Condo Culture Inc.','Kitchener','Kitchener-waterloo','condoculture.ca','','','2023-12-20 16:43:47','2023-12-20 16:43:47'),
(1149,'Cushman & Wakefield Waterloo Region Ltd.','Kitchener','Kitchener-waterloo','cushwakewr.com','','Michael Polzl','2023-12-20 16:43:47','2023-12-20 16:43:47'),
(1150,'David A Davies','Kitchener','Kitchener-waterloo','','','','2023-12-20 16:43:47','2023-12-20 16:43:47'),
(1151,'Dinks Realty Management Inc. Brokerage','Kitchener','Kitchener-waterloo','','','Farida Allie','2023-12-20 16:43:47','2023-12-20 16:43:47'),
(1152,'Exp Realty Of Canada Inc','Kitchener','Kitchener-waterloo','exprealty.net','','','2023-12-20 16:43:47','2023-12-20 16:43:47'),
(1153,'Forest Hill Real Estate Inc','Kitchener','Kitchener-waterloo','fhwaterlooregion.com','','','2023-12-20 16:43:47','2023-12-20 16:43:47'),
(1154,'Forward Urban Realty Inc.','Kitchener','Kitchener-waterloo','forwardurban.com','','Jason Joseph Malfara','2023-12-20 16:43:47','2023-12-20 16:43:47'),
(1155,'Glascon Realty Limited','Kitchener','Kitchener-waterloo','','','Sonya Margaret Glasser','2024-01-31 12:27:23','2023-12-20 16:43:47'),
(1156,'Global Realty Partners Inc.','Kitchener','Kitchener-waterloo','','','Harjit Mangat','2024-01-31 12:11:50','2023-12-20 16:43:47'),
(1157,'Home And Property Real Estate Ltd.','Kitchener','Kitchener-waterloo','homeandproperty.ca','','John Zwart','2023-12-20 16:43:47','2023-12-20 16:43:47'),
(1158,'Home Standards Realty Inc.','Kitchener','Kitchener-waterloo','','','','2023-12-20 16:43:47','2023-12-20 16:43:47'),
(1159,'Homefluent Realty Inc.','Kitchener','Kitchener-waterloo','homefluent.com','','','2023-12-20 16:43:47','2023-12-20 16:43:47'),
(1160,'Homelife Power Realty Inc.','Kitchener','Kitchener-waterloo','','','','2023-12-20 16:43:47','2023-12-20 16:43:47'),
(1161,'Immer Realty Corp.','Kitchener','Kitchener-waterloo','immerrealestate.com','','Mico Radulovic','2023-12-20 16:43:47','2023-12-20 16:43:47'),
(1162,'Independent Brokers Realty Corp.','Kitchener','Kitchener-waterloo','','','Kazem Zardkanlou','2023-12-20 16:43:47','2023-12-20 16:43:47'),
(1163,'Innovation Real Estate Inc.','Kitchener','Kitchener-waterloo','kwgtr.com','','','2023-12-20 16:43:47','2023-12-20 16:43:47'),
(1164,'Jones Lang Lasalle Real Estate Services Inc.','Kitchener','Kitchener-waterloo','jll.com','','','2023-12-20 16:43:47','2023-12-20 16:43:47'),
(1165,'K W Casa Realty Inc.','Kitchener','Kitchener-waterloo','kwcasarealty.com','','Drazenka Zivanovic','2023-12-20 16:43:47','2023-12-20 16:43:47'),
(1166,'Khakinorth Realty Inc.','Kitchener','Kitchener-waterloo','khakinorth.com','','Munawar Ahmad Rana','2023-12-20 16:43:47','2023-12-20 16:43:47'),
(1167,'Koebel-medlicott Real Estate & Appraisals Inc.','Kitchener','Kitchener-waterloo','kmraa.com','','Karen Louise Koebel-medlicott','2023-12-20 16:43:47','2023-12-20 16:43:47'),
(1168,'Landing Realty Inc.','Kitchener','Kitchener-waterloo','landingrealty.ca','','','2023-12-20 16:43:47','2023-12-20 16:43:47'),
(1169,'Lennard Commercial Realty Ltd.','Kitchener','Kitchener-waterloo','lennard.com','','','2023-12-20 16:43:47','2023-12-20 16:43:47'),
(1170,'List.ca Inc.','Kitchener','Kitchener-waterloo','list.ca','','Lukmon Olutimilehin Olaatanda','2023-12-20 16:43:47','2023-12-20 16:43:47'),
(1171,'Living Stone Realty Inc.','Kitchener','Kitchener-waterloo','','','Mahendra Palitha Costa','2023-12-20 16:43:47','2023-12-20 16:43:47'),
(1172,'Lohmer Real Estate & Appraisals Ltd.','Kitchener','Kitchener-waterloo','golden.net','','Shirley Lohmer','2023-12-20 16:43:47','2023-12-20 16:43:47'),
(1173,'One Percent Realty Ltd.','Kitchener','Kitchener-waterloo','onepercentrealty.com','','','2023-12-20 16:43:47','2023-12-20 16:43:47'),
(1174,'Peaceland Realty Group Inc.','Kitchener','Kitchener-waterloo','','','David Young','2023-12-20 16:43:47','2023-12-20 16:43:47'),
(1175,'Peter Benninger Realty Ltd.','Kitchener','Kitchener-waterloo','coldwellbankerpbr.com','','','2023-12-20 16:43:47','2023-12-20 16:43:47'),
(1176,'Power House Realty Ltd.','Kitchener','Kitchener-waterloo','','','Cynthia Mary Power','2024-01-31 12:27:23','2023-12-20 16:43:47'),
(1177,'Primus Realty Ltd','Kitchener','Kitchener-waterloo','primusrealty.ca','','Heidi Polzl','2023-12-20 16:43:47','2023-12-20 16:43:47'),
(1178,'Randy Scott Kipfer','Kitchener','Kitchener-waterloo','','','','2023-12-20 16:43:47','2023-12-20 16:43:47'),
(1179,'Re/max Real Estate Centre Inc.','Kitchener','Kitchener-waterloo','remaxcentre.ca','','Delio Manuel Oliveira','2023-12-20 16:43:47','2023-12-20 16:43:47'),
(1180,'Re/max Twin City Realty Inc.','Kitchener','Kitchener-waterloo','remaxtwincity.com','','Melanie Lynn Shantz','2023-12-20 16:43:47','2023-12-20 16:43:47'),
(1181,'Realocity Realty Inc.','Kitchener','Kitchener-waterloo','','','Nicholas Carere','2023-12-20 16:43:47','2023-12-20 16:43:47'),
(1182,'Rego Realty Inc.','Kitchener','Kitchener-waterloo','corcoranhorizon.com','','Cliff C. Rego','2023-12-20 16:43:47','2023-12-20 16:43:47'),
(1183,'Royal Canadian Realty Brokers Inc.','Kitchener','Kitchener-waterloo','royalcanadianrealty.com','','','2023-12-20 16:43:47','2023-12-20 16:43:47'),
(1184,'Royal Realty Group Inc.','Kitchener','Kitchener-waterloo','royalrealtygroup.ca','','Michael Anthony Anstead','2023-12-20 16:43:47','2023-12-20 16:43:47'),
(1185,'Royal Star Realty Inc','Kitchener','Kitchener-waterloo','royalstarrealty.com','','','2023-12-20 16:43:47','2023-12-20 16:43:47'),
(1186,'Sell My House Realty Inc','Kitchener','Kitchener-waterloo','yhsgrkw.com','','Elias Jiryis','2023-12-20 16:43:47','2023-12-20 16:43:47'),
(1187,'Solid State Realty Inc.','Kitchener','Kitchener-waterloo','solidstaterealty.com','','Ankung Cheng','2023-12-20 16:43:47','2023-12-20 16:43:47'),
(1188,'The Realty Den Corporation','Kitchener','Kitchener-waterloo','therealtyden.com','','Cheryl-anne Sarnavka','2023-12-20 16:43:47','2023-12-20 16:43:47'),
(1189,'The Realty Firm Inc.','Kitchener','Kitchener-waterloo','therealtyfirm.ca','','','2023-12-20 16:43:47','2023-12-20 16:43:47'),
(1190,'Trilliumwest Real Estate Brokerage Ltd.','Kitchener','Kitchener-waterloo','trilliumwest.com','','','2023-12-20 16:43:47','2023-12-20 16:43:47'),
(1191,'Trius Realty Inc.','Kitchener','Kitchener-waterloo','triusrealty.com','','Jennifer May Skinn','2023-12-20 16:43:47','2023-12-20 16:43:47'),
(1192,'Ulmer Realty Group Inc.','Kitchener','Kitchener-waterloo','ulmergroup.com','','Michael Stephen Ulmer','2023-12-20 16:43:47','2023-12-20 16:43:47'),
(1193,'We4max Real Estate Inc.','Kitchener','Kitchener-waterloo','','','Balakumar Subramaniam','2023-12-20 16:43:47','2023-12-20 16:43:47'),
(1194,'Wolle Realty Ltd','Kitchener','Kitchener-waterloo','wollerealty.com','','Mark Wolle','2023-12-20 16:43:47','2023-12-20 16:43:47'),
(1195,'Zolo Realty (ontario) Inc.','Kitchener','Kitchener-waterloo','zolo.com','','','2023-12-20 16:43:47','2023-12-20 16:43:47'),
(1196,'Zoocasa Realty Inc.','Kitchener','Kitchener-waterloo','zoocasa.com','','','2023-12-20 16:43:47','2023-12-20 16:43:47'),
(1197,'London Lifestyles Realty Inc.','Lambton Shores','','kw.com','','','2023-12-20 16:44:16','2023-12-20 16:44:16'),
(1198,'1830106 Ontario Inc.','Lasalle','Essex County','','','William Kevin Sivell','2023-12-20 16:44:17','2023-12-20 16:44:17'),
(1199,'Atlas Realty (windsor) Inc','Lasalle','Essex County','atlasrealtywindsor.ca','','Allan J M Blain','2023-12-20 16:44:17','2023-12-20 16:44:17'),
(1200,'Deerbrook Realty Inc.','Lasalle','Essex County','deerbrookrealty.net','','','2023-12-20 16:44:17','2023-12-20 16:44:17'),
(1201,'Equinox Realty Inc.','Lasalle','Essex County','equinoxrealty.ca','','Ralph Jr. A. Sandstedt','2023-12-20 16:44:17','2023-12-20 16:44:17'),
(1202,'Hugh R. Fay & Associates Limited','Lasalle','Essex County','','','Christine Eira Fay','2023-12-20 16:44:17','2023-12-20 16:44:17'),
(1203,'Jump Realty Inc.','Lasalle','Essex County','jumprealty.ca','','','2023-12-20 16:44:17','2023-12-20 16:44:17'),
(1204,'M. Mann Realty','Lasalle','Essex County','','','Manjit Kaur Mann','2023-12-20 16:44:17','2023-12-20 16:44:17'),
(1205,'Regency Realty Limited','Lasalle','Essex County','','','Anthony F. Coletti','2023-12-20 16:44:17','2023-12-20 16:44:17'),
(1206,'Binder Real Estate Inc.','Leamington','Essex County','royallepagebinder.com','','','2023-12-20 16:44:17','2023-12-20 16:44:17'),
(1207,'Century 21 Erie Shores Realty Inc.','Leamington','Essex County','century21.ca','','Donald Bruce Tilden','2023-12-20 16:44:17','2023-12-20 16:44:17'),
(1208,'Excel Realty Corp. (1996)','Leamington','Essex County','','','Janet M. Chesterfield','2023-12-20 16:44:17','2023-12-20 16:44:17'),
(1209,'Future Homes & Real Estate Ltd.','Leamington','Essex County','future-homes.com','','Robert Tatomir','2023-12-20 16:44:17','2023-12-20 16:44:17'),
(1210,'H. Featherstone Realty Inc.','Leamington','Essex County','','','Patty Elters','2023-12-20 16:44:17','2023-12-20 16:44:17'),
(1211,'Jump Realty Inc.','Leamington','Essex County','jumprealty.ca','','','2023-12-20 16:44:17','2023-12-20 16:44:17'),
(1212,'Mac 1 Realty Limited','Leamington','Essex County','mac1realty.ca','','Craig Keith Mcneil','2023-12-20 16:44:17','2023-12-20 16:44:17'),
(1213,'Pat Cervini Real Estate Ltd.','Leamington','Essex County','','','Pasquale A Cervini','2023-12-20 16:44:17','2023-12-20 16:44:17'),
(1214,'R. A. Critchlow Realty Inc','Leamington','Essex County','mnsi.net','','Randall Anthony Critchlow','2023-12-20 16:44:17','2023-12-20 16:44:17'),
(1215,'Realty House Sun Parlour Inc.','Leamington','Essex County','','','Kevin John Babkirk','2023-12-20 16:44:17','2023-12-20 16:44:17'),
(1216,'Sun County Realty Inc.','Leamington','Essex County','suncountryrealty.com','','Deiba Wigle','2023-12-20 16:44:17','2023-12-20 16:44:17'),
(1217,'1891609 Ontario Ltd.','London','Middlesex County','sutton.com','','Jie Dan','2023-12-20 16:44:19','2023-12-20 16:44:19'),
(1218,'1917149 Ontario Inc.','London','Middlesex County','','','Rachael Polakovic','2024-01-31 12:11:50','2023-12-20 16:44:19'),
(1219,'1st London Real Estate Services Inc.','London','Middlesex County','','','Wendell James Holody','2023-12-20 16:44:19','2023-12-20 16:44:19'),
(1220,'2455884 Ontario Inc.','London','Middlesex County','','','Shannon Michele Grogan','2023-12-20 16:44:19','2023-12-20 16:44:19'),
(1221,'2462835 Ontario Inc.','London','Middlesex County','','','Philip Spoelstra','2023-12-20 16:44:19','2023-12-20 16:44:19'),
(1222,'2615267 Ontario Inc.','London','Middlesex County','davenportrealty.ca','','','2023-12-20 16:44:19','2023-12-20 16:44:19'),
(1223,'2726653 Ontario Inc.','London','Middlesex County','homeologyrealestate.ca','','Nicholas Lawrence Davies','2023-12-20 16:44:19','2023-12-20 16:44:19'),
(1224,'2805467 Ontario Inc','London','Middlesex County','','','','2023-12-20 16:44:19','2023-12-20 16:44:19'),
(1225,'A Team London Inc.','London','Middlesex County','ateamlondon.ca','','Allen Ali Fayad','2023-12-20 16:44:19','2023-12-20 16:44:19'),
(1226,'Accsell Realty Inc.','London','Middlesex County','campbell.com','','Robert Blair Campbell','2023-12-20 16:44:19','2023-12-20 16:44:19'),
(1227,'Agent Realty Pro Inc.','London','Middlesex County','agentrealtypro.com','','Jason Michael Sims','2023-12-20 16:44:19','2023-12-20 16:44:19'),
(1228,'Anchor Real Estate Investments Corp','London','Middlesex County','execulink.com','','Michael John Marienwald','2023-12-20 16:44:19','2023-12-20 16:44:19'),
(1229,'Angelo M. Di Lullo','London','Middlesex County','','','','2023-12-20 16:44:20','2023-12-20 16:44:20'),
(1230,'Anthony Franze','London','Middlesex County','','','Anthony Franze','2023-12-20 16:44:20','2023-12-20 16:44:20'),
(1231,'Aros Realty Ltd.','London','Middlesex County','straughan.ca','','Michael James Straughan','2023-12-20 16:44:20','2023-12-20 16:44:20'),
(1232,'Avanti Real Estate (london) Ltd.','London','Middlesex County','charletoncredit.com','','Frank Decicco','2023-12-20 16:44:20','2023-12-20 16:44:20'),
(1233,'Bark & Branch Beaver Realty Inc.','London','Middlesex County','','','John Edward Hewerdine','2023-12-20 16:44:20','2023-12-20 16:44:20'),
(1234,'Blue Forest Realty Inc.','London','Middlesex County','peakprorealty.ca','','','2023-12-20 16:44:20','2023-12-20 16:44:20'),
(1235,'Bozena Olechno','London','Middlesex County','','','Bozena Olechno','2023-12-20 16:44:20','2023-12-20 16:44:20'),
(1236,'Byron Village Realty Inc.','London','Middlesex County','execulink.com','','John N Thurman','2023-12-20 16:44:20','2023-12-20 16:44:20'),
(1237,'Canadian Commercial Realty Inc','London','Middlesex County','canadiancommercial.ca','','Charles Steven Miller','2023-12-20 16:44:20','2023-12-20 16:44:20'),
(1238,'Canadian Dream Realty Inc.','London','Middlesex County','cdream.ca','','Volodymyr Vorobets','2023-12-20 16:44:20','2023-12-20 16:44:20'),
(1239,'Can-relco Ltd.','London','Middlesex County','','','Klaus G Hammer','2024-01-31 12:27:23','2023-12-20 16:44:20'),
(1240,'Canuck Real Estate Corporation','London','Middlesex County','canuckrealestate.com','','Paul Sarkar','2023-12-20 16:44:20','2023-12-20 16:44:20'),
(1241,'Cbre Limited','London','Middlesex County','cbre.com','','','2023-12-20 16:44:20','2023-12-20 16:44:20'),
(1242,'Century 21 First Canadian - Kingwell Realty Inc.','London','Middlesex County','','','','2023-12-20 16:44:20','2023-12-20 16:44:20'),
(1243,'Century 21 First Canadian Corp Dean Soufan Inc.','London','Middlesex County','c21.ca','','Dean Bud Soufan','2023-12-20 16:44:20','2023-12-20 16:44:20'),
(1244,'Century 21 First Canadian Corp.','London','Middlesex County','century21.ca','','','2023-12-20 16:44:20','2023-12-20 16:44:20'),
(1245,'Century 21 First Canadian Corp. Shahin Tabeshfard Inc.','London','Middlesex County','c21.ca','','Shahin Tabeshfard','2023-12-20 16:44:20','2023-12-20 16:44:20'),
(1246,'Century 21 First Canadian Nexmil Elite Realty Inc.','London','Middlesex County','nexmil.ca','','Melanie Gormley','2023-12-20 16:44:20','2023-12-20 16:44:20'),
(1247,'Century 21 First Canadian Steve Kleiman Inc.','London','Middlesex County','','','Steve E Kleiman','2024-01-29 17:32:41','2023-12-20 16:44:20'),
(1248,'Century 21 First Canadian Trusted Home Realty Inc.','London','Middlesex County','century21.ca','','Anish Srivastava','2023-12-20 16:44:20','2023-12-20 16:44:20'),
(1249,'Certainli Realty Inc.','London','Middlesex County','certainli.ca','','','2023-12-20 16:44:20','2023-12-20 16:44:20'),
(1250,'Citybroker Real Estate Ltd.','London','Middlesex County','','','Warren Emery John','2023-12-20 16:44:20','2023-12-20 16:44:20'),
(1251,'Corland Realty Inc.','London','Middlesex County','','','Richard P Brisco','2023-12-20 16:44:20','2023-12-20 16:44:20'),
(1252,'Di Lullo','London','Middlesex County','','','Angelo M. Di Lullo','2023-12-20 16:44:20','2023-12-20 16:44:20'),
(1253,'Diamond International Realty Inc.','London','Middlesex County','','','','2023-12-20 16:44:20','2023-12-20 16:44:20'),
(1254,'Dreamscape Realty Brokerage Inc.','London','Middlesex County','dsrbi.com','','Darrel Elver','2023-12-20 16:44:20','2023-12-20 16:44:20'),
(1255,'Dtz Barnicke London Windsor Sarnia Ltd','London','Middlesex County','cushwakeswo.com','','Brent Rudell','2023-12-20 16:44:20','2023-12-20 16:44:20'),
(1256,'Edward D Mitchell','London','Middlesex County','edmitchell.ca','','Edward D Mitchell','2023-12-20 16:44:20','2023-12-20 16:44:20'),
(1257,'Elite Choice Realty The Realty Firm Inc.','London','Middlesex County','','','Mark Edward Maynes','2023-12-20 16:44:20','2023-12-20 16:44:20'),
(1258,'Exp Realty Of Canada Inc','London','Middlesex County','exprealty.net','','','2023-12-20 16:44:20','2023-12-20 16:44:20'),
(1259,'Fivewalls Inc.','London','Middlesex County','fivewalls.com','','Mark A Laskey','2023-12-20 16:44:20','2023-12-20 16:44:20'),
(1260,'Forest Hill Real Estate Inc','London','Middlesex County','foresthilllondon.com','','','2023-12-20 16:44:20','2023-12-20 16:44:20'),
(1261,'General Realty Corp.','London','Middlesex County','myrealtyselect.com','','Joseph Manuel','2023-12-20 16:44:20','2023-12-20 16:44:20'),
(1262,'Gleed Inc.','London','Middlesex County','gleedcommercial.com','','Richard K. Gleed','2023-12-20 16:44:20','2023-12-20 16:44:20'),
(1263,'Glen Gordon Real Estate Ltd.','London','Middlesex County','glengordon.com','','Kenneth Glen Gordon','2023-12-20 16:44:20','2023-12-20 16:44:20'),
(1264,'Glenda James Real Estate Brokerage Inc.','London','Middlesex County','glendajames.com','','Glenda James','2023-12-20 16:44:20','2023-12-20 16:44:20'),
(1265,'Harry H. Tugender','London','Middlesex County','','','','2023-12-20 16:44:20','2023-12-20 16:44:20'),
(1266,'Homelife London Realty Inc.','London','Middlesex County','','','Jose A. Medeiros','2023-12-20 16:44:20','2023-12-20 16:44:20'),
(1267,'Homelife Total Care Realty Inc.','London','Middlesex County','totalcarerealty.ca','','','2023-12-20 16:44:20','2023-12-20 16:44:20'),
(1268,'Hometopreliance Ltd.','London','Middlesex County','','','Lihai Yu','2024-01-29 17:32:34','2023-12-20 16:44:20'),
(1269,'Housesigma Inc.','London','Middlesex County','housesigma.com','','','2023-12-20 16:44:20','2023-12-20 16:44:20'),
(1270,'Huntington Realty Services Ltd','London','Middlesex County','huntingtonrealty.com','','John Rennie Alguire','2023-12-20 16:44:20','2023-12-20 16:44:20'),
(1271,'Infinity Realty Inc.','London','Middlesex County','','','Anna Magdalena Dzwonczyk','2023-12-20 16:44:20','2023-12-20 16:44:20'),
(1272,'Initia Real Estate (ontario) Ltd.','London','Middlesex County','','','','2023-12-20 16:44:20','2023-12-20 16:44:20'),
(1273,'Investors Choice Realty Inc.','London','Middlesex County','','','Ajit Singh Aheer','2023-12-20 16:44:20','2023-12-20 16:44:20'),
(1274,'Ivy Wang Realty Inc.','London','Middlesex County','','','Yuhong Wang','2023-12-20 16:44:20','2023-12-20 16:44:20'),
(1275,'J.a.c.k. Realty Inc.','London','Middlesex County','colliers.com','','Christopher Leo Kirwin','2023-12-20 16:44:20','2023-12-20 16:44:20'),
(1276,'Jakupi Realty Inc.','London','Middlesex County','jakupirealty.com','','Medat Jakupi','2023-12-20 16:44:20','2023-12-20 16:44:20'),
(1277,'Janozeski Real Estate Inc.','London','Middlesex County','janozeskirealestate.ca','','Michael Paul Janozeski','2023-12-20 16:44:20','2023-12-20 16:44:20'),
(1278,'John Simmons Realty Services Ltd','London','Middlesex County','','','Laurence John Simmons','2024-01-31 12:11:50','2023-12-20 16:44:20'),
(1279,'K Rich Realty Inc.','London','Middlesex County','','','','2023-12-20 16:44:20','2023-12-20 16:44:20'),
(1280,'King Realty Inc.','London','Middlesex County','','','','2023-12-20 16:44:20','2023-12-20 16:44:20'),
(1281,'Km Real Estate Enterprises Inc.','London','Middlesex County','kmret.ca','','Michelle Marie Bondi','2023-12-20 16:44:20','2023-12-20 16:44:20'),
(1282,'Legendary Mmax Realty Inc.','London','Middlesex County','','','Madan Vasantha','2023-12-20 16:44:20','2023-12-20 16:44:20'),
(1283,'Leonard Edward Neilands','London','Middlesex County','','','','2023-12-20 16:44:20','2023-12-20 16:44:20'),
(1284,'Lewis O Lint','London','Middlesex County','','','Lewis O Lint','2023-12-20 16:44:20','2023-12-20 16:44:20'),
(1285,'Limelight Realty Inc.','London','Middlesex County','','','Ali Saadat','2023-12-20 16:44:20','2023-12-20 16:44:20'),
(1286,'Link 2 Realty Ltd.','London','Middlesex County','link2realty.ca','','Thomas Arthur P. Dampsy','2023-12-20 16:44:20','2023-12-20 16:44:20'),
(1287,'List299.com Realty Ltd.','London','Middlesex County','','','Edward Allen Rickwood','2023-12-20 16:44:20','2023-12-20 16:44:20'),
(1288,'London City Realty Corp.','London','Middlesex County','','','Paul Nicola Reale','2023-12-20 16:44:20','2023-12-20 16:44:20'),
(1289,'London Commercial Realty Inc.','London','Middlesex County','odegaard.ca','','Martin Odegaard','2023-12-20 16:44:20','2023-12-20 16:44:20'),
(1290,'London Lifestyles Realty Inc.','London','Middlesex County','kw.com','','Richard K Thyssen','2023-12-20 16:44:20','2023-12-20 16:44:20'),
(1291,'London Living Real Estate Ltd.','London','Middlesex County','','','Ainsley A Gordon','2024-01-31 12:11:50','2023-12-20 16:44:20'),
(1292,'London Power Realty Inc.','London','Middlesex County','powerre.net','','John Drew Johnson','2023-12-20 16:44:20','2023-12-20 16:44:20'),
(1293,'M.j. Ansari Real Estate Limited','London','Middlesex County','mjansari.com','','Mohammad J Ansari','2023-12-20 16:44:20','2023-12-20 16:44:20'),
(1294,'Maverick Real Estate Inc.','London','Middlesex County','maverickrealestateinc.com','','Craig Robert Hansford','2023-12-20 16:44:21','2023-12-20 16:44:21'),
(1295,'Mcnab Realty Services Ltd.','London','Middlesex County','ruthmcnab.com','','Ruth J. Mcnab','2023-12-20 16:44:21','2023-12-20 16:44:21'),
(1296,'Merex Realty Inc.','London','Middlesex County','','','Shahriar Amina','2023-12-20 16:44:21','2023-12-20 16:44:21'),
(1297,'Metrix Southwest Brokerage Inc.','London','Middlesex County','metrixrealty.com','','Daniel Julien Van Houtte','2023-12-20 16:44:21','2023-12-20 16:44:21'),
(1298,'Michael Staltari','London','Middlesex County','','','','2023-12-20 16:44:21','2023-12-20 16:44:21'),
(1299,'Mountain Realty Corp.','London','Middlesex County','','','Hans Arnoldt','2023-12-20 16:44:21','2023-12-20 16:44:21'),
(1300,'Next Home Realty Inc.','London','Middlesex County','','','Jelena Mitrovic-bacelj','2023-12-20 16:44:21','2023-12-20 16:44:21'),
(1301,'Nu-vista Premiere Realty Inc.','London','Middlesex County','','','Michael Bosveld','2024-01-31 12:11:50','2023-12-20 16:44:21'),
(1302,'Nu-vista Primeline Realty Inc.','London','Middlesex County','nuvistarealty.ca','','Anthony J Roach','2023-12-20 16:44:21','2023-12-20 16:44:21'),
(1303,'Oak And Key Real Estate Brokerage Inc.','London','Middlesex County','jacklane.ca','','Jack W Lane','2023-12-20 16:44:21','2023-12-20 16:44:21'),
(1304,'Oliver & Associates Armstrong Group Real Estate Brokerage Inc.','London','Middlesex County','','','Murray Armstrong','2024-01-31 12:11:50','2023-12-20 16:44:21'),
(1305,'Oliver & Associates Cornerstone Real Estate Brokerage Inc','London','Middlesex County','oliverproperties.ca','','Kimberly Michelle Toonk','2023-12-20 16:44:21','2023-12-20 16:44:21'),
(1306,'Oliver & Associates Jenn Spencer Real Estate Brokerage Inc.','London','Middlesex County','','','Jennifer Marie Spencer','2023-12-20 16:44:21','2023-12-20 16:44:21'),
(1307,'Oliver & Associates Katie White Real Estate Brokerage Inc.','London','Middlesex County','katiewhite.ca','','Katherine Eileen White','2023-12-20 16:44:21','2023-12-20 16:44:21'),
(1308,'Oliver & Associates Real Estate Brokerage Inc.','London','Middlesex County','','','Dennis C. Oliver','2023-12-20 16:44:21','2023-12-20 16:44:21'),
(1309,'Oliver & Associates Sarah Oliver Real Estate Brokerage Inc.','London','Middlesex County','','','Sarah Jessie Oliver','2023-12-20 16:44:21','2023-12-20 16:44:21'),
(1310,'One Percent Realty Ltd.','London','Middlesex County','onepercentrealty.com','','','2023-12-20 16:44:21','2023-12-20 16:44:21'),
(1311,'Oterra Group Ltd.','London','Middlesex County','oterragroup.com','','Jason Christopher Otto','2023-12-20 16:44:21','2023-12-20 16:44:21'),
(1312,'Pawlowski Realty Inc.','London','Middlesex County','newhomeexpert.com','','Lynn L. Pawlowski','2023-12-20 16:44:21','2023-12-20 16:44:21'),
(1313,'Pinheiro Realty Ltd','London','Middlesex County','pinheirorealty.ca','','Richard Sousa Pinheiro','2023-12-20 16:44:21','2023-12-20 16:44:21'),
(1314,'Pro/res Realty Inc','London','Middlesex County','','','Suzanne Elizabeth Fulop','2023-12-20 16:44:21','2023-12-20 16:44:21'),
(1315,'Purple Squirrel Realty Inc.','London','Middlesex County','teamps.ca','','Christopher Douglas Mavrikkou','2023-12-20 16:44:21','2023-12-20 16:44:21'),
(1316,'Queen Realty London Corp.','London','Middlesex County','queenrealty.ca','','James A Queen','2023-12-20 16:44:21','2023-12-20 16:44:21'),
(1317,'Raymond M Rochefort','London','Middlesex County','','','','2023-12-20 16:44:21','2023-12-20 16:44:21'),
(1318,'Re/max Advantage Realty Ltd.','London','Middlesex County','','','Gary G. Robinson','2024-01-31 12:11:50','2023-12-20 16:44:21'),
(1319,'Re/max Centre City Realty Inc','London','Middlesex County','remaxlondon.com','','Carl Edward Vandergoot','2023-12-20 16:44:21','2023-12-20 16:44:21'),
(1320,'Real Estate License Parking Inc.','London','Middlesex County','','','Barbara Meyer','2023-12-20 16:44:21','2023-12-20 16:44:21'),
(1321,'Realty 1 Strategic Ltd.','London','Middlesex County','','','Nadia Halunga-jorge','2023-12-20 16:44:21','2023-12-20 16:44:21'),
(1322,'Red Door Realty Ltd. Brokerage','London','Middlesex County','','','Dorothy-ann Foster','2023-12-20 16:44:21','2023-12-20 16:44:21'),
(1323,'Revel Realty Inc.','London','Middlesex County','revelrealty.ca','','','2023-12-20 16:44:21','2023-12-20 16:44:21'),
(1324,'Richart Realty Inc.','London','Middlesex County','','','Richard Albert Miller','2023-12-20 16:44:21','2023-12-20 16:44:21'),
(1325,'Rinehart Realty Inc.','London','Middlesex County','rinehartrealty.ca','','Charles Joseph Rinehart','2023-12-20 16:44:21','2023-12-20 16:44:21'),
(1326,'Royal Welcome Realty Inc.','London','Middlesex County','','','Marcus Anthony Olivastri','2023-12-20 16:44:21','2023-12-20 16:44:21'),
(1327,'Sam Singh Realty Inc.','London','Middlesex County','samsingh.ca','','Sanjeev Samuel Singh','2023-12-20 16:44:21','2023-12-20 16:44:21'),
(1328,'Sean Kramins Real Estate Brokerage','London','Middlesex County','','','Sean Scott Kramins','2023-12-20 16:44:21','2023-12-20 16:44:21'),
(1329,'Sean Scott Kramins','London','Middlesex County','','','','2023-12-20 16:44:21','2023-12-20 16:44:21'),
(1330,'Shmukler Realty Inc.','London','Middlesex County','michaelshmukler.com','','Michael Shmukler','2023-12-20 16:44:21','2023-12-20 16:44:21'),
(1331,'Shrine Realty Brokerage Ltd.','London','Middlesex County','','','Namrata Vishal Kothari','2023-12-20 16:44:21','2023-12-20 16:44:21'),
(1332,'Sirius Realty Inc.','London','Middlesex County','','','Roman Alexander Kachmarsky','2024-01-31 12:11:50','2023-12-20 16:44:21'),
(1333,'Streetcity Realty Inc.','London','Middlesex County','','','','2023-12-20 16:44:21','2023-12-20 16:44:21'),
(1334,'Stronghold Real Estate Inc','London','Middlesex County','strongholdinc.com','','Jason Daniel Parkinson','2023-12-20 16:44:21','2023-12-20 16:44:21'),
(1335,'Supermax Realty Inc.','London','Middlesex County','','','Gagandeep Singh','2023-12-20 16:44:21','2023-12-20 16:44:21'),
(1336,'Sutton Group - Hodgson Realty Inc.','London','Middlesex County','execulink.com','','Paula Wynn Hodgson','2023-12-20 16:44:21','2023-12-20 16:44:21'),
(1337,'Sutton Group - Select Realty Inc.','London','Middlesex County','sutton.com','','Dylan Michael Sworik','2023-12-20 16:44:21','2023-12-20 16:44:21'),
(1338,'Sutton Group Chapman Realty Inc.','London','Middlesex County','teamchapman.com','','Jeffrey J Chapman','2023-12-20 16:44:21','2023-12-20 16:44:21'),
(1339,'Sutton Group Pawlowski & Company Real Estate Brokerage Inc.','London','Middlesex County','newhomexpert.com','','Randy Dean Pawlowski','2023-12-20 16:44:21','2023-12-20 16:44:21'),
(1340,'Sutton Group Preferred Realty Inc.','London','Middlesex County','sgpref.ca','','','2023-12-20 16:44:21','2023-12-20 16:44:21'),
(1341,'Swo Realty Inc.','London','Middlesex County','sworealty.ca','','Rene Bouchard','2023-12-20 16:44:21','2023-12-20 16:44:21'),
(1342,'Team Glasser Real Estate Brokerage Inc.','London','Middlesex County','teamglasser.com','','Michael J. Glasser','2023-12-20 16:44:21','2023-12-20 16:44:21'),
(1343,'The Gunn Real Estate Group Inc.','London','Middlesex County','scottgunn.ca','','Robert Scott Gunn','2023-12-20 16:44:21','2023-12-20 16:44:21'),
(1344,'The Pelican Group Real Estate Services Inc.','London','Middlesex County','thepelicangroup.ca','','Gillian Margaret Fowler','2023-12-20 16:44:21','2023-12-20 16:44:21'),
(1345,'The Realty Firm Inc.','London','Middlesex County','therealtyfirm.ca','','Sandra Tavares','2023-12-20 16:44:21','2023-12-20 16:44:21'),
(1346,'The Realty Firm Prestige Brokerage Inc.','London','Middlesex County','makeitrains.ca','','Gregory Paul Rains','2023-12-20 16:44:21','2023-12-20 16:44:21'),
(1347,'Thrive Realty Group Inc.','London','Middlesex County','thriverealtygroup.ca','','','2023-12-20 16:44:21','2023-12-20 16:44:21'),
(1348,'Toptree Realty Inc.','London','Middlesex County','','','Jun Huang','2024-01-31 12:11:50','2023-12-20 16:44:21'),
(1349,'Tri Capital Realty Inc.','London','Middlesex County','tricaprealty.ca','','Summit Sud','2023-12-20 16:44:21','2023-12-20 16:44:21'),
(1350,'Triland Premier Brokerage Inc.','London','Middlesex County','purdyrealestate.ca','','William Scott Purdy','2023-12-20 16:44:21','2023-12-20 16:44:21'),
(1351,'Triland Realty Ltd.','London','Middlesex County','royallepage.ca','','Peter Douglas Meyer','2023-12-20 16:44:21','2023-12-20 16:44:21'),
(1352,'United Realty Services Inc.','London','Middlesex County','unitedrealtyservices.ca','','Carol Ann Richmond','2023-12-20 16:44:21','2023-12-20 16:44:21'),
(1353,'Van Bart Real Estate Brokerage Inc.','London','Middlesex County','vanbart.ca','','Brian Van Bart','2023-12-20 16:44:21','2023-12-20 16:44:21'),
(1354,'Virtue Realty Inc.','London','Middlesex County','virtuerealty.ca','','Heather Eileen Virtue','2023-12-20 16:44:21','2023-12-20 16:44:21'),
(1355,'Vision Network Real Estate Ltd.','London','Middlesex County','terryguest.com','','Terrence A Guest','2023-12-20 16:44:21','2023-12-20 16:44:21'),
(1356,'W. Bickley Real Estate Ltd.','London','Middlesex County','bickley.ca','','William Bickley','2023-12-20 16:44:21','2023-12-20 16:44:21'),
(1357,'Wah Homes Realty Inc.','London','Middlesex County','','','Riaz Akhtar','2023-12-20 16:44:21','2023-12-20 16:44:21'),
(1358,'Way Up Realty Inc.','London','Middlesex County','','','Jun Zhang','2023-12-20 16:44:21','2023-12-20 16:44:21'),
(1359,'Welcome Home Homes Inc.','London','Middlesex County','welcomehomehomes.ca','','Irwin I Zaifman','2023-12-20 16:44:21','2023-12-20 16:44:21'),
(1360,'Wellington Realty Group Incorporated','London','Middlesex County','lansink.ca','','Bernardus J. Lansink','2023-12-20 16:44:21','2023-12-20 16:44:21'),
(1361,'Zolo Realty (ontario) Inc.','London','Middlesex County','zolo.ca','','','2023-12-20 16:44:21','2023-12-20 16:44:21'),
(1362,'Zoocasa Realty Inc.','London','Middlesex County','zoocasa.com','','','2023-12-20 16:44:21','2023-12-20 16:44:21'),
(1363,'1881384 Ontario Inc.','Meaford','Grey County','royallepage.ca','','Douglas Robert Tunis','2023-12-20 16:49:36','2023-12-20 16:49:36'),
(1364,'Ara Real Estate Brokerage Ltd.','Meaford','Grey County','meafordgolf.com','','Ivan J. Alderdice','2023-12-20 16:49:36','2023-12-20 16:49:36'),
(1365,'Re/max Grey Bruce Realty Inc','Meaford','Grey County','remaxgreybruce.ca','','','2023-12-20 16:49:36','2023-12-20 16:49:36'),
(1366,'1000335997 Ontario Inc.','Milton','Halton Region','','','Wael Mohamed Elzarka','2023-12-20 16:49:40','2023-12-20 16:49:40'),
(1367,'Aaa Realty Inc.','Milton','Halton Region','aaarealty.ca','','','2023-12-20 16:49:40','2023-12-20 16:49:40'),
(1368,'Agentopia Inc.','Milton','Halton Region','minmaxx.com','','Naveed Mazhar','2023-12-20 16:49:40','2023-12-20 16:49:40'),
(1369,'Ali Siddiqui Realty Corporation','Milton','Halton Region','','','Ali Siddiqui','2023-12-20 16:49:40','2023-12-20 16:49:40'),
(1370,'Attia & Associates Inc.','Milton','Halton Region','myprorealtors.ca','','Andrew Attia','2023-12-20 16:49:40','2023-12-20 16:49:40'),
(1371,'Bahia Realty Group Inc.','Milton','Halton Region','thebahiateam.com','','Jaswinder Singh Bahia','2023-12-20 16:49:40','2023-12-20 16:49:40'),
(1372,'Blueprint Realty Inc.','Milton','Halton Region','','','Masoud Nasserie','2023-12-20 16:49:40','2023-12-20 16:49:40'),
(1373,'Bounce Brokerage Ltd.','Milton','Halton Region','bouncebrokerage.com','','Elissa Williamson','2023-12-20 16:49:40','2023-12-20 16:49:40'),
(1374,'Century 21 Green Realty Inc.','Milton','Halton Region','c21.ca','','','2023-12-20 16:49:40','2023-12-20 16:49:40'),
(1375,'Century 21 Heritage Group Ltd.','Milton','Halton Region','','','','2023-12-20 16:49:40','2023-12-20 16:49:40'),
(1376,'Century 21 Red Star Realty Inc.','Milton','Halton Region','niksharma.com','','','2023-12-20 16:49:40','2023-12-20 16:49:40'),
(1377,'Double Double Realty Inc.','Milton','Halton Region','','','Uthayasankar Thurairajah','2023-12-20 16:49:40','2023-12-20 16:49:40'),
(1378,'Forest Hill Real Estate Inc','Milton','Halton Region','foresthill.com','','','2023-12-20 16:49:40','2023-12-20 16:49:40'),
(1379,'Innovators Realty Inc.','Milton','Halton Region','','','Vanora Darlene Spreen','2023-12-20 16:49:40','2023-12-20 16:49:40'),
(1380,'Ipro Realty Ltd','Milton','Halton Region','iprorealty.com','','','2023-12-20 16:49:40','2023-12-20 16:49:40'),
(1381,'Kerr Realty Management Ltd.','Milton','Halton Region','','','Lorraine Anne Kerr','2023-12-20 16:49:40','2023-12-20 16:49:40'),
(1382,'King Realty Inc.','Milton','Halton Region','','','','2023-12-20 16:49:40','2023-12-20 16:49:40'),
(1383,'Listings Inc.','Milton','Halton Region','','','Omair Shahzad','2023-12-20 16:49:40','2023-12-20 16:49:40'),
(1384,'Mainstream Financial Group Inc.','Milton','Halton Region','','','Munib Siddiqui','2023-12-20 16:49:40','2023-12-20 16:49:40'),
(1385,'Meadowtowne Realty Inc.','Milton','Halton Region','royallepage.ca','','','2023-12-20 16:49:40','2023-12-20 16:49:40'),
(1386,'Meridian Sales & Appraisals Inc.','Milton','Halton Region','practice4sale.ca','','Danny Rustom','2023-12-20 16:49:40','2023-12-20 16:49:40'),
(1387,'Minmaxx Realty Inc.','Milton','Halton Region','minmaxx.com','','Azim Abbas Rizvee','2023-12-20 16:49:40','2023-12-20 16:49:40'),
(1388,'Prestige Real Estate Centre Inc.','Milton','Halton Region','prestigerealestate.ca','','Furqan Haider','2023-12-20 16:49:40','2023-12-20 16:49:40'),
(1389,'Proclient Brokers Inc.','Milton','Halton Region','proclient.ca','','Muhammad Alam Qureshi','2023-12-20 16:49:40','2023-12-20 16:49:40'),
(1390,'Re/max Real Estate Centre Inc.','Milton','Halton Region','remaxcentre.ca','','','2023-12-20 16:49:40','2023-12-20 16:49:40'),
(1391,'Revel Realty Inc.','Milton','Halton Region','revelrealty.ca','','','2023-12-20 16:49:40','2023-12-20 16:49:40'),
(1392,'Saigal Realty Inc.','Milton','Halton Region','saigalrealty.ca','','Swaleh Saigal','2023-12-20 16:49:40','2023-12-20 16:49:40'),
(1393,'Sam Mcdadi Real Estate Inc.','Milton','Halton Region','mcdadi.com','','Leonard Howell','2023-12-20 16:49:40','2023-12-20 16:49:40'),
(1394,'Sanghera Realty Inc.','Milton','Halton Region','','','Amarjit Kaur Sanghera','2024-01-29 17:31:35','2023-12-20 16:49:40'),
(1395,'Save Max Real Estate Inc.','Milton','Halton Region','savemax.ca','','','2023-12-20 16:49:40','2023-12-20 16:49:40'),
(1396,'Soldbig Realty Inc.','Milton','Halton Region','soldbigrealty.com','','','2023-12-20 16:49:40','2023-12-20 16:49:40'),
(1397,'Tango Realty Inc.','Milton','Halton Region','','','Alberta R.m. Malic','2024-01-31 12:27:23','2023-12-20 16:49:40'),
(1398,'The Olive Tree Realty Inc. Brokerage','Milton','Halton Region','','','Hysen Kolimja','2023-12-20 16:49:40','2023-12-20 16:49:40'),
(1399,'Tom Snow Realty Inc.','Milton','Halton Region','tomsnow.ca','','Thomas William Snow','2023-12-20 16:49:40','2023-12-20 16:49:40'),
(1400,'Town Or Country Real Estate (halton) Ltd.','Milton','Halton Region','townorcountry.ca','','Dennis Charles Horton','2023-12-20 16:49:40','2023-12-20 16:49:40'),
(1401,'Tristan Scott Real Estate Brokerage Inc.','Milton','Halton Region','','','Tristan Damian Scott','2023-12-20 16:49:40','2023-12-20 16:49:40'),
(1402,'Victor Domingues Realty Inc.','Milton','Halton Region','','','Victor Nuno Domingues','2024-01-29 17:32:34','2023-12-20 16:49:40'),
(1403,'100 Acres Realty Inc.','Mississauga','Peel Region','100acres.ca','','Rajwinder Kaur Dhillon','2023-12-20 16:49:45','2023-12-20 16:49:45'),
(1404,'1000059635 Ontario Inc.','Mississauga','Peel Region','savemaxpioneer.com','','Ashutosh Kumar Pandey','2023-12-20 16:49:45','2023-12-20 16:49:45'),
(1405,'1000063733 Ontario Inc.','Mississauga','Peel Region','savemax.com','','Abhishek Grover','2023-12-20 16:49:45','2023-12-20 16:49:45'),
(1406,'1000085532 Ontario Inc.','Mississauga','Peel Region','rightathomerealty.com','','','2023-12-20 16:49:45','2023-12-20 16:49:45'),
(1407,'1000283979 Ontario Inc.','Mississauga','Peel Region','','','Tom Warren Zarecky','2023-12-20 16:49:45','2023-12-20 16:49:45'),
(1408,'1000363822 Ontario Inc.','Mississauga','Peel Region','','','Vikram Kondathasula','2023-12-20 16:49:45','2023-12-20 16:49:45'),
(1409,'10045047 Canada Inc.','Mississauga','Peel Region','mcnaughtrealestate.com','','Cory Mcnaught','2023-12-20 16:49:45','2023-12-20 16:49:45'),
(1410,'10441031 Canada Ltd.','Mississauga','Peel Region','iantorontorealestate.com','','Ian Jacob Rempel','2023-12-20 16:49:45','2023-12-20 16:49:45'),
(1411,'11390023 Canada Inc.','Mississauga','Peel Region','bluuglass.com','','Patrice Roy','2023-12-20 16:49:45','2023-12-20 16:49:45'),
(1412,'11550918 Canada Inc.','Mississauga','Peel Region','cosmorealty.ca','','','2023-12-20 16:49:45','2023-12-20 16:49:45'),
(1413,'1822693 Ontario Inc.','Mississauga','Peel Region','','','Praveen Mitera','2023-12-20 16:49:45','2023-12-20 16:49:45'),
(1414,'1965128 Ontario Inc.','Mississauga','Peel Region','zuminrealestate.ca','','Harminder Kaur Rai-pannu','2023-12-20 16:49:45','2023-12-20 16:49:45'),
(1415,'2 Percent Realty Inc.','Mississauga','Peel Region','2percentrealty.ca','','','2023-12-20 16:49:45','2023-12-20 16:49:45'),
(1416,'2282255 Ontario Inc.','Mississauga','Peel Region','laroseteam.com','','Marlene Marta Baur','2023-12-20 16:49:45','2023-12-20 16:49:45'),
(1417,'2468402 Ontario Inc.','Mississauga','Peel Region','cbsunrealty.com','','Gurcharan Singh Badial','2023-12-20 16:49:45','2023-12-20 16:49:45'),
(1418,'247 Realty Inc.','Mississauga','Peel Region','homelife247realty.com','','Punya Shahi','2023-12-20 16:49:45','2023-12-20 16:49:45'),
(1419,'2532686 Ontario Inc.','Mississauga','Peel Region','newerarealestate.ca','','John Martino','2023-12-20 16:49:45','2023-12-20 16:49:45'),
(1420,'2570924 Ontario Inc.','Mississauga','Peel Region','westonrp.com','','Kyle Charles Somerville','2023-12-20 16:49:45','2023-12-20 16:49:45'),
(1421,'2601373 Ontario Inc.','Mississauga','Peel Region','','','Rajan Vanaik','2023-12-20 16:49:45','2023-12-20 16:49:45'),
(1422,'2641504 Ontario Inc.','Mississauga','Peel Region','','','Asif Hussain','2023-12-20 16:49:45','2023-12-20 16:49:45'),
(1423,'2699521 Ontario Inc.','Mississauga','Peel Region','','','Jagdev Singh Sekhon','2023-12-20 16:49:45','2023-12-20 16:49:45'),
(1424,'2706375 Ontario Inc.','Mississauga','Peel Region','savemax.com','','Nitin Malik','2023-12-20 16:49:45','2023-12-20 16:49:45'),
(1425,'2723864 Ontario Inc.','Mississauga','Peel Region','','','Mohammed Mustafa Zia','2023-12-20 16:49:45','2023-12-20 16:49:45'),
(1426,'2779028 Ontario Inc.','Mississauga','Peel Region','','','Shakeel Alam','2023-12-20 16:49:45','2023-12-20 16:49:45'),
(1427,'2805467 Ontario Inc','Mississauga','Peel Region','','','Balraj Singh Cheema','2023-12-20 16:49:45','2023-12-20 16:49:45'),
(1428,'2810074 Ontario Inc.','Mississauga','Peel Region','','','Naveed Hussain','2023-12-20 16:49:45','2023-12-20 16:49:45'),
(1429,'2817660 Ontario Inc.','Mississauga','Peel Region','','','','2023-12-20 16:49:45','2023-12-20 16:49:45'),
(1430,'2825401 Ontario Inc.','Mississauga','Peel Region','ashtewary.com','','Ashok Tewary','2023-12-20 16:49:45','2023-12-20 16:49:45'),
(1431,'2837763 Ontario Inc.','Mississauga','Peel Region','remaxex.com','','Gurvinder Singh Dhillon','2023-12-20 16:49:45','2023-12-20 16:49:45'),
(1432,'2842451 Ontario Inc.','Mississauga','Peel Region','homeandbusinessrealty.ca','','Nazar Qusay Hameed','2023-12-20 16:49:46','2023-12-20 16:49:46'),
(1433,'5020992 Ontario Inc.','Mississauga','Peel Region','preconrealestate.ca','','Aman Kapoor','2023-12-20 16:49:46','2023-12-20 16:49:46'),
(1434,'6913148 Canada Inc','Mississauga','Peel Region','','','Alexandra Markova','2023-12-20 16:49:46','2023-12-20 16:49:46'),
(1435,'9837973 Canada Inc.','Mississauga','Peel Region','myinvestmentbrokers.com','','Michael Jawanda','2023-12-20 16:49:46','2023-12-20 16:49:46'),
(1436,'A R Business Brokers Inc.','Mississauga','Peel Region','aldrin.ca','','Aldrin Raphael Fernandes','2023-12-20 16:49:46','2023-12-20 16:49:46'),
(1437,'A Tous Real Estate Ltd. Brokerage','Mississauga','Peel Region','','','Mohamad Taghizadeh-toussi','2023-12-20 16:49:46','2023-12-20 16:49:46'),
(1438,'A.m.c. Real Estate Ltd.','Mississauga','Peel Region','','','Antonio Maggio','2024-01-31 12:11:50','2023-12-20 16:49:46'),
(1439,'Aaa Realty Inc.','Mississauga','Peel Region','aaarealty.ca','','Muhammad Javed','2023-12-20 16:49:46','2023-12-20 16:49:46'),
(1440,'Accorland Realty Inc.','Mississauga','Peel Region','realtyhighland.com','','Siqian Du','2023-12-20 16:49:46','2023-12-20 16:49:46'),
(1441,'Accsell Realty Inc.','Mississauga','Peel Region','accsell.com','','','2023-12-20 16:49:46','2023-12-20 16:49:46'),
(1442,'Ace Team Realty Inc','Mississauga','Peel Region','manojarora.com','','Manoj Kumar Arora','2023-12-20 16:49:46','2023-12-20 16:49:46'),
(1443,'Acres Real Estate Inc','Mississauga','Peel Region','acresrealestate.com','','Paramjit S. Sidhu','2023-12-20 16:49:46','2023-12-20 16:49:46'),
(1444,'Active Lifestyles Ltd.','Mississauga','Peel Region','','','James Claude Rathgeber','2023-12-20 16:49:46','2023-12-20 16:49:46'),
(1445,'Advisors Realty Corporation','Mississauga','Peel Region','advisors-realty.com','','Francis D\'atri-guiran','2023-12-20 16:49:46','2023-12-20 16:49:46'),
(1446,'Agent Pronto Canada Ltd.','Mississauga','Peel Region','','','Martin W Nash','2023-12-20 16:49:46','2023-12-20 16:49:46'),
(1447,'Aimhome Realty Inc.','Mississauga','Peel Region','aimhomerealty.ca','','','2023-12-20 16:49:46','2023-12-20 16:49:46'),
(1448,'Ak Empire Inc.','Mississauga','Peel Region','','','Amritpreet Kaur','2023-12-20 16:49:46','2023-12-20 16:49:46'),
(1449,'Alan Rozario','Mississauga','Peel Region','','','Alan Rozario','2023-12-20 16:49:46','2023-12-20 16:49:46'),
(1450,'Aleksic Realty Inc.','Mississauga','Peel Region','aleksicrealty.com','','George Aleksic','2023-12-20 16:49:46','2023-12-20 16:49:46'),
(1451,'Altex Realty Services Inc.','Mississauga','Peel Region','soldonaltex.ca','','Walter Azevedo','2023-12-20 16:49:46','2023-12-20 16:49:46'),
(1452,'Andrew Doroszko Real Estate Inc.','Mississauga','Peel Region','','','Andrew Doroszko','2023-12-20 16:49:46','2023-12-20 16:49:46'),
(1453,'Arista Real Estate Ltd','Mississauga','Peel Region','','','George K Kouretsos','2023-12-20 16:49:46','2023-12-20 16:49:46'),
(1454,'Arrow 1st Canadian Realty (ontario) Inc','Mississauga','Peel Region','','','Norman Nirbhai Singh Sidhu','2023-12-20 16:49:46','2023-12-20 16:49:46'),
(1455,'Asset Group Real Estate Inc.','Mississauga','Peel Region','assetgroup.ca','','Prabhdip Singh Rayat','2023-12-20 16:49:46','2023-12-20 16:49:46'),
(1456,'Associates Realty Solutions Inc.','Mississauga','Peel Region','','','','2023-12-20 16:49:46','2023-12-20 16:49:46'),
(1457,'Aston Gate Real Estate Brokerage Inc.','Mississauga','Peel Region','astongate.ca','','Aziz Abdin','2023-12-20 16:49:46','2023-12-20 16:49:46'),
(1458,'Avila Realty Group Inc.','Mississauga','Peel Region','','','','2023-12-20 16:49:46','2023-12-20 16:49:46'),
(1459,'Avison Young Commercial Real Estate Services Lp','Mississauga','Peel Region','avisonyoung.com','','','2023-12-20 16:49:46','2023-12-20 16:49:46'),
(1460,'Axxess Real Estate Ltd.','Mississauga','Peel Region','linx247.com','','Omer Forzley','2023-12-20 16:49:46','2023-12-20 16:49:46'),
(1461,'Ayy Realty Inc.','Mississauga','Peel Region','','','Tabatha Karleen Walter','2023-12-20 16:49:46','2023-12-20 16:49:46'),
(1462,'B. Grimes Real Estate Inc.','Mississauga','Peel Region','bgrimes.ca','','Benedict Timothy Grimes','2023-12-20 16:49:46','2023-12-20 16:49:46'),
(1463,'Bay & York Limited','Mississauga','Peel Region','bayyork.com','','Haider Bosch','2023-12-20 16:49:46','2023-12-20 16:49:46'),
(1464,'Bay Street Group Inc.','Mississauga','Peel Region','baystreetgroup.ca','','','2023-12-20 16:49:46','2023-12-20 16:49:46'),
(1465,'Beauleigh Realty Inc.','Mississauga','Peel Region','beauleigh.com','','Jean-francois Nault','2023-12-20 16:49:46','2023-12-20 16:49:46'),
(1466,'Bentallgreenoak (canada) Limited Partnership','Mississauga','Peel Region','','','','2023-12-20 16:49:46','2023-12-20 16:49:46'),
(1467,'Best Buy Realty Inc.','Mississauga','Peel Region','','','Muhammad Laeeque Ahmad','2023-12-20 16:49:46','2023-12-20 16:49:46'),
(1468,'Best Seller Realty Inc.','Mississauga','Peel Region','','','Surinder Ahuja','2023-12-20 16:49:46','2023-12-20 16:49:46'),
(1469,'Bhavsar Realty Inc.','Mississauga','Peel Region','teambhavsar.com','','Kalpana Naresh Bhavsar','2023-12-20 16:49:46','2023-12-20 16:49:46'),
(1470,'Bip Realty Inc.','Mississauga','Peel Region','biprealty.com','','Navjot Singh','2023-12-20 16:49:46','2023-12-20 16:49:46'),
(1471,'Birchwood Realty Services Inc.','Mississauga','Peel Region','','','Doris-ann Masnyk','2023-12-20 16:49:46','2023-12-20 16:49:46'),
(1472,'Blue Marble Realty Inc.','Mississauga','Peel Region','','','Mohammad Ammad Qureshi','2023-12-20 16:49:46','2023-12-20 16:49:46'),
(1473,'Bridge Realty Inc.','Mississauga','Peel Region','bridgerealty.ca','','Lakhwinder Singh Jhutty','2023-12-20 16:49:46','2023-12-20 16:49:46'),
(1474,'Broadview Realty Group Ltd.','Mississauga','Peel Region','','','Elizabeth C. Farnady','2024-01-31 12:11:50','2023-12-20 16:49:46'),
(1475,'B-zee Realty Inc.','Mississauga','Peel Region','','','Bruno Zaffino','2023-12-20 16:49:46','2023-12-20 16:49:46'),
(1476,'C. Ashley Realty Inc.','Mississauga','Peel Region','trebnet.com','','Andjelka Granic','2023-12-20 16:49:46','2023-12-20 16:49:46'),
(1477,'Canada 5000 Realty Inc.','Mississauga','Peel Region','','','Michael E Mcintosh','2024-01-31 12:11:15','2023-12-20 16:49:47'),
(1478,'Canhome Realty Inc.','Mississauga','Peel Region','','','Roger H. Lam','2023-12-20 16:49:47','2023-12-20 16:49:47'),
(1479,'Canlight Hall Realty Inc.','Mississauga','Peel Region','canlighthall.com','','Thomas J Long','2023-12-20 16:49:47','2023-12-20 16:49:47'),
(1480,'Cannar Commercial Inc.','Mississauga','Peel Region','cannarcommercial.ca','','Rizwan Waheed Chaudhry','2023-12-20 16:49:47','2023-12-20 16:49:47'),
(1481,'Casatank Realty Inc.','Mississauga','Peel Region','casatank.com','','Nitin Goomber','2023-12-20 16:49:47','2023-12-20 16:49:47'),
(1482,'Cbre Limited','Mississauga','Peel Region','cbre.com','','','2023-12-20 16:49:47','2023-12-20 16:49:47'),
(1483,'Central Capital Realty Inc.','Mississauga','Peel Region','','','Mahmut Muzaffer Kulluk','2023-12-20 16:49:47','2023-12-20 16:49:47'),
(1484,'Central Park Realty Inc.','Mississauga','Peel Region','','','Simon Lee Wkang Wong','2024-01-31 12:11:50','2023-12-20 16:49:47'),
(1485,'Centurion Real Estate Inc.','Mississauga','Peel Region','','','Sarbjit Singh Dhillon','2023-12-20 16:49:47','2023-12-20 16:49:47'),
(1486,'Century 21 - Leading Edge Realty Inc.','Mississauga','Peel Region','century21.ca','','','2023-12-20 16:49:47','2023-12-20 16:49:47'),
(1487,'Century 21 Associates Inc.','Mississauga','Peel Region','','','Michael Anthony Perretta','2024-01-31 12:27:23','2023-12-20 16:49:47'),
(1488,'Century 21 Best Sellers Ltd','Mississauga','Peel Region','century21.ca','','Tomislav Michael Marasovic','2023-12-20 16:49:47','2023-12-20 16:49:47'),
(1489,'Century 21 Green Realty Inc.','Mississauga','Peel Region','century21.ca','','Lakhvir S. Randhawa','2023-12-20 16:49:47','2023-12-20 16:49:47'),
(1490,'Century 21 Innovative Realty Inc.','Mississauga','Peel Region','century21.ca','','','2023-12-20 16:49:47','2023-12-20 16:49:47'),
(1491,'Century 21 Innovative Specialist Team Inc.','Mississauga','Peel Region','century21.ca','','Karim Suleiman','2023-12-20 16:49:47','2023-12-20 16:49:47'),
(1492,'Century 21 Kelleher Real Estate Inc.','Mississauga','Peel Region','century21.ca','','Grace M Kelleher','2023-12-20 16:49:47','2023-12-20 16:49:47'),
(1493,'Century 21 Legacy Ltd.','Mississauga','Peel Region','century21.ca','','Ravi Inder Singh Simak','2023-12-20 16:49:47','2023-12-20 16:49:47'),
(1494,'Century 21 Miller Real Estate Ltd.','Mississauga','Peel Region','century21.ca','','','2023-12-20 16:49:47','2023-12-20 16:49:47'),
(1495,'Century 21 People\'s Choice Realty Inc.','Mississauga','Peel Region','','','','2023-12-20 16:49:47','2023-12-20 16:49:47'),
(1496,'Century 21 Skylark Real Estate Ltd.','Mississauga','Peel Region','','','Manjit Singh Saggu','2023-12-20 16:49:47','2023-12-20 16:49:47'),
(1497,'Century 21 Smartway Realty Inc.','Mississauga','Peel Region','','','Amarjit Singh Hair','2023-12-20 16:49:47','2023-12-20 16:49:47'),
(1498,'Champs Real Estate Brokerage Inc.','Mississauga','Peel Region','','','Ramanpreet Singh Gill','2023-12-20 16:49:47','2023-12-20 16:49:47'),
(1499,'Choice Homes Realty Inc.','Mississauga','Peel Region','','','Tomy Kokkat','2023-12-20 16:49:47','2023-12-20 16:49:47'),
(1500,'Choice Realty Ltd.','Mississauga','Peel Region','','','Marcia Patrice Daley','2024-01-31 12:11:50','2023-12-20 16:49:47'),
(1501,'Chriton Company Inc.','Mississauga','Peel Region','chriton.com','','Antonio E Iafolla','2023-12-20 16:49:47','2023-12-20 16:49:47'),
(1502,'City Centre Real Estate Ltd.','Mississauga','Peel Region','','','Juan F. Santos','2023-12-20 16:49:47','2023-12-20 16:49:47'),
(1503,'City Heights Realty Inc.','Mississauga','Peel Region','cityheightsrealty.ca','','Jaswant Singh Rupal','2023-12-20 16:49:47','2023-12-20 16:49:47'),
(1504,'Citygate Realty Inc.','Mississauga','Peel Region','','','Mohammad Tahir Safi','2023-12-20 16:49:47','2023-12-20 16:49:47'),
(1505,'City-pro Realty Inc.','Mississauga','Peel Region','city-pro.net','','Tahir I Qureshi','2023-12-20 16:49:47','2023-12-20 16:49:47'),
(1506,'Cityscape Real Estate Ltd.','Mississauga','Peel Region','cityscapeone.com','','Neel Surendran','2023-12-20 16:49:47','2023-12-20 16:49:47'),
(1507,'Cityview Realty Inc.','Mississauga','Peel Region','','','Fouad Dib','2023-12-20 16:49:47','2023-12-20 16:49:47'),
(1508,'Cloud Realty Inc.','Mississauga','Peel Region','cloudrealty.ca','','Tony Olajide','2023-12-20 16:49:47','2023-12-20 16:49:47'),
(1509,'Cmax Realty Services Ltd','Mississauga','Peel Region','','','Narinder Kumar Chawla','2023-12-20 16:49:47','2023-12-20 16:49:47'),
(1510,'Cmi Real Estate Inc.','Mississauga','Peel Region','canadianre.ca','','Alan Jaskolka','2023-12-20 16:49:47','2023-12-20 16:49:47'),
(1511,'Colonnade Bridgeport Realty Inc.','Mississauga','Peel Region','colonnadebridgeport.ca','','','2023-12-20 16:49:47','2023-12-20 16:49:47'),
(1512,'Condosky Realty Inc.','Mississauga','Peel Region','condosky.com','','Bassam Sibai','2023-12-20 16:49:47','2023-12-20 16:49:47'),
(1513,'Connect Realty Inc.','Mississauga','Peel Region','royallepage.ca','','','2023-12-20 16:49:47','2023-12-20 16:49:47'),
(1514,'Coulas Real Estate Ltd.','Mississauga','Peel Region','','','Daniel P Coulas','2023-12-20 16:49:47','2023-12-20 16:49:47'),
(1515,'Cushman & Wakefield Ulc','Mississauga','Peel Region','cushwake.com','','','2023-12-20 16:49:47','2023-12-20 16:49:47'),
(1516,'Cybertek Realty Inc.','Mississauga','Peel Region','','','Abdul Khalik','2023-12-20 16:49:47','2023-12-20 16:49:47'),
(1517,'D.w. Gould Realty Advisors Inc.','Mississauga','Peel Region','dwgra.com','','Derek William Gould','2023-12-20 16:49:47','2023-12-20 16:49:47'),
(1518,'Dario Martins','Mississauga','Peel Region','','','Dario Martins','2023-12-20 16:49:47','2023-12-20 16:49:47'),
(1519,'De Kunin Realty Investments Ltd.','Mississauga','Peel Region','','','Serge De Kunin','2023-12-20 16:49:47','2023-12-20 16:49:47'),
(1520,'Diamond International Realty Inc.','Mississauga','Peel Region','','','Rahman Mohammed','2023-12-20 16:49:47','2023-12-20 16:49:47'),
(1521,'Discover Real Estate Inc.','Mississauga','Peel Region','','','Romaiya Zainab Ahmed','2023-12-20 16:49:47','2023-12-20 16:49:47'),
(1522,'Divine Realty Inc.','Mississauga','Peel Region','divineinc.ca','','Haris Mohammed Khan','2023-12-20 16:49:47','2023-12-20 16:49:47'),
(1523,'Done Deal Realty Inc.','Mississauga','Peel Region','amritthukral.com','','Amritpal Singh Thukral','2023-12-20 16:49:47','2023-12-20 16:49:47'),
(1524,'Dream Realty Brokerage Inc.','Mississauga','Peel Region','dream.ca','','','2023-12-20 16:49:47','2023-12-20 16:49:47'),
(1525,'Dreamcity Realty Inc.','Mississauga','Peel Region','','','Saravpreet Singh Minhas','2023-12-20 16:49:47','2023-12-20 16:49:47'),
(1526,'Dynamic Edge Realty Group Inc.','Mississauga','Peel Region','dynamicedgerealty.ca','','Sangeetpal Judge','2023-12-20 16:49:47','2023-12-20 16:49:47'),
(1527,'Earn Max Inc.','Mississauga','Peel Region','','','Manpreet Singh Kambo','2023-12-20 16:49:47','2023-12-20 16:49:47'),
(1528,'Eldorado Real Estate Ltd.','Mississauga','Peel Region','trebnet.com','','Helmut H. Gschoesser','2023-12-20 16:49:47','2023-12-20 16:49:47'),
(1529,'Elevate City Realty Inc.','Mississauga','Peel Region','','','Muhammad Umer Wahid','2023-12-20 16:49:47','2023-12-20 16:49:47'),
(1530,'Elite Homes Realty Inc.','Mississauga','Peel Region','','','Suhair M O Al Bashir','2023-12-20 16:49:47','2023-12-20 16:49:47'),
(1531,'Elite Realty T.w. Inc.','Mississauga','Peel Region','rlpelite.ca','','Vincenzo Tersigni','2023-12-20 16:49:47','2023-12-20 16:49:47'),
(1532,'Elixir Real Estate Inc.','Mississauga','Peel Region','elixirrealestate.ca','','','2023-12-20 16:49:47','2023-12-20 16:49:47'),
(1533,'Ellisdon Realty Inc.','Mississauga','Peel Region','ellisdon.com','','Natalie Rachel Roz','2023-12-20 16:49:47','2023-12-20 16:49:47'),
(1534,'Estate #1 Realty Services Inc. Brokerage','Mississauga','Peel Region','','','Rajiv Dhawan','2023-12-20 16:49:47','2023-12-20 16:49:47'),
(1535,'Everest Realty Ltd.','Mississauga','Peel Region','','','Madan Khatri Chhetri','2023-12-20 16:49:47','2023-12-20 16:49:47'),
(1536,'Executive Homes Realty Inc.','Mississauga','Peel Region','','','Mateen Mohammad','2023-12-20 16:49:47','2023-12-20 16:49:47'),
(1537,'Exp Realty Of Canada Inc','Mississauga','Peel Region','exprealty.net','','','2023-12-20 16:49:47','2023-12-20 16:49:47'),
(1538,'F. M. Sloan Realty Inc','Mississauga','Peel Region','styleconstruction.ca','','Frank Sloan','2023-12-20 16:49:47','2023-12-20 16:49:47'),
(1539,'Fabio Capobianco Real Estate Limited','Mississauga','Peel Region','','','','2024-01-31 12:11:50','2023-12-20 16:49:47'),
(1540,'Fair Deal Realty Inc.','Mississauga','Peel Region','','','Hardeep Kaur Pandher','2023-12-20 16:49:47','2023-12-20 16:49:47'),
(1541,'Falconbridge Realty Inc.','Mississauga','Peel Region','','','Awais Ahmed Surahyo','2023-12-20 16:49:47','2023-12-20 16:49:47'),
(1542,'First Class Realty Inc.','Mississauga','Peel Region','firstclassrealty.ca','','','2023-12-20 16:49:47','2023-12-20 16:49:47'),
(1543,'First Optimum Realty Inc.','Mississauga','Peel Region','homelifeoptimum.ca','','','2023-12-20 16:49:47','2023-12-20 16:49:47'),
(1544,'First Partner Commercial Realty Corporation','Mississauga','Peel Region','firstpartnerrealty.com','','Robert Gregory Mounsey','2023-12-20 16:49:47','2023-12-20 16:49:47'),
(1545,'Flower City Realty Inc.','Mississauga','Peel Region','','','','2023-12-20 16:49:48','2023-12-20 16:49:48'),
(1546,'Flower City Signature Realty Inc.','Mississauga','Peel Region','','','Manu Datta','2023-12-20 16:49:48','2023-12-20 16:49:48'),
(1547,'Forest Hill Real Estate Inc','Mississauga','Peel Region','leecarr.com','','','2023-12-20 16:49:48','2023-12-20 16:49:48'),
(1548,'Forestwood Real Estate Inc.','Mississauga','Peel Region','forestwood.ca','','','2023-12-20 16:49:48','2023-12-20 16:49:48'),
(1549,'Fortune Homes Realty Inc.','Mississauga','Peel Region','','','Lakhwinder Singh Luthera','2024-01-29 17:31:26','2023-12-20 16:49:48'),
(1550,'Fowler Realty Group Inc.','Mississauga','Peel Region','thefowlergroup.ca','','Ross Alex Fowler','2023-12-20 16:49:48','2023-12-20 16:49:48'),
(1551,'Fs Realty Centre Corporation','Mississauga','Peel Region','','','Filippo M Sbrocchi','2023-12-20 16:49:48','2023-12-20 16:49:48'),
(1552,'Galaxy Gate Corporation','Mississauga','Peel Region','galaxygate.ca','','Brindra Kainth','2023-12-20 16:49:48','2023-12-20 16:49:48'),
(1553,'Gam Realty Inc.','Mississauga','Peel Region','','','Qazi Monisul Bari','2023-12-20 16:49:48','2023-12-20 16:49:48'),
(1554,'Gce Commercial Realty Inc.','Mississauga','Peel Region','','','Edgar E K Kuthe','2024-01-31 12:11:15','2023-12-20 16:49:48'),
(1555,'Geo Realty Originators Limited','Mississauga','Peel Region','','','Wendy Jean Bowe','2023-12-20 16:49:48','2023-12-20 16:49:48'),
(1556,'Get Home Realty Inc.','Mississauga','Peel Region','','','Ananda Gajapath Pericherla','2023-12-20 16:49:48','2023-12-20 16:49:48'),
(1557,'Global West Realty Limited','Mississauga','Peel Region','','','Ansab Khalil Chaudhry','2023-12-20 16:49:48','2023-12-20 16:49:48'),
(1558,'Good News Real Estate Inc.','Mississauga','Peel Region','','','Gobind Odhermal Ganglani','2023-12-20 16:49:48','2023-12-20 16:49:48'),
(1559,'Grace Canada Realty Inc.','Mississauga','Peel Region','gracerealty.ca','','','2023-12-20 16:49:48','2023-12-20 16:49:48'),
(1560,'Gta Realty Point Inc.','Mississauga','Peel Region','','','Shahid Nazir Mian','2023-12-20 16:49:48','2023-12-20 16:49:48'),
(1561,'Guglu Homes Inc.','Mississauga','Peel Region','guglu.ca','','Gurpreet Singh Mundi','2023-12-20 16:49:48','2023-12-20 16:49:48'),
(1562,'Gwl Realty Advisors Inc.','Mississauga','Peel Region','gwlra.com','','','2023-12-20 16:49:48','2023-12-20 16:49:48'),
(1563,'Hartland Realty Inc.','Mississauga','Peel Region','trebnet.com','','Joseph Schirripa','2023-12-20 16:49:48','2023-12-20 16:49:48'),
(1564,'Hdt Realty Corporation','Mississauga','Peel Region','turkcorporations.com','','Heather Dawn Turk','2023-12-20 16:49:48','2023-12-20 16:49:48'),
(1565,'Hirani Realty Inc.','Mississauga','Peel Region','','','Nazeeneih Hirani','2023-12-20 16:49:48','2023-12-20 16:49:48'),
(1566,'Hodgins Realty Group Inc','Mississauga','Peel Region','jameshodgins.com','','James S. Hodgins','2023-12-20 16:49:48','2023-12-20 16:49:48'),
(1567,'Home Realty Quest Corporation','Mississauga','Peel Region','','','Marco Simone','2023-12-20 16:49:48','2023-12-20 16:49:48'),
(1568,'Home Team Realty Inc.','Mississauga','Peel Region','hometeamrealty.ca','','Neelam Vasdani','2023-12-20 16:49:48','2023-12-20 16:49:48'),
(1569,'Home To Home Realty Inc.','Mississauga','Peel Region','','','','2024-01-31 12:11:50','2023-12-20 16:49:48'),
(1570,'Home Vision Real Estate Inc. Brokerage','Mississauga','Peel Region','','','Harpreet Bhatti','2023-12-20 16:49:48','2023-12-20 16:49:48'),
(1571,'Homelife Hearts Realty Inc.','Mississauga','Peel Region','','','Jane Villanueva Saquian','2023-12-20 16:49:48','2023-12-20 16:49:48'),
(1572,'Homelife Miracle Realty Ltd.','Mississauga','Peel Region','homelifemiracle.com','','','2023-12-20 16:49:48','2023-12-20 16:49:48'),
(1573,'Homelife Paradise Realty Inc.','Mississauga','Peel Region','','','Pardeep Sehgal','2023-12-20 16:49:48','2023-12-20 16:49:48'),
(1574,'Homelife Real Estate Centre Inc.','Mississauga','Peel Region','','','Rajinder Singh Kalsi','2023-12-20 16:49:48','2023-12-20 16:49:48'),
(1575,'Homelife Silvercity Realty Inc.','Mississauga','Peel Region','hlsilvercity.com','','','2023-12-20 16:49:48','2023-12-20 16:49:48'),
(1576,'Homelife/response Realty Inc.','Mississauga','Peel Region','homeliferesponse.com','','Anthony D\'ambrosio','2023-12-20 16:49:48','2023-12-20 16:49:48'),
(1577,'Homemarket Realty Inc.','Mississauga','Peel Region','trebnet.com','','Christian Lepsa','2023-12-20 16:49:48','2023-12-20 16:49:48'),
(1578,'Hometario Real Estate Ltd','Mississauga','Peel Region','','','Tadeusz Janicki','2023-12-20 16:49:48','2023-12-20 16:49:48'),
(1579,'Homzz Real Estate Inc.','Mississauga','Peel Region','','','Tarique Kasim','2023-12-20 16:49:48','2023-12-20 16:49:48'),
(1580,'Houseeo Realty Inc.','Mississauga','Peel Region','houseeo.com','','Gurpreet Singh Bedi','2023-12-20 16:49:48','2023-12-20 16:49:48'),
(1581,'Househub Realty Inc.','Mississauga','Peel Region','','','Lavanya Senthuran','2023-12-20 16:49:48','2023-12-20 16:49:48'),
(1582,'Hussnain Team P.r.e. Corporation','Mississauga','Peel Region','','','Hussnain Hameed','2023-12-20 16:49:48','2023-12-20 16:49:48'),
(1583,'Hyman Realty Inc.','Mississauga','Peel Region','hymanrealty.com','','Sharon Hyman','2023-12-20 16:49:48','2023-12-20 16:49:48'),
(1584,'Ici Source Real Asset Services Inc.','Mississauga','Peel Region','icisource.ca','','James Robert Tasca','2023-12-20 16:49:48','2023-12-20 16:49:48'),
(1585,'Ideal Homes Realty Inc.','Mississauga','Peel Region','','','Ejaz Hussain Sial','2023-12-20 16:49:48','2023-12-20 16:49:48'),
(1586,'Idream Realty Inc.','Mississauga','Peel Region','','','','2023-12-20 16:49:48','2023-12-20 16:49:48'),
(1587,'Ifzal Mehdi Bhatti','Mississauga','Peel Region','','','Ifzal Mehdi Bhatti','2023-12-20 16:49:48','2023-12-20 16:49:48'),
(1588,'Ignite Realty Inc.','Mississauga','Peel Region','igniterealty.ca','','','2023-12-20 16:49:48','2023-12-20 16:49:48'),
(1589,'Im Realty Service Inc.','Mississauga','Peel Region','','','Ivor Francis Mendes','2024-01-31 12:11:50','2023-12-20 16:49:48'),
(1590,'In2ition Inc.','Mississauga','Peel Region','in2ition.ca','','Debbie Cosic','2023-12-20 16:49:48','2023-12-20 16:49:48'),
(1591,'Index Realty Brokerage Inc.','Mississauga','Peel Region','','','Hardeep Singh Sivia','2023-12-20 16:49:48','2023-12-20 16:49:48'),
(1592,'Indusite Realty Corporation','Mississauga','Peel Region','indusite.com','','Kenneth L Donnelly','2023-12-20 16:49:48','2023-12-20 16:49:48'),
(1593,'Induspace Realty Inc.','Mississauga','Peel Region','induspacerealty.com','','John Stephen Gilbert','2023-12-20 16:49:48','2023-12-20 16:49:48'),
(1594,'Intercity Realty Inc.','Mississauga','Peel Region','','','','2023-12-20 16:49:48','2023-12-20 16:49:48'),
(1595,'International Property Brokers Corp.','Mississauga','Peel Region','ipbrealty.com','','','2023-12-20 16:49:48','2023-12-20 16:49:48'),
(1596,'International Realty Firm Inc.','Mississauga','Peel Region','internationalrealtyfirm.com','','','2023-12-20 16:49:48','2023-12-20 16:49:48'),
(1597,'International Valuation Consultants Inc.','Mississauga','Peel Region','intval.com','','Antonin Sevelka','2023-12-20 16:49:48','2023-12-20 16:49:48'),
(1598,'Investica Realty Professionals Corporation Inc.','Mississauga','Peel Region','','','Amir Muhammad','2023-12-20 16:49:48','2023-12-20 16:49:48'),
(1599,'Investive Inc.','Mississauga','Peel Region','','','Rubeel Khan','2023-12-20 16:49:48','2023-12-20 16:49:48'),
(1600,'Ipro Realty Ltd','Mississauga','Peel Region','iprorealty.com','','Fedele Colucci','2023-12-20 16:49:48','2023-12-20 16:49:48'),
(1601,'Iqi Global Real Estate Ltd','Mississauga','Peel Region','iqicanada.com','','','2023-12-20 16:49:48','2023-12-20 16:49:48'),
(1602,'Jelor Realty Inc.','Mississauga','Peel Region','','','Loris John Mogentale','2024-01-31 12:27:23','2023-12-20 16:49:49'),
(1603,'Jg Capital Realty Inc.','Mississauga','Peel Region','jgcapitalrealty.com','','Joseph Justin Giglio','2023-12-20 16:49:49','2023-12-20 16:49:49'),
(1604,'John Lafkas','Mississauga','Peel Region','','','John Lafkas','2024-01-31 12:11:50','2023-12-20 16:49:49'),
(1605,'John Cassan Realty Ltd','Mississauga','Peel Region','','','John S Cassan','2023-12-20 16:49:49','2023-12-20 16:49:49'),
(1606,'Jones Lang Lasalle Real Estate Services Inc.','Mississauga','Peel Region','jll.com','','','2023-12-20 16:49:49','2023-12-20 16:49:49'),
(1607,'Justin Alexander Elia','Mississauga','Peel Region','','','Justin Alexander Elia','2023-12-20 16:49:49','2023-12-20 16:49:49'),
(1608,'Kaps Realty Group Inc.','Mississauga','Peel Region','kapsrealtygroup.com','','Puja Aggarwal','2023-12-20 16:49:49','2023-12-20 16:49:49'),
(1609,'Khoulani Real Estate Group Inc.','Mississauga','Peel Region','khoulani.com','','','2023-12-20 16:49:49','2023-12-20 16:49:49'),
(1610,'Kids Future Realty Inc.','Mississauga','Peel Region','trebnet.com','','Yaping Ou','2023-12-20 16:49:49','2023-12-20 16:49:49'),
(1611,'King Realty Inc.','Mississauga','Peel Region','','','','2023-12-20 16:49:49','2023-12-20 16:49:49'),
(1612,'Kingsway Executive Realty Inc.','Mississauga','Peel Region','','','Parviz Mozaffari','2023-12-20 16:49:49','2023-12-20 16:49:49'),
(1613,'Kingsway Real Estate Inc.','Mississauga','Peel Region','kingswayrealestate.ca','','Akbar Zarehhossainabadi','2023-12-20 16:49:49','2023-12-20 16:49:49'),
(1614,'Kolt Realty Inc.','Mississauga','Peel Region','kolt.ca','','','2023-12-20 16:49:49','2023-12-20 16:49:49'),
(1615,'Land/max Realty Inc.','Mississauga','Peel Region','land-max.com','','Badreddine Ahmadoun','2023-12-20 16:49:49','2023-12-20 16:49:49'),
(1616,'Landmark Estates Realty Inc.','Mississauga','Peel Region','landmarkestates.ca','','Edward Michael Sourial','2023-12-20 16:49:49','2023-12-20 16:49:49'),
(1617,'Leads On Demand Inc.','Mississauga','Peel Region','leadsod.com','','Rong Rong Huang','2023-12-20 16:49:49','2023-12-20 16:49:49'),
(1618,'Lee & Associates Commercial Real Estate Inc.','Mississauga','Peel Region','lee-associates.com','','Daniel James Smith','2023-12-20 16:49:49','2023-12-20 16:49:49'),
(1619,'Leedway Realty Inc. Brokerage','Mississauga','Peel Region','leedwayrealty.com','','Sunil Chadha','2023-12-20 16:49:49','2023-12-20 16:49:49'),
(1620,'Lendable Inc.','Mississauga','Peel Region','royallepage.ca','','Suren Nathan','2023-12-20 16:49:49','2023-12-20 16:49:49'),
(1621,'Lennard Commercial Realty Ltd.','Mississauga','Peel Region','lennard.com','','','2023-12-20 16:49:49','2023-12-20 16:49:49'),
(1622,'Lifetime Realtors Inc.','Mississauga','Peel Region','','','Muhammad Adnan Alvi','2023-12-20 16:49:49','2023-12-20 16:49:49'),
(1623,'Living Realty Inc','Mississauga','Peel Region','livingrealty.com','','','2023-12-20 16:49:49','2023-12-20 16:49:49'),
(1624,'Lombard Group Real Estate Inc.','Mississauga','Peel Region','','','Keshav Goyal','2023-12-20 16:49:49','2023-12-20 16:49:49'),
(1625,'Loretta Phinney Inc.','Mississauga','Peel Region','phinneyrealestate.com','','Lillian Li Lyan Lem','2023-12-20 16:49:49','2023-12-20 16:49:49'),
(1626,'Louis Eugene Meandro','Mississauga','Peel Region','','','Louis Eugene Meandro','2023-12-20 16:49:49','2023-12-20 16:49:49'),
(1627,'M.r.s. Realty Inc.','Mississauga','Peel Region','','','Rahamat Shahabudeen Bacchus','2023-12-20 16:49:49','2023-12-20 16:49:49'),
(1628,'Maarzs Real Estate Inc.','Mississauga','Peel Region','','','Anis Ul Hasan','2023-12-20 16:49:49','2023-12-20 16:49:49'),
(1629,'Map Real Estate Services Inc','Mississauga','Peel Region','maprealestate.ca','','Jamshid Faiz','2023-12-20 16:49:49','2023-12-20 16:49:49'),
(1630,'Max Wright Real Estate Corporation','Mississauga','Peel Region','sothebysrealty.ca','','','2023-12-20 16:49:50','2023-12-20 16:49:50'),
(1631,'Maximize Realty Inc.','Mississauga','Peel Region','maximizerealty.ca','','Nisar Ahmad Butt','2023-12-20 16:49:50','2023-12-20 16:49:50'),
(1632,'Maxx Realty Group Inc.','Mississauga','Peel Region','maxxrealtygroup.com','','Syed Saif Ud Din Qidwai','2023-12-20 16:49:50','2023-12-20 16:49:50'),
(1633,'Meadowtowne Realty Inc.','Mississauga','Peel Region','royallepage.ca','','','2023-12-20 16:49:50','2023-12-20 16:49:50'),
(1634,'Metapro Realty Inc.','Mississauga','Peel Region','metaprorealty.ca','','','2023-12-20 16:49:50','2023-12-20 16:49:50'),
(1635,'Metro King Realty Inc.','Mississauga','Peel Region','','','','2023-12-20 16:49:50','2023-12-20 16:49:50'),
(1636,'Michael Strus Realty Inc.','Mississauga','Peel Region','strusgroup.com','','Peter Michael Strus','2023-12-20 16:49:50','2023-12-20 16:49:50'),
(1637,'Min Com Solutions Realty Inc','Mississauga','Peel Region','','','Marco Gregoris','2024-01-31 12:11:50','2023-12-20 16:49:50'),
(1638,'Mississaugaone Realty Inc.','Mississauga','Peel Region','','','Juan Maggie Tian','2023-12-20 16:49:50','2023-12-20 16:49:50'),
(1639,'Mizone Realty Inc.','Mississauga','Peel Region','mizone.ca','','Amir S Ali','2023-12-20 16:49:50','2023-12-20 16:49:50'),
(1640,'Modern Solution Realty Inc.','Mississauga','Peel Region','','','Rabia Azim','2023-12-20 16:49:50','2023-12-20 16:49:50'),
(1641,'Mohr Partners Inc.','Mississauga','Peel Region','mohrpartners.ca','','Lorne St.louis','2023-12-20 16:49:50','2023-12-20 16:49:50'),
(1642,'Morguard Investments Limited','Mississauga','Peel Region','morguard.com','','Todd Anthony Febbo','2023-12-20 16:49:50','2023-12-20 16:49:50'),
(1643,'Msierra Realty Group Inc.','Mississauga','Peel Region','','','Maria Isabel Sierra Tobon','2023-12-20 16:49:50','2023-12-20 16:49:50'),
(1644,'National Commercial Brokerage Real Estate Inc.','Mississauga','Peel Region','','','Erik Turski','2024-01-31 12:11:50','2023-12-20 16:49:50'),
(1645,'Nest And Castle Inc.','Mississauga','Peel Region','','','Khan Mohammad Sohel Rana','2023-12-20 16:49:50','2023-12-20 16:49:50'),
(1646,'Nestlocal Inc.','Mississauga','Peel Region','nestlocal.com','','','2023-12-20 16:49:50','2023-12-20 16:49:50'),
(1647,'New Concept Realty Ltd.','Mississauga','Peel Region','royallepage.ca','','','2023-12-20 16:49:50','2023-12-20 16:49:50'),
(1648,'New Ventures Realty Inc.','Mississauga','Peel Region','nvrgrouponline.com','','','2023-12-20 16:49:50','2023-12-20 16:49:50'),
(1649,'New World 2000 Realty Inc.','Mississauga','Peel Region','','','Gianpiero Di Palma','2023-12-20 16:49:50','2023-12-20 16:49:50'),
(1650,'Newgen Realty Experts Inc.','Mississauga','Peel Region','newgenrealtyexperts.ca','','Parwesh Kumar Sabharwal','2023-12-20 16:49:50','2023-12-20 16:49:50'),
(1651,'Nexus Realty Advisors Inc','Mississauga','Peel Region','','','Gordon Glavan','2023-12-20 16:49:50','2023-12-20 16:49:50'),
(1652,'Nu Stream Realty (toronto) Inc.','Mississauga','Peel Region','nustreamtoronto.com','','','2023-12-20 16:49:50','2023-12-20 16:49:50'),
(1653,'Nucorp Realty Ltd','Mississauga','Peel Region','nucorp.ca','','Anthony M Italiano','2023-12-20 16:49:50','2023-12-20 16:49:50'),
(1654,'Omaxe Real Estate Inc.','Mississauga','Peel Region','','','Mandeep Toor','2023-12-20 16:49:50','2023-12-20 16:49:50'),
(1655,'One Home Realty Inc.','Mississauga','Peel Region','','','David Dun Li','2023-12-20 16:49:50','2023-12-20 16:49:50'),
(1656,'Orion Platinum Realty Corp.','Mississauga','Peel Region','','','Milosov Lukaroski','2023-12-20 16:49:50','2023-12-20 16:49:50'),
(1657,'Orion Realty Corporation','Mississauga','Peel Region','','','','2024-01-31 12:11:50','2023-12-20 16:49:50'),
(1658,'Own It Realty Inc.','Mississauga','Peel Region','ownitrealty.vip','','','2023-12-20 16:49:50','2023-12-20 16:49:50'),
(1659,'Pace Realty Inc.','Mississauga','Peel Region','','','Rajiv Sadana','2024-01-29 17:31:26','2023-12-20 16:49:50'),
(1660,'Paradise Realty Corp.','Mississauga','Peel Region','','','Jonathan Joshua Pereira','2023-12-20 16:49:50','2023-12-20 16:49:50'),
(1661,'Parallel Realty Inc.','Mississauga','Peel Region','parallelrealty.com','','William Henry Henderson','2023-12-20 16:49:50','2023-12-20 16:49:50'),
(1662,'Paramount Real Estate Properties Inc.','Mississauga','Peel Region','','','Carmelo Salvatore Giannone','2024-01-31 12:27:23','2023-12-20 16:49:50'),
(1663,'Patricia Realty Team Management Inc.','Mississauga','Peel Region','','','Ping Cui','2023-12-20 16:49:50','2023-12-20 16:49:50'),
(1664,'Pay Per Service Realty Inc.','Mississauga','Peel Region','','','','2023-12-20 16:49:50','2023-12-20 16:49:50'),
(1665,'Pc Real Estate Inc.','Mississauga','Peel Region','','','Shahid Mubeen','2023-12-20 16:49:50','2023-12-20 16:49:50'),
(1666,'Peak Prime Realty Inc.','Mississauga','Peel Region','peakprimerealty.com','','Vardan Kotanjyan','2023-12-20 16:49:50','2023-12-20 16:49:50'),
(1667,'Pontis Realty Inc.','Mississauga','Peel Region','','','','2023-12-20 16:49:50','2023-12-20 16:49:50'),
(1668,'Prime One Realty Inc.','Mississauga','Peel Region','','','Aamir Jamil','2023-12-20 16:49:50','2023-12-20 16:49:50'),
(1669,'Prime Realty Specialists Inc.','Mississauga','Peel Region','primere.ca','','Baljinder Singh Baring','2023-12-20 16:49:51','2023-12-20 16:49:51'),
(1670,'Private Service Realty Ltd.','Mississauga','Peel Region','psrbrokerage.com','','','2023-12-20 16:49:51','2023-12-20 16:49:51'),
(1671,'Prodigy Realty Corporation','Mississauga','Peel Region','prodigy.ca','','Bryan Law','2023-12-20 16:49:51','2023-12-20 16:49:51'),
(1672,'Professional Practice Sales Ltd.','Mississauga','Peel Region','ppsales.com','','David Lind','2023-12-20 16:49:51','2023-12-20 16:49:51'),
(1673,'Property Plug Real Estate Inc.','Mississauga','Peel Region','','','Rajan Acharya','2023-12-20 16:49:51','2023-12-20 16:49:51'),
(1674,'Property.ca Inc.','Mississauga','Peel Region','property.ca','','','2023-12-20 16:49:51','2023-12-20 16:49:51'),
(1675,'Propertyfriendz Realty Inc. Brokerage','Mississauga','Peel Region','','','Khan Zaib','2023-12-20 16:49:51','2023-12-20 16:49:51'),
(1676,'Public Realty Inc.','Mississauga','Peel Region','','','Muhammad Musa','2023-12-20 16:49:51','2023-12-20 16:49:51'),
(1677,'Quadreal Property Group Limited Partnership','Mississauga','Peel Region','','','','2023-12-20 16:49:51','2023-12-20 16:49:51'),
(1678,'R J Chipkar Real Estate Ltd','Mississauga','Peel Region','','','Glenn Michael Chipkar','2023-12-20 16:49:51','2023-12-20 16:49:51'),
(1679,'Rainhard Realty Services Ltd','Mississauga','Peel Region','rainhardrealty.ca','','Kurt Edward Rainhard','2023-12-20 16:49:51','2023-12-20 16:49:51'),
(1680,'Ranex Realty Group Inc.','Mississauga','Peel Region','ranex.ca','','Nasim Jubran','2023-12-20 16:49:51','2023-12-20 16:49:51'),
(1681,'Rb4c Realty Inc.','Mississauga','Peel Region','money2close.com','','Michelle Lorain Bullmore','2023-12-20 16:49:51','2023-12-20 16:49:51'),
(1682,'Re/max Gold Realty Inc.','Mississauga','Peel Region','remaxgoldrealty.com','','','2023-12-20 16:49:51','2023-12-20 16:49:51'),
(1683,'Re/max Professionals Inc','Mississauga','Peel Region','donmarland.com','','','2023-12-20 16:49:51','2023-12-20 16:49:51'),
(1684,'Re/max Real Estate Centre Inc.','Mississauga','Peel Region','remaxcentre.ca','','','2023-12-20 16:49:51','2023-12-20 16:49:51'),
(1685,'Re/max Realty Enterprises Inc','Mississauga','Peel Region','ryangilmour.com','','','2023-12-20 16:49:51','2023-12-20 16:49:51'),
(1686,'Re/max Realty Services Inc','Mississauga','Peel Region','','','','2023-12-20 16:49:51','2023-12-20 16:49:51'),
(1687,'Re/max Realty Specialists Inc.','Mississauga','Peel Region','paulfletcher.ca','','','2023-12-20 16:49:51','2023-12-20 16:49:51'),
(1688,'Re/max Specialists Majeski Group Inc.','Mississauga','Peel Region','realestatelove.ca','','Michael Adam Majeski','2023-12-20 16:49:51','2023-12-20 16:49:51'),
(1689,'Real Estate Hut Realty Inc.','Mississauga','Peel Region','','','Gurdial Singh Mundi','2023-12-20 16:49:51','2023-12-20 16:49:51'),
(1690,'Real Estate Mogul Brokerage Inc.','Mississauga','Peel Region','realestatemogul.ca','','Gajanveer Singh Chahal','2023-12-20 16:49:51','2023-12-20 16:49:51'),
(1691,'Real Home Canada Realty Inc.','Mississauga','Peel Region','','','Xuejun Guo','2023-12-20 16:49:51','2023-12-20 16:49:51'),
(1692,'Real Real Estate Agency Ltd. Brokerage','Mississauga','Peel Region','realagency.ca','','Katie Golge Davidson','2023-12-20 16:49:51','2023-12-20 16:49:51'),
(1693,'Realbiz Realty Inc.','Mississauga','Peel Region','','','','2023-12-20 16:49:51','2023-12-20 16:49:51'),
(1694,'Realcap Realty Inc.','Mississauga','Peel Region','profinsys.ca','','Sanjiv Gupta','2023-12-20 16:49:51','2023-12-20 16:49:51'),
(1695,'Realty Executives Plus Ltd','Mississauga','Peel Region','realtyexecutivesregional.com','','Douglas S Gilmour','2023-12-20 16:49:51','2023-12-20 16:49:51'),
(1696,'Realty In Motion Inc.','Mississauga','Peel Region','realityinmotion.ca','','','2023-12-20 16:49:51','2023-12-20 16:49:51'),
(1697,'Realty Plus Ltd.','Mississauga','Peel Region','royallepage.ca','','','2023-12-20 16:49:51','2023-12-20 16:49:51'),
(1698,'Realty Pros Real Estate Inc.','Mississauga','Peel Region','realtypros.ca','','Tabish Wafa','2023-12-20 16:49:51','2023-12-20 16:49:51'),
(1699,'Rebest Realty Inc.','Mississauga','Peel Region','','','Munish Arora','2023-12-20 16:49:51','2023-12-20 16:49:51'),
(1700,'Red Leaf Real Estate Ltd.','Mississauga','Peel Region','redleafrealestate.ca','','Colin Decunha','2023-12-20 16:49:51','2023-12-20 16:49:51'),
(1701,'Red Maple Real Estate Ltd.','Mississauga','Peel Region','','','Rakesh Mahajan','2023-12-20 16:49:51','2023-12-20 16:49:51'),
(1702,'Regan Real Estate Inc.','Mississauga','Peel Region','reganteam.ca','','Rosalia Viviano','2023-12-20 16:49:51','2023-12-20 16:49:51'),
(1703,'Remic Realty Inc.','Mississauga','Peel Region','remiccorp.com','','Daniel Frank Corbin','2023-12-20 16:49:51','2023-12-20 16:49:51'),
(1704,'Renton Realty Inc.','Mississauga','Peel Region','','','Cameron Douglas Renton','2023-12-20 16:49:51','2023-12-20 16:49:51'),
(1705,'Repro Realty Inc.','Mississauga','Peel Region','','','Muhammad Ashraf','2023-12-20 16:49:51','2023-12-20 16:49:51'),
(1706,'Revel Realty Inc.','Mississauga','Peel Region','revelrealty.ca','','','2023-12-20 16:49:51','2023-12-20 16:49:51'),
(1707,'Rising Realty Inc.','Mississauga','Peel Region','','','Simmer Kaur','2024-01-29 17:32:34','2023-12-20 16:49:51'),
(1708,'Romulus Realty Inc.','Mississauga','Peel Region','mikeursini.com','','Michele Vito Ursini','2023-12-20 16:49:51','2023-12-20 16:49:51'),
(1709,'Royal Canadian Realty Brokers Inc.','Mississauga','Peel Region','royalcanadianrealty.com','','','2023-12-20 16:49:51','2023-12-20 16:49:51'),
(1710,'Royal Lepage Real Estate Services Ltd.','Mississauga','Peel Region','','','','2023-12-20 16:49:51','2023-12-20 16:49:51'),
(1711,'Royal Star Realty Inc','Mississauga','Peel Region','royalstarrealty.com','','','2023-12-20 16:49:51','2023-12-20 16:49:51'),
(1712,'Royale Realty Point Brokerage Inc.','Mississauga','Peel Region','jseeder.com','','Jasbir Seeder','2023-12-20 16:49:51','2023-12-20 16:49:51'),
(1713,'Rsd Realty Inc.','Mississauga','Peel Region','','','Sudeen Ron Persaud-doobay','2023-12-20 16:49:51','2023-12-20 16:49:51'),
(1714,'Sam Mcdadi Real Estate Inc.','Mississauga','Peel Region','mcdadi.com','','','2023-12-20 16:49:51','2023-12-20 16:49:51'),
(1715,'Sandhill Realty Inc.','Mississauga','Peel Region','','','Rose Marie Schirripa','2023-12-20 16:49:51','2023-12-20 16:49:51'),
(1716,'Sapphire Real Estate Inc.','Mississauga','Peel Region','teamsapphire.ca','','Mahesh Omprakash Khatri','2023-12-20 16:49:51','2023-12-20 16:49:51'),
(1717,'Save Max Elite Real Estate Inc.','Mississauga','Peel Region','savemax.com','','Balraj Puri','2023-12-20 16:49:51','2023-12-20 16:49:51'),
(1718,'Save Max First Choice Real Estate Inc.','Mississauga','Peel Region','savemax.com','','Lalit Kumar Bhatla','2023-12-20 16:49:51','2023-12-20 16:49:51'),
(1719,'Save Max Fortune Realty Inc.','Mississauga','Peel Region','savemaxfortune.ca','','James Webb','2023-12-20 16:49:51','2023-12-20 16:49:51'),
(1720,'Save Max Real Estate Inc.','Mississauga','Peel Region','savemax.com','','Raman Dua','2023-12-20 16:49:51','2023-12-20 16:49:51'),
(1721,'Save Max Supreme Real Estate Inc.','Mississauga','Peel Region','savemax.com','','Sachin Gupta','2023-12-20 16:49:51','2023-12-20 16:49:51'),
(1722,'Save More Real Estate Brokerage Inc.','Mississauga','Peel Region','','','Amanpreet Singh Sandhu','2023-12-20 16:49:51','2023-12-20 16:49:51'),
(1723,'Savoco Real Estate Ltd.','Mississauga','Peel Region','','','Shazia Ali','2023-12-20 16:49:52','2023-12-20 16:49:52'),
(1724,'Search Realty Corp.','Mississauga','Peel Region','searchrealty.ca','','','2023-12-20 16:49:52','2023-12-20 16:49:52'),
(1725,'Sfd Investments Inc.','Mississauga','Peel Region','busys.ca','','Frank Waszkun','2023-12-20 16:49:52','2023-12-20 16:49:52'),
(1726,'Shacole Brokerage Inc.','Mississauga','Peel Region','shacole.com','','Nicole P. Sutherland','2023-12-20 16:49:52','2023-12-20 16:49:52'),
(1727,'Shahid Khawaja Real Estate Inc.','Mississauga','Peel Region','shahid.ca','','Shahid Saleem Khawaja','2023-12-20 16:49:52','2023-12-20 16:49:52'),
(1728,'Sheridan Real Estate Brokerage Inc.','Mississauga','Peel Region','','','Dallas Smith','2024-01-31 12:11:50','2023-12-20 16:49:52'),
(1729,'Shoreline Realty Corp.','Mississauga','Peel Region','','','Dagmar Prugler','2023-12-20 16:49:52','2023-12-20 16:49:52'),
(1730,'Showcase Realty Mississauga Inc.','Mississauga','Peel Region','showcaserealtyinc.ca','','Derek Greber','2023-12-20 16:49:52','2023-12-20 16:49:52'),
(1731,'Signature Realty Inc.','Mississauga','Peel Region','royallepagesignature.com','','','2023-12-20 16:49:52','2023-12-20 16:49:52'),
(1732,'Signature Service Realty 2014 Inc.','Mississauga','Peel Region','ssbhg.ca','','Nelson Nunes Goulart','2023-12-20 16:49:52','2023-12-20 16:49:52'),
(1733,'Singh Brothers Realty Inc.','Mississauga','Peel Region','singhbrothers.ca','','Gurmeet Singh Pahwa','2023-12-20 16:49:52','2023-12-20 16:49:52'),
(1734,'Snobar Realty Group Inc.','Mississauga','Peel Region','snobar.ca','','Mohamed Snobar','2023-12-20 16:49:52','2023-12-20 16:49:52'),
(1735,'Soldbig Realty Inc.','Mississauga','Peel Region','soldbigrealty.com','','','2023-12-20 16:49:52','2023-12-20 16:49:52'),
(1736,'Spark Realty Inc.','Mississauga','Peel Region','sparkrealty.ca','','Sunil Lalit','2023-12-20 16:49:52','2023-12-20 16:49:52'),
(1737,'Spencer Group Inc. Realty Brokerage','Mississauga','Peel Region','spencergroup.ca','','Bogdan C Poprawski','2023-12-20 16:49:52','2023-12-20 16:49:52'),
(1738,'Stomp Realty Inc.','Mississauga','Peel Region','stomprealty.com','','Erica Mary Smith','2023-12-20 16:49:52','2023-12-20 16:49:52'),
(1739,'Strategic Realty Inc.','Mississauga','Peel Region','strategicpm.ca','','Robert Stephen Bellissimo','2023-12-20 16:49:52','2023-12-20 16:49:52'),
(1740,'Sts Commercial Realty Inc.','Mississauga','Peel Region','tonysandhu.com','','Iqbal S Sandhu','2023-12-20 16:49:52','2023-12-20 16:49:52'),
(1741,'Super Sold Realty Inc.','Mississauga','Peel Region','','','Samar Isahq Abou Seido','2023-12-20 16:49:52','2023-12-20 16:49:52'),
(1742,'Sutton Group - Summit Realty Inc.','Mississauga','Peel Region','suttonsummit.ca','','','2023-12-20 16:49:52','2023-12-20 16:49:52'),
(1743,'Sutton Group Elite Realty Inc.','Mississauga','Peel Region','sutton.com','','Victor Del Medico','2023-12-20 16:49:52','2023-12-20 16:49:52'),
(1744,'Sutton Group Quantum Realty Inc.','Mississauga','Peel Region','sutton.com','','','2023-12-20 16:49:52','2023-12-20 16:49:52'),
(1745,'Sutton Group Realty Systems Inc.','Mississauga','Peel Region','realtor.com','','Marija Semen','2023-12-20 16:49:52','2023-12-20 16:49:52'),
(1746,'Swat Realty Associates Inc.','Mississauga','Peel Region','homeandcondomarket.com','','Doris Violet Mcdonald','2023-12-20 16:49:52','2023-12-20 16:49:52'),
(1747,'Sweet Home Plus Realty Inc','Mississauga','Peel Region','','','James H.t. Lee','2023-12-20 16:49:52','2023-12-20 16:49:52'),
(1748,'Swift Group Realty Ltd.','Mississauga','Peel Region','swiftgrouprealty.ca','','Qamar Munir','2023-12-20 16:49:52','2023-12-20 16:49:52'),
(1749,'Tabani Real Estate Inc. Brokerage','Mississauga','Peel Region','tabani.ca','','Muhammad Saad Saleem','2023-12-20 16:49:52','2023-12-20 16:49:52'),
(1750,'Tamarack Real Estate Corporation','Mississauga','Peel Region','tamarackrealestate.ca','','Justin Dupas','2023-12-20 16:49:52','2023-12-20 16:49:52'),
(1751,'Team Alliance Realty Inc.','Mississauga','Peel Region','redbuyers.com','','Sanjeev Bansal','2023-12-20 16:49:52','2023-12-20 16:49:52'),
(1752,'Team Arora Realty Inc.','Mississauga','Peel Region','teamarora.com','','Parveen Arora','2023-12-20 16:49:52','2023-12-20 16:49:52'),
(1753,'Team Home Realty Inc.','Mississauga','Peel Region','teamhomerealty.com','','Rajneesh Kumar Verma','2023-12-20 16:49:52','2023-12-20 16:49:52'),
(1754,'Team Realty Delta Inc.','Mississauga','Peel Region','','','Ravinder Kumar Muradia','2023-12-20 16:49:52','2023-12-20 16:49:52'),
(1755,'Terrequity Realty Inc','Mississauga','Peel Region','terrequity.com','','','2023-12-20 16:49:52','2023-12-20 16:49:52'),
(1756,'Tfn Platinum Realty Inc.','Mississauga','Peel Region','tfnplatinumrealty.com','','Devashish Sagar','2023-12-20 16:49:52','2023-12-20 16:49:52'),
(1757,'The Canadian Home Realty Inc.','Mississauga','Peel Region','','','Manoj Karatha','2023-12-20 16:49:52','2023-12-20 16:49:52'),
(1758,'The Key Market Inc.','Mississauga','Peel Region','thekeymarket.com','','Wei-chang Yen','2023-12-20 16:49:52','2023-12-20 16:49:52'),
(1759,'The Realty Division Inc.','Mississauga','Peel Region','','','Sukraj Singh Samra','2023-12-20 16:49:52','2023-12-20 16:49:52'),
(1760,'Thomas Mathews Real Estate Ltd.','Mississauga','Peel Region','tmreltd.com','','Thomas Mathews','2023-12-20 16:49:52','2023-12-20 16:49:52'),
(1761,'Tier Three Brokerage Ltd.','Mississauga','Peel Region','henryschein.ca','','Sandip Sharma','2023-12-20 16:49:52','2023-12-20 16:49:52'),
(1762,'Titanium Realty Inc.','Mississauga','Peel Region','','','Maria Christina Jacso','2023-12-20 16:49:52','2023-12-20 16:49:52'),
(1763,'Tommy Tai Real Estate Ltd.','Mississauga','Peel Region','tommytai.com','','Thomas P. Tai','2023-12-20 16:49:52','2023-12-20 16:49:52'),
(1764,'Top Producers Real Estate Inc.','Mississauga','Peel Region','','','Juan Armand Ardila','2024-01-31 12:11:50','2023-12-20 16:49:52'),
(1765,'Top Stars Realty Ltd. Brokerage','Mississauga','Peel Region','','','Harpreet Kaur','2023-12-20 16:49:52','2023-12-20 16:49:52'),
(1766,'Transferease Relocation Inc.','Mississauga','Peel Region','transrelo.com','','Carolyn Willer','2023-12-20 16:49:52','2023-12-20 16:49:52'),
(1767,'Trimart Corporation','Mississauga','Peel Region','trimart.ca','','Wendi Lynn Keen','2023-12-20 16:49:52','2023-12-20 16:49:52'),
(1768,'Trimaxx Realty Ltd.','Mississauga','Peel Region','trimaxxrealty.ca','','Vikram Karwal','2023-12-20 16:49:52','2023-12-20 16:49:52'),
(1769,'Triple 7s Realty Inc. Brokerage','Mississauga','Peel Region','triple7srealty.com','','Borri Buyuni Jahazi','2023-12-20 16:49:52','2023-12-20 16:49:52'),
(1770,'U Relaks Realty Inc.','Mississauga','Peel Region','','','Akhtar Hussain','2023-12-20 16:49:52','2023-12-20 16:49:52'),
(1771,'Ub Realty Inc.','Mississauga','Peel Region','ubrealty.com','','Dinesh Jolly Deol','2023-12-20 16:49:52','2023-12-20 16:49:52'),
(1772,'Utopia Real Estate Inc.','Mississauga','Peel Region','utopiarealty.ca','','Ather R Rizvi','2023-12-20 16:49:52','2023-12-20 16:49:52'),
(1773,'Vascan Marketing International Corporation','Mississauga','Peel Region','','','Alex Vassallo','2023-12-20 16:49:52','2023-12-20 16:49:52'),
(1774,'Ventura Realty Inc','Mississauga','Peel Region','gmail.con','','Marco Anthony Ventola','2023-12-20 16:49:52','2023-12-20 16:49:52'),
(1775,'Via Realty Inc.','Mississauga','Peel Region','','','Waran Sitha Nathans','2023-12-20 16:49:52','2023-12-20 16:49:52'),
(1776,'Vkp Real Estate Ltd.','Mississauga','Peel Region','vkprealestate.ca','','Cassandra Pacitto','2023-12-20 16:49:53','2023-12-20 16:49:53'),
(1777,'Web Max Realty Inc.','Mississauga','Peel Region','webmaxrealty.ca','','','2023-12-20 16:49:53','2023-12-20 16:49:53'),
(1778,'West-100 Metro View Realty Ltd.','Mississauga','Peel Region','','','Simon Mahdessian','2024-01-31 12:11:50','2023-12-20 16:49:53'),
(1779,'Whitney & Company Realty Limited','Mississauga','Peel Region','whitneyre.com','','','2023-12-20 16:49:53','2023-12-20 16:49:53'),
(1780,'Winners Realty Inc.','Mississauga','Peel Region','','','Dennis Koon Cheung','2024-01-31 12:11:50','2023-12-20 16:49:53'),
(1781,'Wolf Realty Inc.','Mississauga','Peel Region','','','Adnan Hashmi','2023-12-20 16:49:53','2023-12-20 16:49:53'),
(1782,'World Class Realty Point Brokerage Inc.','Mississauga','Peel Region','','','','2023-12-20 16:49:53','2023-12-20 16:49:53'),
(1783,'Yes Realty Inc.','Mississauga','Peel Region','yesrealty.ca','','','2023-12-20 16:49:53','2023-12-20 16:49:53'),
(1784,'Your Gta Real Estate Inc.','Mississauga','Peel Region','','','Sushilkumar S Agrawal','2023-12-20 16:49:53','2023-12-20 16:49:53'),
(1785,'Zivasa Realty Inc.','Mississauga','Peel Region','zivasa.com','','Rajesh Kumar Khurana','2023-12-20 16:49:53','2023-12-20 16:49:53'),
(1786,'Zyngly Inc.','Mississauga','Peel Region','zyngly.com','','Ajay Singh Minhas','2023-12-20 16:49:53','2023-12-20 16:49:53'),
(1787,'Acceleration Realty Inc.','Napanee','','exitnapanee.ca','','Wade Edward George Mitchell','2023-12-20 16:55:51','2023-12-20 16:55:51'),
(1788,'Century 21-lanthorn Real Estate Ltd','Napanee','','c21.ca','','','2023-12-20 16:55:51','2023-12-20 16:55:51'),
(1789,'Mccaffrey Realty Inc.','Napanee','','themccaffreyteam.ca','','Shannon Frances Mccaffrey','2023-12-20 16:55:52','2023-12-20 16:55:52'),
(1790,'Re/max Finest Realty Inc.','Napanee','','','','','2023-12-20 16:55:52','2023-12-20 16:55:52'),
(1791,'Wagar And Myatt Limited','Napanee','','wagarmyatt.com','','Gregory P. Wagar','2023-12-20 16:55:52','2023-12-20 16:55:52'),
(1792,'Expansion Real Estate Inc.','New Tecumseth','Simcoe County','expansion-re.com','','Tonya E. Moore','2023-12-20 16:55:55','2023-12-20 16:55:55'),
(1793,'1000085532 Ontario Inc.','Newmarket','York Region','rightathomerealty.com','','','2023-12-20 16:55:55','2023-12-20 16:55:55'),
(1794,'2529122 Ontario Ltd.','Newmarket','York Region','remax.net','','Jennifer Allison Clements','2023-12-20 16:55:55','2023-12-20 16:55:55'),
(1795,'2797655 Ontario Inc.','Newmarket','York Region','gordongroup.net','','Elena Gordon','2023-12-20 16:55:55','2023-12-20 16:55:55'),
(1796,'A. W. Garbens Real Estate Inc.','Newmarket','York Region','trebnet.com','','Alphonse W Garbens','2023-12-20 16:55:55','2023-12-20 16:55:55'),
(1797,'Belfield Realty Limited','Newmarket','York Region','','','John Carlo Di Flaviano','2024-01-31 12:11:50','2023-12-20 16:55:55'),
(1798,'Canadian Realty Company Ltd.','Newmarket','York Region','trebnet.com','','','2023-12-20 16:55:55','2023-12-20 16:55:55'),
(1799,'Carlisle Real Estate Limited','Newmarket','York Region','','','Donald M Hill','2023-12-20 16:55:55','2023-12-20 16:55:55'),
(1800,'Century 21 Heritage Group Ltd.','Newmarket','York Region','century21.ca','','','2023-12-20 16:55:55','2023-12-20 16:55:55'),
(1801,'Century 21 St. Andrew\'s Realty Inc.','Newmarket','York Region','century21aurora.com','','William A Porteous','2023-12-20 16:55:55','2023-12-20 16:55:55'),
(1802,'Charles E Boyd Limited','Newmarket','York Region','','','Edward Allan Boyd','2023-12-20 16:55:55','2023-12-20 16:55:55'),
(1803,'Countrywide Maple Leaf Realty Inc.','Newmarket','York Region','trebnet.com','','Raffaele R Ruccella','2023-12-20 16:55:55','2023-12-20 16:55:55'),
(1804,'Crescendo Realty Inc.','Newmarket','York Region','crescendorealty.ca','','','2023-12-20 16:55:55','2023-12-20 16:55:55'),
(1805,'Davie Real Estate Inc.','Newmarket','York Region','','','Ronald Scott Davie','2024-01-31 12:27:23','2023-12-20 16:55:55'),
(1806,'Empire Realty Centres Inc.','Newmarket','York Region','kwrealtycentres.com','','','2023-12-20 16:55:55','2023-12-20 16:55:55'),
(1807,'Hodgson & Worts Realty Inc.','Newmarket','York Region','','','Edwin Blair Hodgson','2023-12-20 16:55:55','2023-12-20 16:55:55'),
(1808,'Home Buyer Reward Program Realty Inc.','Newmarket','York Region','homebuyerrewardprogram.com','','Helen A Moreland','2023-12-20 16:55:55','2023-12-20 16:55:55'),
(1809,'Jay Miller Real Estate Ltd.','Newmarket','York Region','jaymiller.ca','','Jason Charles Miller','2023-12-20 16:55:55','2023-12-20 16:55:55'),
(1810,'Jns Realty Corporation','Newmarket','York Region','','','James Francis Cummins','2023-12-20 16:55:55','2023-12-20 16:55:55'),
(1811,'Lander Realty Inc.','Newmarket','York Region','leelander.com','','Lee Lander','2023-12-20 16:55:55','2023-12-20 16:55:55'),
(1812,'Main Street Realty Ltd.','Newmarket','York Region','usa.net','','Michael J Cartwright','2023-12-20 16:55:55','2023-12-20 16:55:55'),
(1813,'Needler Realty Inc. Brokerage','Newmarket','York Region','','','Christopher Barry Needler','2023-12-20 16:55:55','2023-12-20 16:55:55'),
(1814,'Northstone Realty Inc.','Newmarket','York Region','','','Steven Reymund Legg','2024-01-31 12:11:50','2023-12-20 16:55:55'),
(1815,'Polsinello Group Realty Inc.','Newmarket','York Region','polsinello.ca','','','2023-12-20 16:55:55','2023-12-20 16:55:55'),
(1816,'Qin Real Estate Ltd.','Newmarket','York Region','','','Qin Dan','2023-12-20 16:55:55','2023-12-20 16:55:55'),
(1817,'Rcr Realty Inc.','Newmarket','York Region','royallepage.ca','','','2023-12-20 16:55:55','2023-12-20 16:55:55'),
(1818,'Re/max Hallmark York Group Realty Ltd.','Newmarket','York Region','remaxhallmark.com','','Barbara Brindle','2023-12-20 16:55:55','2023-12-20 16:55:55'),
(1819,'Re/max Realtron Realty Inc','Newmarket','York Region','','','','2023-12-20 16:55:55','2023-12-20 16:55:55'),
(1820,'Red Apple Real Estate Inc.','Newmarket','York Region','','','Elechia Kathleen Barry-sproule','2023-12-20 16:55:55','2023-12-20 16:55:55'),
(1821,'Seagram Real Estate Ltd','Newmarket','York Region','','','Edward Pollard Seagram','2023-12-20 16:55:55','2023-12-20 16:55:55'),
(1822,'The Faris Team Corp.','Newmarket','York Region','faristeam.ca','','','2023-12-20 16:55:55','2023-12-20 16:55:55'),
(1823,'The Real Estate Centre Inc.','Newmarket','York Region','wearetrec.com','','','2023-12-20 16:55:55','2023-12-20 16:55:55'),
(1824,'Xoocca Inc.','Newmarket','York Region','','','Neelofar Ahmadi','2024-01-29 17:32:34','2023-12-20 16:55:55'),
(1825,'11550918 Canada Inc.','Niagara Falls','Niagara S','','','Prabhjot Pruthi','2023-12-20 16:56:17','2023-12-20 16:56:17'),
(1826,'12784106 Canada Inc.','Niagara Falls','Niagara S','','','Rashid Latif Malik','2023-12-20 16:56:17','2023-12-20 16:56:17'),
(1827,'2562161 Ontario Limited','Niagara Falls','Niagara S','evrealestate.com','','Peter A Fischer','2023-12-20 16:56:17','2023-12-20 16:56:17'),
(1828,'2818301 Ontario Inc.','Niagara Falls','Niagara S','shakesrealty.com','','Everton Shakespeare','2023-12-20 16:56:17','2023-12-20 16:56:17'),
(1829,'Butera Group Realty Inc.','Niagara Falls','Niagara S','','','Angelo Butera','2023-12-20 16:56:17','2023-12-20 16:56:17'),
(1830,'Century 21 Today Realty Ltd','Niagara Falls','Niagara S','century21.ca','','','2023-12-20 16:56:17','2023-12-20 16:56:17'),
(1831,'Eleven Eleven Real Estate Services Inc.','Niagara Falls','Niagara S','1111realty.ca','','','2023-12-20 16:56:17','2023-12-20 16:56:17'),
(1832,'Exp Realty Of Canada Inc','Niagara Falls','Niagara S','exprealty.net','','Katherine Sara Milian','2023-12-20 16:56:17','2023-12-20 16:56:17'),
(1833,'Flynn Real Estate Inc.','Niagara Falls','Niagara S','flynnrealestateinc.com','','Jonathan Andrew Flynn','2023-12-20 16:56:17','2023-12-20 16:56:17'),
(1834,'Guglu Homes Inc.','Niagara Falls','Niagara S','guglu.ca','','','2023-12-20 16:56:17','2023-12-20 16:56:17'),
(1835,'Homelife Superstars Real Estate Limited','Niagara Falls','Niagara S','','','','2023-12-20 16:56:17','2023-12-20 16:56:17'),
(1836,'Infinity 8 Realty Inc.','Niagara Falls','Niagara S','infinity8realty.com','','William Wong','2023-12-20 16:56:17','2023-12-20 16:56:17'),
(1837,'King Realty Inc.','Niagara Falls','Niagara S','','','','2023-12-20 16:56:17','2023-12-20 16:56:17'),
(1838,'Masterson Realty Ltd.','Niagara Falls','Niagara S','','','Tim Masterson','2024-01-29 17:31:26','2023-12-20 16:56:17'),
(1839,'Momentum Realty Inc.','Niagara Falls','Niagara S','','','','2023-12-20 16:56:17','2023-12-20 16:56:17'),
(1840,'Nrc Realty Inc.','Niagara Falls','Niagara S','royallepage.ca','','','2023-12-20 16:56:17','2023-12-20 16:56:17'),
(1841,'Olympia Realty Incorporated','Niagara Falls','Niagara S','','','John Joseph Murad Bahdi','2023-12-20 16:56:17','2023-12-20 16:56:17'),
(1842,'Peak Group Realty Ltd.','Niagara Falls','Niagara S','peakgrouprealty.ca','','Matthew Vincent Fortino','2023-12-20 16:56:17','2023-12-20 16:56:17'),
(1843,'Re/max Escarpment Golfi Realty Inc.','Niagara Falls','Niagara S','rmxemail.com','','','2023-12-20 16:56:18','2023-12-20 16:56:18'),
(1844,'Re/max Niagara Realty Ltd.','Niagara Falls','Niagara S','rmxemail.com','','','2023-12-20 16:56:18','2023-12-20 16:56:18'),
(1845,'Revel Realty Inc.','Niagara Falls','Niagara S','revelrealty.ca','','','2023-12-20 16:56:18','2023-12-20 16:56:18'),
(1846,'Royal Oak Real Estate Ltd.','Niagara Falls','Niagara S','royaloakre.ca','','','2023-12-20 16:56:18','2023-12-20 16:56:18'),
(1847,'Royal Star Realty Inc','Niagara Falls','Niagara S','royalstarrealty.com','','','2023-12-20 16:56:18','2023-12-20 16:56:18'),
(1848,'Sticks & Bricks Realty Ltd.','Niagara Falls','Niagara S','','','James J. O\'neill','2023-12-20 16:56:18','2023-12-20 16:56:18'),
(1849,'T. Gordon Wyllie Real Estate Limited','Niagara Falls','Niagara S','','','Thomas G Wyllie','2023-12-20 16:56:18','2023-12-20 16:56:18'),
(1850,'Upper Canada Real Estate Company Ltd.','Niagara Falls','Niagara S','','','Douglas Arthur Snider','2023-12-20 16:56:18','2023-12-20 16:56:18'),
(1851,'Bosley Real Estate Ltd','Niagara-on-the-lake','Niagara N','bosleyrealestate.com','','','2023-12-20 16:56:44','2023-12-20 16:56:44'),
(1852,'Future Group Realty Services Ltd.','Niagara-on-the-lake','Niagara N','futuregroup.com','','','2023-12-20 16:56:44','2023-12-20 16:56:44'),
(1853,'Key Realty Connections Inc.','Niagara-on-the-lake','Niagara N','','','Bruno Caldarelli','2023-12-20 16:56:44','2023-12-20 16:56:44'),
(1854,'Max Wright Real Estate Corporation','Niagara-on-the-lake','Niagara N','sothebysrealty.ca','','','2023-12-20 16:56:44','2023-12-20 16:56:44'),
(1855,'Mcgarr Realty Corp.','Niagara-on-the-lake','Niagara N','mcgarrrealty.com','','','2023-12-20 16:56:44','2023-12-20 16:56:44'),
(1856,'Momentum Realty Inc.','Niagara-on-the-lake','Niagara N','coldwellbanker.ca','','','2023-12-20 16:56:44','2023-12-20 16:56:44'),
(1857,'Niagara-on-the-lake Realty (1994) Limited','Niagara-on-the-lake','Niagara N','notlrealty.com','','Christopher Robert S. Bowron','2023-12-20 16:56:44','2023-12-20 16:56:44'),
(1858,'Nrc Realty Inc.','Niagara-on-the-lake','Niagara N','royallepage.ca','','','2023-12-20 16:56:44','2023-12-20 16:56:44'),
(1859,'Revel Realty Inc.','Niagara-on-the-lake','Niagara N','revelrealty.ca','','','2023-12-20 16:56:44','2023-12-20 16:56:44'),
(1860,'Sutton Group-associates Realty Inc.','Niagara-on-the-lake','Niagara N','suttonassociates.ca','','','2023-12-20 16:56:44','2023-12-20 16:56:44'),
(1861,'2306024 Ontario Ltd.','North Bay','','royallepage.ca','','Susan Grace Symons','2023-12-20 16:56:45','2023-12-20 16:56:45'),
(1862,'Century 21 Blue Sky Region Realty Inc.','North Bay','','c21northbay.com','','Robert Jamieson','2023-12-20 16:56:46','2023-12-20 16:56:46'),
(1863,'Daniel Joseph Laferriere','North Bay','','','','Daniel Joseph Laferriere','2023-12-20 16:56:46','2023-12-20 16:56:46'),
(1864,'Mallette-goring (n.b.) Inc.','North Bay','','mgnb.ca','','Christian Gabriel Fortin','2023-12-20 16:56:48','2023-12-20 16:56:48'),
(1865,'Peter Minogue Real Estate Inc.','North Bay','','','','Bradley King Minogue','2023-12-20 16:56:48','2023-12-20 16:56:48'),
(1866,'Re/max Legend Real Estate Inc.','North Bay','','remaxnorthbay.com','','Natalie Renata Smit','2023-12-20 16:56:48','2023-12-20 16:56:48'),
(1867,'Realty Executives Local Group Inc.','North Bay','','localgroupnorthbay.ca','','Michael David Burman','2023-12-20 16:56:48','2023-12-20 16:56:48'),
(1868,'Robert Steele','North Bay','','robertsteele.com','','Robert Steele','2023-12-20 16:56:49','2023-12-20 16:56:49'),
(1869,'Sutton-choice Real Estate Inc.brokerage','North Bay','','','','Sandra Denise Thomson','2023-12-20 16:56:49','2023-12-20 16:56:49'),
(1870,'Victor Palangio Real Estate Ltd.','North Bay','','','','Victor J Palangio','2023-12-20 16:56:50','2023-12-20 16:56:50'),
(1871,'R E Wood Realty Limited','Norwich','Oxford County','royallepage.ca','','','2023-12-20 16:57:00','2023-12-20 16:57:00'),
(1872,'Triland Realty Ltd.','Norwich','Oxford County','royallepage.ca','','','2023-12-20 16:57:00','2023-12-20 16:57:00'),
(1873,'1000335630 Ontario Inc.','Oakville','Halton Region','','','Sarabjit Kaur','2023-12-20 16:57:01','2023-12-20 16:57:01'),
(1874,'1919832 Ontario Inc.','Oakville','Halton Region','kw.com','','','2023-12-20 16:57:01','2023-12-20 16:57:01'),
(1875,'1965128 Ontario Inc.','Oakville','Halton Region','zuminrealestate.ca','','','2023-12-20 16:57:01','2023-12-20 16:57:01'),
(1876,'2260079 Ontario Inc.','Oakville','Halton Region','brianbell.ca','','Brian Bell','2023-12-20 16:57:01','2023-12-20 16:57:01'),
(1877,'2594744 Ontario Ltd.','Oakville','Halton Region','savemaxuniversal.ca','','Mohammad Adnan Shamsi','2023-12-20 16:57:01','2023-12-20 16:57:01'),
(1878,'2596845 Ontario Inc.','Oakville','Halton Region','evrealestate.com','','Scott Allan Russell','2023-12-20 16:57:01','2023-12-20 16:57:01'),
(1879,'2623526 Ontario Inc.','Oakville','Halton Region','mhannna.ca','','Mourad Rimon Hanna','2023-12-20 16:57:01','2023-12-20 16:57:01'),
(1880,'6h Realty Inc.','Oakville','Halton Region','6hrealty.ca','','Marina Movshovich','2023-12-20 16:57:01','2023-12-20 16:57:01'),
(1881,'8709394 Canada Inc.','Oakville','Halton Region','','','Samantha Pinto','2023-12-20 16:57:01','2023-12-20 16:57:01'),
(1882,'Akarat Group Inc.','Oakville','Halton Region','akarat.ca','','','2023-12-20 16:57:01','2023-12-20 16:57:01'),
(1883,'All Jam Fam Inc.','Oakville','Halton Region','markjensen.ca','','Mark William Arthur Jensen','2023-12-20 16:57:01','2023-12-20 16:57:01'),
(1884,'Apex Results Realty Inc.','Oakville','Halton Region','','','','2023-12-20 16:57:01','2023-12-20 16:57:01'),
(1885,'Associates Realty Solutions Inc.','Oakville','Halton Region','','','','2023-12-20 16:57:01','2023-12-20 16:57:01'),
(1886,'Azcom Commercial Real Estate Broker','Oakville','Halton Region','','','Genoveffa Azzopardi','2023-12-20 16:57:01','2023-12-20 16:57:01'),
(1887,'Bay Street Group Inc.','Oakville','Halton Region','baystreetgroup.ca','','','2023-12-20 16:57:01','2023-12-20 16:57:01'),
(1888,'Bollum Commercial Real Estate Brokerage Inc.','Oakville','Halton Region','bollumcommercial.com','','Thomas Anton Bollum','2023-12-20 16:57:01','2023-12-20 16:57:01'),
(1889,'Bradbury Estate Realty Inc.','Oakville','Halton Region','bradburyestaterealty.com','','Dianna Christina Bradbury','2023-12-20 16:57:01','2023-12-20 16:57:01'),
(1890,'Bradica Group Inc.','Oakville','Halton Region','davidbradica.com','','Vladimir David Bradica','2023-12-20 16:57:01','2023-12-20 16:57:01'),
(1891,'Bryson Hall Realty Brokerage Inc.','Oakville','Halton Region','','','Linda Bryson','2024-01-31 12:27:23','2023-12-20 16:57:01'),
(1892,'Canada Home Group Realty Inc.','Oakville','Halton Region','','','Gary Guolie Zhu','2023-12-20 16:57:01','2023-12-20 16:57:01'),
(1893,'Cayman Marshall International Realty Inc.','Oakville','Halton Region','caymanmarshall.com','','Claire Ellen Victoria Parkinson','2023-12-20 16:57:01','2023-12-20 16:57:01'),
(1894,'Cbre Limited','Oakville','Halton Region','cbre.com','','','2023-12-20 16:57:01','2023-12-20 16:57:01'),
(1895,'Centric Commercial Realty Inc.','Oakville','Halton Region','centricrealty.ca','','Andrew Stevenson','2023-12-20 16:57:01','2023-12-20 16:57:01'),
(1896,'Century 21 Miller Real Estate Ltd.','Oakville','Halton Region','century21.ca','','William O Miller','2023-12-20 16:57:01','2023-12-20 16:57:01'),
(1897,'Charissa Realty Inc.','Oakville','Halton Region','charissarealty.ca','','','2023-12-20 16:57:01','2023-12-20 16:57:01'),
(1898,'Chris Gordon Gardner','Oakville','Halton Region','','','','2023-12-20 16:57:01','2023-12-20 16:57:01'),
(1899,'Cityscape Real Estate Ltd.','Oakville','Halton Region','cityscapeone.com','','','2023-12-20 16:57:01','2023-12-20 16:57:01'),
(1900,'Clearstream Commercial Real Estate Ltd.','Oakville','Halton Region','clearstreamcre.com','','Gregory Gaudette','2023-12-20 16:57:01','2023-12-20 16:57:01'),
(1901,'Core Capital Realty Inc.','Oakville','Halton Region','','','Clara Carolina Pena','2023-12-20 16:57:01','2023-12-20 16:57:01'),
(1902,'Crimson Rose Real Estate Inc.','Oakville','Halton Region','crimsonrealty.ca','','Peyman Houshmand','2023-12-20 16:57:01','2023-12-20 16:57:01'),
(1903,'Cussen Commercial Realty Inc.','Oakville','Halton Region','','','Rashna Cussen','2023-12-20 16:57:01','2023-12-20 16:57:01'),
(1904,'Danmar Empire Real Estate Corp.','Oakville','Halton Region','danmarempire.com','','Majid Sheikhan','2023-12-20 16:57:01','2023-12-20 16:57:01'),
(1905,'D\'orsay & Company Inc.','Oakville','Halton Region','dorsayco.com','','Matthew Charles D\'orsay','2023-12-20 16:57:01','2023-12-20 16:57:01'),
(1906,'Dynasty Estates Realty Inc.','Oakville','Halton Region','dynastyestates.ca','','Moez Ahmed','2023-12-20 16:57:01','2023-12-20 16:57:01'),
(1907,'Eph & Associates Inc.','Oakville','Halton Region','','','Edward P Hou','2023-12-20 16:57:01','2023-12-20 16:57:01'),
(1908,'Estate Realty Ltd.','Oakville','Halton Region','estaterealty.ca','','','2023-12-20 16:57:01','2023-12-20 16:57:01'),
(1909,'Euro Star Realty Inc.','Oakville','Halton Region','','','Francesco Ronca','2023-12-20 16:57:01','2023-12-20 16:57:01'),
(1910,'Exclusively Buyers Inc.','Oakville','Halton Region','exclusivelybuyers.ca','','Michael Francis Walsh','2023-12-20 16:57:01','2023-12-20 16:57:01'),
(1911,'Exp Realty Of Canada Inc','Oakville','Halton Region','exprealty.net','','','2023-12-20 16:57:01','2023-12-20 16:57:01'),
(1912,'Fengate Real Estate Ltd','Oakville','Halton Region','fengate.com','','Scott James Caverley','2023-12-20 16:57:01','2023-12-20 16:57:01'),
(1913,'Fmv Capital Corp.','Oakville','Halton Region','fmvi.ca','','Darren Micael Miles','2023-12-20 16:57:01','2023-12-20 16:57:01'),
(1914,'Forest Hill Real Estate Inc','Oakville','Halton Region','foresthilloakville.com','','','2023-12-20 16:57:01','2023-12-20 16:57:01'),
(1915,'Four Seasons Real Estate Ltd.','Oakville','Halton Region','','','Renata Gilbertson','2023-12-20 16:57:01','2023-12-20 16:57:01'),
(1916,'Fred Schafer Real Estate Ltd','Oakville','Halton Region','','','Winfried Schafer','2023-12-20 16:57:01','2023-12-20 16:57:01'),
(1917,'Home & Capital Realty Inc.','Oakville','Halton Region','homecapitalrealty.ca','','Man Yao','2023-12-20 16:57:01','2023-12-20 16:57:01'),
(1918,'Homelife Landmark Realty Inc.','Oakville','Halton Region','homelifelandmark.com','','','2023-12-20 16:57:01','2023-12-20 16:57:01'),
(1919,'Hrg Realty Limited','Oakville','Halton Region','heathwood.com','','Rene Grawey','2023-12-20 16:57:01','2023-12-20 16:57:01'),
(1920,'Infinity Realty Group Inc.','Oakville','Halton Region','cheryllansiquot.ca','','Cheryl Jacqueline Lansiquot','2023-12-20 16:57:01','2023-12-20 16:57:01'),
(1921,'Inhous Real Estate Inc.','Oakville','Halton Region','','','Baldesh Kaur Sarai','2023-12-20 16:57:01','2023-12-20 16:57:01'),
(1922,'Integrity Real Estate Inc','Oakville','Halton Region','cbci.ca','','William John Dejong','2023-12-20 16:57:01','2023-12-20 16:57:01'),
(1923,'Interras Realty Inc','Oakville','Halton Region','interras.ca','','Renate H. Weidner','2023-12-20 16:57:01','2023-12-20 16:57:01'),
(1924,'Intraland Realty Ltd.','Oakville','Halton Region','','','Mary Meze','2024-01-31 12:27:23','2023-12-20 16:57:01'),
(1925,'Irep Realty Inc.','Oakville','Halton Region','ireprealty.com','','','2023-12-20 16:57:01','2023-12-20 16:57:01'),
(1926,'Jdl Realty Inc.','Oakville','Halton Region','jdlrealty.ca','','Ding Li','2023-12-20 16:57:01','2023-12-20 16:57:01'),
(1927,'Joseph R. Scarfone Realty Inc.','Oakville','Halton Region','scarfonegroup.com','','Joseph Rocco Scarfone','2023-12-20 16:57:01','2023-12-20 16:57:01'),
(1928,'Kdsr Group Inc','Oakville','Halton Region','remaxhallmark.com','','','2023-12-20 16:57:01','2023-12-20 16:57:01'),
(1929,'Keystone Real Estate Services Ltd.','Oakville','Halton Region','manueldarosa.com','','Manuel Santos Da Rosa','2023-12-20 16:57:01','2023-12-20 16:57:01'),
(1930,'King Realty Inc.','Oakville','Halton Region','','','','2023-12-20 16:57:01','2023-12-20 16:57:01'),
(1931,'Listed For Less Inc.','Oakville','Halton Region','morganpage.co','','Timothy James Keenan','2023-12-20 16:57:01','2023-12-20 16:57:01'),
(1932,'Loretta Phinney Inc.','Oakville','Halton Region','phinneyrealestate.com','','','2023-12-20 16:57:01','2023-12-20 16:57:01'),
(1933,'M Commercial Realty Inc.','Oakville','Halton Region','mcommercialrealty.com','','Stephen Rudolph Peres','2023-12-20 16:57:01','2023-12-20 16:57:01'),
(1934,'Mabani Realty Inc.','Oakville','Halton Region','mabani.ca','','Naser Zarif Eshak Botrus','2023-12-20 16:57:01','2023-12-20 16:57:01'),
(1935,'Max Wright Real Estate Corporation','Oakville','Halton Region','sothebysrealty.ca','','','2023-12-20 16:57:01','2023-12-20 16:57:01'),
(1936,'Maybank Real Estate Ltd','Oakville','Halton Region','','','Rajesh Koli','2023-12-20 16:57:01','2023-12-20 16:57:01'),
(1937,'Mbc Brokerage Ltd.','Oakville','Halton Region','mbclegal.ca','','Patricia Thomson','2023-12-20 16:57:01','2023-12-20 16:57:01'),
(1938,'Mehome Realty (ontario) Inc.','Oakville','Halton Region','','','','2023-12-20 16:57:01','2023-12-20 16:57:01'),
(1939,'Metapro Realty Inc.','Oakville','Halton Region','metaprorealty.ca','','Amritpal Singh Kainth','2023-12-20 16:57:01','2023-12-20 16:57:01'),
(1940,'Montvest Realty Limited','Oakville','Halton Region','montvest.on.ca','','Hilary F Borner','2023-12-20 16:57:01','2023-12-20 16:57:01'),
(1941,'Moscarelli Realty Ltd.','Oakville','Halton Region','moscarellirealty.com','','Sandro E.f. Moscarelli','2023-12-20 16:57:01','2023-12-20 16:57:01'),
(1942,'My Canadian Home Realty Inc.','Oakville','Halton Region','','','Farrukh Karamat','2023-12-20 16:57:01','2023-12-20 16:57:01'),
(1943,'Nidea Realties Corporation','Oakville','Halton Region','nideapartners.com','','Bradley D. Goegan','2023-12-20 16:57:01','2023-12-20 16:57:01'),
(1944,'Omada Inc.','Oakville','Halton Region','omacainc.ca','','Alexander Christopher Jones','2023-12-20 16:57:01','2023-12-20 16:57:01'),
(1945,'Onsale Homes Ltd','Oakville','Halton Region','onsalehomes.com','','Glenn David Martin','2023-12-20 16:57:01','2023-12-20 16:57:01'),
(1946,'Our Town Realty Ltd.','Oakville','Halton Region','annenedd.com','','Anne Nedd','2023-12-20 16:57:01','2023-12-20 16:57:01'),
(1947,'Park Royal Realty Ltd','Oakville','Halton Region','','','Edward J Kotulak','2023-12-20 16:57:01','2023-12-20 16:57:01'),
(1948,'Peter Fortin','Oakville','Halton Region','','','Peter Fortin','2023-12-20 16:57:01','2023-12-20 16:57:01'),
(1949,'Pride Realty Limited','Oakville','Halton Region','','','Anne Duff','2024-01-29 17:32:02','2023-12-20 16:57:01'),
(1950,'Prominent Realty Inc.','Oakville','Halton Region','prominentrealty.net','','Paulo Da Silva','2023-12-20 16:57:01','2023-12-20 16:57:01'),
(1951,'Rafi Safdar Real Estate Inc.','Oakville','Halton Region','','','Rafi Ahmad Safdar','2023-12-20 16:57:01','2023-12-20 16:57:01'),
(1952,'Rcb Realty Inc.','Oakville','Halton Region','rcbrealty.com','','','2023-12-20 16:57:01','2023-12-20 16:57:01'),
(1953,'Re/max Aboutowne Realty Corp.','Oakville','Halton Region','aboutowne.com','','','2023-12-20 16:57:01','2023-12-20 16:57:01'),
(1954,'Re/max Escarpment Realty Inc.','Oakville','Halton Region','rmxemail.com','','','2023-12-20 16:57:01','2023-12-20 16:57:01'),
(1955,'Re/max Imperial Realty Inc.','Oakville','Halton Region','','','','2023-12-20 16:57:02','2023-12-20 16:57:02'),
(1956,'Re/max Professionals Annan Realty Inc.','Oakville','Halton Region','','','Michael M. Annan','2023-12-20 16:57:02','2023-12-20 16:57:02'),
(1957,'Re/max Professionals Inc','Oakville','Halton Region','','','Leah Ambler','2023-12-20 16:57:02','2023-12-20 16:57:02'),
(1958,'Re/max Real Estate Centre Inc.','Oakville','Halton Region','remaxcentre.ca','','','2023-12-20 16:57:02','2023-12-20 16:57:02'),
(1959,'Real Broker Ontario Ltd.','Oakville','Halton Region','','','','2023-12-20 16:57:02','2023-12-20 16:57:02'),
(1960,'Real One Realty Inc.','Oakville','Halton Region','','','','2023-12-20 16:57:02','2023-12-20 16:57:02'),
(1961,'Realty Advisors Ltd.','Oakville','Halton Region','','','Gordon Raymond Lyons','2024-01-31 12:11:15','2023-12-20 16:57:02'),
(1962,'Realty At Heart Inc.','Oakville','Halton Region','emmanuellemeyer.realtor','','Emmanuelle Meyer','2023-12-20 16:57:02','2023-12-20 16:57:02'),
(1963,'Realty Plus Oakville Ltd','Oakville','Halton Region','royallepage.ca','','','2023-12-20 16:57:02','2023-12-20 16:57:02'),
(1964,'Relokate Brokerage Inc.','Oakville','Halton Region','relokate.io','','Susan Marion Hedley','2023-12-20 16:57:02','2023-12-20 16:57:02'),
(1965,'Rexig Realty Investment Group Ltd','Oakville','Halton Region','rexig.ca','','Renata Ida Bellio','2023-12-20 16:57:02','2023-12-20 16:57:02'),
(1966,'Richland Realty Inc.','Oakville','Halton Region','','','Bin Xu','2023-12-20 16:57:02','2023-12-20 16:57:02'),
(1967,'Rock Star Real Estate Inc','Oakville','Halton Region','rockstarbrokerage.com','','Nicholas Alexander Karadza','2023-12-20 16:57:02','2023-12-20 16:57:02'),
(1968,'Roi Corporation','Oakville','Halton Region','roicorp.com','','Timothy A. Brown','2023-12-20 16:57:02','2023-12-20 16:57:02'),
(1969,'Royal Edge Realty Inc.','Oakville','Halton Region','','','Venkata Naga Pasumarthi','2023-12-20 16:57:02','2023-12-20 16:57:02'),
(1970,'Royal Lepage Real Estate Services Ltd.','Oakville','Halton Region','royallepage.ca','','','2023-12-20 16:57:02','2023-12-20 16:57:02'),
(1971,'Royalway Realty Limited','Oakville','Halton Region','','','Peter Grenci','2024-01-31 12:27:23','2023-12-20 16:57:02'),
(1972,'Sam Mcdadi Real Estate Inc.','Oakville','Halton Region','mcdadi.com','','Leonard Howell','2023-12-20 16:57:02','2023-12-20 16:57:02'),
(1973,'Samcan Realty Inc.','Oakville','Halton Region','','','Sam Antonio Cantalena','2023-12-20 16:57:02','2023-12-20 16:57:02'),
(1974,'Serenity Home Realty Inc.','Oakville','Halton Region','','','Er-bei Chen','2023-12-20 16:57:02','2023-12-20 16:57:02'),
(1975,'Simply Realty Inc.','Oakville','Halton Region','simplyrealty.ca','','Victoria Rodrigues','2023-12-20 16:57:02','2023-12-20 16:57:02'),
(1976,'Square Seven Canada Inc.','Oakville','Halton Region','squareseven.ca','','Miranda Fikry Guirguis','2023-12-20 16:57:02','2023-12-20 16:57:02'),
(1977,'Sutton Group Quantum Realty Inc.','Oakville','Halton Region','sutton.com','','','2023-12-20 16:57:02','2023-12-20 16:57:02'),
(1978,'Take Five Realty Inc.','Oakville','Halton Region','takefiverealty.com','','Agnes Wallace Gossling','2023-12-20 16:57:02','2023-12-20 16:57:02'),
(1979,'Taylorwood Capital Corp.','Oakville','Halton Region','taylorwoodrealty.ca','','Robert J Drizis','2023-12-20 16:57:02','2023-12-20 16:57:02'),
(1980,'The Brokerage Inc.','Oakville','Halton Region','theagencyre.com','','','2023-12-20 16:57:02','2023-12-20 16:57:02'),
(1981,'The Collins Corporation','Oakville','Halton Region','thecollinscorporation.com','','Frank L Collins','2023-12-20 16:57:02','2023-12-20 16:57:02'),
(1982,'Trafalgar Real Estate Services Inc.','Oakville','Halton Region','chrisclarkehomes.com','','Christopher Michael Clarke','2023-12-20 16:57:02','2023-12-20 16:57:02'),
(1983,'Umber Realty Inc.','Oakville','Halton Region','umberrealty.com','','Kristen Denis','2023-12-20 16:57:02','2023-12-20 16:57:02'),
(1984,'Unione Group Inc.','Oakville','Halton Region','unione.ca','','Feng Wang','2023-12-20 16:57:02','2023-12-20 16:57:02'),
(1985,'United Professionals Realty Inc.','Oakville','Halton Region','','','Serge Goodin','2023-12-20 16:57:02','2023-12-20 16:57:02'),
(1986,'West Toronto Inc.','Oakville','Halton Region','','','','2023-12-20 16:57:02','2023-12-20 16:57:02'),
(1987,'Westport One Realty Inc.','Oakville','Halton Region','westport-one.com','','Oxana Orlova','2023-12-20 16:57:02','2023-12-20 16:57:02'),
(1988,'2341652 Ontario Limited','Oro-medonte','','kw.com','','','2023-12-20 16:57:55','2023-12-20 16:57:55'),
(1989,'Aurora Realty Consultants (ontario) Inc.','Oro-medonte','','auroraconsultants.com','','Donald M Gregor','2023-12-20 16:57:55','2023-12-20 16:57:55'),
(1990,'David N. Shelswell','Oro-medonte','','','','David N. Shelswell','2023-12-20 16:57:55','2023-12-20 16:57:55'),
(1991,'1000085532 Ontario Inc.','Ottawa','Ottawa-carleton','rightathomerealty.com','','','2023-12-20 16:57:56','2023-12-20 16:57:56'),
(1992,'1000521333 Ontario Inc.','Ottawa','Ottawa-carleton','','','Andrea Margaret Geauvreau','2023-12-20 16:57:56','2023-12-20 16:57:56'),
(1993,'11014757 Canada Inc.','Ottawa','Ottawa-carleton','digirealty.com','','Michael Taylor Crapper','2023-12-20 16:57:56','2023-12-20 16:57:56'),
(1994,'12541726 Canada Inc.','Ottawa','Ottawa-carleton','encorecommercial.ca','','Justin David Levine','2023-12-20 16:57:56','2023-12-20 16:57:56'),
(1995,'1st Options Realty Ltd.','Ottawa','Ottawa-carleton','assist2sell.com','','Penny Lynn Torontow','2023-12-20 16:57:56','2023-12-20 16:57:56'),
(1996,'2338218 Ontario Inc.','Ottawa','Ottawa-carleton','thereps.ca','','Ronaldo Sayah','2023-12-20 16:57:56','2023-12-20 16:57:56'),
(1997,'2354400 Ontario Ltd.','Ottawa','Ottawa-carleton','chrisandgen.com','','Genevieve Landry','2023-12-20 16:57:56','2023-12-20 16:57:56'),
(1998,'2516728 Ontario Ltd.','Ottawa','Ottawa-carleton','lotfulrealty.com','','Omar Faisal Hashem','2023-12-20 16:57:56','2023-12-20 16:57:56'),
(1999,'2576143 Ontario Ltd.','Ottawa','Ottawa-carleton','exitexcelrealty.com','','Christopher Anthony Brown','2023-12-20 16:57:56','2023-12-20 16:57:56'),
(2000,'2736239 Ontario Inc.','Ottawa','Ottawa-carleton','boardwalkottawa.com','','Peter David Edgar Bastedo','2023-12-20 16:57:56','2023-12-20 16:57:56'),
(2001,'2817145 Ontario Inc.','Ottawa','Ottawa-carleton','coldwellbanker.ca','','Leah Meryl Sarazen','2023-12-20 16:57:56','2023-12-20 16:57:56'),
(2002,'A.h. Fitzsimmons 1878 Co. Ltd.','Ottawa','Ottawa-carleton','frankrizzo.com','','Frank Rizzo','2023-12-20 16:57:56','2023-12-20 16:57:56'),
(2003,'Aaron Realty Inc.','Ottawa','Ottawa-carleton','','','Stanley Gary Aaron','2023-12-20 16:57:56','2023-12-20 16:57:56'),
(2004,'Acerta Realty Inc.','Ottawa','Ottawa-carleton','acertarealty.com','','Konsuella Roberts','2023-12-20 16:57:56','2023-12-20 16:57:56'),
(2005,'Adam H. Morgan','Ottawa','Ottawa-carleton','','','Adam H. Morgan','2023-12-20 16:57:56','2023-12-20 16:57:56'),
(2006,'All/pro Real Estate Ltd.','Ottawa','Ottawa-carleton','','','George Michael Samson','2024-01-31 12:11:50','2023-12-20 16:57:56'),
(2007,'Amazing Investments Ltd.','Ottawa','Ottawa-carleton','c21apt.com','','Pasquale Ricciuti','2023-12-20 16:57:56','2023-12-20 16:57:56'),
(2008,'Apollo Realty Inc. Brokerage','Ottawa','Ottawa-carleton','apollomgt.com','','Clayton Alexander Fitzsimmons','2023-12-20 16:57:56','2023-12-20 16:57:56'),
(2009,'Arnon Development Corporation Limited','Ottawa','Ottawa-carleton','arnon.ca','','Gilad Arieh Vered','2023-12-20 16:57:56','2023-12-20 16:57:56'),
(2010,'Atelier Realty Inc.','Ottawa','Ottawa-carleton','atelierrealty.com','','Farrell H. Macdonald','2023-12-20 16:57:56','2023-12-20 16:57:56'),
(2011,'Avenue North Realty Inc.','Ottawa','Ottawa-carleton','avenuenorth.ca','','Elie Skaff','2023-12-20 16:57:56','2023-12-20 16:57:56'),
(2012,'Avison Young Commercial Real Estate Services Lp','Ottawa','Ottawa-carleton','avisonyoung.com','','','2023-12-20 16:57:56','2023-12-20 16:57:56'),
(2013,'Barclay Commercial Corporation','Ottawa','Ottawa-carleton','barclaycommercial.com','','Randall Barclay Stevenson','2023-12-20 16:57:56','2023-12-20 16:57:56'),
(2014,'Beefree Inc.','Ottawa','Ottawa-carleton','tammyone.com','','Tammy Janet O\'neil','2023-12-20 16:57:56','2023-12-20 16:57:56'),
(2015,'Bentallgreenoak (canada) Limited Partnership','Ottawa','Ottawa-carleton','bentallgreenoak.com','','','2023-12-20 16:57:56','2023-12-20 16:57:56'),
(2016,'Bgis Global Integrated Solutions Realty Inc. Bgis Societe Immobiliere Solutions Globales Integrees Inc.','Ottawa','Ottawa-carleton','bgis.com','','','2023-12-20 16:57:57','2023-12-20 16:57:57'),
(2017,'Bizcap Inc.','Ottawa','Ottawa-carleton','sunbeltnetwork.com','','Gregory Douglas Kells','2023-12-20 16:57:57','2023-12-20 16:57:57'),
(2018,'Blue Panda Realty Inc.','Ottawa','Ottawa-carleton','bluepandarealty.com','','Irina Popova','2023-12-20 16:57:57','2023-12-20 16:57:57'),
(2019,'Brad J. Lamb Realty 2016 Inc.','Ottawa','Ottawa-carleton','torontocondos.com','','','2023-12-20 16:57:57','2023-12-20 16:57:57'),
(2020,'Brentcom Realty Corporation','Ottawa','Ottawa-carleton','brentcomrealty.com','','Brent Franklin Taylor','2023-12-20 16:57:57','2023-12-20 16:57:57'),
(2021,'Bulat Realty Inc.','Ottawa','Ottawa-carleton','','','Ankica Bulat','2023-12-20 16:57:57','2023-12-20 16:57:57'),
(2022,'C & W Ottawa Inc.','Ottawa','Ottawa-carleton','cwottawa.com','','Alain Rheault Desmarais','2023-12-20 16:57:57','2023-12-20 16:57:57'),
(2023,'Caldwell & Associates Realty Limited','Ottawa','Ottawa-carleton','caldwell-realty.ca','','Dianne Caldwell','2023-12-20 16:57:57','2023-12-20 16:57:57'),
(2024,'Campanale Real Estate (1992) Ltd.','Ottawa','Ottawa-carleton','campanale.com','','Cody Vincent Campanale','2023-12-20 16:57:57','2023-12-20 16:57:57'),
(2025,'Canderel Realties Inc.','Ottawa','Ottawa-carleton','canderel.com','','','2023-12-20 16:57:57','2023-12-20 16:57:57'),
(2026,'Cantor Realty Corp.','Ottawa','Ottawa-carleton','cantorrealty.com','','David Loren Cantor','2023-12-20 16:57:57','2023-12-20 16:57:57'),
(2027,'Capital Commerical Investment Corporation','Ottawa','Ottawa-carleton','capitalcommercial.ca','','Allan Jackson','2023-12-20 16:57:57','2023-12-20 16:57:57'),
(2028,'Capital Vip Realty Inc.','Ottawa','Ottawa-carleton','','','Renren Bai','2023-12-20 16:57:57','2023-12-20 16:57:57'),
(2029,'Capworth Commercial Realty Brokerage Corporation','Ottawa','Ottawa-carleton','capworthrealty.com','','Denis Shank','2023-12-20 16:57:57','2023-12-20 16:57:57'),
(2030,'Cavan Realty Ltd.','Ottawa','Ottawa-carleton','mcavanrealty.com','','Michael A. Cavan','2023-12-20 16:57:57','2023-12-20 16:57:57'),
(2031,'Cbre Limited','Ottawa','Ottawa-carleton','cbre.com','','','2023-12-20 16:57:57','2023-12-20 16:57:57'),
(2032,'Cdn Global (ottawa) Ltd.','Ottawa','Ottawa-carleton','decathloncommercial.com','','Philip L. Zunder','2023-12-20 16:57:57','2023-12-20 16:57:57'),
(2033,'Cen-ta Real Estate Ltd','Ottawa','Ottawa-carleton','gro-net.com','','Robert Veillette','2023-12-20 16:57:57','2023-12-20 16:57:57'),
(2034,'Century 21 Action Power Team Ltd.','Ottawa','Ottawa-carleton','century21.ca','','Marc-andre Perrier','2023-12-20 16:57:57','2023-12-20 16:57:57'),
(2035,'Century 21 Goldleaf Realty Inc.','Ottawa','Ottawa-carleton','century21.ca','','Friedhelm A J Kemper','2023-12-20 16:57:57','2023-12-20 16:57:57'),
(2036,'Century 21 Synergy Realty Inc.','Ottawa','Ottawa-carleton','c21.ca','','Ian Soucy','2023-12-20 16:57:57','2023-12-20 16:57:57'),
(2037,'Charles Saxe','Ottawa','Ottawa-carleton','','','','2023-12-20 16:57:57','2023-12-20 16:57:57'),
(2038,'Clv Realty Corporation','Ottawa','Ottawa-carleton','clvrealty.com','','Cheryl Kardish-levitan','2023-12-20 16:57:57','2023-12-20 16:57:57'),
(2039,'Coburn Realty Ltd','Ottawa','Ottawa-carleton','coburnrealty.com','','John H Coburn','2023-12-20 16:57:57','2023-12-20 16:57:57'),
(2040,'Colliers Macaulay Nicolls Inc.','Ottawa','Ottawa-carleton','colliers.com','','','2023-12-20 16:57:57','2023-12-20 16:57:57'),
(2041,'Colonnade Bridgeport Realty Inc.','Ottawa','Ottawa-carleton','colonnadebridgeport.ca','','Brent Alan Arseneau','2023-12-20 16:57:57','2023-12-20 16:57:57'),
(2042,'Commission Wise Inc.','Ottawa','Ottawa-carleton','hewie.com','','Donald Clinton Hewie','2023-12-20 16:57:57','2023-12-20 16:57:57'),
(2043,'Cresapartners Ottawa Realty Inc.','Ottawa','Ottawa-carleton','cresa.com','','Martin Haakon Aass','2023-12-20 16:57:57','2023-12-20 16:57:57'),
(2044,'Details Realty Inc. Brokerage','Ottawa','Ottawa-carleton','storm.ca','','Richard Karl Keirans','2023-12-20 16:57:57','2023-12-20 16:57:57'),
(2045,'Distinctive Real Estate Advisors Inc.','Ottawa','Ottawa-carleton','distictiveadvisors.com','','','2023-12-20 16:57:57','2023-12-20 16:57:57'),
(2046,'District Realty Corporation','Ottawa','Ottawa-carleton','districtrealty.com','','Jason Nathaniel Shinder','2023-12-20 16:57:57','2023-12-20 16:57:57'),
(2047,'Dlre Ltd.','Ottawa','Ottawa-carleton','dlreltd.com','','Alexander David Lang','2023-12-20 16:57:57','2023-12-20 16:57:57'),
(2048,'Dwellworks Property Advisors Canada Inc.','Ottawa','Ottawa-carleton','aventurerealty.ca','','Bernard Jurgen Vogt','2023-12-20 16:57:57','2023-12-20 16:57:57'),
(2049,'Everest Realty Ltd.','Ottawa','Ottawa-carleton','everesthomes.ca','','','2023-12-20 16:57:57','2023-12-20 16:57:57'),
(2050,'Exp Realty Of Canada Inc','Ottawa','Ottawa-carleton','exprealty.net','','','2023-12-20 16:57:57','2023-12-20 16:57:57'),
(2051,'Eyking Group Realty Ltd.','Ottawa','Ottawa-carleton','eykingofhomes.com','','Josh Eyking','2023-12-20 16:57:57','2023-12-20 16:57:57'),
(2052,'Facilities Commercial Realty (2019) Inc.','Ottawa','Ottawa-carleton','facilitiescommercial.com','','Scott Matthew Mackay','2023-12-20 16:57:57','2023-12-20 16:57:57'),
(2053,'Facilities Commercial Realty Inc','Ottawa','Ottawa-carleton','facilitiescommercial.com','','Donald P. Hughes','2023-12-20 16:57:57','2023-12-20 16:57:57'),
(2054,'Faulkner Real Estate Ltd.','Ottawa','Ottawa-carleton','homesinottawa.com','','Judy Ann Faulkner','2023-12-20 16:57:57','2023-12-20 16:57:57'),
(2055,'Fidati Realty Inc.','Ottawa','Ottawa-carleton','fidacity.com','','Michael Frank Scerbo','2023-12-20 16:57:57','2023-12-20 16:57:57'),
(2056,'First Estate Realty Ltd','Ottawa','Ottawa-carleton','','','Joanne Linda Wong','2023-12-20 16:57:57','2023-12-20 16:57:57'),
(2057,'First Ottawa Realty Inc.','Ottawa','Ottawa-carleton','coldwellbanker.ca','','','2023-12-20 16:57:57','2023-12-20 16:57:57'),
(2058,'Franklyn Mcguire','Ottawa','Ottawa-carleton','','','Franklyn Mcguire','2023-12-20 16:57:57','2023-12-20 16:57:57'),
(2059,'Gale Company Realty Ltd.','Ottawa','Ottawa-carleton','','','Colin Stanley Weldon','2023-12-20 16:57:57','2023-12-20 16:57:57'),
(2060,'Gec Simpson Realty Inc.','Ottawa','Ottawa-carleton','','','Edgar Simpson','2024-01-31 12:11:15','2023-12-20 16:57:57'),
(2061,'Gentry Real Estate Services Limited','Ottawa','Ottawa-carleton','gentryres.com','','Frederick Charles Crouch','2023-12-20 16:57:57','2023-12-20 16:57:57'),
(2062,'Grape Vine Realty Inc.','Ottawa','Ottawa-carleton','grapevine.ca','','Jeffrey C Usher','2023-12-20 16:57:57','2023-12-20 16:57:57'),
(2063,'Greater Ottawa Real Estate Services Inc.','Ottawa','Ottawa-carleton','','','Gholam Reza Vahidi','2023-12-20 16:57:57','2023-12-20 16:57:57'),
(2064,'Grindstone Realty Inc.','Ottawa','Ottawa-carleton','judyanddan.ca','','Judith Gail Corriveau','2023-12-20 16:57:57','2023-12-20 16:57:57'),
(2065,'Guidestar Realty Corporation','Ottawa','Ottawa-carleton','guidestarrealty.com','','Richard C Pearce','2023-12-20 16:57:57','2023-12-20 16:57:57'),
(2066,'Gwl Realty Advisors Inc.','Ottawa','Ottawa-carleton','gwlra.com','','','2023-12-20 16:57:57','2023-12-20 16:57:57'),
(2067,'Hammer & Associates Inc.','Ottawa','Ottawa-carleton','rachelhammer.com','','Rachel Mary Hammer','2023-12-20 16:57:57','2023-12-20 16:57:57'),
(2068,'Harding Realty Inc.','Ottawa','Ottawa-carleton','hardingrealty.co','','Lisa C Harding','2023-12-20 16:57:57','2023-12-20 16:57:57'),
(2069,'Haus Collection Realty Limited','Ottawa','Ottawa-carleton','hauscollection.ca','','Derek Nicholas Okam Nzeribe','2023-12-20 16:57:57','2023-12-20 16:57:57'),
(2070,'Hibiscus Realty Inc.','Ottawa','Ottawa-carleton','hibiscusrealty.com','','Mohamed Habaneh Egeh','2023-12-20 16:57:57','2023-12-20 16:57:57'),
(2071,'Homefluent Realty Inc.','Ottawa','Ottawa-carleton','homefluent.com','','Julien Leclair-dionne','2023-12-20 16:57:57','2023-12-20 16:57:57'),
(2072,'Homelife Capital Realty Inc.','Ottawa','Ottawa-carleton','','','','2023-12-20 16:57:57','2023-12-20 16:57:57'),
(2073,'Hooper Group Realty Ltd.','Ottawa','Ottawa-carleton','hooperrealty.ca','','Margaret W. Hooper','2023-12-20 16:57:57','2023-12-20 16:57:57'),
(2074,'Housesigma Inc.','Ottawa','Ottawa-carleton','housesigma.com','','','2023-12-20 16:57:57','2023-12-20 16:57:57'),
(2075,'Ian Charlebois Real Estate & Mortgages Inc.','Ottawa','Ottawa-carleton','iancharlebois.com','','Ian Michael Charlebois','2023-12-20 16:57:57','2023-12-20 16:57:57'),
(2076,'Ideal Properties Realty Inc.','Ottawa','Ottawa-carleton','idealpropertiesrealty.com','','Hesameddin Mostafavi','2023-12-20 16:57:57','2023-12-20 16:57:57'),
(2077,'Inhaus Realty Inc.','Ottawa','Ottawa-carleton','christinehauschild.com','','Thomas Hinrich Hauschild','2023-12-20 16:57:57','2023-12-20 16:57:57'),
(2078,'Innovation Realty Ltd.','Ottawa','Ottawa-carleton','innovationrealty.ca','','','2023-12-20 16:57:57','2023-12-20 16:57:57'),
(2079,'Inside Edge Properties Ltd.','Ottawa','Ottawa-carleton','ieproperties.com','','Taylor Hunter','2023-12-20 16:57:57','2023-12-20 16:57:57'),
(2080,'Ipro Realty Ltd','Ottawa','Ottawa-carleton','','','','2023-12-20 16:57:57','2023-12-20 16:57:57'),
(2081,'James R. Dubroy Ltd','Ottawa','Ottawa-carleton','dubroy.ca','','James Richard Dubroy','2023-12-20 16:57:57','2023-12-20 16:57:57'),
(2082,'Jenna & Co. Group Realty Ltd.','Ottawa','Ottawa-carleton','jennaandco.com','','Marjorie Jenna Swinwood','2023-12-20 16:57:57','2023-12-20 16:57:57'),
(2083,'John C. Mckenna','Ottawa','Ottawa-carleton','','','','2023-12-20 16:57:57','2023-12-20 16:57:57'),
(2084,'Jones Lang Lasalle Real Estate Services Inc.','Ottawa','Ottawa-carleton','jll.com','','','2023-12-20 16:57:57','2023-12-20 16:57:57'),
(2085,'Kollos Real Estate Ltd','Ottawa','Ottawa-carleton','','','Larissa Jourkina','2023-12-20 16:57:58','2023-12-20 16:57:58'),
(2086,'Lacharity Luxury Real Estate Inc.','Ottawa','Ottawa-carleton','chrislacharity.com','','Sarah Anne Lacharity','2023-12-20 16:57:58','2023-12-20 16:57:58'),
(2087,'Leaseco Commercial Real Estate Services Inc.','Ottawa','Ottawa-carleton','plantyourflagnow.com','','Gregory H. O\'donnell','2023-12-20 16:57:58','2023-12-20 16:57:58'),
(2088,'Lennard Commercial Realty Ltd.','Ottawa','Ottawa-carleton','lennard.com','','','2023-12-20 16:57:58','2023-12-20 16:57:58'),
(2089,'Listingtime Inc.','Ottawa','Ottawa-carleton','listingtime.ca','','Harpreet Singh Arora','2023-12-20 16:57:58','2023-12-20 16:57:58'),
(2090,'Liveyow Real Estate Inc.','Ottawa','Ottawa-carleton','liveyow.com','','Shakeel Hussein Lalany','2023-12-20 16:57:58','2023-12-20 16:57:58'),
(2091,'Marcus & Millichap Real Estate Investment Services Canada Inc.','Ottawa','Ottawa-carleton','marcusmillichap.com','','','2023-12-20 16:57:58','2023-12-20 16:57:58'),
(2092,'Marie-france E Lavigne','Ottawa','Ottawa-carleton','','','Marie-france E Lavigne','2023-12-20 16:57:58','2023-12-20 16:57:58'),
(2093,'Marilyn Wilson Dream Properties Inc.','Ottawa','Ottawa-carleton','dreamproperties.com','','Rebecca Alessandra Bear Wilson','2023-12-20 16:57:58','2023-12-20 16:57:58'),
(2094,'Marland Realty Inc.','Ottawa','Ottawa-carleton','robmarland.com','','Robert Davies Marland','2023-12-20 16:57:58','2023-12-20 16:57:58'),
(2095,'Martels Real Estate Inc.','Ottawa','Ottawa-carleton','martels.ca','','Jacques Martel','2023-12-20 16:57:58','2023-12-20 16:57:58'),
(2096,'Max Wright Real Estate Corporation','Ottawa','Ottawa-carleton','sotherbysrealty.ca','','','2023-12-20 16:57:58','2023-12-20 16:57:58'),
(2097,'Mcelheran And Associates Inc.','Ottawa','Ottawa-carleton','brentmcelheran.com','','Brent W. Mcelheran','2023-12-20 16:57:58','2023-12-20 16:57:58'),
(2098,'Metro Ottawa Carlton Real Estate Ltd','Ottawa','Ottawa-carleton','metro-homes.com','','Sudhir Kumar Uppal','2023-12-20 16:57:58','2023-12-20 16:57:58'),
(2099,'Metview Realty Limited','Ottawa','Ottawa-carleton','metcalferealty.com','','Jennifer Wilmot Arbuckle','2023-12-20 16:57:58','2023-12-20 16:57:58'),
(2100,'Minto Realty Inc.','Ottawa','Ottawa-carleton','minto.com','','','2023-12-20 16:57:58','2023-12-20 16:57:58'),
(2101,'Money Max Realty Ltd. Brokerage','Ottawa','Ottawa-carleton','moneysandhu.com','','','2023-12-20 16:57:58','2023-12-20 16:57:58'),
(2102,'Morguard Investments Limited','Ottawa','Ottawa-carleton','morguard.com','','','2023-12-20 16:57:58','2023-12-20 16:57:58'),
(2103,'Natalie Mcguire Realty Inc.','Ottawa','Ottawa-carleton','nataliemcguire.ca','','Tami Pauline Eades','2023-12-20 16:57:58','2023-12-20 16:57:58'),
(2104,'National Capital Realty Brokerage Inc.','Ottawa','Ottawa-carleton','ericbrennan.ca','','Eric J Brennan','2023-12-20 16:57:58','2023-12-20 16:57:58'),
(2105,'One Percent Realty Ltd.','Ottawa','Ottawa-carleton','onepercentrealty.com','','','2023-12-20 16:57:58','2023-12-20 16:57:58'),
(2106,'Ottawa Insight Realty Corp.','Ottawa','Ottawa-carleton','','','Jeremy Aaron Silburt','2023-12-20 16:57:58','2023-12-20 16:57:58'),
(2107,'Ottawa Property Shop Realty Inc.','Ottawa','Ottawa-carleton','eottawarealestate.com','','Masoud Badre','2023-12-20 16:57:58','2023-12-20 16:57:58'),
(2108,'Ottawa Realty Ltd.','Ottawa','Ottawa-carleton','hallmarkottawa.com','','','2023-12-20 16:57:58','2023-12-20 16:57:58'),
(2109,'Ottawa Urban Realty Inc.','Ottawa','Ottawa-carleton','ottawaurbanrealty.com','','Daniel Christopher Moloughney','2023-12-20 16:57:58','2023-12-20 16:57:58'),
(2110,'Paradigm Commercial Real Estate & Brokerage Inc.','Ottawa','Ottawa-carleton','paradigmcommercial.ca','','Sarah Christina Ellen Vandenbelt','2023-12-20 16:57:58','2023-12-20 16:57:58'),
(2111,'Performance Realty Ltd.','Ottawa','Ottawa-carleton','performancerealty.ca','','John C. Rogan','2023-12-20 16:57:58','2023-12-20 16:57:58'),
(2112,'Pilon Group Inc.','Ottawa','Ottawa-carleton','pilongroup.com','','Jason Pilon','2023-12-20 16:57:58','2023-12-20 16:57:58'),
(2113,'Pma Brethour Real Estate Corporation Inc.','Ottawa','Ottawa-carleton','pmabrethour.com','','','2023-12-20 16:57:58','2023-12-20 16:57:58'),
(2114,'Power Marketing Real Estate Inc.','Ottawa','Ottawa-carleton','hamidriahi.com','','Monireh Riahi','2023-12-20 16:57:58','2023-12-20 16:57:58'),
(2115,'Properly Homes Inc.','Ottawa','Ottawa-carleton','properly.ca','','','2023-12-20 16:57:58','2023-12-20 16:57:58'),
(2116,'Proveras Commercial Realty Inc.','Ottawa','Ottawa-carleton','proveras.com','','Nicola Vincenzo Maiorino','2023-12-20 16:57:58','2023-12-20 16:57:58'),
(2117,'Qingston Valley Realty Inc.','Ottawa','Ottawa-carleton','','','Xue Bing Qing','2023-12-20 16:57:58','2023-12-20 16:57:58'),
(2118,'Quadreal Property Group Limited Partnership','Ottawa','Ottawa-carleton','quadreal.com','','','2023-12-20 16:57:58','2023-12-20 16:57:58'),
(2119,'Rangoli Citywide Realty Inc.','Ottawa','Ottawa-carleton','','','Charanjit Singh','2023-12-20 16:57:58','2023-12-20 16:57:58'),
(2120,'Rare Real Estate Inc.','Ottawa','Ottawa-carleton','rarerealestate.ca','','','2023-12-20 16:57:58','2023-12-20 16:57:58'),
(2121,'Re/max Absolute Lafontaine Realty Inc.','Ottawa','Ottawa-carleton','marclafontaine.com','','Marc Ayme Lafontaine','2023-12-20 16:57:58','2023-12-20 16:57:58'),
(2122,'Re/max Absolute Realty Inc.','Ottawa','Ottawa-carleton','joannegoneau.com','','Joanne Aline Goneau','2023-12-20 16:57:58','2023-12-20 16:57:58'),
(2123,'Re/max Affiliates Realty Ltd.','Ottawa','Ottawa-carleton','','','Kevin Grimes','2023-12-20 16:57:58','2023-12-20 16:57:58'),
(2124,'Real Broker Ontario Ltd.','Ottawa','Ottawa-carleton','therealbrokerage.com','','','2023-12-20 16:57:58','2023-12-20 16:57:58'),
(2125,'Real Estate Solutions Corp.','Ottawa','Ottawa-carleton','','','Hossein A. Wahab','2024-01-31 12:11:50','2023-12-20 16:57:58'),
(2126,'Real Estate Transaction Multi-services Incorporated','Ottawa','Ottawa-carleton','transacims.ca','','Juan Jose Vargas Castillo','2023-12-20 16:57:58','2023-12-20 16:57:58'),
(2127,'Real Strategy Advisors Ltd.','Ottawa','Ottawa-carleton','realstrategy.com','','Darren J.f. Fleming','2023-12-20 16:57:58','2023-12-20 16:57:58'),
(2128,'Realty Rebel (ottawa) Inc.','Ottawa','Ottawa-carleton','realtyrebel.com','','Kinga Diana Bielec','2023-12-20 16:57:58','2023-12-20 16:57:58'),
(2129,'Red Moose Realty Inc.','Ottawa','Ottawa-carleton','redmooserealty.com','','Joseph James Pekelsky','2023-12-20 16:57:58','2023-12-20 16:57:58'),
(2130,'Redpost Realty Inc.','Ottawa','Ottawa-carleton','redpost.ca','','Christiane Helene Lafleur','2023-12-20 16:57:58','2023-12-20 16:57:58'),
(2131,'Rhodes & Company Ltd.','Ottawa','Ottawa-carleton','cbrhodes.com','','James H Mckeown','2023-12-20 16:57:58','2023-12-20 16:57:58'),
(2132,'Riccardo Furano','Ottawa','Ottawa-carleton','','','Riccardo Furano','2023-12-20 16:57:58','2023-12-20 16:57:58'),
(2133,'Richcraft Realty Ltd.','Ottawa','Ottawa-carleton','richcraft.com','','Monica Rani Singhal','2023-12-20 16:57:58','2023-12-20 16:57:58'),
(2134,'Royal Star Realty Inc','Ottawa','Ottawa-carleton','royalstarrealty.com','','','2023-12-20 16:57:58','2023-12-20 16:57:58'),
(2135,'Sam Moussa Realty Inc','Ottawa','Ottawa-carleton','sammoussa.com','','Hussein Moussa','2023-12-20 16:57:58','2023-12-20 16:57:58'),
(2136,'Shaker Realty Ltd.','Ottawa','Ottawa-carleton','shakerrealty.ca','','Gary Shaker','2023-12-20 16:57:59','2023-12-20 16:57:59'),
(2137,'Smart City Realty Inc.','Ottawa','Ottawa-carleton','smartcityrealty.ca','','Michael Kostiuk','2023-12-20 16:57:59','2023-12-20 16:57:59'),
(2138,'Smart Connection Realty Inc','Ottawa','Ottawa-carleton','','','Marwan Osman','2023-12-20 16:57:59','2023-12-20 16:57:59'),
(2139,'Solid Rock Realty Inc.','Ottawa','Ottawa-carleton','srrealty.ca','','Gina Rose Cristello','2023-12-20 16:57:59','2023-12-20 16:57:59'),
(2140,'Staltari Commercial Real Estate Corp.','Ottawa','Ottawa-carleton','staltarirealestate.com','','Mario Staltari','2023-12-20 16:57:59','2023-12-20 16:57:59'),
(2141,'Susan Vered','Ottawa','Ottawa-carleton','','','Susan Vered','2024-01-31 12:11:50','2023-12-20 16:57:59'),
(2142,'Sutton Group - Premier Realty (2008) Ltd.','Ottawa','Ottawa-carleton','sutton.com','','Jean-philippe Cote-chartrand','2023-12-20 16:57:59','2023-12-20 16:57:59'),
(2143,'Synercapital Real Estate Investment Services Inc.','Ottawa','Ottawa-carleton','synercapital.ca','','Alejandro Duncan Diaz','2023-12-20 16:57:59','2023-12-20 16:57:59'),
(2144,'Team Realty Inc.','Ottawa','Ottawa-carleton','royallepage.ca','','','2023-12-20 16:57:59','2023-12-20 16:57:59'),
(2145,'The Blackburn Property Group Inc.','Ottawa','Ottawa-carleton','theblackburnpropertygroup.com','','Victoria Joanne Blackburn','2023-12-20 16:57:59','2023-12-20 16:57:59'),
(2146,'The Properties Group Realty Ltd','Ottawa','Ottawa-carleton','prpgrp.com','','Elizabeth Dayle Lahey','2023-12-20 16:57:59','2023-12-20 16:57:59'),
(2147,'The Real Estate Crew Inc.','Ottawa','Ottawa-carleton','','','Denis Leo Roy','2023-12-20 16:57:59','2023-12-20 16:57:59'),
(2148,'The Regional Group Of Companies Inc.','Ottawa','Ottawa-carleton','regionalgroup.com','','Alexander Gordon','2023-12-20 16:57:59','2023-12-20 16:57:59'),
(2149,'The Susan & Moe Team Inc','Ottawa','Ottawa-carleton','susanandmoe.com','','Maurice Arthur Vacheresse','2023-12-20 16:57:59','2023-12-20 16:57:59'),
(2150,'Toscano Walker Inc.','Ottawa','Ottawa-carleton','','','Judith Laviolette','2023-12-20 16:57:59','2023-12-20 16:57:59'),
(2151,'Tru Realty Inc.','Ottawa','Ottawa-carleton','kevinsaunders.ca','','Kevin D. Saunders','2023-12-20 16:57:59','2023-12-20 16:57:59'),
(2152,'Tuskers Realty Inc','Ottawa','Ottawa-carleton','','','James A Bostwick','2023-12-20 16:57:59','2023-12-20 16:57:59'),
(2153,'U Realty Group Inc.','Ottawa','Ottawa-carleton','','','Elias El-gharib','2023-12-20 16:57:59','2023-12-20 16:57:59'),
(2154,'Umber Realty Inc.','Ottawa','Ottawa-carleton','umberrealty.com','','Kristen Denis','2023-12-20 16:57:59','2023-12-20 16:57:59'),
(2155,'Unreserved Realty Inc.','Ottawa','Ottawa-carleton','unreserved.com','','','2023-12-20 16:57:59','2023-12-20 16:57:59'),
(2156,'Uppabe Incorporated','Ottawa','Ottawa-carleton','subhir.com','','Subhir Kumar Uppal','2023-12-20 16:57:59','2023-12-20 16:57:59'),
(2157,'Valiant Realty Corp.','Ottawa','Ottawa-carleton','','','Jonathan Joseph Valiant','2024-01-31 12:11:50','2023-12-20 16:57:59'),
(2158,'Victoria Island Realties Inc','Ottawa','Ottawa-carleton','','','Denis L Riopelle','2024-01-31 12:11:15','2023-12-20 16:57:59'),
(2159,'Vip Realty Inc.','Ottawa','Ottawa-carleton','kwintegrity.ca','','Wendy E. Bell','2023-12-20 16:57:59','2023-12-20 16:57:59'),
(2160,'Walker Real Estate Group Inc.','Ottawa','Ottawa-carleton','walkerottawa.com','','Christine Leigh Smith','2023-12-20 16:57:59','2023-12-20 16:57:59'),
(2161,'Westboro Property Shop Inc.','Ottawa','Ottawa-carleton','evrealestate.com','','Saulius Svirplys','2023-12-20 16:57:59','2023-12-20 16:57:59'),
(2162,'Your Community Realty Inc.','Ottawa','Ottawa-carleton','yourcommunityrealty.com','','','2023-12-20 16:57:59','2023-12-20 16:57:59'),
(2163,'Your Home Sold Guaranteed Realty Inc.','Ottawa','Ottawa-carleton','annaalemi.com','','Mojgan Anna Alemi','2023-12-20 16:57:59','2023-12-20 16:57:59'),
(2164,'Ziglu Inc.','Ottawa','Ottawa-carleton','ziglu.com','','Gilles Menard','2023-12-20 16:57:59','2023-12-20 16:57:59'),
(2165,'Zown Realty Inc.','Ottawa','Ottawa-carleton','zown.ca','','Ishtiaq Ahmed','2023-12-20 16:57:59','2023-12-20 16:57:59'),
(2166,'2536171 Ontario Inc.','Pembroke','Renfrew','scottre.ca','','James Marshall Scott','2023-12-20 17:00:02','2023-12-20 17:00:02'),
(2167,'Century 21 Aspire Realty Ltd.','Pembroke','Renfrew','thenevilleteam.com','','','2023-12-20 17:00:02','2023-12-20 17:00:02'),
(2168,'Edmonds & Associates Ltd.','Pembroke','Renfrew','royallepage.ca','','Scott M. Edmonds','2023-12-20 17:00:02','2023-12-20 17:00:02'),
(2169,'Homelife Donnelly Realty Inc.','Pembroke','Renfrew','pembrokehomes.ca','','Dale Francis Donnelly','2023-12-20 17:00:02','2023-12-20 17:00:02'),
(2170,'Ottawa Valley Realty Ltd.','Pembroke','Renfrew','exitottawavalley.ca','','Natalie Anne Frodsham','2023-12-20 17:00:02','2023-12-20 17:00:02'),
(2171,'Re/max Pembroke Realty Ltd.','Pembroke','Renfrew','','','Judith Anne Degeer','2023-12-20 17:00:02','2023-12-20 17:00:02'),
(2172,'Valley Property Shop Limited','Pembroke','Renfrew','valleypropertyshop.com','','Robert Matthew Bimm','2023-12-20 17:00:02','2023-12-20 17:00:02'),
(2173,'2708011 Ontario Inc.','Perth','Lanark County','remaxfrontline.com','','Sheri Aileen Marion D\'aoust','2023-12-20 17:00:06','2023-12-20 17:00:06'),
(2174,'Century 21 Synergy Realty Inc.','Perth','Lanark County','c21.ca','','','2023-12-20 17:00:06','2023-12-20 17:00:06'),
(2175,'Crown Integrity Real Estate Corporation','Perth','Lanark County','','','Demmerice Amanda Klock','2023-12-20 17:00:06','2023-12-20 17:00:06'),
(2176,'Homer Realty Corp.','Perth','Lanark County','','','Thomas Russell Vandusen','2023-12-20 17:00:06','2023-12-20 17:00:06'),
(2177,'Realty Executives Real Estate Ltd.','Perth','Lanark County','','','','2023-12-20 17:00:06','2023-12-20 17:00:06'),
(2178,'Royal Lepage Advantage Real Estate Ltd.','Perth','Lanark County','royallepage.ca','','','2023-12-20 17:00:06','2023-12-20 17:00:06'),
(2179,'Settlement Realty Ltd.','Perth','Lanark County','coldwellbanker.ca','','Paul A. Martin','2023-12-20 17:00:06','2023-12-20 17:00:06'),
(2180,'Century 21 Aspire Realty Ltd.','Petawawa','Renfrew','thenevilleteam.com','','Bartley J. Neville','2023-12-20 17:00:07','2023-12-20 17:00:07'),
(2181,'Edmonds & Associates Ltd.','Petawawa','Renfrew','royallepage.ca','','','2023-12-20 17:00:07','2023-12-20 17:00:07'),
(2182,'Re/max Pembroke Realty Ltd.','Petawawa','Renfrew','','','','2023-12-20 17:00:07','2023-12-20 17:00:07'),
(2183,'Red And White Realty Inc.','Petawawa','Renfrew','redandwhiterealty.com','','','2023-12-20 17:00:07','2023-12-20 17:00:07'),
(2184,'Achievers Real Estate Ltd','Peterborough','Peterborough County','lakeridge.ca','','','2023-12-20 17:00:08','2023-12-20 17:00:08'),
(2185,'Ball Real Estate Inc.','Peterborough','Peterborough County','ballrealestate.ca','','','2023-12-20 17:00:08','2023-12-20 17:00:08'),
(2186,'Bowes & Cocks Limited','Peterborough','Peterborough County','bowesandcocks.com','','William Clifford Cocks','2023-12-20 17:00:08','2023-12-20 17:00:08'),
(2187,'Buy/sell Network Realty Inc.','Peterborough','Peterborough County','buy-sellrealty.com','','Karen L Freeburn','2023-12-20 17:00:08','2023-12-20 17:00:08'),
(2188,'Century 21 United Realty Inc.','Peterborough','Peterborough County','century21.ca','','Andrew Mccrea','2023-12-20 17:00:08','2023-12-20 17:00:08'),
(2189,'Community Lifestyle Realty Inc.','Peterborough','Peterborough County','kwcommunity.ca','','Christina Arcangioli','2023-12-20 17:00:08','2023-12-20 17:00:08'),
(2190,'D N S Real Estate Limited','Peterborough','Peterborough County','dnsrealestate.ca','','James John Parkes','2023-12-20 17:00:08','2023-12-20 17:00:08'),
(2191,'Douglas N Rishor','Peterborough','Peterborough County','','','','2023-12-20 17:00:08','2023-12-20 17:00:08'),
(2192,'Electric Realty Inc.','Peterborough','Peterborough County','cbelectricrealty.ca','','Ian Reginald James Wallen Marshall','2023-12-20 17:00:08','2023-12-20 17:00:08'),
(2193,'Exp Realty Of Canada Inc','Peterborough','Peterborough County','exprealty.net','','','2023-12-20 17:00:08','2023-12-20 17:00:08'),
(2194,'Flat Rate Realty Corp.','Peterborough','Peterborough County','','','Garry William Samec','2023-12-20 17:00:08','2023-12-20 17:00:08'),
(2195,'Forest Hill Real Estate Inc','Peterborough','Peterborough County','','','','2023-12-20 17:00:08','2023-12-20 17:00:08'),
(2196,'Frank Real Estate Inc.','Peterborough','Peterborough County','royallepage.ca','','','2023-12-20 17:00:08','2023-12-20 17:00:08'),
(2197,'Homelife Preferred Realty Inc.','Peterborough','Peterborough County','','','Dorothy Diane Lloyd','2023-12-20 17:00:08','2023-12-20 17:00:08'),
(2198,'Homeward Inc.','Peterborough','Peterborough County','','','','2023-12-20 17:00:08','2023-12-20 17:00:08'),
(2199,'Just 3 Percent Realty Inc.','Peterborough','Peterborough County','just3percent.com','','James Matthew Murphy','2023-12-20 17:00:08','2023-12-20 17:00:08'),
(2200,'Lakefront Realty Corp.','Peterborough','Peterborough County','','','Bernardo Bezjak','2023-12-20 17:00:08','2023-12-20 17:00:08'),
(2201,'Liftlock Realty Incorporated','Peterborough','Peterborough County','exitrealtyliftlock.com','','','2023-12-20 17:00:08','2023-12-20 17:00:08'),
(2202,'Linz Hunt Real Estate Inc.','Peterborough','Peterborough County','royallepage.ca','','Lindsay Jane Hunt','2023-12-20 17:00:08','2023-12-20 17:00:08'),
(2203,'Mcconkey Real Estate Corporation','Peterborough','Peterborough County','','','Norman John Mcconkey','2024-01-29 17:32:02','2023-12-20 17:00:08'),
(2204,'Mincom Kawartha Lakes Realty Inc','Peterborough','Peterborough County','mincomkawarthalakes.com','','','2023-12-20 17:00:08','2023-12-20 17:00:08'),
(2205,'Peterborough Realty Inc.','Peterborough','Peterborough County','guardianproperty.ca','','Grant Allan Hayes','2023-12-20 17:00:08','2023-12-20 17:00:08'),
(2206,'Proalliance Realty Corporation','Peterborough','Peterborough County','royallepage.ca','','','2023-12-20 17:00:08','2023-12-20 17:00:08'),
(2207,'R.j.l. Realty Ltd.','Peterborough','Peterborough County','','','Ronald G Lawes','2023-12-20 17:00:08','2023-12-20 17:00:08'),
(2208,'Re/max Eastern Realty Inc.','Peterborough','Peterborough County','remaxhallmark.com','','Phillip Jeffrey Sam Ghany','2023-12-20 17:00:08','2023-12-20 17:00:08'),
(2209,'Re/max Rouge River Realty Ltd.','Peterborough','Peterborough County','remaxrougeriver.com','','','2023-12-20 17:00:08','2023-12-20 17:00:08'),
(2210,'Realty Executives Associates Ltd.','Peterborough','Peterborough County','alisonrealty.com','','Clarence E. Collison','2023-12-20 17:00:08','2023-12-20 17:00:08'),
(2211,'Realty Guys Inc.','Peterborough','Peterborough County','','','Brian Allan Schofield','2024-01-29 17:31:35','2023-12-20 17:00:08'),
(2212,'Realty Lease Consultants Inc.','Peterborough','Peterborough County','realtyleaseconsultant.com','','Ian Davison Toms','2023-12-20 17:00:08','2023-12-20 17:00:08'),
(2213,'Royal Heritage Realty Ltd.','Peterborough','Peterborough County','trebnet.com','','','2023-12-20 17:00:08','2023-12-20 17:00:08'),
(2214,'Stoneguide Realty Limited','Peterborough','Peterborough County','stoneguide.ca','','Thomas Arnold Bennett','2023-12-20 17:00:08','2023-12-20 17:00:08'),
(2215,'Terrequity Realty Inc','Peterborough','Peterborough County','terrequity.com','','','2023-12-20 17:00:08','2023-12-20 17:00:08'),
(2216,'2529919 Ontario Ltd.','Pickering','Durham Region','remaxprimeproperties.ca','','','2023-12-20 17:00:25','2023-12-20 17:00:25'),
(2217,'Atilde Realty Inc.','Pickering','Durham Region','','','Deanna Mae Williams','2023-12-20 17:00:25','2023-12-20 17:00:25'),
(2218,'Bca Realty Inc.','Pickering','Durham Region','','','Jajitha Mahendran','2023-12-20 17:00:25','2023-12-20 17:00:25'),
(2219,'Beg Brothers Real Estate Inc.','Pickering','Durham Region','begbrothers.com','','Mirza Absar Beg','2023-12-20 17:00:25','2023-12-20 17:00:25'),
(2220,'Best Homes Real Estate Inc.','Pickering','Durham Region','','','Imran Mehmood Sheikh','2023-12-20 17:00:25','2023-12-20 17:00:25'),
(2221,'Can Xl Realty Ltd.','Pickering','Durham Region','trebnet.com','','Piero Peticca','2023-12-20 17:00:25','2023-12-20 17:00:25'),
(2222,'Century 21 Kingdom Realty Inc.','Pickering','Durham Region','century21.ca','','Mohammad Avais Ashraf','2023-12-20 17:00:25','2023-12-20 17:00:25'),
(2223,'Connect Realty Inc.','Pickering','Durham Region','michellerisi.com','','Michelle Risi','2023-12-20 17:00:25','2023-12-20 17:00:25'),
(2224,'Genex Realty Corporation','Pickering','Durham Region','genexrealty.com','','Chris Videsh Ramsammy','2023-12-20 17:00:25','2023-12-20 17:00:25'),
(2225,'Hanton Real Estate Inc.','Pickering','Durham Region','','','Scott Anthony Hanton','2023-12-20 17:00:25','2023-12-20 17:00:25'),
(2226,'Ipro Realty Ltd','Pickering','Durham Region','','','','2023-12-20 17:00:25','2023-12-20 17:00:25'),
(2227,'Ljudevit Kvorka','Pickering','Durham Region','','','Ljudevit Kvorka','2023-12-20 17:00:25','2023-12-20 17:00:25'),
(2228,'M K Varvas And Associates Ltd','Pickering','Durham Region','','','Matti Kalevi Varvas','2024-01-31 12:11:50','2023-12-20 17:00:25'),
(2229,'Re/max Hallmark First Group Realty Ltd.','Pickering','Durham Region','remaxhallmark.com','','Ehsan Aghazadeh Tabrizi','2023-12-20 17:00:25','2023-12-20 17:00:25'),
(2230,'Realty Executives Plus Ltd','Pickering','Durham Region','realtyexecutivesregional.com','','','2023-12-20 17:00:25','2023-12-20 17:00:25'),
(2231,'Royal Heritage Realty Ltd.','Pickering','Durham Region','trebnet.com','','','2023-12-20 17:00:25','2023-12-20 17:00:25'),
(2232,'Sterling Realty Inc.','Pickering','Durham Region','sterlingrealtyinc.ca','','Bernie Jarrar','2023-12-20 17:00:25','2023-12-20 17:00:25'),
(2233,'Trading Homes Realty Inc.','Pickering','Durham Region','','','James W. Perry','2023-12-20 17:00:25','2023-12-20 17:00:25'),
(2234,'Upscale Realty Inc.','Pickering','Durham Region','corbier.ca','','Benjamin Corbier','2023-12-20 17:00:25','2023-12-20 17:00:25'),
(2235,'Clarke Street Realty Ltd','Port Colborne','Niagara S','','','Susan Marie Schroers','2023-12-20 17:01:03','2023-12-20 17:01:03'),
(2236,'Homeward Inc.','Port Colborne','Niagara S','','','','2023-12-20 17:01:03','2023-12-20 17:01:03'),
(2237,'Nrc Realty Inc.','Port Colborne','Niagara S','homesniagara.com','','','2023-12-20 17:01:03','2023-12-20 17:01:03'),
(2238,'Bosley Real Estate Ltd','Port Hope','Northumberland','','','','2023-12-20 17:01:03','2023-12-20 17:01:03'),
(2239,'Century 21 All-pro Realty (1993) Ltd.','Port Hope','Northumberland','eagle.ca','','','2023-12-20 17:01:03','2023-12-20 17:01:03'),
(2240,'Chestnut Park Real Estate Limited','Port Hope','Northumberland','chestnutpark.com','','','2023-12-20 17:01:03','2023-12-20 17:01:03'),
(2241,'Connect Ag Realty Inc.','Port Hope','Northumberland','connectagrealty.com','','Angela A Grogan','2023-12-20 17:01:03','2023-12-20 17:01:03'),
(2242,'Hurst Real Estate Services Inc.','Port Hope','Northumberland','','','David W. Hurst','2023-12-20 17:01:03','2023-12-20 17:01:03'),
(2243,'M.i.t. Realty Corporation Inc.','Port Hope','Northumberland','ganny.ca','','Richard E. Rogalski','2023-12-20 17:01:03','2023-12-20 17:01:03'),
(2244,'Proalliance Realty Corporation','Port Hope','Northumberland','royallepage.ca','','','2023-12-20 17:01:03','2023-12-20 17:01:03'),
(2245,'Royal Service Real Estate Inc','Port Hope','Northumberland','royalservice.ca','','Janice H. Parish','2023-12-20 17:01:03','2023-12-20 17:01:03'),
(2246,'The Nook Realty Inc.','Port Hope','Northumberland','','','','2023-12-20 17:01:03','2023-12-20 17:01:03'),
(2247,'1000085532 Ontario Inc.','Richmond Hill','York Region','rightathomerealty.com','','','2023-12-20 17:01:04','2023-12-20 17:01:04'),
(2248,'1000183916 Ontario Ltd.','Richmond Hill','York Region','','','Nazanin Pourheidar-shirazi','2023-12-20 17:01:04','2023-12-20 17:01:04'),
(2249,'1000482465 Ontario Inc.','Richmond Hill','York Region','','','Changan Guo','2024-01-29 17:31:26','2023-12-20 17:01:04'),
(2250,'2457415 Ontario Inc.','Richmond Hill','York Region','','','Dan Hao','2023-12-20 17:01:04','2023-12-20 17:01:04'),
(2251,'2540017 Ontario Inc.','Richmond Hill','York Region','power7realty.com','','Hoi-wai Kenneth Fok','2023-12-20 17:01:04','2023-12-20 17:01:04'),
(2252,'2667010 Ontario Limited','Richmond Hill','York Region','primepropertiesto.com','','Ye Zhen Liang','2023-12-20 17:01:04','2023-12-20 17:01:04'),
(2253,'2749087 Ontario Inc.','Richmond Hill','York Region','','','Ying Jian','2023-12-20 17:01:04','2023-12-20 17:01:04'),
(2254,'2810908 Ontario Ltd.','Richmond Hill','York Region','remaxtrillion.com','','Siu-sum Tang','2023-12-20 17:01:04','2023-12-20 17:01:04'),
(2255,'360 Realty Services Inc.','Richmond Hill','York Region','360realty.ca','','Lawrence Henry Kalmanson','2023-12-20 17:01:04','2023-12-20 17:01:04'),
(2256,'A3a Realty Inc.','Richmond Hill','York Region','a3arealty.com','','Amir Abbas Golband','2023-12-20 17:01:04','2023-12-20 17:01:04'),
(2257,'Alexis Demangelos','Richmond Hill','York Region','','','','2023-12-20 17:01:04','2023-12-20 17:01:04'),
(2258,'All Pass Realty Point Inc.','Richmond Hill','York Region','','','Esther Zamo Kana','2023-12-20 17:01:04','2023-12-20 17:01:04'),
(2259,'Apprise Limited','Richmond Hill','York Region','','','Ben Grieco','2024-01-31 12:11:50','2023-12-20 17:01:04'),
(2260,'Atrium Home Realty Inc.','Richmond Hill','York Region','atriumhomerealty.com','','','2023-12-20 17:01:04','2023-12-20 17:01:04'),
(2261,'Bees Home Realty Inc.','Richmond Hill','York Region','beeshomerealty.com','','Lai Fun Chan','2023-12-20 17:01:04','2023-12-20 17:01:04'),
(2262,'Bgs Realty Inc.','Richmond Hill','York Region','remaxelitere.com','','Fengxia S. Ji','2023-12-20 17:01:04','2023-12-20 17:01:04'),
(2263,'Bigbang Investment Realty Inc.','Richmond Hill','York Region','','','Xinliang Qu','2023-12-20 17:01:04','2023-12-20 17:01:04'),
(2264,'Blue Diamond Realty Corporation','Richmond Hill','York Region','','','Rhonda Beth Pearlman','2023-12-20 17:01:04','2023-12-20 17:01:04'),
(2265,'Canaan Realty Inc.','Richmond Hill','York Region','','','Patrick Au','2023-12-20 17:01:04','2023-12-20 17:01:04'),
(2266,'Canada Executive Realty Inc.','Richmond Hill','York Region','','','Shokooh Sheri Majdpour','2023-12-20 17:01:04','2023-12-20 17:01:04'),
(2267,'Canada Gem Realty Inc. Brokerage','Richmond Hill','York Region','','','Fereedon Mahmoodian','2023-12-20 17:01:04','2023-12-20 17:01:04'),
(2268,'Cedar Point Real Estate Corporation','Richmond Hill','York Region','','','Richard Amedeo Luciani','2024-01-31 12:11:50','2023-12-20 17:01:04'),
(2269,'Central Commercial Realty Inc.','Richmond Hill','York Region','centralcommercial.ca','','Morteza Sedighian','2023-12-20 17:01:04','2023-12-20 17:01:04'),
(2270,'Central Home Realty Inc.','Richmond Hill','York Region','centralhomerealty.com','','Dennis Ming Yu Liu','2023-12-20 17:01:04','2023-12-20 17:01:04'),
(2271,'Century 21 Atria Anita Mui Realty Inc.','Richmond Hill','York Region','anitamui.ca','','Anita Yuk Ying Mui','2023-12-20 17:01:04','2023-12-20 17:01:04'),
(2272,'Century 21 Atria Realty Inc.','Richmond Hill','York Region','century21.ca','','Stephen Gar Yin Chow','2023-12-20 17:01:04','2023-12-20 17:01:04'),
(2273,'Century 21 Heritage Group Ltd.','Richmond Hill','York Region','','','','2024-01-31 12:11:50','2023-12-20 17:01:04'),
(2274,'Con/cept 100 Transcanada Realty Inc','Richmond Hill','York Region','','','Derek W K Wu','2023-12-20 17:01:04','2023-12-20 17:01:04'),
(2275,'Condogo Inc.','Richmond Hill','York Region','condogo.ca','','Karen Miralami','2023-12-20 17:01:04','2023-12-20 17:01:04'),
(2276,'Condowong Real Estate Inc.','Richmond Hill','York Region','condowong.ca','','Christine Chui Shan Lau','2023-12-20 17:01:04','2023-12-20 17:01:04'),
(2277,'Connection Elite Realty Inc.','Richmond Hill','York Region','','','Feng-yuan Chuang','2023-12-20 17:01:04','2023-12-20 17:01:04'),
(2278,'Connex Realty Inc.','Richmond Hill','York Region','','','Lewis Daniel Brewer','2024-01-31 12:11:50','2023-12-20 17:01:04'),
(2279,'Develco Realty Services Limited','Richmond Hill','York Region','','','Margaret Elizabeth Gourlay','2024-01-31 12:11:15','2023-12-20 17:01:04'),
(2280,'Dream Homes Realty Ltd.','Richmond Hill','York Region','','','','2023-12-20 17:01:04','2023-12-20 17:01:04'),
(2281,'Eco Green Homes Realty Inc.','Richmond Hill','York Region','','','Masoud Hanasavha','2023-12-20 17:01:04','2023-12-20 17:01:04'),
(2282,'Ellicott Realty Inc.','Richmond Hill','York Region','ellicottrealty.com','','Anthony J Tropea','2023-12-20 17:01:04','2023-12-20 17:01:04'),
(2283,'Empowered Realty Inc.','Richmond Hill','York Region','kwempowered.com','','Christopher Anthony Patrick Fusco','2023-12-20 17:01:04','2023-12-20 17:01:04'),
(2284,'Enlace Realty Ltd.','Richmond Hill','York Region','','','Eugene Eliseev','2023-12-20 17:01:04','2023-12-20 17:01:04'),
(2285,'Everjoy Realty Inc.','Richmond Hill','York Region','everjoyrealty.com','','Ting He','2023-12-20 17:01:05','2023-12-20 17:01:05'),
(2286,'Everland Realty Inc','Richmond Hill','York Region','','','Dong Liu','2023-12-20 17:01:05','2023-12-20 17:01:05'),
(2287,'Exp Realty Of Canada Inc','Richmond Hill','York Region','exprealty.net','','Katherine Sara Milian','2023-12-20 17:01:05','2023-12-20 17:01:05'),
(2288,'Farlan Realty Inc.','Richmond Hill','York Region','farlanrealty.com','','Farah Langari','2023-12-20 17:01:05','2023-12-20 17:01:05'),
(2289,'Fine Homes Realestate Inc.','Richmond Hill','York Region','','','Robert Grin','2023-12-20 17:01:05','2023-12-20 17:01:05'),
(2290,'Fjk Real Estate Ltd.','Richmond Hill','York Region','','','Fred J. Klonowski','2023-12-20 17:01:05','2023-12-20 17:01:05'),
(2291,'Forest Hill Real Estate Inc','Richmond Hill','York Region','','','','2023-12-20 17:01:05','2023-12-20 17:01:05'),
(2292,'Foyers Realty Inc.','Richmond Hill','York Region','','','Seyed-reza Pourseyed','2023-12-20 17:01:05','2023-12-20 17:01:05'),
(2293,'Genesis Realty Inc.','Richmond Hill','York Region','genesisrealty.ca','','Tsun-wang Ng','2023-12-20 17:01:05','2023-12-20 17:01:05'),
(2294,'Gm Global Real Estate Services Inc.','Richmond Hill','York Region','','','Gideon Margolin','2024-01-31 12:11:50','2023-12-20 17:01:05'),
(2295,'Golden Gates Realty Inc.','Richmond Hill','York Region','oxnarddevelopments.com','','Fatemeh Lajevardi','2023-12-20 17:01:05','2023-12-20 17:01:05'),
(2296,'Grace Huang Realty Inc.','Richmond Hill','York Region','royallepage.ca','','Lin Huang','2023-12-20 17:01:05','2023-12-20 17:01:05'),
(2297,'Grosman Realty Ltd.','Richmond Hill','York Region','','','Jeffrey Grosman','2024-01-31 12:11:50','2023-12-20 17:01:05'),
(2298,'Gta Life Realty Inc','Richmond Hill','York Region','','','Taehee Rhee','2023-12-20 17:01:05','2023-12-20 17:01:05'),
(2299,'Harbour Real Estate Corporation','Richmond Hill','York Region','harbourmarketing.ca','','Yulei Zhang','2023-12-20 17:01:05','2023-12-20 17:01:05'),
(2300,'Hc Ccue Realty Brokerage Inc.','Richmond Hill','York Region','','','Amy Leung','2023-12-20 17:01:05','2023-12-20 17:01:05'),
(2301,'Hc Realty Group Inc.','Richmond Hill','York Region','hcrealty.ca','','Liang Wang','2023-12-20 17:01:05','2023-12-20 17:01:05'),
(2302,'Home Centre Real Estate Inc.','Richmond Hill','York Region','','','Margaret Leung','2023-12-20 17:01:05','2023-12-20 17:01:05'),
(2303,'Homeland Real Estate Corp.','Richmond Hill','York Region','barrywang.ca','','Biao Wang','2023-12-20 17:01:05','2023-12-20 17:01:05'),
(2304,'Homelife Advance Realty Inc.','Richmond Hill','York Region','','','Frozan Hafizy','2023-12-20 17:01:05','2023-12-20 17:01:05'),
(2305,'Homelife Broadway Realty Inc.','Richmond Hill','York Region','','','Selwyn S Lo','2023-12-20 17:01:05','2023-12-20 17:01:05'),
(2306,'Homelife Frontier Realty Inc.','Richmond Hill','York Region','hlfrontier.com','','','2023-12-20 17:01:05','2023-12-20 17:01:05'),
(2307,'Homelife Golden Palace Realty Inc.','Richmond Hill','York Region','','','Fatemah Naeeni','2023-12-20 17:01:05','2023-12-20 17:01:05'),
(2308,'Homelife Inspiration Realty Inc.','Richmond Hill','York Region','','','Bao Jiu Ding','2023-12-20 17:01:05','2023-12-20 17:01:05'),
(2309,'Homelife New World Realty Inc','Richmond Hill','York Region','','','','2023-12-20 17:01:05','2023-12-20 17:01:05'),
(2310,'Homelife Tjt Realty Inc.','Richmond Hill','York Region','','','Arun Kumar Jain','2024-01-31 12:11:50','2023-12-20 17:01:05'),
(2311,'Homelife/aurora Realty Ltd.','Richmond Hill','York Region','atpgroup.ca','','Angela F. Orsi','2023-12-20 17:01:05','2023-12-20 17:01:05'),
(2312,'Homula Inc.','Richmond Hill','York Region','homula.com','','','2023-12-20 17:01:05','2023-12-20 17:01:05'),
(2313,'Hope Star Realty Inc.','Richmond Hill','York Region','','','Bing Gao','2023-12-20 17:01:05','2023-12-20 17:01:05'),
(2314,'Immi Realty Inc.','Richmond Hill','York Region','immiproperty.com','','Christine Wing Sheung Chan','2023-12-20 17:01:05','2023-12-20 17:01:05'),
(2315,'In The 6ix Realty Inc.','Richmond Hill','York Region','','','Christian Noah Oppedisano','2023-12-20 17:01:05','2023-12-20 17:01:05'),
(2316,'International Realty Firm Inc.','Richmond Hill','York Region','internationalrealtyfirm.com','','','2023-12-20 17:01:05','2023-12-20 17:01:05'),
(2317,'Jdl Realty Inc.','Richmond Hill','York Region','','','Ding Li','2024-01-31 12:11:50','2023-12-20 17:01:05'),
(2318,'Joseph Kreiner Real Estate Limited','Richmond Hill','York Region','','','Heidi A. Kreiner-ley','2023-12-20 17:01:05','2023-12-20 17:01:05'),
(2319,'Kevin Lin Realty Inc.','Richmond Hill','York Region','kevinlinhomes.com','','Clement Lin','2023-12-20 17:01:05','2023-12-20 17:01:05'),
(2320,'Kings Realty Corporation','Richmond Hill','York Region','','','Christina Siu Fong Tam-leung','2023-12-20 17:01:05','2023-12-20 17:01:05'),
(2321,'Landstars 360 Realty Inc.','Richmond Hill','York Region','','','Jimmy Kee-man Lee','2023-12-20 17:01:05','2023-12-20 17:01:05'),
(2322,'Leaf And Palm Realty Corp.','Richmond Hill','York Region','realtyave.ca','','Dominic Vincent Spedaliere','2023-12-20 17:01:05','2023-12-20 17:01:05'),
(2323,'Linda Y Ko','Richmond Hill','York Region','','','','2023-12-20 17:01:05','2023-12-20 17:01:05'),
(2324,'Lorimer Realty Limited','Richmond Hill','York Region','','','Ronald D Abraham','2023-12-20 17:01:05','2023-12-20 17:01:05'),
(2325,'Manorlead Group Inc.','Richmond Hill','York Region','manorlead.com','','Ruiqi Xie','2023-12-20 17:01:05','2023-12-20 17:01:05'),
(2326,'Maple Leaf Real Estate Inc','Richmond Hill','York Region','telnetmail.ca','','Eun Sun Rho','2023-12-20 17:01:05','2023-12-20 17:01:05'),
(2327,'Max Realty Solutions Ltd.','Richmond Hill','York Region','','','Shahin Mirkhan','2023-12-20 17:01:05','2023-12-20 17:01:05'),
(2328,'Maxx & Afi Group Realty Ltd.','Richmond Hill','York Region','sellwithus.com','','Afsaneh Asghari','2023-12-20 17:01:05','2023-12-20 17:01:05'),
(2329,'Mehome Realty (ontario) Inc.','Richmond Hill','York Region','','','Yong Jiang','2023-12-20 17:01:05','2023-12-20 17:01:05'),
(2330,'Mer/ax Realty Inc.','Richmond Hill','York Region','massoud.ca','','Massoud Saradar Ghandchi','2023-12-20 17:01:05','2023-12-20 17:01:05'),
(2331,'Mid-land Group Realty Inc.','Richmond Hill','York Region','','','Joseph Cheung-wah Shum','2023-12-20 17:01:05','2023-12-20 17:01:05'),
(2332,'National Corp.','Richmond Hill','York Region','','','Iolanda Vagliardo','2023-12-20 17:01:05','2023-12-20 17:01:05'),
(2333,'Nu Stream Realty (toronto) Inc.','Richmond Hill','York Region','nustreamtoronto.com','','Walter L.k. Lui','2023-12-20 17:01:05','2023-12-20 17:01:05'),
(2334,'Odesa Realty Ltd.','Richmond Hill','York Region','','','Svitlana Mandrus','2023-12-20 17:01:05','2023-12-20 17:01:05'),
(2335,'Ontario Real Estate Services Inc.','Richmond Hill','York Region','','','Lena R. Thorogood','2024-01-31 12:11:50','2023-12-20 17:01:06'),
(2336,'P2 Realty Inc.','Richmond Hill','York Region','p2realty.com','','','2023-12-20 17:01:06','2023-12-20 17:01:06'),
(2337,'Paii Realty Inc.','Richmond Hill','York Region','','','Igor Chouminov','2023-12-20 17:01:06','2023-12-20 17:01:06'),
(2338,'Peaceland Realty Group Inc.','Richmond Hill','York Region','','','David Young','2023-12-20 17:01:06','2023-12-20 17:01:06'),
(2339,'Pensio Realty Corp.','Richmond Hill','York Region','','','Sergiy Przhebelskyy','2023-12-20 17:01:06','2023-12-20 17:01:06'),
(2340,'Pine Tree Real Estate Brokerage Inc.','Richmond Hill','York Region','pinetreerealestate.ca','','','2023-12-20 17:01:06','2023-12-20 17:01:06'),
(2341,'Portland Realty Corporation Ltd','Richmond Hill','York Region','','','Anthony Samotus','2023-12-20 17:01:06','2023-12-20 17:01:06'),
(2342,'Powerland Realty Inc.','Richmond Hill','York Region','','','Ying Wang','2023-12-20 17:01:06','2023-12-20 17:01:06'),
(2343,'Prime Group Realty Inc.','Richmond Hill','York Region','','','Peng Jia','2023-12-20 17:01:06','2023-12-20 17:01:06'),
(2344,'Prime Realty Brokerage Inc.','Richmond Hill','York Region','','','Yelena Palagnyuk','2024-01-31 12:11:15','2023-12-20 17:01:06'),
(2345,'Property Network Realty Inc.','Richmond Hill','York Region','marielena.ca','','Marielena Navarrete','2023-12-20 17:01:06','2023-12-20 17:01:06'),
(2346,'Propervu Realty Corporation','Richmond Hill','York Region','propervu.ca','','Ray Punzalan','2023-12-20 17:01:06','2023-12-20 17:01:06'),
(2347,'Rcl Realty Inc.','Richmond Hill','York Region','','','Rose H Lai','2023-12-20 17:01:06','2023-12-20 17:01:06'),
(2348,'Re/max Excel Realty Ltd.','Richmond Hill','York Region','','','','2024-01-29 17:32:34','2023-12-20 17:01:06'),
(2349,'Re/max Goldenway Realty Inc','Richmond Hill','York Region','rmgoldenway.com','','Shu Sing S S Ng','2023-12-20 17:01:06','2023-12-20 17:01:06'),
(2350,'Re/max Hallmark Realty Limited','Richmond Hill','York Region','remaxhallmark.com','','','2023-12-20 17:01:06','2023-12-20 17:01:06'),
(2351,'Re/max Partners Realty Inc. Brokerage','Richmond Hill','York Region','remaxpartners.ca','','Janet H. Yu','2023-12-20 17:01:06','2023-12-20 17:01:06'),
(2352,'Re/max Realtron Realty Inc','Richmond Hill','York Region','','','','2023-12-20 17:01:06','2023-12-20 17:01:06'),
(2353,'Re/max West Realty Inc','Richmond Hill','York Region','remaxwest.net','','','2023-12-20 17:01:06','2023-12-20 17:01:06'),
(2354,'Real Home Realty Inc.','Richmond Hill','York Region','realhome.ca','','Farzam Jalili','2023-12-20 17:01:06','2023-12-20 17:01:06'),
(2355,'Real One Realty Inc.','Richmond Hill','York Region','','','Mengnan Gong','2023-12-20 17:01:06','2023-12-20 17:01:06'),
(2356,'Real World Realty Inc.','Richmond Hill','York Region','','','Maokun Gong','2023-12-20 17:01:06','2023-12-20 17:01:06'),
(2357,'Realinvest Canada Inc.','Richmond Hill','York Region','realinvest.ca','','Silvia P Di Monte','2023-12-20 17:01:06','2023-12-20 17:01:06'),
(2358,'Realty 57-dimonte Inc.','Richmond Hill','York Region','dimonte.ca','','Dino Dimonte','2023-12-20 17:01:06','2023-12-20 17:01:06'),
(2359,'Rich Home Realty Inc.','Richmond Hill','York Region','','','Jing Hui Ding','2023-12-20 17:01:06','2023-12-20 17:01:06'),
(2360,'Royal Choice Realty Inc.','Richmond Hill','York Region','','','Edouard V. Grebennikov','2023-12-20 17:01:06','2023-12-20 17:01:06'),
(2361,'Royal Crest Realty Ltd','Richmond Hill','York Region','212.ca','','Angelo Tuzi','2023-12-20 17:01:06','2023-12-20 17:01:06'),
(2362,'Royal Team Realty Inc.','Richmond Hill','York Region','royalteamrealty.ca','','Tania Malakveitchouk','2023-12-20 17:01:06','2023-12-20 17:01:06'),
(2363,'Salesfax Realty Services Inc.','Richmond Hill','York Region','','','Susan Jane Stephenson','2024-01-31 12:11:50','2023-12-20 17:01:06'),
(2364,'Search Realty Corp.','Richmond Hill','York Region','searchrealty.ca','','','2023-12-20 17:01:06','2023-12-20 17:01:06'),
(2365,'Sinclair-cockburn Realty Ltd','Richmond Hill','York Region','scmic.ca','','Robert Andre Blanke','2023-12-20 17:01:06','2023-12-20 17:01:06'),
(2366,'Sitelines Realty Inc.','Richmond Hill','York Region','','','Steven G J Babor','2024-01-31 12:11:50','2023-12-20 17:01:06'),
(2367,'Sixroofs Inc.','Richmond Hill','York Region','sixroofs.com','','Peyman Dordizadeh Basirabad','2023-12-20 17:01:06','2023-12-20 17:01:06'),
(2368,'Smart Home Realty Inc.','Richmond Hill','York Region','interfinance.ca','','Amar A. Kaushal','2023-12-20 17:01:06','2023-12-20 17:01:06'),
(2369,'Soho Realty Corp','Richmond Hill','York Region','','','Farid Louis Chahine','2024-01-31 12:11:50','2023-12-20 17:01:06'),
(2370,'Sotere Demangelos','Richmond Hill','York Region','','','','2023-12-20 17:01:06','2023-12-20 17:01:06'),
(2371,'Steven Sun Realty Inc.','Richmond Hill','York Region','','','Yang Sun','2023-12-20 17:01:06','2023-12-20 17:01:06'),
(2372,'Stonebank Real Estate Ltd.','Richmond Hill','York Region','stonebank.ca','','Mneesh Mittal','2023-12-20 17:01:06','2023-12-20 17:01:06'),
(2373,'Tfn Realty Inc.','Richmond Hill','York Region','tfnrealty.com','','','2023-12-20 17:01:06','2023-12-20 17:01:06'),
(2374,'Times Realty Group Inc.','Richmond Hill','York Region','timesrealtygroup.com','','','2023-12-20 17:01:06','2023-12-20 17:01:06'),
(2375,'Times Square Real Estate Services Inc.','Richmond Hill','York Region','','','Jeffrey Tzuenkei Fok','2023-12-20 17:01:06','2023-12-20 17:01:06'),
(2376,'Times Square Realty Inc','Richmond Hill','York Region','','','Allan Siu Kin Fok','2023-12-20 17:01:06','2023-12-20 17:01:06'),
(2377,'T-one Group Realty Inc. Brokerage','Richmond Hill','York Region','t-onegroup.ca','','Zhong Xiang Tong','2023-12-20 17:01:06','2023-12-20 17:01:06'),
(2378,'Top Canadian Realty Inc.','Richmond Hill','York Region','','','Ahmad Toulami','2023-12-20 17:01:06','2023-12-20 17:01:06'),
(2379,'Union Capital Realty Inc.','Richmond Hill','York Region','unioncapitalrealty.com','','David William Tsaparis','2023-12-20 17:01:06','2023-12-20 17:01:06'),
(2380,'United Realty Of Canada Inc.','Richmond Hill','York Region','','','Parviz Javdan','2023-12-20 17:01:06','2023-12-20 17:01:06'),
(2381,'Unrealty Inc.','Richmond Hill','York Region','unrealty.ca','','Bhalwant Anthony Deonarain','2023-12-20 17:01:06','2023-12-20 17:01:06'),
(2382,'Vip Bay Realty Inc.','Richmond Hill','York Region','vipbayrealty.com','','Yan Kui Kuang','2023-12-20 17:01:06','2023-12-20 17:01:06'),
(2383,'Wealth Real Estate Inc.','Richmond Hill','York Region','','','Heidi Ks Lam','2023-12-20 17:01:06','2023-12-20 17:01:06'),
(2384,'Westwood Realty Plus Inc.','Richmond Hill','York Region','westwoodrealty.ca','','Abolfazl Gharajeh','2023-12-20 17:01:06','2023-12-20 17:01:06'),
(2385,'Your Community Realty Inc.','Richmond Hill','York Region','','','','2023-12-20 17:01:06','2023-12-20 17:01:06'),
(2386,'Your Vip Group Realty Inc.','Richmond Hill','York Region','','','Kunlun Shao','2023-12-20 17:01:06','2023-12-20 17:01:06'),
(2387,'Blue Coast Realty Ltd.','Sarnia','Lambton','bluecoastteam.com','','Sean Delano Ryan','2023-12-20 17:04:03','2023-12-20 17:04:03'),
(2388,'Community Real Estate Southwest Inc.','Sarnia','Lambton','exitsarnia.com','','','2023-12-20 17:04:03','2023-12-20 17:04:03'),
(2389,'E. O. Langford Realty Limited','Sarnia','Lambton','rivernet.net','','Edward O Langford','2023-12-20 17:04:03','2023-12-20 17:04:03'),
(2390,'Exp Realty Of Canada Inc','Sarnia','Lambton','exprealty.net','','','2023-12-20 17:04:03','2023-12-20 17:04:03'),
(2391,'Initia Real Estate (ontario) Ltd.','Sarnia','Lambton','liveinitia.ca','','Claire Marie Bruno','2023-12-20 17:04:03','2023-12-20 17:04:03'),
(2392,'Locc Real Estate & Appraisals Inc.','Sarnia','Lambton','on.aibn.com','','Leyea Kridiotis','2023-12-20 17:04:03','2023-12-20 17:04:03'),
(2393,'Lpre Inc.','Sarnia','Lambton','coldwellbanker.ca','','Steve D. Park','2023-12-20 17:04:03','2023-12-20 17:04:03'),
(2394,"'North \""n\"" Lights Inc.'",'Sarnia','Lambton','','','Patricia L. Harkins','2024-01-29 17:32:02','2023-12-20 17:04:03'),
(2395,'Re/max Sarnia Realty Inc','Sarnia','Lambton','','','April Dawn Barnard','2023-12-20 17:04:03','2023-12-20 17:04:03'),
(2396,'Rite At Home Realty Inc.','Sarnia','Lambton','','','Michael Regan O\'neill','2023-12-20 17:04:03','2023-12-20 17:04:03'),
(2397,'Streetcity Realty Inc.','Sarnia','Lambton','','','','2023-12-20 17:04:03','2023-12-20 17:04:03'),
(2398,'Thomas P Ronan','Sarnia','Lambton','','','Thomas P Ronan','2023-12-20 17:04:04','2023-12-20 17:04:04'),
(2399,'Wm R Dennis Real Estate Ltd','Sarnia','Lambton','','','William Richard Dennis','2024-01-29 17:32:02','2023-12-20 17:04:04'),
(2400,'1848726 Ontario Inc.','Sault Ste. Marie','','','','Kristen Ann Trembinski','2023-12-20 17:04:15','2023-12-20 17:04:15'),
(2401,'1927490 Ontario Inc.','Sault Ste. Marie','','greenapplerealty.ca','','Linda Rose Pardy','2023-12-20 17:04:15','2023-12-20 17:04:15'),
(2402,'Butkovich And Associates Co. Ltd.','Sault Ste. Marie','','royallepage.ca','','Gordon A Henderson','2023-12-20 17:04:15','2023-12-20 17:04:15'),
(2403,'Castle Realty (2022) Ltd.','Sault Ste. Marie','','castlerealty.ca','','David A Butkovich','2023-12-20 17:04:15','2023-12-20 17:04:15'),
(2404,'Century 21 Choice Realty Inc.','Sault Ste. Marie','','century21.ca','','James Anthony Caicco','2023-12-20 17:04:15','2023-12-20 17:04:15'),
(2405,'Eric Brauner','Sault Ste. Marie','','','','Eric Brauner','2024-01-31 12:27:23','2023-12-20 17:04:16'),
(2406,'Exp Realty Of Canada Inc','Sault Ste. Marie','','exprealty.net','','','2023-12-20 17:04:16','2023-12-20 17:04:16'),
(2407,'Godfrey Realty Group Inc.','Sault Ste. Marie','','godfreyrealty.com','','Dale M. V. Godfrey','2023-12-20 17:04:16','2023-12-20 17:04:16'),
(2408,'Re/max Sault Ste. Marie Realty Inc.','Sault Ste. Marie','','','','Samanda Doreen Butkovich','2023-12-20 17:04:18','2023-12-20 17:04:18'),
(2409,'Stewart Team Brokerage Corp.','Sault Ste. Marie','','stewartteam.ca','','','2023-12-20 17:04:19','2023-12-20 17:04:19'),
(2410,'Streetcity Realty Inc.','Sault Ste. Marie','','','','','2023-12-20 17:04:19','2023-12-20 17:04:19'),
(2411,'Michael Dennis Moroney','','Algoma','','','Michael Dennis Moroney','2023-12-20 17:04:33','2023-12-20 17:04:33'),
(2412,'Rsg Real Estate Inc.','Selwyn','','','','Carl H. Nabein','2023-12-20 17:04:33','2023-12-20 17:04:33'),
(2413,'1848726 Ontario Inc.','Springwater','Simcoe County','exitrealtyssm.com','','','2023-12-20 17:04:33','2023-12-20 17:04:33'),
(2414,'Elgin Realty (1991) Limited','St. Thomas','Elgin County','elginrealty.ca','','Andrew Bernard Sheridan','2023-12-20 17:04:34','2023-12-20 17:04:34'),
(2415,'John Direnzo Team Inc.','St. Thomas','Elgin County','homechannel.ca','','Bruno Direnzo','2023-12-20 17:04:34','2023-12-20 17:04:34'),
(2416,'Props Realty Inc.','St. Thomas','Elgin County','','','Jacqueline Christine Robinson','2023-12-20 17:04:34','2023-12-20 17:04:34'),
(2417,'Re/max Centre City Realty Inc','St. Thomas','Elgin County','remaxlondon.com','','','2023-12-20 17:04:34','2023-12-20 17:04:34'),
(2418,'St. Thomas Town & Country Realty Inc.','St. Thomas','Elgin County','','','Kristopher Kewley','2023-12-20 17:04:34','2023-12-20 17:04:34'),
(2419,'Triland Realty Ltd.','St. Thomas','Elgin County','royallepage.ca','','','2023-12-20 17:04:34','2023-12-20 17:04:34'),
(2420,'Aldo Desantis Realty Inc','Stoney Creek','Hamilton-wentworth','','','Aldo Desantis','2023-12-20 17:04:36','2023-12-20 17:04:36'),
(2421,'Bob Jugovic Real Estate Limited','Stoney Creek','Hamilton-wentworth','','','Bosko Jugovic','2023-12-20 17:04:36','2023-12-20 17:04:36'),
(2422,'Cameron Stanley Brokerage Inc.','Stoney Creek','Hamilton-wentworth','cameronstanley.ca','','Cameron James Brown','2023-12-20 17:04:36','2023-12-20 17:04:36'),
(2423,'Century 21 Insight Realty Group Inc.','Stoney Creek','Hamilton-wentworth','century21.ca','','Wayne J Picyk','2023-12-20 17:04:36','2023-12-20 17:04:36'),
(2424,'Del Mar Realty Inc','Stoney Creek','Hamilton-wentworth','rmxemail.com','','Louis M Zurini','2023-12-20 17:04:36','2023-12-20 17:04:36'),
(2425,'Glen Easson Real Estate Ltd.','Stoney Creek','Hamilton-wentworth','','','Robert Glen Easson','2023-12-20 17:04:36','2023-12-20 17:04:36'),
(2426,'J M Edwards Associates Inc','Stoney Creek','Hamilton-wentworth','jmedwards.com','','James M Edwards','2023-12-20 17:04:36','2023-12-20 17:04:36'),
(2427,'Kingsway Real Estate Inc.','Stoney Creek','Hamilton-wentworth','kingswayrealestate.ca','','Akbar Zarehhossainabadi','2023-12-20 17:04:36','2023-12-20 17:04:36'),
(2428,'M. Marel Real Estate (1983) Inc.','Stoney Creek','Hamilton-wentworth','marelbrokers.com','','Heidi Jennifer Kirk','2023-12-20 17:04:36','2023-12-20 17:04:36'),
(2429,'Macro Realty Inc.','Stoney Creek','Hamilton-wentworth','royallepage.ca','','','2023-12-20 17:04:36','2023-12-20 17:04:36'),
(2430,'Re/max Escarpment Realty Inc.','Stoney Creek','Hamilton-wentworth','rmxemail.com','','','2023-12-20 17:04:36','2023-12-20 17:04:36'),
(2431,'Re/max Niagara Realty Ltd.','Stoney Creek','Hamilton-wentworth','rmxemail.com','','','2023-12-20 17:04:36','2023-12-20 17:04:36'),
(2432,'Rosati Real Estate Inc.','Stoney Creek','Hamilton-wentworth','','','Joseph Rosati','2023-12-20 17:04:36','2023-12-20 17:04:36'),
(2433,'Smart Choice Realty Solutions Inc.','Stoney Creek','Hamilton-wentworth','','','','2023-12-20 17:04:36','2023-12-20 17:04:36'),
(2434,'State Realty Limited','Stoney Creek','Hamilton-wentworth','','','','2024-01-29 17:32:08','2023-12-20 17:04:36'),
(2435,'William M Black','Stoney Creek','Hamilton-wentworth','','','','2023-12-20 17:04:36','2023-12-20 17:04:36'),
(2436,'All Points-festival City Realty Ltd.','Stratford','Perth County','realestategoderich.com','','Donald James Rivers','2023-12-20 17:05:00','2023-12-20 17:05:00'),
(2437,'Chestnut Park Real Estate Limited','Stratford','Perth County','chestnutpark.com','','','2023-12-20 17:05:00','2023-12-20 17:05:00'),
(2438,'Exp Realty Of Canada Inc','Stratford','Perth County','exprealty.net','','','2023-12-20 17:05:00','2023-12-20 17:05:00'),
(2439,'Home And Company Real Estate Corp. Brokerage','Stratford','Perth County','homeandcompany.ca','','Marian Alberta Dewever','2023-12-20 17:05:00','2023-12-20 17:05:00'),
(2440,'P. H. Hiller Realty Limited','Stratford','Perth County','royallepage.ca','','Barbara Dianne Hiller Thibeault','2023-12-20 17:05:00','2023-12-20 17:05:00'),
(2441,'Rachelle Lee Czartorynskyj','Stratford','Perth County','stratfordrealestatebroker.ca','','','2023-12-20 17:05:00','2023-12-20 17:05:00'),
(2442,'Re/max A-b Realty Ltd','Stratford','Perth County','stratfordhomes.ca','','','2023-12-20 17:05:00','2023-12-20 17:05:00'),
(2443,'Shackleton\'s Real Estate & Auction Co.','Stratford','Perth County','shackletons.ca','','Brent Hugh Shackleton','2023-12-20 17:05:00','2023-12-20 17:05:00'),
(2444,'Streetcity Realty Inc.','Stratford','Perth County','','','','2023-12-20 17:05:00','2023-12-20 17:05:00'),
(2445,'Sutton Group- First Choice Realty Ltd.','Stratford','Perth County','firstchoicerealtor.com','','Gary Joseph Van Bakel','2023-12-20 17:05:00','2023-12-20 17:05:00'),
(2446,'1891889 Ontario Inc.','Strathroy','Middlesex County','juliewolf.ca','','Julie Wolf','2023-12-20 17:05:07','2023-12-20 17:05:07'),
(2447,'Century 21 Red Ribbon Realty (2000) Ltd.','Strathroy','Middlesex County','','','Nathan Wallace Parsons','2024-01-31 12:27:23','2023-12-20 17:05:07'),
(2448,'Holme Realty Inc','Strathroy','Middlesex County','','','Kenneth H Tupholme','2023-12-20 17:05:07','2023-12-20 17:05:07'),
(2449,'Kettlewell Insurance & Real Estate Ltd','Strathroy','Middlesex County','kettlewell.ca','','Murray Stuart Kettlewell','2023-12-20 17:05:07','2023-12-20 17:05:07'),
(2450,'London Lifestyles Realty Inc.','Strathroy','Middlesex County','kw.com','','','2023-12-20 17:05:07','2023-12-20 17:05:07'),
(2451,'Michael A. Morrish','Strathroy','Middlesex County','','','','2024-01-29 17:31:35','2023-12-20 17:05:07'),
(2452,'Nancy Morrish','Strathroy','Middlesex County','','','Nancy Morrish','2024-01-29 17:31:26','2023-12-20 17:05:07'),
(2453,'Re/max Centre City Realty Inc','Strathroy','Middlesex County','remaxlondon.com','','','2023-12-20 17:05:07','2023-12-20 17:05:07'),
(2454,'Star Real Estate Inc.','Strathroy','Middlesex County','robintillerproperties.com','','','2023-12-20 17:05:07','2023-12-20 17:05:07'),
(2455,'Synergy Realty Ltd.','Strathroy','Middlesex County','','','Jaclyn Margarida Costa','2024-01-29 17:31:35','2023-12-20 17:05:07'),
(2456,'1000082495 Ontario Limited','Sudbury','','','','Julie Caroline Marie Robert','2023-12-20 17:05:08','2023-12-20 17:05:08'),
(2457,'1022989 Ontario Limited','Sudbury','','royallepage.ca','','Barry John Kindrat','2023-12-20 17:05:08','2023-12-20 17:05:08'),
(2458,'Anr Realty Inc.','Sudbury','','appraisalsnorth.ca','','Ronald Louis Monk','2023-12-20 17:05:09','2023-12-20 17:05:09'),
(2459,'Bagnato Realty Ltd','Sudbury','','vianet.ca','','Joseph Bagnato','2023-12-20 17:05:09','2023-12-20 17:05:09'),
(2460,'Biznorth Inc.','Sudbury','','sunbeltcanada.com','','Steven Giovanni Renelli','2023-12-20 17:05:09','2023-12-20 17:05:09'),
(2461,'Century 21 Select Realty Ltd.','Sudbury','','century21.ca','','Jack Giacomo Rocca','2023-12-20 17:05:10','2023-12-20 17:05:10'),
(2462,'Charles Bell Real Estate Appraisals Ltd.','Sudbury','','bellappraisals.ca','','Duncan C Bell','2023-12-20 17:05:10','2023-12-20 17:05:10'),
(2463,'Charles Marsh Real Estate (1958) Ltd','Sudbury','','cyberbeach.net','','Douglas C Marsh','2023-12-20 17:05:10','2023-12-20 17:05:10'),
(2464,'Corsi Realty Inc.','Sudbury','','corsigroup.ca','','Paul Corsi','2023-12-20 17:05:10','2023-12-20 17:05:10'),
(2465,'Exp Realty Of Canada Inc','Sudbury','','exprealty.net','','','2023-12-20 17:05:11','2023-12-20 17:05:11'),
(2466,'Giovanni Cimino','Sudbury','','eastlink.ca','','Giovanni Cimino','2023-12-20 17:05:11','2023-12-20 17:05:11'),
(2467,'Guarantee Permanent Realty Ltd.','Sudbury','','guaranteeperm.ca','','Dean Glen Lasorsa','2023-12-20 17:05:11','2023-12-20 17:05:11'),
(2468,'Homelife Green Team Realty Inc.','Sudbury','','douggreen.ca','','Douglas F Green','2023-12-20 17:05:12','2023-12-20 17:05:12'),
(2469,'Independent Realty Sudbury Inc.','Sudbury','','persona.ca','','Joey Robert Bourget','2023-12-20 17:05:12','2023-12-20 17:05:12'),
(2470,'John E Smith Realty Sudbury Limited','Sudbury','','jsmithrealty.com','','Luke Michael Smith','2023-12-20 17:05:13','2023-12-20 17:05:13'),
(2471,'Lacellegroup Realty Inc.','Sudbury','','lacellegroup.com','','Brigitte Suzanne Lacelle','2023-12-20 17:05:13','2023-12-20 17:05:13'),
(2472,'Lake City Realty Ltd.','Sudbury','','lakecityrealty.ca','','David Joseph Kurt','2023-12-20 17:05:13','2023-12-20 17:05:13'),
(2473,'Mallette-goring Inc.','Sudbury','','mgre.ca','','Christopher Michael Tammi','2023-12-20 17:05:14','2023-12-20 17:05:14'),
(2474,'Mesa Commercial Corp.','Sudbury','','mesacommercial.ca','','Michael Edmund Salenieks','2023-12-20 17:05:15','2023-12-20 17:05:15'),
(2475,'Milestone Gold Realty Ltd.','Sudbury','','milestonegold.com','','Todd Michael Smrke','2023-12-20 17:05:15','2023-12-20 17:05:15'),
(2476,'Naneff Realty Ltd.','Sudbury','','','','Alex Naneff','2023-12-20 17:05:15','2023-12-20 17:05:15'),
(2477,'North Heritage Realty Inc.','Sudbury','','royallepagesudbury.ca','','','2023-12-20 17:05:15','2023-12-20 17:05:15'),
(2478,'Paul G. Zulich Realty Limited','Sudbury','','zulich.com','','Paul G. Zulich','2023-12-20 17:05:15','2023-12-20 17:05:15'),
(2479,'Re/max Crown Realty (1989) Inc.','Sudbury','','remaxcrown.ca','','Marissa Diane Arnold','2023-12-20 17:05:15','2023-12-20 17:05:15'),
(2480,'Re/max Sudbury Inc.','Sudbury','','remaxsudbury.com','','Carlie Joyce St. Amant','2023-12-20 17:05:16','2023-12-20 17:05:16'),
(2481,'Real Broker Ontario Ltd.','Sudbury','','therealbrokerage.com','','','2023-12-20 17:05:16','2023-12-20 17:05:16'),
(2482,'Realty Executives Of Sudbury Ltd.','Sudbury','','realtyexecutives.com','','Carl Peter Young','2023-12-20 17:05:16','2023-12-20 17:05:16'),
(2483,'Red And White Realty Inc.','Sudbury','','redandwhiterealty.com','','David William Anderson','2023-12-20 17:05:16','2023-12-20 17:05:16'),
(2484,'Revel Realty Inc.','Sudbury','','revelrealty.ca','','','2023-12-20 17:05:16','2023-12-20 17:05:16'),
(2485,'Royal Star Realty Inc','Sudbury','','royalstarrealty.com','','','2023-12-20 17:05:16','2023-12-20 17:05:16'),
(2486,'Sutton-benchmark Realty Inc.','Sudbury','','sutton.com','','Susan Papa','2023-12-20 17:05:17','2023-12-20 17:05:17'),
(2487,'U-view Realty Inc.','Sudbury','','uviewrealty.com','','Catherine Helen Bernier','2023-12-20 17:05:18','2023-12-20 17:05:18'),
(2488,'2809510 Ontario Ltd.','Tecumseh','Essex County','','','Garrison Norman Matte','2023-12-20 17:05:43','2023-12-20 17:05:43'),
(2489,'Binder Real Estate Inc.','Tecumseh','Essex County','royallepagebinder.com','','','2023-12-20 17:05:43','2023-12-20 17:05:43'),
(2490,'Buckingham Realty (windsor) Ltd','Tecumseh','Essex County','buckinghamrealty.ca','','','2023-12-20 17:05:43','2023-12-20 17:05:43'),
(2491,'Deerbrook Andrew J. Smith Real Estate Inc.','Tecumseh','Essex County','','','Andrew James Smith','2023-12-20 17:05:43','2023-12-20 17:05:43'),
(2492,'Dinara Family Inc.','Tecumseh','Essex County','teamgoran.com','','Goran Todorovic','2023-12-20 17:05:43','2023-12-20 17:05:43'),
(2493,'Jump Realty Inc.','Tecumseh','Essex County','jumprealty.ca','','Damon William Winney','2023-12-20 17:05:43','2023-12-20 17:05:43'),
(2494,'Key Solutions Realty Ltd.','Tecumseh','Essex County','','','Vicki Vasovski','2024-01-29 17:31:53','2023-12-20 17:05:43'),
(2495,'Paul P Bistany','Tecumseh','Essex County','bistanyrealestate.com','','Paul P Bistany','2023-12-20 17:05:44','2023-12-20 17:05:44'),
(2496,'Remo Valente Real Estate (1990) Limited','Tecumseh','Essex County','velenterealestate.com','','','2023-12-20 17:05:44','2023-12-20 17:05:44'),
(2497,'Urbanski Realty Limited','Tecumseh','Essex County','','','Joanne Urbanski','2023-12-20 17:05:44','2023-12-20 17:05:44'),
(2498,'M.c. Homes Realty Inc.','Thamesville','','','','Mary Corine Covemaeker','2024-01-31 12:27:23','2023-12-20 17:05:58'),
(2499,'A.r. Belluz Realty Inc.','Thunder Bay','Thunder Bay','belluz.com','','Anthony Ray Belluz','2023-12-20 17:05:59','2023-12-20 17:05:59'),
(2500,'Apex Realty Services Ltd.','Thunder Bay','Thunder Bay','apex-tb.com','','Paul Andrew Roberts','2023-12-20 17:05:59','2023-12-20 17:05:59'),
(2501,'Avista Realty Group Ltd.','Thunder Bay','Thunder Bay','avistarealty.ca','','Rajni Agarwal','2023-12-20 17:05:59','2023-12-20 17:05:59'),
(2502,'Century 21 Superior Realty Inc.','Thunder Bay','Thunder Bay','tbaytel.net','','Ronne William Ferris','2023-12-20 17:05:59','2023-12-20 17:05:59'),
(2503,'Champs Real Estate Brokerage Inc.','Thunder Bay','Thunder Bay','','','','2023-12-20 17:05:59','2023-12-20 17:05:59'),
(2504,'D S Mccullough Realty Ltd','Thunder Bay','Thunder Bay','tbaytel.net','','James Dermot Mccullough','2023-12-20 17:05:59','2023-12-20 17:05:59'),
(2505,'Exp Realty Of Canada Inc','Thunder Bay','Thunder Bay','exprealty.net','','','2023-12-20 17:05:59','2023-12-20 17:05:59'),
(2506,'Keysplz Realty Ltd.','Thunder Bay','Thunder Bay','keysplz.ca','','Spencer Glen Smith','2023-12-20 17:05:59','2023-12-20 17:05:59'),
(2507,'Lannon Realty Limited','Thunder Bay','Thunder Bay','andrewlawrence.com','','Andrew J. Lawrence','2023-12-20 17:05:59','2023-12-20 17:05:59'),
(2508,'Les R. Scrimshaw','Thunder Bay','Thunder Bay','tbaytel.net','','Les R. Scrimshaw','2023-12-20 17:05:59','2023-12-20 17:05:59'),
(2509,'Neighbourly Realty Thunder Bay Inc.','Thunder Bay','Thunder Bay','lakeheadu.ca','','Christopher Shawn Houle','2023-12-20 17:05:59','2023-12-20 17:05:59'),
(2510,'Pd Realty Inc.','Thunder Bay','Thunder Bay','pdsold.ca','','','2023-12-20 17:05:59','2023-12-20 17:05:59'),
(2511,'Re/max First Choice Realty Ltd.','Thunder Bay','Thunder Bay','','','Mario P. Tegola','2024-01-31 12:27:23','2023-12-20 17:05:59'),
(2512,'Signature North Realty Inc.','Thunder Bay','Thunder Bay','neilirwin.ca','','Diane Susan Erickson','2023-12-20 17:05:59','2023-12-20 17:05:59'),
(2513,'Streetcity Realty Inc.','Thunder Bay','Thunder Bay','','','','2023-12-20 17:05:59','2023-12-20 17:05:59'),
(2514,'Sutton Group Bay City Realty Ltd.','Thunder Bay','Thunder Bay','fredfeaver.ca','','Frederick J Feaver','2023-12-20 17:05:59','2023-12-20 17:05:59'),
(2515,'Timothy Robert Groulx','Thunder Bay','Thunder Bay','','','','2023-12-20 17:05:59','2023-12-20 17:05:59'),
(2516,'Town & Country Realty (tbay) Inc.','Thunder Bay','Thunder Bay','tcrealty.ca','','Michael Kostecki','2023-12-20 17:05:59','2023-12-20 17:05:59'),
(2517,'Willport Realty Limited','Thunder Bay','Thunder Bay','','','Nicholas A. Fratpietro Jr.','2024-01-31 12:27:23','2023-12-20 17:05:59'),
(2518,'Ab Wiltshire Inc.','Tillsonburg','Oxford County','wiltshirerealty.ca','','Bryan Wiltshire','2023-12-20 17:06:08','2023-12-20 17:06:08'),
(2519,'Century 21 Heritage House Ltd','Tillsonburg','Oxford County','century21.ca','','','2023-12-20 17:06:08','2023-12-20 17:06:08'),
(2520,'Dotted Line Real Estate Inc. Brokerage','Tillsonburg','Oxford County','dottedline.ca','','Jeffrey Thomas Breit','2023-12-20 17:06:08','2023-12-20 17:06:08'),
(2521,'G. R. Paret Realty Limited','Tillsonburg','Oxford County','paretrealty.com','','Gary R. Paret','2023-12-20 17:06:08','2023-12-20 17:06:08'),
(2522,'J.e. Newton Realty Ltd','Tillsonburg','Oxford County','','','John Edward Newton','2024-01-31 12:27:23','2023-12-20 17:06:08'),
(2523,'Jack Graves Realty Ltd','Tillsonburg','Oxford County','oxford.net','','Lori Michele Graves','2023-12-20 17:06:08','2023-12-20 17:06:08'),
(2524,'R E Wood Realty Limited','Tillsonburg','Oxford County','royallepage.ca','','Robert Bastian Koppert','2023-12-20 17:06:08','2023-12-20 17:06:08'),
(2525,'Re/max Tri-county Realty Inc.','Tillsonburg','Oxford County','tillsonburghomes.com','','Sherry Sabrina Sanders','2023-12-20 17:06:08','2023-12-20 17:06:08'),
(2526,'T. L. Willaert Realty Ltd.','Tillsonburg','Oxford County','kwic.com','','Terry L. Willaert','2023-12-20 17:06:08','2023-12-20 17:06:08'),
(2527,'The Realty Firm Inc.','Tillsonburg','Oxford County','therealtyfirm.ca','','Ryan Hodge','2023-12-20 17:06:08','2023-12-20 17:06:08'),
(2528,'1000341862 Ontario Limited','Timmins','Cochrane','','','Jessica Lenore Gervais','2023-12-20 17:06:11','2023-12-20 17:06:11'),
(2529,'Claimpost Realty Ltd.','Timmins','Cochrane','claimpostrealty.com','','Stephanie Patricia Gagnon','2023-12-20 17:06:11','2023-12-20 17:06:11'),
(2530,'Exp Realty Of Canada Inc','Timmins','Cochrane','exprealty.net','','','2023-12-20 17:06:11','2023-12-20 17:06:11'),
(2531,'Re/max Crown Realty (1989) Inc.','Timmins','Cochrane','remaxcrown.ca','','','2023-12-20 17:06:11','2023-12-20 17:06:11'),
(2532,'Realty Networks Inc','Timmins','Cochrane','','','Marc Andre Leroux','2023-12-20 17:06:11','2023-12-20 17:06:11'),
(2533,'Revel Realty Inc.','Timmins','Cochrane','revelrealty.ca','','Dean Michael Serravalle','2023-12-20 17:06:11','2023-12-20 17:06:11'),
(2534,'In Touch Realty Inc.','Tiny','Simcoe County','royallepage.ca','','','2023-12-20 17:06:13','2023-12-20 17:06:13'),
(2535,'Re/max Georgian Bay Realty Ltd','Tiny','Simcoe County','bobbiedupuis.ca','','','2023-12-20 17:06:13','2023-12-20 17:06:13'),
(2536,'Realty Executives On The Bay Inc.','Tiny','Simcoe County','','','','2024-01-31 12:11:50','2023-12-20 17:06:13'),
(2537,'Revel Realty Inc.','Tiny','Simcoe County','revelrealty.ca','','','2023-12-20 17:06:13','2023-12-20 17:06:13'),
(2538,'Sutton-choice Real Estate Inc.brokerage','Tiny','Simcoe County','suttonchoice.com','','','2023-12-20 17:06:13','2023-12-20 17:06:13'),
(2539,'1000037080 Ontario Inc.','Toronto','Metro Toronto','thedashgroup.ca','','Dror Dean Aronovici','2023-12-20 17:06:24','2023-12-20 17:06:24'),
(2540,'1000081140 Ontario Inc.','Toronto','Metro Toronto','','','Yan Shan Liu','2023-12-20 17:06:24','2023-12-20 17:06:24'),
(2541,'1000085532 Ontario Inc.','Toronto','Metro Toronto','rightathomerealty.com','','Julie Rachelle Kee','2023-12-20 17:06:24','2023-12-20 17:06:24'),
(2542,'1000171862 Ontario Inc.','Toronto','Metro Toronto','','','Panxiao Zang','2023-12-20 17:06:24','2023-12-20 17:06:24'),
(2543,'1000218414 Ontario Incorporated','Toronto','Metro Toronto','','','Nicole Stephanie Reid','2023-12-20 17:06:24','2023-12-20 17:06:24'),
(2544,'1000294995 Ontario Inc.','Toronto','Metro Toronto','miirealty.com','','Shaan Imtiaz Shaikh','2023-12-20 17:06:24','2023-12-20 17:06:24'),
(2545,'1000472272 Ontario Inc.','Toronto','Metro Toronto','oraclegr.com','','Justin Anthony Bossio','2023-12-20 17:06:24','2023-12-20 17:06:24'),
(2546,'1000493011 Ontario Inc.','Toronto','Metro Toronto','koolspace.com','','Steven Alikakos','2023-12-20 17:06:24','2023-12-20 17:06:24'),
(2547,'10027294 Canada Incorporated','Toronto','Metro Toronto','','','Chao Yang Jian','2023-12-20 17:06:24','2023-12-20 17:06:24'),
(2548,'10045047 Canada Inc.','Toronto','Metro Toronto','mcnaughtrealestate.com','','','2023-12-20 17:06:24','2023-12-20 17:06:24'),
(2549,'10117897 Canada Inc.','Toronto','Metro Toronto','remaxmetropolis.ca','','','2023-12-20 17:06:24','2023-12-20 17:06:24'),
(2550,'10163589 Canada Inc.','Toronto','Metro Toronto','','','Alexander Moshkovich','2023-12-20 17:06:24','2023-12-20 17:06:24'),
(2551,'10703702 Canada Inc.','Toronto','Metro Toronto','','','Vishal Valsadia','2023-12-20 17:06:24','2023-12-20 17:06:24'),
(2552,'10707805 Canada Inc.','Toronto','Metro Toronto','baronrealty.ca','','Mikael Kurkdjian','2023-12-20 17:06:24','2023-12-20 17:06:24'),
(2553,'11014757 Canada Inc.','Toronto','Metro Toronto','digirealty.com','','','2023-12-20 17:06:24','2023-12-20 17:06:24'),
(2554,'11802119 Canada Inc.','Toronto','Metro Toronto','theagencyre.com','','','2023-12-20 17:06:24','2023-12-20 17:06:24'),
(2555,'13337511 Canada Inc.','Toronto','Metro Toronto','','','Pranay Naresh Kumar Jani','2023-12-20 17:06:24','2023-12-20 17:06:24'),
(2556,'13926907 Canada Inc','Toronto','Metro Toronto','evcanada.com','','Adrienne Joy Lake','2023-12-20 17:06:24','2023-12-20 17:06:24'),
(2557,'1469282 Ontario Inc.','Toronto','Metro Toronto','royallepage.ca','','','2023-12-20 17:06:24','2023-12-20 17:06:24'),
(2558,'1730568 Ontario Inc.','Toronto','Metro Toronto','','','Gurmender Singh','2023-12-20 17:06:24','2023-12-20 17:06:24'),
(2559,'1733166 Ontario Inc.','Toronto','Metro Toronto','torontoreb.com','','Larissa Klepatch','2023-12-20 17:06:24','2023-12-20 17:06:24'),
(2560,'1762596 Ontario Inc.','Toronto','Metro Toronto','stevedoyle.ca','','Stephen Patrick Doyle','2023-12-20 17:06:24','2023-12-20 17:06:24'),
(2561,'1773966 Ontario Inc.','Toronto','Metro Toronto','buyrealty.ca','','Yevgeny Jay Frenkel','2023-12-20 17:06:24','2023-12-20 17:06:24'),
(2562,'1923868 Ontario Inc.','Toronto','Metro Toronto','','','Aziz Amiri','2023-12-20 17:06:24','2023-12-20 17:06:24'),
(2563,'1927722 Ontario Inc.','Toronto','Metro Toronto','century21.ca','','Joseph Syposz','2023-12-20 17:06:24','2023-12-20 17:06:24'),
(2564,'1989617 Ontario Inc.','Toronto','Metro Toronto','','','Vicky Hsiu-hui Hsu','2023-12-20 17:06:24','2023-12-20 17:06:24'),
(2565,'1995009 Ontario Inc.','Toronto','Metro Toronto','','','Larissa Rogett','2023-12-20 17:06:24','2023-12-20 17:06:24'),
(2566,'1997959 Ontario Inc.','Toronto','Metro Toronto','','','Behzad Azizi','2024-01-31 12:11:50','2023-12-20 17:06:24'),
(2567,'2150659 Ontario Inc.','Toronto','Metro Toronto','kw.com','','Candace Anne Kaszas','2023-12-20 17:06:24','2023-12-20 17:06:24'),
(2568,'2162559 Ontario Inc.','Toronto','Metro Toronto','','','Imran Khan','2023-12-20 17:06:24','2023-12-20 17:06:24'),
(2569,'2305969 Ontario Inc.','Toronto','Metro Toronto','everhome.ca','','Diana Young','2023-12-20 17:06:24','2023-12-20 17:06:24'),
(2570,'2355017 Ontario Inc.','Toronto','Metro Toronto','sunbeltcanada.com','','John Edward Elias','2023-12-20 17:06:24','2023-12-20 17:06:24'),
(2571,'2362457 Ontario Inc.','Toronto','Metro Toronto','jamesbensongroup.com','','','2023-12-20 17:06:24','2023-12-20 17:06:24'),
(2572,'2427277 Ontario Inc.','Toronto','Metro Toronto','','','Yixuan Wang','2023-12-20 17:06:24','2023-12-20 17:06:24'),
(2573,'2512068 Ontario Inc.','Toronto','Metro Toronto','','','Sanjeev Kumar Wadhwa','2023-12-20 17:06:24','2023-12-20 17:06:24'),
(2574,'2518104 Ontario Inc.','Toronto','Metro Toronto','davidortino.com','','David Ernesto Ortino','2023-12-20 17:06:24','2023-12-20 17:06:24'),
(2575,'2518951 Ontario Inc.','Toronto','Metro Toronto','','','Balwinder Jit Singh Bedi','2023-12-20 17:06:24','2023-12-20 17:06:24'),
(2576,'2524041 Ontario Inc.','Toronto','Metro Toronto','rashidadhalla.com','','Rashida Dhalla','2023-12-20 17:06:24','2023-12-20 17:06:24'),
(2577,'2526675 Ontario Inc.','Toronto','Metro Toronto','','','David Soberano','2023-12-20 17:06:24','2023-12-20 17:06:24'),
(2578,'2527377 Ontario Inc.','Toronto','Metro Toronto','','','Harvey Lawrence Adelman','2024-01-31 12:11:50','2023-12-20 17:06:24'),
(2579,'2529919 Ontario Ltd.','Toronto','Metro Toronto','remaxprimeproperties.ca','','','2023-12-20 17:06:24','2023-12-20 17:06:24'),
(2580,'2540017 Ontario Inc.','Toronto','Metro Toronto','power7realty.com','','','2023-12-20 17:06:24','2023-12-20 17:06:24'),
(2581,'2549437 Ontario Inc.','Toronto','Metro Toronto','masudainternational.com','','Emily Masuda','2023-12-20 17:06:24','2023-12-20 17:06:24'),
(2582,'2560647 Ontario Inc.','Toronto','Metro Toronto','tonyk.ca','','Gurdeep Singh Kalsi','2023-12-20 17:06:24','2023-12-20 17:06:24'),
(2583,'2561434 Ontario Inc.','Toronto','Metro Toronto','','','Ewa Maria Timachy','2023-12-20 17:06:24','2023-12-20 17:06:24'),
(2584,'2580504 Ontario Corporation','Toronto','Metro Toronto','elibakhtiari.com','','Tahereh Eli Bakhtiari','2023-12-20 17:06:24','2023-12-20 17:06:24'),
(2585,'2584233 Ontario Inc.','Toronto','Metro Toronto','','','Drita Bruci','2023-12-20 17:06:24','2023-12-20 17:06:24'),
(2586,'2604813 Ontario Ltd.','Toronto','Metro Toronto','timyew.com','','Timothy Yew','2023-12-20 17:06:24','2023-12-20 17:06:24'),
(2587,'2618259 Ontario Inc.','Toronto','Metro Toronto','kamaligroup.ca','','Mohammad Kamali','2023-12-20 17:06:24','2023-12-20 17:06:24'),
(2588,'2632298 Ontario Ltd.','Toronto','Metro Toronto','propertyshopgta.com','','Vanessa Amanda Baglieri','2023-12-20 17:06:24','2023-12-20 17:06:24'),
(2589,'2634922 Ontario Inc.','Toronto','Metro Toronto','barrosgroup.ca','','Ricardo Daniel Barros','2023-12-20 17:06:24','2023-12-20 17:06:24'),
(2590,'2641700 Ontario Inc.','Toronto','Metro Toronto','','','Ahmad Shalforoshzadeh','2023-12-20 17:06:24','2023-12-20 17:06:24'),
(2591,'2648413 Ontario Inc.','Toronto','Metro Toronto','','','Maxim Baginskiy','2023-12-20 17:06:24','2023-12-20 17:06:24'),
(2592,'2659915 Ontario Inc.','Toronto','Metro Toronto','julieseo.com','','Youn Ji Seo','2023-12-20 17:06:24','2023-12-20 17:06:24'),
(2593,'2668540 Ontario Inc.','Toronto','Metro Toronto','armanisells.com','','Mario Armani','2023-12-20 17:06:24','2023-12-20 17:06:24'),
(2594,'2674471 Ontario Inc.','Toronto','Metro Toronto','adteam.ca','','Anuja Kumarasamy','2023-12-20 17:06:24','2023-12-20 17:06:24'),
(2595,'2683640 Ontario Inc.','Toronto','Metro Toronto','propertiesinstyle.com','','Geon Theodorus Petrus Van Der Wyst','2023-12-20 17:06:24','2023-12-20 17:06:24'),
(2596,'2716742 Ontario Inc.','Toronto','Metro Toronto','propertyzilla.com','','Sukhjit Paul','2023-12-20 17:06:24','2023-12-20 17:06:24'),
(2597,'2717939 Ontario Inc.','Toronto','Metro Toronto','','','Hugh Kuang','2023-12-20 17:06:24','2023-12-20 17:06:24'),
(2598,'2734100 Ontario Inc.','Toronto','Metro Toronto','','','John F Alexander','2023-12-20 17:06:24','2023-12-20 17:06:24'),
(2599,'2756365 Ontario Inc.','Toronto','Metro Toronto','','','Sarah Kassai','2023-12-20 17:06:24','2023-12-20 17:06:24'),
(2600,'2756849 Ontario Inc.','Toronto','Metro Toronto','','','Vadim Vilensky','2023-12-20 17:06:24','2023-12-20 17:06:24'),
(2601,'2775737 Ontario Inc.','Toronto','Metro Toronto','','','Zheng Tao Liu','2023-12-20 17:06:24','2023-12-20 17:06:24'),
(2602,'2787939 Ontario Inc.','Toronto','Metro Toronto','','','Farman Ali','2023-12-20 17:06:24','2023-12-20 17:06:24'),
(2603,'2806408 Ontario Inc.','Toronto','Metro Toronto','','','Ravinder Gurdita','2023-12-20 17:06:24','2023-12-20 17:06:24'),
(2604,'2841720 Ontario Ltd','Toronto','Metro Toronto','holywell.ca','','Edward Adam Major','2023-12-20 17:06:24','2023-12-20 17:06:24'),
(2605,'2844748 Ontario Limited','Toronto','Metro Toronto','tbre.ca','','Gaabriyal Raajiv Sathiyamoorthy','2023-12-20 17:06:24','2023-12-20 17:06:24'),
(2606,'2847675 Ontario Inc.','Toronto','Metro Toronto','','','Asheesh Kumar','2023-12-20 17:06:24','2023-12-20 17:06:24'),
(2607,'2kta Realty Inc.','Toronto','Metro Toronto','2ktarealty.com','','Ellie Cyrus','2023-12-20 17:06:24','2023-12-20 17:06:24'),
(2608,'427 Realty Inc.','Toronto','Metro Toronto','427realty.ca','','Avtar Singh Jandu','2023-12-20 17:06:24','2023-12-20 17:06:24'),
(2609,'4q Real Estate Brokerage Inc.','Toronto','Metro Toronto','','','Yan Hu','2023-12-20 17:06:24','2023-12-20 17:06:24'),
(2610,'5022040 Ontario Inc.','Toronto','Metro Toronto','','','Emad Vafaei','2023-12-20 17:06:24','2023-12-20 17:06:24'),
(2611,'58home Realty Brokerage Inc.','Toronto','Metro Toronto','58fd.ca','','Hongwei Wang','2023-12-20 17:06:24','2023-12-20 17:06:24'),
(2612,'5i5j Realty Inc.','Toronto','Metro Toronto','','','Nan Zhang','2023-12-20 17:06:24','2023-12-20 17:06:24'),
(2613,'8777799 Canada Inc.','Toronto','Metro Toronto','realestatebay.ca','','Nadezda Chentsova','2023-12-20 17:06:24','2023-12-20 17:06:24'),
(2614,'9 Yards Realty Brokerage Corp.','Toronto','Metro Toronto','','','Abhishek Khurana','2023-12-20 17:06:24','2023-12-20 17:06:24'),
(2615,'9097929 Canada Incorporated','Toronto','Metro Toronto','vmmb.net','','Shawn Esmont Allen','2023-12-20 17:06:24','2023-12-20 17:06:24'),
(2616,'9643281 Canada Inc.','Toronto','Metro Toronto','ccuerealty.com','','Hai Ying Zhang','2023-12-20 17:06:24','2023-12-20 17:06:24'),
(2617,'A R Business Brokers Inc.','Toronto','Metro Toronto','aldrin.ca','','','2023-12-20 17:06:24','2023-12-20 17:06:24'),
(2618,'A.e. Meredith Real Estate Ltd.','Toronto','Metro Toronto','','','Allen E. Meredith','2024-01-29 17:31:45','2023-12-20 17:06:24'),
(2619,'A.l. Platinum Realty Ltd.','Toronto','Metro Toronto','lemajic.com','','Aleksandar Lemajic','2023-12-20 17:06:24','2023-12-20 17:06:24'),
(2620,'Aagk Corp.','Toronto','Metro Toronto','keitnergroup.com','','Austin Keitner','2023-12-20 17:06:24','2023-12-20 17:06:24'),
(2621,'Aarkay Realty Inc.','Toronto','Metro Toronto','','','Raj Kumar','2023-12-20 17:06:24','2023-12-20 17:06:24'),
(2622,'Accretive Realty Partners Inc.','Toronto','Metro Toronto','accretiverp.com','','Hugh Gregory Peacock','2023-12-20 17:06:25','2023-12-20 17:06:25'),
(2623,'Adama Real Estate Ltd. Brokerage','Toronto','Metro Toronto','adamarealestate.com','','Maor Shpans','2023-12-20 17:06:25','2023-12-20 17:06:25'),
(2624,'Adelaide Realty Inc','Toronto','Metro Toronto','ehvert.com','','Vello Ehvert','2023-12-20 17:06:25','2023-12-20 17:06:25'),
(2625,'Advocate Realty Ltd.','Toronto','Metro Toronto','michaelmeltzer.ca','','Michael Lang Meltzer','2023-12-20 17:06:25','2023-12-20 17:06:25'),
(2626,'Afarin & Co. Realty Inc.','Toronto','Metro Toronto','afarinandco.com','','Afarin Radjaei-bokharai','2023-12-20 17:06:25','2023-12-20 17:06:25'),
(2627,'Agent One Real Estate Inc.','Toronto','Metro Toronto','agentone.co','','Deepak Puri','2023-12-20 17:06:25','2023-12-20 17:06:25'),
(2628,'Agentonduty Inc.','Toronto','Metro Toronto','agentonduty.ca','','Amanda Xie','2023-12-20 17:06:25','2023-12-20 17:06:25'),
(2629,'Agents Club Inc.','Toronto','Metro Toronto','agentsclub.ca','','Vineet Nagpal','2023-12-20 17:06:25','2023-12-20 17:06:25'),
(2630,'Agnelli Agencies Limited','Toronto','Metro Toronto','','','Peter William Agnelli','2023-12-20 17:06:25','2023-12-20 17:06:25'),
(2631,'Aimhome Realty Inc.','Toronto','Metro Toronto','aimhomerealty.ca','','Ying Xue','2023-12-20 17:06:25','2023-12-20 17:06:25'),
(2632,'Albert I Wong','Toronto','Metro Toronto','','','','2023-12-20 17:06:25','2023-12-20 17:06:25'),
(2633,'Alexandroff Real Estate Limited','Toronto','Metro Toronto','alexandroff.com','','Bryon I Alexandroff','2023-12-20 17:06:25','2023-12-20 17:06:25'),
(2634,'Alkins Real Estate Ltd.','Toronto','Metro Toronto','','','John L. Alkins','2023-12-20 17:06:25','2023-12-20 17:06:25'),
(2635,'All Points Relocation Service Inc','Toronto','Metro Toronto','allpointsrelocation.com','','Audrey A. Adams','2023-12-20 17:06:25','2023-12-20 17:06:25'),
(2636,'Allan M Spivak','Toronto','Metro Toronto','','','','2023-12-20 17:06:25','2023-12-20 17:06:25'),
(2637,'Allard Real Estate Services Inc.','Toronto','Metro Toronto','allardteam.com','','Dominique Allard','2023-12-20 17:06:25','2023-12-20 17:06:25'),
(2638,'Allcom Realty Services Ltd.','Toronto','Metro Toronto','allcomrealty.com','','Samuel Francis Taggart','2023-12-20 17:06:25','2023-12-20 17:06:25'),
(2639,'Ally Commercial R.e. Inc.','Toronto','Metro Toronto','allycre.com','','Anthony Natale','2023-12-20 17:06:25','2023-12-20 17:06:25'),
(2640,'Altamira Realty Inc.','Toronto','Metro Toronto','','','Giuseppe Pacitto','2023-12-20 17:06:25','2023-12-20 17:06:25'),
(2641,'Alterra Urban Realty Inc.','Toronto','Metro Toronto','alterra.com','','Richard Michael Cooper','2023-12-20 17:06:25','2023-12-20 17:06:25'),
(2642,'Amaprop Real Estate Services Inc.','Toronto','Metro Toronto','','','Stephen F. Colville-reeves','2024-01-31 12:11:50','2023-12-20 17:06:25'),
(2643,'Amity Realty Inc','Toronto','Metro Toronto','','','Kamran Pourrahimi','2023-12-20 17:06:25','2023-12-20 17:06:25'),
(2644,'An Global Franchise Canada Ltd.','Toronto','Metro Toronto','','','Kamal Tomar','2023-12-20 17:06:26','2023-12-20 17:06:26'),
(2645,'Andrew Ceongkey Geem','Toronto','Metro Toronto','','','','2023-12-20 17:06:26','2023-12-20 17:06:26'),
(2646,'Andrew Pappas & Son Real Estate Limited','Toronto','Metro Toronto','','','George Pappas','2023-12-20 17:06:26','2023-12-20 17:06:26'),
(2647,'Aniello Ruocco','Toronto','Metro Toronto','','','','2023-12-20 17:06:26','2023-12-20 17:06:26'),
(2648,'Anj Properties Ltd.','Toronto','Metro Toronto','realtyline.ca','','Andrew Chiu-hong Chan','2023-12-20 17:06:26','2023-12-20 17:06:26'),
(2649,'Anne H. Klein','Toronto','Metro Toronto','','','Anne H. Klein','2023-12-20 17:06:26','2023-12-20 17:06:26'),
(2650,'Anthony Dyson Leasing Systems Inc.','Toronto','Metro Toronto','','','Anthony C Dyson','2023-12-20 17:06:26','2023-12-20 17:06:26'),
(2651,'Arc Real Estate Investments & Brokerage Inc.','Toronto','Metro Toronto','therealarc.com','','Robert Dikho','2023-12-20 17:06:26','2023-12-20 17:06:26'),
(2652,'Arcrealty Inc.','Toronto','Metro Toronto','arcrealty.ca','','Marina Zubiashvili','2023-12-20 17:06:26','2023-12-20 17:06:26'),
(2653,'Area Realty Inc.','Toronto','Metro Toronto','arearealtyinc.com','','Alessandro G. Bertucci','2023-12-20 17:06:26','2023-12-20 17:06:26'),
(2654,'Ari Zadegan Group Realty Ltd.','Toronto','Metro Toronto','thezadegangroup.com','','Arezou Zadegan','2023-12-20 17:06:26','2023-12-20 17:06:26'),
(2655,'Ariston Realty Corp.','Toronto','Metro Toronto','aristonrealty.com','','Danny Rosario Caranci','2023-12-20 17:06:26','2023-12-20 17:06:26'),
(2656,'Ariz Realty Inc.','Toronto','Metro Toronto','arizrealty.com','','Ali Murtaza Rizvi','2023-12-20 17:06:26','2023-12-20 17:06:26'),
(2657,'Asianwave Real Estate Inc.','Toronto','Metro Toronto','','','Wai Nang Jeff Leung','2024-01-29 17:32:41','2023-12-20 17:06:26'),
(2658,'Atlantis Realty Services Inc.','Toronto','Metro Toronto','atlantisrealtyservices.com','','John K. Hourigan','2023-12-20 17:06:26','2023-12-20 17:06:26'),
(2659,'Atlas Real Estate Ltd','Toronto','Metro Toronto','','','Kenneth N Coffen','2024-01-31 12:11:50','2023-12-20 17:06:26'),
(2660,'Atrium Home Realty Inc.','Toronto','Metro Toronto','atriumhomerealty.com','','','2023-12-20 17:06:26','2023-12-20 17:06:26'),
(2661,'Atv Realty Inc','Toronto','Metro Toronto','','','Evguenia Topolskaia','2024-01-29 17:32:34','2023-12-20 17:06:26'),
(2662,'Avila Realty Group Inc.','Toronto','Metro Toronto','','','Pedro Vicente Caraballo','2023-12-20 17:06:26','2023-12-20 17:06:26'),
(2663,'Avison Young Commercial Real Estate Services Lp','Toronto','Metro Toronto','avisonyoung.com','','','2023-12-20 17:06:26','2023-12-20 17:06:26'),
(2664,'Axon Capital Realty Advisors Inc.','Toronto','Metro Toronto','axoncapitalrealty.com','','Kaive Wong','2023-12-20 17:06:27','2023-12-20 17:06:27'),
(2665,'Axxess Realty Centre Inc.','Toronto','Metro Toronto','axxessrealty.com','','Philippe El-chami','2023-12-20 17:06:27','2023-12-20 17:06:27'),
(2666,'Aykler Real Estate Inc.','Toronto','Metro Toronto','aykler.com','','Leslie D J Aykler','2023-12-20 17:06:27','2023-12-20 17:06:27'),
(2667,'B & B Associates Realty Ltd','Toronto','Metro Toronto','','','Johnmark Etim Roberts','2023-12-20 17:06:27','2023-12-20 17:06:27'),
(2668,'Babiak Team Real Estate Brokerage Ltd.','Toronto','Metro Toronto','','','Theodore Evan Babiak','2023-12-20 17:06:27','2023-12-20 17:06:27'),
(2669,'Baird Real Estate Inc','Toronto','Metro Toronto','bairdre.com','','Jonathan Taylor Baird','2023-12-20 17:06:27','2023-12-20 17:06:27'),
(2670,'Baker Real Estate Incorporated','Toronto','Metro Toronto','baker-re.com','','Barbara A. Lawlor','2023-12-20 17:06:27','2023-12-20 17:06:27'),
(2671,'Bankwell Realty Inc','Toronto','Metro Toronto','','','Joseph Neumark','2023-12-20 17:06:27','2023-12-20 17:06:27'),
(2672,'Barnicke Investments & Consulting Ltd.','Toronto','Metro Toronto','barnickeinv.com','','Andrew W. Barnicke','2023-12-20 17:06:27','2023-12-20 17:06:27'),
(2673,'Barry G Goldlist','Toronto','Metro Toronto','','','Barry G Goldlist','2023-12-20 17:06:27','2023-12-20 17:06:27'),
(2674,'Bayfield Property Management Inc.','Toronto','Metro Toronto','bayfieldadvisors.com','','Ronald A Perlmutter','2023-12-20 17:06:27','2023-12-20 17:06:27'),
(2675,'Baytree Real Estate Inc.','Toronto','Metro Toronto','','','Pratibha Alka Masrani','2023-12-20 17:06:27','2023-12-20 17:06:27'),
(2676,'Bayview Real Estate Inc.','Toronto','Metro Toronto','bayviewrealestate.ca','','Maziar Ahanin','2023-12-20 17:06:27','2023-12-20 17:06:27'),
(2677,'Bayview Summit Realty Inc.','Toronto','Metro Toronto','bayviewwycliffe.com','','Mark William Johnson','2023-12-20 17:06:27','2023-12-20 17:06:27'),
(2678,'Beacon Corporation','Toronto','Metro Toronto','rocketship.com','','Motek Will Fischtein','2023-12-20 17:06:27','2023-12-20 17:06:27'),
(2679,'Bedford Realty Inc.','Toronto','Metro Toronto','','','Tatiana A. Konkina','2024-01-29 17:31:45','2023-12-20 17:06:27'),
(2680,'Beechwood Real Estate Advisors Brokerage Inc.','Toronto','Metro Toronto','wmstone.ca','','William Paul Stone','2023-12-20 17:06:27','2023-12-20 17:06:27'),
(2681,'Beeman Inc.','Toronto','Metro Toronto','beemanhomes.ca','','Ben Bahman Mohamadi','2023-12-20 17:06:27','2023-12-20 17:06:27'),
(2682,'Belstar Realty Inc.','Toronto','Metro Toronto','','','John Martino','2023-12-20 17:06:27','2023-12-20 17:06:27'),
(2683,'Benlevi Lennon Junzi Inc.','Toronto','Metro Toronto','bljbenlevi.com','','Wayne St-patrick Mclennon','2023-12-20 17:06:27','2023-12-20 17:06:27'),
(2684,'Bentallgreenoak (canada) Limited Partnership','Toronto','Metro Toronto','','','Mark Stefan Rzadki','2023-12-20 17:06:27','2023-12-20 17:06:27'),
(2685,'Bernhard Limited','Toronto','Metro Toronto','','','Klaus Nick Bernhard','2023-12-20 17:06:27','2023-12-20 17:06:27'),
(2686,'Bernice Whelan Realty Inc.','Toronto','Metro Toronto','bernicewhelan.com','','','2023-12-20 17:06:27','2023-12-20 17:06:27'),
(2687,'Bestliving Signature Realty Inc.','Toronto','Metro Toronto','','','Meijun Meng','2023-12-20 17:06:27','2023-12-20 17:06:27'),
(2688,'Bibby Group Realty Ltd.','Toronto','Metro Toronto','mytorontocondo.com','','Gigi Von Anrep','2023-12-20 17:06:27','2023-12-20 17:06:27'),
(2689,'Bijan Barati Real Estate Corporation','Toronto','Metro Toronto','','','Bijan Barati','2023-12-20 17:06:27','2023-12-20 17:06:27'),
(2690,'Bill Joyce Real Estate Ltd','Toronto','Metro Toronto','trebnet.com','','William Clare Joyce','2023-12-20 17:06:27','2023-12-20 17:06:27'),
(2691,'Bimman Real Estate Services Inc.','Toronto','Metro Toronto','','','Alexander Leo Bimman','2024-01-31 12:11:50','2023-12-20 17:06:27'),
(2692,'Blackwall Realty Limited','Toronto','Metro Toronto','','','Silvano Gemmiti','2023-12-20 17:06:27','2023-12-20 17:06:27'),
(2693,'Blackwood Partners Realty Inc.','Toronto','Metro Toronto','blackwoodpartners.com','','Peter Landgraf Stafl','2023-12-20 17:06:27','2023-12-20 17:06:27'),
(2694,'Bloc Realty Inc.','Toronto','Metro Toronto','blocrealty.ca','','Michael Clement Duenas Cambare','2023-12-20 17:06:27','2023-12-20 17:06:27'),
(2695,'Blockchain Real Estate Ltd.','Toronto','Metro Toronto','protonmail.com','','Anthony Frank Ieraci','2023-12-20 17:06:27','2023-12-20 17:06:27'),
(2696,'Bloorview Realty Inc.','Toronto','Metro Toronto','bloorviewrealty.com','','','2023-12-20 17:06:27','2023-12-20 17:06:27'),
(2697,'Blue Door Realty Group Inc.','Toronto','Metro Toronto','bluedoorrealty.ca','','Dimitrios James Kalkounis','2023-12-20 17:06:27','2023-12-20 17:06:27'),
(2698,'Bluebell Realty Inc.','Toronto','Metro Toronto','bluebellrealty.ca','','Mareenah Afzal Hamid','2023-12-20 17:06:27','2023-12-20 17:06:27'),
(2699,'Bmo Capital Markets Real Estate Inc./sociÉtÉ ImmobiliÉre Bmo MarchÉs Des Capitaux Inc.','Toronto','Metro Toronto','bmo.com','','Stephen Mark Ward','2023-12-20 17:06:27','2023-12-20 17:06:27'),
(2700,'Bode Platform Inc.','Toronto','Metro Toronto','bodecanada.com','','Jeffrey Douglas Jackson','2023-12-20 17:06:27','2023-12-20 17:06:27'),
(2701,'Bonnefield Realty Inc','Toronto','Metro Toronto','bonnefield.com','','Wallace Johnston','2023-12-20 17:06:27','2023-12-20 17:06:27'),
(2702,'Bonnie Byford Real Estate Ltd','Toronto','Metro Toronto','bonniebyford.com','','Bonnie Lucille Byford','2023-12-20 17:06:27','2023-12-20 17:06:27'),
(2703,'Borealis Real Estate Inc.','Toronto','Metro Toronto','','','Laura Lynn Colligan','2023-12-20 17:06:27','2023-12-20 17:06:27'),
(2704,'Bosley - Toronto Realty Group Inc.','Toronto','Metro Toronto','bosleyrealestate.com','','David Joseph Fleming','2023-12-20 17:06:27','2023-12-20 17:06:27'),
(2705,'Bosley Real Estate Ltd','Toronto','Metro Toronto','bosleyrealestate.com','','','2023-12-20 17:06:27','2023-12-20 17:06:27'),
(2706,'Bosley Realty Inc','Toronto','Metro Toronto','bosleyrealty.com','','Raymond Michael Bosley','2023-12-20 17:06:27','2023-12-20 17:06:27'),
(2707,'Boutique Real Estate Corporation','Toronto','Metro Toronto','','','Thomas Berger','2023-12-20 17:06:27','2023-12-20 17:06:27'),
(2708,'Boyle Real Estate Inc.','Toronto','Metro Toronto','boylecommercial.com','','Elysse Atara Franklin','2023-12-20 17:06:27','2023-12-20 17:06:27'),
(2709,'Bracan Realty Ltd','Toronto','Metro Toronto','','','James Sek Lun Li','2023-12-20 17:06:27','2023-12-20 17:06:27'),
(2710,'Bradley Real Estate Inc.','Toronto','Metro Toronto','trebnet.com','','Zika Milanovich','2023-12-20 17:06:27','2023-12-20 17:06:27'),
(2711,'Brandev Realty Finance Inc.','Toronto','Metro Toronto','','','James R. Poapst','2024-01-31 12:11:50','2023-12-20 17:06:27'),
(2712,'Braxton Realty Inc.','Toronto','Metro Toronto','','','Mudassir Muhammad Hameed','2023-12-20 17:06:27','2023-12-20 17:06:27'),
(2713,'Brewing Brokers Realty Inc.','Toronto','Metro Toronto','brewingbrokers.com','','Rudy Reznik','2023-12-20 17:06:27','2023-12-20 17:06:27'),
(2714,'Brick + Mortar Realty Inc.','Toronto','Metro Toronto','brickandmortarrealty.ca','','Kent Gordon Wengler','2023-12-20 17:06:27','2023-12-20 17:06:27'),
(2715,'Bridlepath Progressive Real Estate Inc.','Toronto','Metro Toronto','','','','2023-12-20 17:06:27','2023-12-20 17:06:27'),
(2716,'Bridlewood Real Estate Limited','Toronto','Metro Toronto','','','Nella Ieraci','2023-12-20 17:06:27','2023-12-20 17:06:27'),
(2717,'Bright Vision Realty Inc.','Toronto','Metro Toronto','','','Varnacumaaran Kanapathippillai','2023-12-20 17:06:27','2023-12-20 17:06:27'),
(2718,'Bristol Global Mobility Ltd.','Toronto','Metro Toronto','','','Victoria Helen Jantzi','2023-12-20 17:06:27','2023-12-20 17:06:27'),
(2719,'Brit Mcdonald Realty Inc.','Toronto','Metro Toronto','britmcdonald.com','','Britney Mcdonald','2023-12-20 17:06:27','2023-12-20 17:06:27'),
(2720,'Broker\'s Office Realty Inc.','Toronto','Metro Toronto','brokersoffice.ca','','Amir Hosein Motazedi','2023-12-20 17:06:27','2023-12-20 17:06:27'),
(2721,'Bspoke Realty Inc.','Toronto','Metro Toronto','getwhatyouwant.ca','','','2023-12-20 17:06:28','2023-12-20 17:06:28'),
(2722,'Btg Realty Advisors Inc.','Toronto','Metro Toronto','blacktuskgroup.com','','Thaine Levero Carter','2023-12-20 17:06:28','2023-12-20 17:06:28'),
(2723,'Bungol Inc.','Toronto','Metro Toronto','bungol.ca','','Zizhao Zhang','2023-12-20 17:06:28','2023-12-20 17:06:28'),
(2724,'Buyer Broker Realty Inc.','Toronto','Metro Toronto','','','Trelawny Elizabeth Howell','2023-12-20 17:06:28','2023-12-20 17:06:28'),
(2725,'C.i.b.i. Corporation','Toronto','Metro Toronto','','','Luciano Riccardo Liscio','2023-12-20 17:06:28','2023-12-20 17:06:28'),
(2726,'Camdec Real Estate Ltd','Toronto','Metro Toronto','','','Anthony Rupert De Castro','2023-12-20 17:06:28','2023-12-20 17:06:28'),
(2727,'Camille Henry Real Estate Brokerage Inc.','Toronto','Metro Toronto','','','Sophia Camille Henry','2023-12-20 17:06:28','2023-12-20 17:06:28'),
(2728,'Canada Group Realty Corporation','Toronto','Metro Toronto','canadagroup.ca','','Manuel G Alves','2023-12-20 17:06:28','2023-12-20 17:06:28'),
(2729,'Canadian Business Counsellors Inc','Toronto','Metro Toronto','canbiz.biz','','Michael Isaac Hammer','2023-12-20 17:06:28','2023-12-20 17:06:28'),
(2730,'Canadian Imperial Realty Inc.','Toronto','Metro Toronto','cirealty.com','','Anthony Popov','2023-12-20 17:06:28','2023-12-20 17:06:28'),
(2731,'Canadian National Real Estate Inc.','Toronto','Metro Toronto','','','Aijun Tao','2023-12-20 17:06:28','2023-12-20 17:06:28'),
(2732,'Canderel Realties Inc.','Toronto','Metro Toronto','canderel.com','','Jordan Robert Allen','2023-12-20 17:06:28','2023-12-20 17:06:28'),
(2733,'Canfin Realty Services Inc.','Toronto','Metro Toronto','canfin.com','','Bennett Kim','2023-12-20 17:06:28','2023-12-20 17:06:28'),
(2734,'Canovin Realty Inc.','Toronto','Metro Toronto','','','Mahdi Faraji','2023-12-20 17:06:28','2023-12-20 17:06:28'),
(2735,'Canuck Real Estate Corporation','Toronto','Metro Toronto','canuckrealestate.com','','','2023-12-20 17:06:28','2023-12-20 17:06:28'),
(2736,'Capital City Realty Limited','Toronto','Metro Toronto','capitalcityrealty.ca','','Bram Jonathan Zeidenberg','2023-12-20 17:06:28','2023-12-20 17:06:28'),
(2737,'Capital Hill Realty Inc.','Toronto','Metro Toronto','','','Mazhar Kaif','2023-12-20 17:06:28','2023-12-20 17:06:28'),
(2738,'Carmen Vogel','Toronto','Metro Toronto','','','','2024-01-31 12:11:50','2023-12-20 17:06:28'),
(2739,'Carmine Vescio Real Estate Services Inc.','Toronto','Metro Toronto','','','Carmine Vescio','2023-12-20 17:06:28','2023-12-20 17:06:28'),
(2740,'Carole Winberg Realty Advisors Inc.','Toronto','Metro Toronto','','','Carole Ann Winberg','2023-12-20 17:06:28','2023-12-20 17:06:28'),
(2741,'Catalyst Real Estate Brokerage Ltd.','Toronto','Metro Toronto','catalystre.ca','','Baron Jacob Alloway','2023-12-20 17:06:28','2023-12-20 17:06:28'),
(2742,'Cayman Marshall International Realty Inc.','Toronto','Metro Toronto','caymanmarshall.com','','','2023-12-20 17:06:28','2023-12-20 17:06:28'),
(2743,'Cbre Limited','Toronto','Metro Toronto','cbre.com','','Heidi Jean Rocheleau','2023-12-20 17:06:28','2023-12-20 17:06:28'),
(2744,'Ceg Real Estate Inc.','Toronto','Metro Toronto','','','Brian Alipour','2023-12-20 17:06:28','2023-12-20 17:06:28'),
(2745,'Celebrity Realty Inc','Toronto','Metro Toronto','','','Katherine On-kay Choi','2023-12-20 17:06:28','2023-12-20 17:06:28'),
(2746,'Centract Realty L.p.','Toronto','Metro Toronto','','','Mark Frenette','2023-12-20 17:06:28','2023-12-20 17:06:28'),
(2747,'Central City Realty Inc.','Toronto','Metro Toronto','','','Zinaida A Gabriel','2023-12-20 17:06:28','2023-12-20 17:06:28'),
(2748,'Centricity Realty Inc.','Toronto','Metro Toronto','','','Jiayun Liu','2023-12-20 17:06:28','2023-12-20 17:06:28'),
(2749,'Century 21 - Leading Edge Realty Inc.','Toronto','Metro Toronto','century21.ca','','Paul Robert Maurice Baron','2023-12-20 17:06:28','2023-12-20 17:06:28'),
(2750,'Century 21 Atria Realty Inc.','Toronto','Metro Toronto','century21.ca','','','2023-12-20 17:06:28','2023-12-20 17:06:28'),
(2751,'Century 21 Brown Limited','Toronto','Metro Toronto','','','Glenn Douglas Mcguire','2024-01-31 12:11:50','2023-12-20 17:06:28'),
(2752,'Century 21 Fine Living Realty Inc.','Toronto','Metro Toronto','century21.ca','','David P Viti','2023-12-20 17:06:28','2023-12-20 17:06:28'),
(2753,'Century 21 Innovative Realty Inc.','Toronto','Metro Toronto','century21.ca','','Sabbir Chawala','2023-12-20 17:06:28','2023-12-20 17:06:28'),
(2754,'Century 21 Landmark Realty Ltd.','Toronto','Metro Toronto','century21landmark.ca','','Faekuzzaman Quazi','2023-12-20 17:06:28','2023-12-20 17:06:28'),
(2755,'Century 21 Leading Edge (bw) Realty Inc.','Toronto','Metro Toronto','','','Barry Wan','2023-12-20 17:06:28','2023-12-20 17:06:28'),
(2756,'Century 21 Leading Edge Experts Inc.','Toronto','Metro Toronto','yoursmartrealtor.com','','Irfan Rahman','2023-12-20 17:06:28','2023-12-20 17:06:28'),
(2757,'Century 21 Parkland Ltd','Toronto','Metro Toronto','century21.ca','','Luigi Nunno','2023-12-20 17:06:28','2023-12-20 17:06:28'),
(2758,'Century 21 People\'s Choice Realty Inc.','Toronto','Metro Toronto','','','','2023-12-20 17:06:28','2023-12-20 17:06:28'),
(2759,'Century 21 Percy Fulton Ltd','Toronto','Metro Toronto','','','','2023-12-20 17:06:28','2023-12-20 17:06:28'),
(2760,'Century 21 Percy Fulton Tom Joseph Team Ltd.','Toronto','Metro Toronto','tjandteam.com','','Tom Joseph','2023-12-20 17:06:28','2023-12-20 17:06:28'),
(2761,'Century 21 Regal Realty Inc.','Toronto','Metro Toronto','c21.ca','','Julia Gonsalves','2023-12-20 17:06:28','2023-12-20 17:06:28'),
(2762,'Century 21 Titans Realty Inc.','Toronto','Metro Toronto','century21titans.com','','Kumarasamy Murugesu','2023-12-20 17:06:28','2023-12-20 17:06:28'),
(2763,'Ch Real Estate Corp.','Toronto','Metro Toronto','crystalhomes.com','','','2023-12-20 17:06:28','2023-12-20 17:06:28'),
(2764,'Chairos Properties Inc.','Toronto','Metro Toronto','chairos.ca','','Samson Sie Shing Yao','2023-12-20 17:06:28','2023-12-20 17:06:28'),
(2765,'Chestnut Park Real Estate Limited','Toronto','Metro Toronto','chestnutpark.com','','','2023-12-20 17:06:28','2023-12-20 17:06:28'),
(2766,'Cibc Wm Real Estate Ltd.','Toronto','Metro Toronto','cibc.com','','Gregory Kay','2023-12-20 17:06:28','2023-12-20 17:06:28'),
(2767,'City Alliance Real Estate Services Ltd.','Toronto','Metro Toronto','','','Elizabeth M Harris','2024-01-31 12:11:50','2023-12-20 17:06:28'),
(2768,'City Commercial Realty Group Ltd.','Toronto','Metro Toronto','citycrg.com','','Martin Wygodny','2023-12-20 17:06:28','2023-12-20 17:06:28'),
(2769,'City Realty Inc.','Toronto','Metro Toronto','','','Frances Efstratiadis','2023-12-20 17:06:28','2023-12-20 17:06:28'),
(2770,'City Realty Point Inc.','Toronto','Metro Toronto','yordanov.com','','Todor Yordanov','2023-12-20 17:06:28','2023-12-20 17:06:28'),
(2771,'Citylite Realty Inc.','Toronto','Metro Toronto','cityliterealty.com','','Azmol Miah','2023-12-20 17:06:28','2023-12-20 17:06:28'),
(2772,'Cityscape Real Estate Ltd.','Toronto','Metro Toronto','cityscapeone.com','','','2023-12-20 17:06:28','2023-12-20 17:06:28'),
(2773,'Cjs Realty Corp.','Toronto','Metro Toronto','stafford.ca','','Gary W Goldman','2023-12-20 17:06:29','2023-12-20 17:06:29'),
(2774,'Classic Lifestyles Realty Inc.','Toronto','Metro Toronto','','','Carl H. Weichel','2023-12-20 17:06:29','2023-12-20 17:06:29'),
(2775,'Cloud Realty Inc.','Toronto','Metro Toronto','cloudrealty.ca','','','2023-12-20 17:06:29','2023-12-20 17:06:29'),
(2776,'Cmls Realty Ltd.','Toronto','Metro Toronto','cmls.ca','','Angelo Lamanna','2023-12-20 17:06:29','2023-12-20 17:06:29'),
(2777,'Colliers Macaulay Nicolls Inc.','Toronto','Metro Toronto','colliers.com','','','2023-12-20 17:06:29','2023-12-20 17:06:29'),
(2778,'Commercial Focus Realty Inc.','Toronto','Metro Toronto','cfrealty.ca','','Lorenzo Bazilio Digianfelice','2023-12-20 17:06:29','2023-12-20 17:06:29'),
(2779,'Compass Commercial Realty Lp','Toronto','Metro Toronto','compassrealty.ca','','Robert Tatsuo Heike','2023-12-20 17:06:29','2023-12-20 17:06:29'),
(2780,'Concert Realty Services Ltd.','Toronto','Metro Toronto','','','Joanne Patricia Corrigan','2023-12-20 17:06:29','2023-12-20 17:06:29'),
(2781,'Condoman Realty Inc.','Toronto','Metro Toronto','','','Howard Youhanan','2023-12-20 17:06:29','2023-12-20 17:06:29'),
(2782,'Condonow Realty Inc','Toronto','Metro Toronto','condonowrealty.com','','David Facca','2023-12-20 17:06:29','2023-12-20 17:06:29'),
(2783,'Condopromo Realty Inc.','Toronto','Metro Toronto','condopromo.com','','Serge Younan','2023-12-20 17:06:29','2023-12-20 17:06:29'),
(2784,'Condos And Castles Realty Inc.','Toronto','Metro Toronto','condosandcastles.com','','Paul Hubert Raszewski','2023-12-20 17:06:29','2023-12-20 17:06:29'),
(2785,'Condosdeal Inc.','Toronto','Metro Toronto','','','Samoeil Hosny Elgohary','2023-12-20 17:06:29','2023-12-20 17:06:29'),
(2786,'Confidence Realty Inc.','Toronto','Metro Toronto','theconfidencerealty.com','','Megan Zadeh','2023-12-20 17:06:29','2023-12-20 17:06:29'),
(2787,'Connect Asset Management Corp.','Toronto','Metro Toronto','ryancoyle.com','','Ryan Peter Coyle','2023-12-20 17:06:29','2023-12-20 17:06:29'),
(2788,'Connect Realty Inc.','Toronto','Metro Toronto','royallepage.ca','','','2023-12-20 17:06:29','2023-12-20 17:06:29'),
(2789,'Cooper & Company Real Estate Limited','Toronto','Metro Toronto','trebnet.com','','Harvey Alan Cooper','2023-12-20 17:06:29','2023-12-20 17:06:29'),
(2790,'Coral Realty Inc.','Toronto','Metro Toronto','coralrealty.ca','','Pawel Parafianowicz','2023-12-20 17:06:29','2023-12-20 17:06:29'),
(2791,'Core Assets Inc.','Toronto','Metro Toronto','coreassets.ca','','Paul Siksna','2023-12-20 17:06:29','2023-12-20 17:06:29'),
(2792,'Corporate M & A Brokerage Inc.','Toronto','Metro Toronto','corporatebrokerage.ca','','Jason Haeseo Koo','2023-12-20 17:06:29','2023-12-20 17:06:29'),
(2793,'Cottage Vacations Real Estate Brokerage Inc.','Toronto','Metro Toronto','cvrealestate.com','','Tyler Stephen Da Costa','2023-12-20 17:06:29','2023-12-20 17:06:29'),
(2794,'Country Gold Net Realty Inc.','Toronto','Metro Toronto','','','Katy Kit-wai Ma','2023-12-20 17:06:29','2023-12-20 17:06:29'),
(2795,'Cpm Realty Corporation','Toronto','Metro Toronto','cpmrealty.ca','','John Anthony Cinelli','2023-12-20 17:06:29','2023-12-20 17:06:29'),
(2796,'Cpmi Realty Inc.','Toronto','Metro Toronto','crp-cpmi.com','','Scott Aaron Watson','2023-12-20 17:06:29','2023-12-20 17:06:29'),
(2797,'Craig Davidson Real Estate Ltd.','Toronto','Metro Toronto','','','Craig Andrew Davidson','2023-12-20 17:06:29','2023-12-20 17:06:29'),
(2798,'Crane Realty Incorporated','Toronto','Metro Toronto','','','Bonny Mary Greene','2023-12-20 17:06:29','2023-12-20 17:06:29'),
(2799,'Credifin Realty Inc.','Toronto','Metro Toronto','credifinrealty.ca','','Victor Vukicevic','2023-12-20 17:06:29','2023-12-20 17:06:29'),
(2800,'Creiland Consultants Realty Inc.','Toronto','Metro Toronto','creiland.com','','Mir Ali Asgar Asgary','2023-12-20 17:06:29','2023-12-20 17:06:29'),
(2801,'Cresa Toronto Inc.','Toronto','Metro Toronto','cresa.com','','Dean L. Newman','2023-12-20 17:06:29','2023-12-20 17:06:29'),
(2802,'Crescent Real Estate Inc.','Toronto','Metro Toronto','crescentrealestate.ca','','Gus Skarlatakis','2023-12-20 17:06:29','2023-12-20 17:06:29'),
(2803,'Crest Realty Inc.','Toronto','Metro Toronto','','','Fred Diodati','2023-12-20 17:06:29','2023-12-20 17:06:29'),
(2804,'Creva Realty Inc.','Toronto','Metro Toronto','crevagroup.com','','William Joseph Mccurdy','2023-12-20 17:06:29','2023-12-20 17:06:29'),
(2805,'Crimson Realty Point Inc.','Toronto','Metro Toronto','crimsonrealtypoint.com','','Vijit J Witane','2023-12-20 17:06:29','2023-12-20 17:06:29'),
(2806,'Crone Realty Ltd.','Toronto','Metro Toronto','','','Josef Crone','2023-12-20 17:06:29','2023-12-20 17:06:29'),
(2807,'Crossbridge Business Brokers Inc.','Toronto','Metro Toronto','joemota.ca','','Jose Luis Da Silva Mota','2023-12-20 17:06:29','2023-12-20 17:06:29'),
(2808,'Crosstown Realty Point Inc.','Toronto','Metro Toronto','','','Azeem H Jadavji','2023-12-20 17:06:29','2023-12-20 17:06:29'),
(2809,'Crowntrust Real Estate Corp.','Toronto','Metro Toronto','crowntrust.ca','','Cong Hoang Huynh','2023-12-20 17:06:29','2023-12-20 17:06:29'),
(2810,'Ctf Realty Inc.','Toronto','Metro Toronto','mehta.bz','','Himanshu Mehta','2023-12-20 17:06:29','2023-12-20 17:06:29'),
(2811,'Cube Realty Advisors Ltd.','Toronto','Metro Toronto','','','Lambros Kalergis','2024-01-31 12:11:50','2023-12-20 17:06:29'),
(2812,'Cubecom Commercial Realty Inc.','Toronto','Metro Toronto','cubecom.ca','','Shafin Jadavji','2023-12-20 17:06:29','2023-12-20 17:06:29'),
(2813,'Cushman & Wakefield Asset Services Ulc/services D\'actifs Cushman Et Wakefield Sri','Toronto','Metro Toronto','cushwake.com','','Andrea Lynn Mcgowen','2023-12-20 17:06:29','2023-12-20 17:06:29'),
(2814,'Cushman & Wakefield Ulc','Toronto','Metro Toronto','cushwake.com','','Bradley Paul Dykeman','2023-12-20 17:06:29','2023-12-20 17:06:29'),
(2815,'Cy Elite Realty Inc.','Toronto','Metro Toronto','cynthiayan.com','','Cynthia W. C. Yan','2023-12-20 17:06:29','2023-12-20 17:06:29'),
(2816,'Cyril Posnansky Real Estate Limited','Toronto','Metro Toronto','','','Samuel Cyril Posnansky','2024-01-31 12:27:23','2023-12-20 17:06:29'),
(2817,'D. S. A. Realty Limited','Toronto','Metro Toronto','','','David Akirov','2024-01-31 12:27:23','2023-12-20 17:06:29'),
(2818,'Dark Horse Realty Inc.','Toronto','Metro Toronto','','','Aristidis Karras','2023-12-20 17:06:29','2023-12-20 17:06:29'),
(2819,'Darren Khan Global Holdings Inc.','Toronto','Metro Toronto','darrenkhan.com','','Darren Javid Khan','2023-12-20 17:06:29','2023-12-20 17:06:29'),
(2820,'David Craig Laine','Toronto','Metro Toronto','craiglaine.com','','David Craig Laine','2023-12-20 17:06:29','2023-12-20 17:06:29'),
(2821,'David Fair Real Estate','Toronto','Metro Toronto','','','','2023-12-20 17:06:29','2023-12-20 17:06:29'),
(2822,'David Harold Fair','Toronto','Metro Toronto','','','','2023-12-20 17:06:29','2023-12-20 17:06:29'),
(2823,'Davpart Realty Ltd.','Toronto','Metro Toronto','davpart.com','','Jeremy Adam Rakowsky','2023-12-20 17:06:29','2023-12-20 17:06:29'),
(2824,'Decaria Realty Inc.','Toronto','Metro Toronto','decariarealty.com','','Salvatore Decaria','2023-12-20 17:06:30','2023-12-20 17:06:30'),
(2825,'Deed Realty Ltd.','Toronto','Metro Toronto','deedrealty.ca','','Mitchell J Zylberberg','2023-12-20 17:06:30','2023-12-20 17:06:30'),
(2826,'Del Realty Incorporated','Toronto','Metro Toronto','tridel.com','','Winson Kwai-cheung Chan','2023-12-20 17:06:30','2023-12-20 17:06:30'),
(2827,'Dell Corporation Realty Ltd.','Toronto','Metro Toronto','dellcorporation.com','','John Michael Dell','2023-12-20 17:06:30','2023-12-20 17:06:30'),
(2828,'Demone Realty Group Inc.','Toronto','Metro Toronto','demonerealty.com','','Marc Geoffrey Demone','2023-12-20 17:06:30','2023-12-20 17:06:30'),
(2829,'Dencor Realty Inc.','Toronto','Metro Toronto','dencor.com','','Dennis J Alexander','2023-12-20 17:06:30','2023-12-20 17:06:30'),
(2830,'Desai Realty Inc.','Toronto','Metro Toronto','desairealty.ca','','Sanjeev Desai','2023-12-20 17:06:30','2023-12-20 17:06:30'),
(2831,'Development Pro Realty Inc.','Toronto','Metro Toronto','','','Andrew Margie','2023-12-20 17:06:30','2023-12-20 17:06:30'),
(2832,'Dimension Iii Real Estate Services Ltd.','Toronto','Metro Toronto','','','','2023-12-20 17:06:30','2023-12-20 17:06:30'),
(2833,'Distinction Realty Limited','Toronto','Metro Toronto','','','Marina Bulman','2023-12-20 17:06:30','2023-12-20 17:06:30'),
(2834,'Distinctive Real Estate Advisors Inc.','Toronto','Metro Toronto','distinctiveadvisors.com','','Victoria Lee Joly','2023-12-20 17:06:30','2023-12-20 17:06:30'),
(2835,'Divine Living Real Estate Inc.','Toronto','Metro Toronto','','','Kennia Lorraine Denise Clarke','2023-12-20 17:06:30','2023-12-20 17:06:30'),
(2836,'Doctor Realty Inc.','Toronto','Metro Toronto','','','Shan Singh Dilver','2023-12-20 17:06:30','2023-12-20 17:06:30'),
(2837,'Dolly Indranie Rupchand-kisson','Toronto','Metro Toronto','','','Dolly Indranie Rupchand-kisson','2023-12-20 17:06:30','2023-12-20 17:06:30'),
(2838,'Donald W Karn','Toronto','Metro Toronto','','','','2023-12-20 17:06:30','2023-12-20 17:06:30'),
(2839,'Donna Swanson','Toronto','Metro Toronto','','','','2023-12-20 17:06:30','2023-12-20 17:06:30'),
(2840,'Downing Street Real Estate Corp.','Toronto','Metro Toronto','','','William Parr Mcguigan','2024-01-31 12:27:23','2023-12-20 17:06:30'),
(2841,'Dream House Real Estate Inc.','Toronto','Metro Toronto','dreamhouserealestate.ca','','Puneet Bhardwaj','2023-12-20 17:06:30','2023-12-20 17:06:30'),
(2842,'Dream Land Realty Inc.','Toronto','Metro Toronto','','','','2023-12-20 17:06:30','2023-12-20 17:06:30'),
(2843,'Dream Maker Realty Inc.','Toronto','Metro Toronto','dreammakerrealty.ca','','Isaac Sanya Olowolafe','2023-12-20 17:06:30','2023-12-20 17:06:30'),
(2844,'Dream Realty Brokerage Inc.','Toronto','Metro Toronto','dream.ca','','Heather Mary Leblanc','2023-12-20 17:06:30','2023-12-20 17:06:30'),
(2845,'Dream Valley Realty Inc.','Toronto','Metro Toronto','dvrealty.ca','','Sabbir Khan','2023-12-20 17:06:30','2023-12-20 17:06:30'),
(2846,'Dreamspace Realty Inc.','Toronto','Metro Toronto','','','Darren Christopher Lee','2023-12-20 17:06:30','2023-12-20 17:06:30'),
(2847,'Duffy & Associates Real Estate Services Inc.','Toronto','Metro Toronto','duffygroup.ca','','Kevin Robert Duffy','2023-12-20 17:06:30','2023-12-20 17:06:30'),
(2848,'Dunn Real Estate Corporation','Toronto','Metro Toronto','traceydunn.com','','Tracey Dunn','2023-12-20 17:06:30','2023-12-20 17:06:30'),
(2849,'Dwelly Realty Inc.','Toronto','Metro Toronto','dwelly.ca','','Navnit Badwal','2023-12-20 17:06:30','2023-12-20 17:06:30'),
(2850,'E & B Evans Real Estate Limited','Toronto','Metro Toronto','evansrealestate.ca','','Eugenia T. Evans','2023-12-20 17:06:30','2023-12-20 17:06:30'),
(2851,'E. Fanelli Real Estate Limited','Toronto','Metro Toronto','','','Dario Fanelli','2024-01-31 12:11:50','2023-12-20 17:06:30'),
(2852,'E.v.a. Realty Inc.','Toronto','Metro Toronto','','','Eva M Illes','2024-01-31 12:11:50','2023-12-20 17:06:30'),
(2853,'Earn Max Inc.','Toronto','Metro Toronto','','','','2023-12-20 17:06:30','2023-12-20 17:06:30'),
(2854,'Easkin Real Estate Inc.','Toronto','Metro Toronto','','','Gordon Garry Easkin','2024-01-31 12:11:50','2023-12-20 17:06:30'),
(2855,'East Triumph Realty Inc.','Toronto','Metro Toronto','','','Qiuli Zhao','2023-12-20 17:06:30','2023-12-20 17:06:30'),
(2856,'Ecko Jay Realty Ltd.','Toronto','Metro Toronto','eckojay.com','','Ecko Jay','2023-12-20 17:06:30','2023-12-20 17:06:30'),
(2857,'Elevate Realty Inc.','Toronto','Metro Toronto','elevaterealty.ca','','Nicolaos Vrysellas','2023-12-20 17:06:30','2023-12-20 17:06:30'),
(2858,'Eleven Eleven Real Estate Services Inc.','Toronto','Metro Toronto','1111realty.ca','','Michael James Klassen','2023-12-20 17:06:30','2023-12-20 17:06:30'),
(2859,'Ellington Real Estate Ltd.','Toronto','Metro Toronto','ellingtonre.com','','Scott H. Mulligan','2023-12-20 17:06:30','2023-12-20 17:06:30'),
(2860,'Emblem Real Estate Sales Inc.','Toronto','Metro Toronto','emblemdevcorp.com','','Marta Celina Pozniakowski','2023-12-20 17:06:31','2023-12-20 17:06:31'),
(2861,'Emi Realty Inc.','Toronto','Metro Toronto','','','Zhenyi Li','2023-12-20 17:06:31','2023-12-20 17:06:31'),
(2862,'Emporio Corporation Inc.','Toronto','Metro Toronto','','','Viviana Garibello','2023-12-20 17:06:31','2023-12-20 17:06:31'),
(2863,'Empress Realty Inc.','Toronto','Metro Toronto','gtamarket.com','','Shoren Konstantin','2023-12-20 17:06:31','2023-12-20 17:06:31'),
(2864,'Encor Advisors Canada Ltd.','Toronto','Metro Toronto','encoradvisors.com','','Timothy William James Bell','2023-12-20 17:06:31','2023-12-20 17:06:31'),
(2865,'Envoy Capitol Realty Inc.','Toronto','Metro Toronto','','','Norair Yeretsian','2023-12-20 17:06:31','2023-12-20 17:06:31'),
(2866,'Epic Realty Services Inc','Toronto','Metro Toronto','epicinvestmentservices.com','','Timothy James Murray','2023-12-20 17:06:31','2023-12-20 17:06:31'),
(2867,'Equicap Realty Corporation Inc','Toronto','Metro Toronto','','','Richard L Green','2023-12-20 17:06:31','2023-12-20 17:06:31'),
(2868,'Equity Builders Realty Inc.','Toronto','Metro Toronto','','','Sayed Sarwer Hussain','2023-12-20 17:06:31','2023-12-20 17:06:31'),
(2869,'Ernest G Wuebbolt','Toronto','Metro Toronto','','','Ernest G Wuebbolt','2023-12-20 17:06:31','2023-12-20 17:06:31'),
(2870,'Ernst & Young Real Estate Services Inc./services Immobiliers Ernst & Young Inc.','Toronto','Metro Toronto','ca.ey.com','','Duncan Yang','2023-12-20 17:06:31','2023-12-20 17:06:31'),
(2871,'Eskan Realty Inc.','Toronto','Metro Toronto','eskanrealty.com','','Sheldon L Kohn','2023-12-20 17:06:31','2023-12-20 17:06:31'),
(2872,'Estate Realty Ltd.','Toronto','Metro Toronto','estaterealty.ca','','Christopher James Dunlop','2023-12-20 17:06:31','2023-12-20 17:06:31'),
(2873,'Evanoff Real Estate Ltd.','Toronto','Metro Toronto','','','John R. Evanoff','2023-12-20 17:06:31','2023-12-20 17:06:31'),
(2874,'Evans Park Realty Ltd.','Toronto','Metro Toronto','','','Nina Evans','2023-12-20 17:06:31','2023-12-20 17:06:31'),
(2875,'Everest Realty Ltd.','Toronto','Metro Toronto','everesthomes.ca','','','2023-12-20 17:06:31','2023-12-20 17:06:31'),
(2876,'Everlasting Trust Realty Inc.','Toronto','Metro Toronto','dreammakers.ca','','Houman Mortazavi','2023-12-20 17:06:31','2023-12-20 17:06:31'),
(2877,'Evolved Realty Brokerage Inc.','Toronto','Metro Toronto','evolvedrealty.ca','','Julie Tieu Linh Ly','2023-12-20 17:06:31','2023-12-20 17:06:31'),
(2878,'Excel-home Real Estate Inc.','Toronto','Metro Toronto','excelhome.ca','','Jai Dev Bansal','2023-12-20 17:06:31','2023-12-20 17:06:31'),
(2879,'Executive Power Corporation','Toronto','Metro Toronto','realestatedivision.com','','Michael A. Roman','2023-12-20 17:06:31','2023-12-20 17:06:31'),
(2880,'Exp Realty Of Canada Inc','Toronto','Metro Toronto','exprealty.net','','','2023-12-20 17:06:31','2023-12-20 17:06:31'),
(2881,'Express Realty Inc.','Toronto','Metro Toronto','expressrealtyinc.com','','Yi-san Sam Liu','2023-12-20 17:06:31','2023-12-20 17:06:31'),
(2882,'Fabio Capobianco Real Estate Limited','Toronto','Metro Toronto','','','Anthony F. Capobianco','2024-01-31 12:11:50','2023-12-20 17:06:31'),
(2883,'Family Realty Cosmo City Inc.','Toronto','Metro Toronto','','','John Po-wa Wong','2023-12-20 17:06:31','2023-12-20 17:06:31'),
(2884,'Family Realty Singar Inc','Toronto','Metro Toronto','','','Victor Choi','2023-12-20 17:06:31','2023-12-20 17:06:31'),
(2885,'Farnham Realty Limited','Toronto','Metro Toronto','destineau.com','','Cristin Noel Lazier','2023-12-20 17:06:31','2023-12-20 17:06:31'),
(2886,'Fenghill Realty Inc.','Toronto','Metro Toronto','fenghill.com','','Kevin Chi','2023-12-20 17:06:31','2023-12-20 17:06:31'),
(2887,'Fidati Realty Inc.','Toronto','Metro Toronto','fidacity.com','','','2023-12-20 17:06:31','2023-12-20 17:06:31'),
(2888,'Fides Real Estate Limited','Toronto','Metro Toronto','','','Michael A Goldstein','2024-01-31 12:11:50','2023-12-20 17:06:31'),
(2889,'Find Properties Inc.','Toronto','Metro Toronto','','','Muhammad Kamran Hussain','2023-12-20 17:06:31','2023-12-20 17:06:31'),
(2890,'First Group Real Estate Inc.','Toronto','Metro Toronto','','','Fadi Elhami','2023-12-20 17:06:31','2023-12-20 17:06:31'),
(2891,'First Metropolitan Realty Corp.','Toronto','Metro Toronto','firstmet.ca','','Surrinder Toor','2023-12-20 17:06:31','2023-12-20 17:06:31'),
(2892,'First Optimum Realty Inc.','Toronto','Metro Toronto','homelifeoptimum.com','','Lawrence M Mandlsohn','2023-12-20 17:06:31','2023-12-20 17:06:31'),
(2893,'Flat Rate Realty Corp.','Toronto','Metro Toronto','','','','2023-12-20 17:06:31','2023-12-20 17:06:31'),
(2894,'Forest Hill Real Estate Inc','Toronto','Metro Toronto','foresthillsignature.com','','','2023-12-20 17:06:31','2023-12-20 17:06:31'),
(2895,'Forever Realty Inc.','Toronto','Metro Toronto','','','Itria Buso','2024-01-31 12:11:50','2023-12-20 17:06:31'),
(2896,'Fortes Realty Inc.','Toronto','Metro Toronto','','','Julio Hercules Fortes','2023-12-20 17:06:31','2023-12-20 17:06:31'),
(2897,'Four Seasons Real Estate Ltd.','Toronto','Metro Toronto','','','','2023-12-20 17:06:31','2023-12-20 17:06:31'),
(2898,'Fox Marin Associates Ltd.','Toronto','Metro Toronto','foxmarin.ca','','Ralph James Fox','2023-12-20 17:06:31','2023-12-20 17:06:31'),
(2899,'Fr Capital Realty Advisory Services Inc.','Toronto','Metro Toronto','frcapitalrealty.com','','Olivier Raoult','2023-12-20 17:06:31','2023-12-20 17:06:31'),
(2900,'Frank Mancuso','Toronto','Metro Toronto','','','','2023-12-20 17:06:31','2023-12-20 17:06:31'),
(2901,'Fraser Group Realty Ltd.','Toronto','Metro Toronto','terrybutts.com','','Terrence Edward L Butts','2023-12-20 17:06:31','2023-12-20 17:06:31'),
(2902,'Freeman Real Estate Ltd','Toronto','Metro Toronto','freemanrealty.com','','Elden S Freeman','2023-12-20 17:06:31','2023-12-20 17:06:31'),
(2903,'Friday Harbour Real Estate Corp.','Toronto','Metro Toronto','milborne.com','','Mariana Milborne','2023-12-20 17:06:31','2023-12-20 17:06:31'),
(2904,'Friends Realty Inc.','Toronto','Metro Toronto','','','Rohin Aneja','2023-12-20 17:06:32','2023-12-20 17:06:32'),
(2905,'Future Group Realty Services Ltd.','Toronto','Metro Toronto','futuregrouprealty.com','','Jagdai Seeta Seepersaud','2023-12-20 17:06:32','2023-12-20 17:06:32'),
(2906,'G. Silverberg Real Estate Limited','Toronto','Metro Toronto','silverbergrealestate.com','','Gary Silverberg','2023-12-20 17:06:32','2023-12-20 17:06:32'),
(2907,'G. T. A. Realty Ltd.','Toronto','Metro Toronto','','','Frank G. Varga','2024-01-31 12:11:50','2023-12-20 17:06:32'),
(2908,'Galaxy Realty Inc.','Toronto','Metro Toronto','galaxyrealty.ca','','Wei Chen','2023-12-20 17:06:32','2023-12-20 17:06:32'),
(2909,'Gano Realty Inc','Toronto','Metro Toronto','','','Samy M Gano','2024-01-31 12:11:50','2023-12-20 17:06:32'),
(2910,'Gate Real Estate Inc.','Toronto','Metro Toronto','gaterealestate.ca','','Arvinder Dhaliwal','2023-12-20 17:06:32','2023-12-20 17:06:32'),
(2911,'Gc Bespoke Realty Inc.','Toronto','Metro Toronto','','','Gavin Chen','2023-12-20 17:06:32','2023-12-20 17:06:32'),
(2912,'Genuine Realty Inc.','Toronto','Metro Toronto','genuinerealty.ca','','Ali Ketabchian','2023-12-20 17:06:32','2023-12-20 17:06:32'),
(2913,'Geoffrey L. Moore Realty Inc.','Toronto','Metro Toronto','','','Geoffrey L Moore','2024-01-31 12:27:23','2023-12-20 17:06:32'),
(2914,'Gerd Werner Damitz-boettner','Toronto','Metro Toronto','','','Gerd Werner Damitz-boettner','2023-12-20 17:06:32','2023-12-20 17:06:32'),
(2915,'Get Sold Realty Inc.','Toronto','Metro Toronto','getsold.ca','','Michael George Samrah','2023-12-20 17:06:32','2023-12-20 17:06:32'),
(2916,'Gfa Realty Ltd.','Toronto','Metro Toronto','gfaltdcanada.com','','Bashar Abdel Hadi','2023-12-20 17:06:32','2023-12-20 17:06:32'),
(2917,'Gh Realty Investment Advisors Inc.','Toronto','Metro Toronto','goodhousegroup.ca','','Gregory A. Goodale','2023-12-20 17:06:32','2023-12-20 17:06:32'),
(2918,'Gilbert Realty Inc.','Toronto','Metro Toronto','gilbertrealty.ca','','Daniel Jay Gilbert','2023-12-20 17:06:32','2023-12-20 17:06:32'),
(2919,'Gillen Realty Ltd.','Toronto','Metro Toronto','gillenrealty.com','','Patrick Edward Mark Gillen','2023-12-20 17:06:32','2023-12-20 17:06:32'),
(2920,'Gino Liscio','Toronto','Metro Toronto','','','Gino Liscio','2023-12-20 17:06:32','2023-12-20 17:06:32'),
(2921,'Gitalis Real Estate Inc.','Toronto','Metro Toronto','gitalis.com','','Zev Samuel Gitalis','2023-12-20 17:06:32','2023-12-20 17:06:32'),
(2922,'Glenhome Real Estate Inc.','Toronto','Metro Toronto','glenhomerealestate.com','','Joseph Xavier Robert','2023-12-20 17:06:32','2023-12-20 17:06:32'),
(2923,'Glenview Realty Corp.','Toronto','Metro Toronto','','','Larry Fox','2023-12-20 17:06:32','2023-12-20 17:06:32'),
(2924,'Globalmark Realty Inc.','Toronto','Metro Toronto','globalmarkrealty.com','','John A Dzeko','2023-12-20 17:06:32','2023-12-20 17:06:32'),
(2925,'Go Forward Commercial And Residential Realty Corporation','Toronto','Metro Toronto','','','David Jason Rose','2024-01-29 17:31:45','2023-12-20 17:06:32'),
(2926,'Godoy Real Estate Inc.','Toronto','Metro Toronto','','','Maria Cristina Godoy','2023-12-20 17:06:32','2023-12-20 17:06:32'),
(2927,'Gogreen Property Consulting Inc.','Toronto','Metro Toronto','','','Sophie Turner','2023-12-20 17:06:32','2023-12-20 17:06:32'),
(2928,'Golden House Realty Inc.','Toronto','Metro Toronto','goldenhouserealty.ca','','Qingyun Dou','2023-12-20 17:06:32','2023-12-20 17:06:32'),
(2929,'Golden Life Realty Ltd.','Toronto','Metro Toronto','','','Min Catherine Sun','2023-12-20 17:06:32','2023-12-20 17:06:32'),
(2930,'Golden World Realty Point Inc.','Toronto','Metro Toronto','','','Jeffrey Chan','2023-12-20 17:06:32','2023-12-20 17:06:32'),
(2931,'Goldenway Real Estate Ltd.','Toronto','Metro Toronto','goldenwayre.com','','Xing Liu','2023-12-20 17:06:32','2023-12-20 17:06:32'),
(2932,'Goldfarb Real Estate Inc.','Toronto','Metro Toronto','goldfarbrealty.com','','Grant Leo Goldfarb','2023-12-20 17:06:32','2023-12-20 17:06:32'),
(2933,'Goldtop Realty Inc.','Toronto','Metro Toronto','jamessellsgta.com','','Karim James Shuqom','2023-12-20 17:06:32','2023-12-20 17:06:32'),
(2934,'Goldwin Realty Corporation','Toronto','Metro Toronto','goldwinrealty.com','','Andrzej Stefan Weinberger','2023-12-20 17:06:32','2023-12-20 17:06:32'),
(2935,'Gowest Realty Limited','Toronto','Metro Toronto','listwithgowest.com','','Christopher Gawrys','2023-12-20 17:06:32','2023-12-20 17:06:32'),
(2936,'Grand Realty Inc','Toronto','Metro Toronto','','','Paul Ishkanian','2024-01-31 12:11:50','2023-12-20 17:06:32'),
(2937,'Grand Vista Realty Inc.','Toronto','Metro Toronto','grandvistarealty.ca','','Rajen Sharma','2023-12-20 17:06:32','2023-12-20 17:06:32'),
(2938,'Great Neighbour Realty Inc.','Toronto','Metro Toronto','','','Roan Anthony Lawson','2023-12-20 17:06:32','2023-12-20 17:06:32'),
(2939,'Greater Ottawa Real Estate Services Inc.','Toronto','Metro Toronto','','','','2023-12-20 17:06:32','2023-12-20 17:06:32'),
(2940,'Greater Property Group Inc.','Toronto','Metro Toronto','krisdennis.ca','','Kristoffer Michael Dennis','2023-12-20 17:06:32','2023-12-20 17:06:32'),
(2941,'Green Hedge Realty Inc.','Toronto','Metro Toronto','','','Arthur Kozlowski','2023-12-20 17:06:32','2023-12-20 17:06:32'),
(2942,'Green Home Works Realty Inc.','Toronto','Metro Toronto','torontorealestaterealty.com','','Daljinder Singh Gill','2023-12-20 17:06:32','2023-12-20 17:06:32'),
(2943,'Green Realty Inc.','Toronto','Metro Toronto','greenrealtyinc.ca','','Kevin Green','2023-12-20 17:06:32','2023-12-20 17:06:32'),
(2944,'Greenfield Real Estate Inc.','Toronto','Metro Toronto','trebnet.com','','Anat Papp','2023-12-20 17:06:32','2023-12-20 17:06:32'),
(2945,'Greenrlty Real Estate Inc.','Toronto','Metro Toronto','','','Nicole Angella Green','2023-12-20 17:06:32','2023-12-20 17:06:32'),
(2946,'Guardian Realty Inc.','Toronto','Metro Toronto','','','George Djordje Njegovan','2024-01-31 12:11:50','2023-12-20 17:06:32'),
(2947,'Guiker Brokerage Inc.','Toronto','Metro Toronto','guiker.com','','Frederick Serrecchia','2023-12-20 17:06:32','2023-12-20 17:06:32'),
(2948,'Guild Manor Realty Limited','Toronto','Metro Toronto','','','Dean T. Clegg','2024-01-31 12:11:50','2023-12-20 17:06:32'),
(2949,'Gulf Lake Realty Ltd','Toronto','Metro Toronto','gulflakerealty.com','','Tehmina Athar','2023-12-20 17:06:32','2023-12-20 17:06:32'),
(2950,'Gwl Realty Advisors Inc.','Toronto','Metro Toronto','gwlra.com','','Rekha Rebello','2023-12-20 17:06:32','2023-12-20 17:06:32'),
(2951,'H K Sit Realty Limited','Toronto','Metro Toronto','','','Hung-kwan Sit','2023-12-20 17:06:32','2023-12-20 17:06:32'),
(2952,'Haiya-maan Inc.','Toronto','Metro Toronto','','','Mitul Shailesh Kadakia','2023-12-20 17:06:32','2023-12-20 17:06:32'),
(2953,'Hallmark Realty Group Inc.','Toronto','Metro Toronto','hallmarkrealtygroup.ca','','Gary Lee Crowder','2023-12-20 17:06:32','2023-12-20 17:06:32'),
(2954,'Hammond International Properties Limited','Toronto','Metro Toronto','hammondinternationalproperties.com','','Jerry Hammond','2023-12-20 17:06:33','2023-12-20 17:06:33'),
(2955,'Harbourside Realty Corp.','Toronto','Metro Toronto','','','Moutaze Steve Nehlawi','2023-12-20 17:06:33','2023-12-20 17:06:33'),
(2956,'Harding & King Real Estate Services Inc.','Toronto','Metro Toronto','hardingandking.com','','Carol Elaine Maxwell','2023-12-20 17:06:33','2023-12-20 17:06:33'),
(2957,'Harimax Realty Inc.','Toronto','Metro Toronto','','','Rajesh Kumar Bhatia','2023-12-20 17:06:33','2023-12-20 17:06:33'),
(2958,'Harlan Realty Inc.','Toronto','Metro Toronto','harlan.ca','','Alan V Potts','2023-12-20 17:06:33','2023-12-20 17:06:33'),
(2959,'Harlowe Realty Corporation','Toronto','Metro Toronto','harlowerealty.com','','Tawnya Del Ben Fletcher','2023-12-20 17:06:33','2023-12-20 17:06:33'),
(2960,'Harry Rotenberg Real Estate Limited','Toronto','Metro Toronto','on.aibn.com','','Saverio Dimondo','2023-12-20 17:06:33','2023-12-20 17:06:33'),
(2961,'Harvest Realty Ltd.','Toronto','Metro Toronto','','','Samuel Kin Yip Chang','2023-12-20 17:06:33','2023-12-20 17:06:33'),
(2962,'Harvey Kalles Real Estate Ltd','Toronto','Metro Toronto','hkre.ca','','Michael Samuel Kalles','2023-12-20 17:06:33','2023-12-20 17:06:33'),
(2963,'Harvey Kalles Realty Inc.','Toronto','Metro Toronto','harveykalles.com','','Harvey Kalles','2023-12-20 17:06:33','2023-12-20 17:06:33'),
(2964,'Hauskey Inc.','Toronto','Metro Toronto','hauskey.com','','Damien Albert Moore','2023-12-20 17:06:33','2023-12-20 17:06:33'),
(2965,'Hazelton Real Estate Inc.','Toronto','Metro Toronto','hazeltonre.com','','Janice Roberta Fox','2023-12-20 17:06:33','2023-12-20 17:06:33'),
(2966,'Heaps Estrin Team Ltd.','Toronto','Metro Toronto','heapsestrin.com','','','2023-12-20 17:06:33','2023-12-20 17:06:33'),
(2967,'Heilbut Commercial Realty Inc.','Toronto','Metro Toronto','heilbutcommercial.com','','Harold E. Heilbut','2023-12-20 17:06:33','2023-12-20 17:06:33'),
(2968,'Hersh Realty Group Inc.','Toronto','Metro Toronto','hersh.ca','','Hersh Litvack','2023-12-20 17:06:33','2023-12-20 17:06:33'),
(2969,'High Point Realty Limited','Toronto','Metro Toronto','highpoint.ca','','Barry J Sklar','2023-12-20 17:06:33','2023-12-20 17:06:33'),
(2970,'Highmark Realty Inc.','Toronto','Metro Toronto','','','Janet Tomson','2023-12-20 17:06:33','2023-12-20 17:06:33'),
(2971,'Hillcrest Group Inc.','Toronto','Metro Toronto','hillcrestgroup.ca','','Paul Qi Liu','2023-12-20 17:06:33','2023-12-20 17:06:33'),
(2972,'Hillcrest Realty Inc.','Toronto','Metro Toronto','','','Ken H T Chau','2023-12-20 17:06:33','2023-12-20 17:06:33'),
(2973,'Hive Realty Corp','Toronto','Metro Toronto','hiverealty.ca','','Cary Philip Chapnick','2023-12-20 17:06:33','2023-12-20 17:06:33'),
(2974,'Home Delight Realty Inc.','Toronto','Metro Toronto','homedelightrealty.com','','Geoffrey Chiu','2023-12-20 17:06:33','2023-12-20 17:06:33'),
(2975,'Home Exchange Realty Inc.','Toronto','Metro Toronto','','','Anatoly Gititer','2023-12-20 17:06:33','2023-12-20 17:06:33'),
(2976,'Home Land Plus Realty Ltd.','Toronto','Metro Toronto','homelandplusrealty.com','','Qumars Danny Shahrokhi','2023-12-20 17:06:33','2023-12-20 17:06:33'),
(2977,'Home Leader Realty Inc.','Toronto','Metro Toronto','','','Maziar Moini','2023-12-20 17:06:33','2023-12-20 17:06:33'),
(2978,'Home Mart Realty Inc','Toronto','Metro Toronto','','','Gisela Wolf','2023-12-20 17:06:33','2023-12-20 17:06:33'),
(2979,'Home99 Realty Inc.','Toronto','Metro Toronto','','','Zai Feng Wang','2023-12-20 17:06:33','2023-12-20 17:06:33'),
(2980,'Homecomfort Realty Inc.','Toronto','Metro Toronto','','','Yulin Lin','2023-12-20 17:06:33','2023-12-20 17:06:33'),
(2981,'Homefluent Realty Inc.','Toronto','Metro Toronto','homefluent.com','','','2023-12-20 17:06:33','2023-12-20 17:06:33'),
(2982,'Homelife Elite Services Realty Inc.','Toronto','Metro Toronto','homelifeelite.com','','Raza Mohammad','2023-12-20 17:06:33','2023-12-20 17:06:33'),
(2983,'Homelife First Realty Inc.','Toronto','Metro Toronto','','','Tonny P S Louie','2024-01-31 12:11:50','2023-12-20 17:06:33'),
(2984,'Homelife Galaxy Balu\'s Realty Ltd','Toronto','Metro Toronto','','','Balu Shanmuga','2023-12-20 17:06:33','2023-12-20 17:06:33'),
(2985,'Homelife Galaxy Real Estate Ltd.','Toronto','Metro Toronto','','','Karunathasan Gopalapillai','2023-12-20 17:06:33','2023-12-20 17:06:33'),
(2986,'Homelife Gold Pacific Realty Inc.','Toronto','Metro Toronto','','','Wayne Fan','2024-01-31 12:11:50','2023-12-20 17:06:33'),
(2987,'Homelife Hearts Realty Inc.','Toronto','Metro Toronto','','','','2023-12-20 17:06:33','2023-12-20 17:06:33'),
(2988,'Homelife Local Real Estate Ltd','Toronto','Metro Toronto','','','Luis M. Lima','2023-12-20 17:06:33','2023-12-20 17:06:33'),
(2989,'Homelife Miracle Imperial Realty Ltd.','Toronto','Metro Toronto','','','Amanjot Singh Lubana','2023-12-20 17:06:33','2023-12-20 17:06:33'),
(2990,'Homelife Miracle Realty Ltd.','Toronto','Metro Toronto','homelifemiracle.com','','Ajay Shah','2023-12-20 17:06:33','2023-12-20 17:06:33'),
(2991,'Homelife New World Condomax Realty Inc.','Toronto','Metro Toronto','','','Dian Lin','2023-12-20 17:06:33','2023-12-20 17:06:33'),
(2992,'Homelife New World Realty Inc','Toronto','Metro Toronto','','','Simon Ngok-pang Yeung','2023-12-20 17:06:33','2023-12-20 17:06:33'),
(2993,'Homelife Olympia Realty Inc.','Toronto','Metro Toronto','','','Ellias L. Korkontzilas','2023-12-20 17:06:33','2023-12-20 17:06:33'),
(2994,'Homelife Regional Realty Ltd','Toronto','Metro Toronto','','','Joe G. Machado','2023-12-20 17:06:33','2023-12-20 17:06:33'),
(2995,'Homelife Romano Realty Ltd','Toronto','Metro Toronto','homeliferomano.com','','Donato Romano','2023-12-20 17:06:33','2023-12-20 17:06:33'),
(2996,'Homelife Silvercity Realty Inc.','Toronto','Metro Toronto','hlsilvercity.com','','','2023-12-20 17:06:33','2023-12-20 17:06:33'),
(2997,'Homelife Success Realty Inc.','Toronto','Metro Toronto','','','Roger Mark Crevelle','2024-01-31 12:11:50','2023-12-20 17:06:33'),
(2998,'Homelife Superstars Real Estate Limited','Toronto','Metro Toronto','','','Bhupinder Pal Singh Randhawa','2023-12-20 17:06:33','2023-12-20 17:06:33'),
(2999,'Homelife Today Realty Ltd.','Toronto','Metro Toronto','','','Ramanan Ramachandran','2023-12-20 17:06:33','2023-12-20 17:06:33'),
(3000,'Homelife Woodbine Realty Inc.','Toronto','Metro Toronto','homelifewoodbine.ca','','Pankaj Vasal','2023-12-20 17:06:33','2023-12-20 17:06:33'),
(3001,'Homelife Yorkland Real Estate Ltd','Toronto','Metro Toronto','','','Rubina Jamal','2023-12-20 17:06:33','2023-12-20 17:06:33'),
(3002,'Homelife/5 Star Realty Ltd.','Toronto','Metro Toronto','homelife5star.ca','','Carmelo Staltari','2023-12-20 17:06:33','2023-12-20 17:06:33'),
(3003,'Homelife/champions Realty Inc','Toronto','Metro Toronto','','','Uthayakumar Ponnuthurai','2023-12-20 17:06:33','2023-12-20 17:06:33'),
(3004,'Homelife/cimerman Real Estate Ltd','Toronto','Metro Toronto','','','Lori Cimerman','2024-01-31 12:11:50','2023-12-20 17:06:33'),
(3005,'Homelife/city Hill Realty Inc.','Toronto','Metro Toronto','homelife.com','','Luis Manuel Ganhao','2023-12-20 17:06:33','2023-12-20 17:06:33'),
(3006,'Homelife/golden East Realty Inc.','Toronto','Metro Toronto','','','Jane S.f. Tam-yuen','2023-12-20 17:06:33','2023-12-20 17:06:33'),
(3007,'Homelife/gta Realty Inc.','Toronto','Metro Toronto','hlgtarealty.com','','Eddie Wing-yiu Woo','2023-12-20 17:06:33','2023-12-20 17:06:33'),
(3008,'Homelife/realty One Ltd.','Toronto','Metro Toronto','','','Gerald Michaud','2023-12-20 17:06:33','2023-12-20 17:06:33'),
(3009,'Homelife/treasure Realty Ltd','Toronto','Metro Toronto','trebnet.com','','Joseph Pianta','2023-12-20 17:06:33','2023-12-20 17:06:33'),
(3010,'Homelife/vision Realty Inc.','Toronto','Metro Toronto','','','Ken Kakoullis','2023-12-20 17:06:33','2023-12-20 17:06:33'),
(3011,'Homelink Realty Ltd.','Toronto','Metro Toronto','','','Mujeeburrehman Khan','2024-01-29 17:31:35','2023-12-20 17:06:33'),
(3012,'Homeplus Realty Brokerage Inc.','Toronto','Metro Toronto','','','Kristina Tomes','2024-01-31 12:27:23','2023-12-20 17:06:33'),
(3013,'Homes With Sophia Realty Inc.','Toronto','Metro Toronto','homeswithsophia.com','','Afsaneh Keshavarz','2023-12-20 17:06:33','2023-12-20 17:06:33'),
(3014,'Homesmith Realty Inc.','Toronto','Metro Toronto','','','Greg Akouris','2023-12-20 17:06:33','2023-12-20 17:06:33'),
(3015,'Hometon Inc.','Toronto','Metro Toronto','','','Chiu Ha Clara Chan','2023-12-20 17:06:33','2023-12-20 17:06:33'),
(3016,'Homeward Inc.','Toronto','Metro Toronto','','','','2023-12-20 17:06:33','2023-12-20 17:06:33'),
(3017,'Homewise Real Estate Inc.','Toronto','Metro Toronto','homewiserealestate.ca','','Joshua Alexander Raxlen','2023-12-20 17:06:33','2023-12-20 17:06:33'),
(3018,'Homula Inc.','Toronto','Metro Toronto','homula.com','','Evgeny Rosen','2023-12-20 17:06:33','2023-12-20 17:06:33'),
(3019,'Honestdoor Brokerage Inc.','Toronto','Metro Toronto','honestdoor.com','','Kenneth Allan Collis','2023-12-20 17:06:33','2023-12-20 17:06:33'),
(3020,'Hoo Capital Realty Inc.','Toronto','Metro Toronto','hcre.ca','','Joshua Hoo','2023-12-20 17:06:33','2023-12-20 17:06:33'),
(3021,'Hopelight Realty Limited','Toronto','Metro Toronto','','','Douglas Christopher Hope','2023-12-20 17:06:34','2023-12-20 17:06:34'),
(3022,'House Connection Inc.','Toronto','Metro Toronto','trebnet.com','','Thomas Shek Keung Ling','2023-12-20 17:06:34','2023-12-20 17:06:34'),
(3023,'Housesigma Inc.','Toronto','Metro Toronto','housesigma.com','','','2023-12-20 17:06:34','2023-12-20 17:06:34'),
(3024,'Hunterra Real Estate Brokerage Inc.','Toronto','Metro Toronto','hunterragroup.com','','Oluremi Ojo','2023-12-20 17:06:34','2023-12-20 17:06:34'),
(3025,'Hussnain Team P.r.e. Corporation','Toronto','Metro Toronto','','','','2023-12-20 17:06:34','2023-12-20 17:06:34'),
(3026,'Hydra Realty Limited','Toronto','Metro Toronto','hydrarealty.com','','Gurpreet Kaur Valela','2023-12-20 17:06:34','2023-12-20 17:06:34'),
(3027,'Ici Realty Inc.','Toronto','Metro Toronto','impactcondoinvestments.com','','Wah Wei Mah','2023-12-20 17:06:34','2023-12-20 17:06:34'),
(3028,'Ici Source Real Asset Services Inc.','Toronto','Metro Toronto','icisource.ca','','','2023-12-20 17:06:34','2023-12-20 17:06:34'),
(3029,'Icon 1 Realty Services Inc.','Toronto','Metro Toronto','icon1realty.com','','Martino Niro','2023-12-20 17:06:34','2023-12-20 17:06:34'),
(3030,'Ignite Realty Inc.','Toronto','Metro Toronto','igniterealty.ca','','Suganthakumar Sivarajah','2023-12-20 17:06:34','2023-12-20 17:06:34'),
(3031,'Ilistrealestate Inc.','Toronto','Metro Toronto','ilistrealestate.ca','','Alexios Prasoulis','2023-12-20 17:06:34','2023-12-20 17:06:34'),
(3032,'Improve Action Realty Inc.','Toronto','Metro Toronto','lanaplat.com','','Svetlana Plat','2023-12-20 17:06:34','2023-12-20 17:06:34'),
(3033,'Income Plus Realty Services Inc.','Toronto','Metro Toronto','','','Anastasios Drivas','2023-12-20 17:06:34','2023-12-20 17:06:34'),
(3034,'Income Property Surplus Realty Inc.','Toronto','Metro Toronto','hersh.ca','','Susan Kurta','2023-12-20 17:06:34','2023-12-20 17:06:34'),
(3035,'Induno Realty Inc','Toronto','Metro Toronto','','','Anselmo Beretta','2023-12-20 17:06:34','2023-12-20 17:06:34'),
(3036,'Industrial Commercial Realty Inc.','Toronto','Metro Toronto','','','Ryan John Dobbin','2023-12-20 17:06:34','2023-12-20 17:06:34'),
(3037,'Inplay Realty Services Inc.','Toronto','Metro Toronto','inplayrealty.com','','Allan B Green','2023-12-20 17:06:34','2023-12-20 17:06:34'),
(3038,'Insite Realty Corp.','Toronto','Metro Toronto','insitetoronto.com','','Michael John Mackie','2023-12-20 17:06:34','2023-12-20 17:06:34'),
(3039,'Interchange Realty Inc.','Toronto','Metro Toronto','','','Farzad Eghtedari','2023-12-20 17:06:34','2023-12-20 17:06:34'),
(3040,'Intercity Realty Inc.','Toronto','Metro Toronto','','','','2023-12-20 17:06:34','2023-12-20 17:06:34'),
(3041,'Interfield Realty Inc.','Toronto','Metro Toronto','','','Miklos Harmath','2024-01-31 12:11:50','2023-12-20 17:06:34'),
(3042,'International Realty Firm Inc.','Toronto','Metro Toronto','internationalrealtyfirm.com','','Kyle Kenneth Bouchard','2023-12-20 17:06:34','2023-12-20 17:06:34'),
(3043,'Intrust Commercial Real Estate Brokerage Inc.','Toronto','Metro Toronto','intrustcre.com','','Josef Khoudatov','2023-12-20 17:06:34','2023-12-20 17:06:34'),
(3044,'Ipro Realty Ltd','Toronto','Metro Toronto','iprorealty.com','','','2023-12-20 17:06:34','2023-12-20 17:06:34'),
(3045,'Iq Realty Inc.','Toronto','Metro Toronto','','','Chan-huy Victor Ly','2023-12-20 17:06:34','2023-12-20 17:06:34'),
(3046,'Irealty Inc.','Toronto','Metro Toronto','','','Franki Wong','2023-12-20 17:06:34','2023-12-20 17:06:34'),
(3047,'Irise Realty Corp.','Toronto','Metro Toronto','iriserealty.com','','Tarik H Gidamy','2023-12-20 17:06:34','2023-12-20 17:06:34'),
(3048,'Irwan Ie Lung Yap','Toronto','Metro Toronto','','','Irwan Ie Lung Yap','2023-12-20 17:06:34','2023-12-20 17:06:34'),
(3049,'Iryna Puha','Toronto','Metro Toronto','','','Iryna Puha','2023-12-20 17:06:34','2023-12-20 17:06:34'),
(3050,'Isabel Gonzalez','Toronto','Metro Toronto','','','Isabel Gonzalez','2023-12-20 17:06:34','2023-12-20 17:06:34'),
(3051,'Ixl At Real Estate Inc.','Toronto','Metro Toronto','ixlat.com','','Helena Wing-mui Wong','2023-12-20 17:06:34','2023-12-20 17:06:34'),
(3052,'J. K. Hoffmann Real Estate Ltd.','Toronto','Metro Toronto','','','Juergen K Hoffmann','2024-01-31 12:27:23','2023-12-20 17:06:34'),
(3053,'J. Leonard Sussman Ltd.','Toronto','Metro Toronto','','','John Leonard Sussman','2023-12-20 17:06:34','2023-12-20 17:06:34'),
(3054,'J. Mckay Realty Ltd','Toronto','Metro Toronto','','','Joshua Glave Mckay','2023-12-20 17:06:34','2023-12-20 17:06:34'),
(3055,'Jackie Yew Realty Inc.','Toronto','Metro Toronto','yewfamily.com','','Jacqueline Yew','2023-12-20 17:06:34','2023-12-20 17:06:34'),
(3056,'James Power Real Estate Brokerage Inc.','Toronto','Metro Toronto','','','James Power','2023-12-20 17:06:34','2023-12-20 17:06:34'),
(3057,'James So Realty Ltd','Toronto','Metro Toronto','','','James M So','2023-12-20 17:06:34','2023-12-20 17:06:34'),
(3058,'Janet Elaine Findlay','Toronto','Metro Toronto','','','Janet Elaine Findlay','2023-12-20 17:06:34','2023-12-20 17:06:34'),
(3059,'Jardine Henderson Realty Inc.','Toronto','Metro Toronto','jardinehenderson.ca','','Susan Suk-man Chiu','2023-12-20 17:06:34','2023-12-20 17:06:34'),
(3060,'Jarrett & Tomlinson Ltd','Toronto','Metro Toronto','','','Mario Iafano','2023-12-20 17:06:34','2023-12-20 17:06:34'),
(3061,'Jcd Commercial Realty Inc.','Toronto','Metro Toronto','jcdrealtyinc.com','','James Doucette','2023-12-20 17:06:35','2023-12-20 17:06:35'),
(3062,'Jdl Realty Inc.','Toronto','Metro Toronto','jdlrealty.ca','','','2023-12-20 17:06:35','2023-12-20 17:06:35'),
(3063,'Jdw Realty Limited','Toronto','Metro Toronto','','','John Douglas Wright','2024-01-31 12:11:50','2023-12-20 17:06:35'),
(3064,'Jeffrey J Hewlett','Toronto','Metro Toronto','','','','2023-12-20 17:06:35','2023-12-20 17:06:35'),
(3065,'Jennette Suzan Leyland','Toronto','Metro Toronto','','','','2023-12-20 17:06:35','2023-12-20 17:06:35'),
(3066,'Jennifer Freedman','Toronto','Metro Toronto','','','Jennifer Freedman','2023-12-20 17:06:35','2023-12-20 17:06:35'),
(3067,'Jenny W H Tai-lee','Toronto','Metro Toronto','','','','2023-12-20 17:06:35','2023-12-20 17:06:35'),
(3068,'Jmas Realty Inc.','Toronto','Metro Toronto','','','Mary Tran','2023-12-20 17:06:35','2023-12-20 17:06:35'),
(3069,'John Calvin Richardson','Toronto','Metro Toronto','','','John Calvin Richardson','2023-12-20 17:06:35','2023-12-20 17:06:35'),
(3070,'John Mallinos Real Estate Limited','Toronto','Metro Toronto','','','John Mallinos','2023-12-20 17:06:35','2023-12-20 17:06:35'),
(3071,'John Menecola','Toronto','Metro Toronto','','','','2023-12-20 17:06:35','2023-12-20 17:06:35'),
(3072,'Johnston & Green Real Estate Ltd','Toronto','Metro Toronto','','','Hugh Green','2023-12-20 17:06:35','2023-12-20 17:06:35'),
(3073,'Jones Lang Lasalle Real Estate Services Inc.','Toronto','Metro Toronto','jll.com','','','2023-12-20 17:06:35','2023-12-20 17:06:35'),
(3074,'Joseph Cassidy Real Estate Inc.','Toronto','Metro Toronto','cassidyrealty.ca','','Joseph Cassidy','2023-12-20 17:06:35','2023-12-20 17:06:35'),
(3075,'Joy Verde Group Realty Ltd.','Toronto','Metro Toronto','joyverde.com','','Catherine Joy Verde','2023-12-20 17:06:36','2023-12-20 17:06:36'),
(3076,'Judy Lynn Fancy','Toronto','Metro Toronto','','','Judy Lynn Fancy','2023-12-20 17:06:36','2023-12-20 17:06:36'),
(3077,'Justo Inc.','Toronto','Metro Toronto','justo.ca','','Alexander Kvitnitsky','2023-12-20 17:06:36','2023-12-20 17:06:36'),
(3078,'K C Chan Realty Inc.','Toronto','Metro Toronto','','','Kwok-ching Chan','2023-12-20 17:06:36','2023-12-20 17:06:36'),
(3079,'K P Gillen & Co Realty Limited','Toronto','Metro Toronto','kpgillen.com','','Kevin Peter Gillen','2023-12-20 17:06:36','2023-12-20 17:06:36'),
(3080,'Kaizen Capital Realty Partners Inc.','Toronto','Metro Toronto','kaizencapitalrp.com','','Nicholas Michael King','2023-12-20 17:06:36','2023-12-20 17:06:36'),
(3081,'Kapsons Real Estate Ltd.','Toronto','Metro Toronto','kapsons.ca','','Minakshi Kapoor','2023-12-20 17:06:36','2023-12-20 17:06:36'),
(3082,'Katy Torabi Realty Inc.','Toronto','Metro Toronto','','','Katayoon Torabi','2023-12-20 17:06:36','2023-12-20 17:06:36'),
(3083,'Kay Real Estate Ltd','Toronto','Metro Toronto','','','Vasilis Bill Mantzoutsos','2024-01-31 12:11:15','2023-12-20 17:06:36'),
(3084,'Kesland Realty Inc.','Toronto','Metro Toronto','kesland.ca','','Edward Yiu Wing Chan','2023-12-20 17:06:36','2023-12-20 17:06:36'),
(3085,'Kevin Yu Realty Inc.','Toronto','Metro Toronto','kevinyuteam.com','','Kevin Yu','2023-12-20 17:06:36','2023-12-20 17:06:36'),
(3086,'Keymaker Real Estate Inc.','Toronto','Metro Toronto','keymakerrealestate.com','','Vinendra Madan','2023-12-20 17:06:36','2023-12-20 17:06:36'),
(3087,'Kic Realty Inc.','Toronto','Metro Toronto','kicrealty.com','','Ronald William Mcintosh','2023-12-20 17:06:36','2023-12-20 17:06:36'),
(3088,'Kipling Realty Brokerage Inc.','Toronto','Metro Toronto','kiplingrealty.com','','Patrick William Dolan','2023-12-20 17:06:36','2023-12-20 17:06:36'),
(3089,'Kismet Realty Corporation','Toronto','Metro Toronto','kismetgroup.ca','','Heidi Kurien','2023-12-20 17:06:37','2023-12-20 17:06:37'),
(3090,'Klaskor Real Estate Corporation','Toronto','Metro Toronto','trebnet.com','','Lisa Mccullough','2023-12-20 17:06:37','2023-12-20 17:06:37'),
(3091,'Klp Realty Inc','Toronto','Metro Toronto','','','Katherine L. Pandell','2024-01-31 12:27:23','2023-12-20 17:06:37'),
(3092,'Kobalt Realty Inc.','Toronto','Metro Toronto','kobaltrealty.com','','Zacharoula Roula Traikos','2023-12-20 17:06:37','2023-12-20 17:06:37'),
(3093,'Koch Realty Inc.','Toronto','Metro Toronto','','','Ben Kochnari','2023-12-20 17:06:37','2023-12-20 17:06:37'),
(3094,'Kolt Realty Inc.','Toronto','Metro Toronto','kolt.ca','','Daniel B. Kolber','2023-12-20 17:06:37','2023-12-20 17:06:37'),
(3095,'Konfidis Realty Inc.','Toronto','Metro Toronto','konfidis.com','','Rodney Michael Harvey','2023-12-20 17:06:37','2023-12-20 17:06:37'),
(3096,'Kroll Real Estate Ltd.','Toronto','Metro Toronto','krollrealestate.com','','Aaron Kroll','2023-12-20 17:06:37','2023-12-20 17:06:37'),
(3097,'L & L Real Estate Investments Inc.','Toronto','Metro Toronto','','','Lena Christine Koke','2023-12-20 17:06:37','2023-12-20 17:06:37'),
(3098,'L P Snow Realty Limited','Toronto','Metro Toronto','','','Lawrence P Snow','2024-01-31 12:11:50','2023-12-20 17:06:37'),
(3099,'L. Bodner Real Estate Inc.','Toronto','Metro Toronto','bodnerrealestate.ca','','David L Bodner','2023-12-20 17:06:37','2023-12-20 17:06:37'),
(3100,'L. Hanna Real Estate Limited','Toronto','Metro Toronto','','','Lisa Hanna','2024-01-31 12:11:50','2023-12-20 17:06:37'),
(3101,'Lah Team Realty Inc.','Toronto','Metro Toronto','','','Arulendran Sivasubramaniam','2023-12-20 17:06:37','2023-12-20 17:06:37'),
(3102,'Lakeridge Property International Brokerage Ltd.','Toronto','Metro Toronto','lakeridgeproperties.com','','Katrina Shuchuan Stone','2023-12-20 17:06:37','2023-12-20 17:06:37'),
(3103,'Landlord Realty Inc.','Toronto','Metro Toronto','landlord.net','','Trevor Valade','2023-12-20 17:06:37','2023-12-20 17:06:37'),
(3104,'Landmark Advisory Services Inc.','Toronto','Metro Toronto','landmarkcre.ca','','Jacob Alexander Cowles','2023-12-20 17:06:37','2023-12-20 17:06:37'),
(3105,'Langdon Partners Real Estate Limited','Toronto','Metro Toronto','langdon-partners.com','','Patrick J Langdon','2023-12-20 17:06:37','2023-12-20 17:06:37'),
(3106,'Lawlor Realty Ltd','Toronto','Metro Toronto','georginakasmetis.com','','Georgina Kasmetis','2023-12-20 17:26:33','2023-12-20 17:26:33'),
(3107,'Lc Realty Inc.','Toronto','Metro Toronto','','','Lin Chen','2023-12-20 17:26:33','2023-12-20 17:26:33'),
(3108,'Le Realty Inc. Brokerage','Toronto','Metro Toronto','','','Lin Guo','2023-12-20 17:26:33','2023-12-20 17:26:33'),
(3109,'Leaf King Realty Ltd','Toronto','Metro Toronto','','','Zhen Hua Ye','2023-12-20 17:26:33','2023-12-20 17:26:33'),
(3110,'Lennard Commercial Realty Ltd.','Toronto','Metro Toronto','lennard.com','','Andrew R Baker','2023-12-20 17:26:33','2023-12-20 17:26:33'),
(3111,'Lift Realty Ltd.','Toronto','Metro Toronto','liftrealty.ca','','Paul Henry Harrs','2023-12-20 17:26:33','2023-12-20 17:26:33'),
(3112,'Lionheart Gta Residential Inc.','Toronto','Metro Toronto','lionheartproperties.ca','','Alison Tigert','2023-12-20 17:26:34','2023-12-20 17:26:34'),
(3113,'Listing Express Realty Inc.','Toronto','Metro Toronto','','','Hamed Mahmood Salehi','2023-12-20 17:26:34','2023-12-20 17:26:34'),
(3114,'Living Realty Inc','Toronto','Metro Toronto','','','','2023-12-20 17:26:34','2023-12-20 17:26:34'),
(3115,'Lloyd A Ainey','Toronto','Metro Toronto','interface.ca','','','2023-12-20 17:26:34','2023-12-20 17:26:34'),
(3116,'Location Realty Ltd.','Toronto','Metro Toronto','','','Kevin Lo','2023-12-20 17:26:34','2023-12-20 17:26:34'),
(3117,'Lolly D Gillen','Toronto','Metro Toronto','','','','2023-12-20 17:26:34','2023-12-20 17:26:34'),
(3118,'Loop Realty Inc.','Toronto','Metro Toronto','looprealty.ca','','Yunshi Gu','2023-12-20 17:26:34','2023-12-20 17:26:34'),
(3119,'Lotly Holdings Inc.','Toronto','Metro Toronto','lotly.com','','Cristina Francesca Arlia','2023-12-20 17:26:34','2023-12-20 17:26:34'),
(3120,'Louis Adams Real Estate Ltd.','Toronto','Metro Toronto','louisadamsrealty.com','','Louis Denis Adamidis','2023-12-20 17:26:34','2023-12-20 17:26:34'),
(3121,'Louis T. Maalouf','Toronto','Metro Toronto','lgneral.com','','','2023-12-20 17:26:34','2023-12-20 17:26:34'),
(3122,'Lrk Realty Inc.','Toronto','Metro Toronto','','','Lula Kosanic','2023-12-20 17:26:34','2023-12-20 17:26:34'),
(3123,'Lui Realty Inc.','Toronto','Metro Toronto','','','Charles Lui','2023-12-20 17:26:34','2023-12-20 17:26:34'),
(3124,'Luxor Realty Inc.','Toronto','Metro Toronto','theluxorgroup.ca','','Marianna Giuseppina Pinto','2023-12-20 17:26:34','2023-12-20 17:26:34'),
(3125,'Luxury International Real Estate Inc.','Toronto','Metro Toronto','luxuryinternational.ca','','Parvaneh Bader','2023-12-20 17:26:34','2023-12-20 17:26:34'),
(3126,'M. J. Lawson Real Estate Ltd','Toronto','Metro Toronto','mjlawson.com','','Mary Jane Lawson','2023-12-20 17:26:34','2023-12-20 17:26:34'),
(3127,'M.r.s. Realty Inc.','Toronto','Metro Toronto','trebnet.com','','Shridat Rajcoomar','2023-12-20 17:26:34','2023-12-20 17:26:34'),
(3128,'Mac Real Estate Services Inc.','Toronto','Metro Toronto','macsuites.ca','','Doriana Zohil-morton','2023-12-20 17:26:34','2023-12-20 17:26:34'),
(3129,'Mader Realty Inc','Toronto','Metro Toronto','','','John Mader','2023-12-20 17:26:34','2023-12-20 17:26:34'),
(3130,'Madison Partners Realty Inc.','Toronto','Metro Toronto','','','Marie Georgie Selva','2023-12-20 17:26:34','2023-12-20 17:26:34'),
(3131,'Main Street Realty Ltd.','Toronto','Metro Toronto','mainstreetrealty.ca','','','2023-12-20 17:26:34','2023-12-20 17:26:34'),
(3132,'Majestic Properties (canada) Inc.','Toronto','Metro Toronto','','','Philip G. Griffiths','2024-01-31 12:11:15','2023-12-20 17:26:34'),
(3133,'Make Investment Realty Point Inc.','Toronto','Metro Toronto','condogta.com','','Chengjie Zhang','2023-12-20 17:26:34','2023-12-20 17:26:34'),
(3134,'Mandatory Real Estate Ltd','Toronto','Metro Toronto','','','Antonietta Mandatori','2023-12-20 17:26:34','2023-12-20 17:26:34'),
(3135,'Mann Commercial Real Estate Inc.','Toronto','Metro Toronto','','','Vivien Wai Man Feng','2023-12-20 17:26:34','2023-12-20 17:26:34'),
(3136,'Manor Hill Realty Inc.','Toronto','Metro Toronto','boydrowsell.com','','Boyd Rowsell','2023-12-20 17:26:34','2023-12-20 17:26:34'),
(3137,'Maple Investment Realty Inc.','Toronto','Metro Toronto','mapleinvestment.ca','','Amir Fatemi','2023-12-20 17:26:34','2023-12-20 17:26:34'),
(3138,'Maple Life Realty Inc.','Toronto','Metro Toronto','','','Chao Jian','2023-12-20 17:26:34','2023-12-20 17:26:34'),
(3139,'Marcus & Millichap Real Estate Investment Services Canada Inc.','Toronto','Metro Toronto','marcusmillichap.com','','Mark Paterson','2023-12-20 17:26:34','2023-12-20 17:26:34'),
(3140,'Marilyn Rothman Real Estate Broker Ltd','Toronto','Metro Toronto','','','Marilyn Rothman','2023-12-20 17:26:35','2023-12-20 17:26:35'),
(3141,'Marino Locations Limited','Toronto','Metro Toronto','marino.ca','','John F. Marino','2023-12-20 17:26:35','2023-12-20 17:26:35'),
(3142,'Mark Armstrong Realty Ltd.','Toronto','Metro Toronto','marmstrong.ca','','Mark G. Armstrong','2023-12-20 17:26:35','2023-12-20 17:26:35'),
(3143,'Mark H Janzen','Toronto','Metro Toronto','','','Mark H Janzen','2023-12-20 17:26:35','2023-12-20 17:26:35'),
(3144,'Market Star Realty Inc.','Toronto','Metro Toronto','','','Carlo Grella','2023-12-20 17:26:35','2023-12-20 17:26:35'),
(3145,'Marketvision Real Estate Corporation','Toronto','Metro Toronto','marketvisionrealty.com','','Eve Mary Lewis','2023-12-20 17:26:35','2023-12-20 17:26:35'),
(3146,'Marquis Real Estate Corporation','Toronto','Metro Toronto','marquisrealtor.com','','Marc Atkins','2023-12-20 17:26:35','2023-12-20 17:26:35'),
(3147,'Marshall Real Estate Limited','Toronto','Metro Toronto','','','Marshall D Cohen','2023-12-20 17:26:35','2023-12-20 17:26:35'),
(3148,'Masliwec Realty Corporation','Toronto','Metro Toronto','masliwec.com','','Peter Masliwec','2023-12-20 17:26:35','2023-12-20 17:26:35'),
(3149,'Master Home Realty Inc.','Toronto','Metro Toronto','','','Sharif Ahmed','2023-12-20 17:26:35','2023-12-20 17:26:35'),
(3150,'Masters Realty Corporation','Toronto','Metro Toronto','deerborne.com','','Gus Cusimano','2023-12-20 17:26:35','2023-12-20 17:26:35'),
(3151,'Matrex Realty Ltd.','Toronto','Metro Toronto','matrexfinancial.com','','Irina Vlassova','2023-12-20 17:26:35','2023-12-20 17:26:35'),
(3152,'Maura Morgenthau','Toronto','Metro Toronto','','','','2023-12-20 17:26:35','2023-12-20 17:26:35'),
(3153,'Max Wright Real Estate Corporation','Toronto','Metro Toronto','sothebysrealty.ca','','','2023-12-20 17:26:35','2023-12-20 17:26:35'),
(3154,'Max-a-mill Realty Inc.','Toronto','Metro Toronto','','','Frances Di Censo','2023-12-20 17:26:35','2023-12-20 17:26:35'),
(3155,'Mcarthur & Son Real Estate Ltd','Toronto','Metro Toronto','','','Paul T. Mcarthur','2023-12-20 17:26:35','2023-12-20 17:26:35'),
(3156,'Mccann Realty Group Ltd.','Toronto','Metro Toronto','cherimccann.com','','Cheri Susan Dorsey Mccann','2023-12-20 17:26:35','2023-12-20 17:26:35'),
(3157,'Mccor Realties (ontario) Inc.','Toronto','Metro Toronto','mccor.ca','','Brittany Elizabeth Heath','2023-12-20 17:26:35','2023-12-20 17:26:35'),
(3158,'Medcom Realty Inc.','Toronto','Metro Toronto','','','Sevan Boyrazian','2023-12-20 17:26:35','2023-12-20 17:26:35'),
(3159,'Mega Realty Corp','Toronto','Metro Toronto','lara.on.ca','','John P. Conforzi','2023-12-20 17:26:35','2023-12-20 17:26:35'),
(3160,'Megaron Realty Corporation Inc','Toronto','Metro Toronto','','','Ella Jackson','2023-12-20 17:26:35','2023-12-20 17:26:35'),
(3161,'Memon Realty Inc','Toronto','Metro Toronto','memonrealty.ca','','Abdullah Memon','2023-12-20 17:26:35','2023-12-20 17:26:35'),
(3162,'Merx Realty Services Inc.','Toronto','Metro Toronto','','','Tony Guadagnoli','2023-12-20 17:26:35','2023-12-20 17:26:35'),
(3163,'Metro Realty Inc.','Toronto','Metro Toronto','','','Bijan Baniasadi','2024-01-31 12:11:15','2023-12-20 17:26:35'),
(3164,'Metropole Realty (toronto) Limited','Toronto','Metro Toronto','writeme.com','','Alice Ng','2023-12-20 17:26:35','2023-12-20 17:26:35'),
(3165,'Metropolitan Commercial Realty Inc.','Toronto','Metro Toronto','metcomrealty.com','','Ming Zee','2023-12-20 17:26:35','2023-12-20 17:26:35'),
(3166,'Mhs Realty Inc.','Toronto','Metro Toronto','','','Martin Howard Stoller','2023-12-20 17:26:35','2023-12-20 17:26:35'),
(3167,'Michael Gedz Realty Inc.','Toronto','Metro Toronto','','','Michael Gedz','2023-12-20 17:26:36','2023-12-20 17:26:36'),
(3168,'Michelle Xie Realty Inc.','Toronto','Metro Toronto','','','Miao Xie','2023-12-20 17:26:36','2023-12-20 17:26:36'),
(3169,'Milborne Real Estate Inc.','Toronto','Metro Toronto','milborne.com','','Charles Hunter Milborne','2023-12-20 17:26:36','2023-12-20 17:26:36'),
(3170,'Ming C. Lau','Toronto','Metro Toronto','','','','2023-12-20 17:26:36','2023-12-20 17:26:36'),
(3171,'Minhams Realty Inc.','Toronto','Metro Toronto','','','Jayantilal Mandoda','2024-01-31 12:27:23','2023-12-20 17:26:36'),
(3172,'Minto Realty Inc.','Toronto','Metro Toronto','minto.com','','Yi Zhang','2023-12-20 17:26:36','2023-12-20 17:26:36'),
(3173,'Mk Real Estate Group Limited','Toronto','Metro Toronto','royallepage.ca','','Alex Kluge','2023-12-20 17:26:36','2023-12-20 17:26:36'),
(3174,'Mks Realty Inc.','Toronto','Metro Toronto','menkes.com','','Simon Xinhong Li','2023-12-20 17:26:36','2023-12-20 17:26:36'),
(3175,'Monica M Morrill','Toronto','Metro Toronto','','','','2023-12-20 17:26:36','2023-12-20 17:26:36'),
(3176,'Montano Group Realty Ltd.','Toronto','Metro Toronto','','','Claudine Marie Montano','2023-12-20 17:26:36','2023-12-20 17:26:36'),
(3177,'Mood I Limited','Toronto','Metro Toronto','','','Devanshu Narang','2023-12-20 17:26:36','2023-12-20 17:26:36'),
(3178,'Morcap Canada Corp.','Toronto','Metro Toronto','','','George Berkovitz','2023-12-20 17:26:36','2023-12-20 17:26:36'),
(3179,'Morcap Corporation','Toronto','Metro Toronto','morcap.ca','','Marvin P. Pernica','2023-12-20 17:26:36','2023-12-20 17:26:36'),
(3180,'Moveta Realty Inc','Toronto','Metro Toronto','moveta.com','','Brooke Gosselin','2023-12-20 17:26:36','2023-12-20 17:26:36'),
(3181,'Multi-links 2006 Real Estate Ltd.','Toronto','Metro Toronto','trebnet.com','','Jim Shun-kuen Chan','2023-12-20 17:26:36','2023-12-20 17:26:36'),
(3182,'Murray & Company Limited','Toronto','Metro Toronto','murray.ca','','Randall John Gordon Buckley','2023-12-20 17:26:36','2023-12-20 17:26:36'),
(3183,'My Realty Inc','Toronto','Metro Toronto','','','De Fa Chen','2023-12-20 17:26:36','2023-12-20 17:26:36'),
(3184,'Mysak Realty Inc.','Toronto','Metro Toronto','mysakrealty.com','','Joseph John Mysak','2023-12-20 17:26:36','2023-12-20 17:26:36'),
(3185,'N.r.e. Newmark Real Estate Canada Limited','Toronto','Metro Toronto','nmrk.com','','Brian Howard Rudolph','2023-12-20 17:26:36','2023-12-20 17:26:36'),
(3186,'Nanak Realty Services Inc.','Toronto','Metro Toronto','nanakrealty.ca','','','2023-12-20 17:26:37','2023-12-20 17:26:37'),
(3187,'Nancy Saedi Realty Inc.','Toronto','Metro Toronto','','','Nasrin Saedi','2023-12-20 17:26:37','2023-12-20 17:26:37'),
(3188,'Nash Realty Services Inc.','Toronto','Metro Toronto','','','Fong Kwong','2023-12-20 17:26:37','2023-12-20 17:26:37'),
(3189,'National Team Realty Inc.','Toronto','Metro Toronto','answerna.com','','Kathi J Moyer','2023-12-20 17:26:37','2023-12-20 17:26:37'),
(3190,'Nazareth J Menezes Realty Services Inc.','Toronto','Metro Toronto','','','Nazareth John Menezes','2023-12-20 17:26:37','2023-12-20 17:26:37'),
(3191,'Nest Zoom Realty Inc.','Toronto','Metro Toronto','nestzoom.com','','Hamed Bahram','2023-12-20 17:26:37','2023-12-20 17:26:37'),
(3192,'Net More Real Estate Inc.','Toronto','Metro Toronto','insiderr.ca','','','2023-12-20 17:26:37','2023-12-20 17:26:37'),
(3193,'New Century Real Estate Corp','Toronto','Metro Toronto','','','Wing-leung Man','2023-12-20 17:26:37','2023-12-20 17:26:37'),
(3194,'New Concept Plus Realty Inc.','Toronto','Metro Toronto','newconceptplus.ca','','Sohkyoung Cho','2023-12-20 17:26:37','2023-12-20 17:26:37'),
(3195,'New Concept Realty Ltd.','Toronto','Metro Toronto','royallepage.ca','','','2023-12-20 17:26:37','2023-12-20 17:26:37'),
(3196,'New Star Real Estate Ltd.','Toronto','Metro Toronto','','','Anita Saini','2023-12-20 17:26:37','2023-12-20 17:26:37'),
(3197,'New Times Realty Inc. Brokerage','Toronto','Metro Toronto','','','Guang De Kou','2023-12-20 17:26:37','2023-12-20 17:26:37'),
(3198,'Nick Egnatis Real Estate Established 1963 Ltd.','Toronto','Metro Toronto','','','Louis N Egnatis','2023-12-20 17:26:37','2023-12-20 17:26:37'),
(3199,'Noble Grps Real Estate Incorporated','Toronto','Metro Toronto','noblegrps.com','','Cynthia Salomon','2023-12-20 17:26:37','2023-12-20 17:26:37'),
(3200,'Nobleman The 1% Realty Inc.','Toronto','Metro Toronto','','','Shaukat Ali Malik','2023-12-20 17:26:37','2023-12-20 17:26:37'),
(3201,'Nobul Real Estate Inc.','Toronto','Metro Toronto','nobul.com','','Jenny Gamin Dillomes','2023-12-20 17:26:37','2023-12-20 17:26:37'),
(3202,'North Park Prestige Realty Inc.','Toronto','Metro Toronto','','','Licinia J. Antonio','2024-01-31 12:27:23','2023-12-20 17:26:37'),
(3203,'Northam Realty Limited','Toronto','Metro Toronto','northamrealty.com','','William Osler Jephcott','2023-12-20 17:26:37','2023-12-20 17:26:37'),
(3204,'Now Realty Limited','Toronto','Metro Toronto','','','Francesco S Pagliuso','2023-12-20 17:26:37','2023-12-20 17:26:37'),
(3205,'Nuland Realty Inc.','Toronto','Metro Toronto','','','David Thanh Hue Huong','2024-01-31 12:11:15','2023-12-20 17:26:37'),
(3206,'Ojohome Canada Ltd.','Toronto','Metro Toronto','ojo.ca','','Natalka Yolanda Falcomer','2023-12-20 17:26:37','2023-12-20 17:26:37'),
(3207,'Oneforall Realty Inc.','Toronto','Metro Toronto','','','Dan Tieu','2023-12-20 17:26:37','2023-12-20 17:26:37'),
(3208,'Onestop Team Realty Inc.','Toronto','Metro Toronto','','','Weiqiang Zhan','2023-12-20 17:26:37','2023-12-20 17:26:37'),
(3209,'Openhaus.it Realty Inc.','Toronto','Metro Toronto','','','Luisa Maria Cancelli','2023-12-20 17:26:37','2023-12-20 17:26:37'),
(3210,'Orange Realty Corporation','Toronto','Metro Toronto','orangerealtycorp.com','','Leo Coholic','2023-12-20 17:26:37','2023-12-20 17:26:37'),
(3211,'Org Leasing Inc.','Toronto','Metro Toronto','primarisreit.com','','Leigh Murray','2023-12-20 17:26:37','2023-12-20 17:26:37'),
(3212,'Orion Realty Corporation','Toronto','Metro Toronto','','','Ralph Joseph Del Duca','2023-12-20 17:26:37','2023-12-20 17:26:37'),
(3213,'Osi Realty Corp.','Toronto','Metro Toronto','oberfeldsnowcap.com','','Robert Weinberg','2023-12-20 17:26:37','2023-12-20 17:26:37'),
(3214,'Ottawa Realty Ltd.','Toronto','Metro Toronto','remaxottawa.com','','','2023-12-20 17:26:37','2023-12-20 17:26:37'),
(3215,'Oulahen Team Realty Inc.','Toronto','Metro Toronto','oulahen.com','','Mark Adam Oulahen','2023-12-20 17:26:38','2023-12-20 17:26:38'),
(3216,'Our Neighbourhood Realty Inc.','Toronto','Metro Toronto','onri.ca','','','2023-12-20 17:26:38','2023-12-20 17:26:38'),
(3217,'Oxcap Inc.','Toronto','Metro Toronto','oxfordproperties.com','','John Richard Peets','2023-12-20 17:26:38','2023-12-20 17:26:38'),
(3218,'Oxley Real Estate Ltd.','Toronto','Metro Toronto','oxleyrealestate.com','','Sabrina Tiia Viinamae','2023-12-20 17:26:38','2023-12-20 17:26:38'),
(3219,'Packham International Group Realty Corporation','Toronto','Metro Toronto','packham.com','','Michael Glenn Packham','2023-12-20 17:26:38','2023-12-20 17:26:38'),
(3220,'Pam Realty Ltd.','Toronto','Metro Toronto','','','Pamak Azizi-moghaddam','2023-12-20 17:26:38','2023-12-20 17:26:38'),
(3221,'Panorama R.e. Limited','Toronto','Metro Toronto','panoramahomes.ca','','Richard Robibero','2023-12-20 17:26:38','2023-12-20 17:26:38'),
(3222,'Paracom Realty Corporation','Toronto','Metro Toronto','paracom.ca','','Bernard Feinstein','2023-12-20 17:26:38','2023-12-20 17:26:38'),
(3223,'Paradigm Real Estate Inc','Toronto','Metro Toronto','varunmathur.com','','Varun Mathur','2023-12-20 17:26:38','2023-12-20 17:26:38'),
(3224,'Park Place Referral Realty Inc.','Toronto','Metro Toronto','','','Heather J James','2023-12-20 17:26:38','2023-12-20 17:26:38'),
(3225,'Park Real Estate Associates Inc.','Toronto','Metro Toronto','tnrealty.ca','','Debra Lyn Keith','2023-12-20 17:26:38','2023-12-20 17:26:38'),
(3226,'Parkwood Real Estate Inc. Brokerage','Toronto','Metro Toronto','','','Gosha Malgorzata Trzaski','2023-12-20 17:26:38','2023-12-20 17:26:38'),
(3227,'Par-med Realty Limited','Toronto','Metro Toronto','par-med.com','','Andrew Gordon Palin','2023-12-20 17:26:38','2023-12-20 17:26:38'),
(3228,'Paul S. Levine','Toronto','Metro Toronto','','','Paul S. Levine','2023-12-20 17:26:38','2023-12-20 17:26:38'),
(3229,'Paul Slavens Real Estate Inc.','Toronto','Metro Toronto','paulslavens.ca','','Paul Frederick Slavens','2023-12-20 17:26:38','2023-12-20 17:26:38'),
(3230,'Paul Thapar Real Estate Inc.','Toronto','Metro Toronto','','','Rajesh Paul Thapar','2023-12-20 17:26:38','2023-12-20 17:26:38'),
(3231,'Pc275 Realty Inc.','Toronto','Metro Toronto','pc275.com','','','2023-12-20 17:26:38','2023-12-20 17:26:38'),
(3232,'Periscope Realty Inc.','Toronto','Metro Toronto','periscoperealty.com','','Huy Lam','2023-12-20 17:26:38','2023-12-20 17:26:38'),
(3233,'Peter Chung Real Estate Ltd.','Toronto','Metro Toronto','','','Peter W H Chung','2023-12-20 17:26:38','2023-12-20 17:26:38'),
(3234,'Peter F Robinson','Toronto','Metro Toronto','','','Peter F Robinson','2024-01-31 12:27:23','2023-12-20 17:26:38'),
(3235,'Petrovski Realty Group Ltd.','Toronto','Metro Toronto','petrovskigroup.com','','Riste Petrovski','2023-12-20 17:26:38','2023-12-20 17:26:38'),
(3236,'Petrus Commercial Realty Corp.','Toronto','Metro Toronto','petrusrealty.ca','','Pierre Gaetan Gagne','2023-12-20 17:26:38','2023-12-20 17:26:38'),
(3237,'Pg Direct Realty Ltd.','Toronto','Metro Toronto','pgdirectrealty.com','','','2023-12-20 17:26:38','2023-12-20 17:26:38'),
(3238,'Phan Realty Inc.','Toronto','Metro Toronto','','','Bao Tan Phan','2023-12-20 17:26:38','2023-12-20 17:26:38'),
(3239,'Phoenix Home Realty Inc.','Toronto','Metro Toronto','','','Christopher Deane','2023-12-20 17:26:38','2023-12-20 17:26:38'),
(3240,'Phox Corporation','Toronto','Metro Toronto','','','Kelly Lauren Litvack','2023-12-20 17:26:38','2023-12-20 17:26:38'),
(3241,'Pi Midtown Realty Inc.','Toronto','Metro Toronto','kwportfolio.ca','','Philip Trent Brown','2023-12-20 17:26:38','2023-12-20 17:26:38'),
(3242,'Pick-up Real Estate Limited','Toronto','Metro Toronto','','','Milan Jojkic','2023-12-20 17:26:38','2023-12-20 17:26:38'),
(3243,'Pierre Carapetian Group Realty Ltd.','Toronto','Metro Toronto','pierrecarapetian.com','','Pierre Carapetian','2023-12-20 17:26:38','2023-12-20 17:26:38'),
(3244,'Pinnacle Real Estate Group Inc.','Toronto','Metro Toronto','','','Shamimbanu Kharodia','2023-12-20 17:26:38','2023-12-20 17:26:38'),
(3245,'Piret Management Lp','Toronto','Metro Toronto','pureindustrial.ca','','Jonathan Graham Rovira','2023-12-20 17:26:38','2023-12-20 17:26:38'),
(3246,'Pivotal Commercial Realty Inc.','Toronto','Metro Toronto','pivotalcommercialrealty.com','','Shawn Abramovitz','2023-12-20 17:26:38','2023-12-20 17:26:38'),
(3247,'Place Three Global Realty Advisors Inc.','Toronto','Metro Toronto','p3globalrealty.com','','Tom Balkos','2023-12-20 17:26:38','2023-12-20 17:26:38'),
(3248,'Place Your Own Real Estate Ad Here Inc.','Toronto','Metro Toronto','','','Robin Kirstein','2023-12-20 17:26:38','2023-12-20 17:26:38'),
(3249,'Platform Realty Inc','Toronto','Metro Toronto','','','Rupen Tokmak','2023-12-20 17:26:38','2023-12-20 17:26:38'),
(3250,'Plex Realty Corporation','Toronto','Metro Toronto','plex.ca','','Paul A. Anand','2023-12-20 17:26:38','2023-12-20 17:26:38'),
(3251,'Pmt Realty Inc.','Toronto','Metro Toronto','pmtrealty.ca','','Christopher Paul Ament','2023-12-20 17:26:38','2023-12-20 17:26:38'),
(3252,'Pointmark Real Estate Limited','Toronto','Metro Toronto','pointmark.ca','','James Donald Chisholm','2023-12-20 17:26:38','2023-12-20 17:26:38'),
(3253,'Pope Real Estate Limited','Toronto','Metro Toronto','poperealestate.ca','','Robin John Pope','2023-12-20 17:26:38','2023-12-20 17:26:38'),
(3254,'Porritt Real Estate Inc.','Toronto','Metro Toronto','','','Shelley Porritt','2023-12-20 17:26:38','2023-12-20 17:26:38'),
(3255,'Portfolio Realty Inc.','Toronto','Metro Toronto','rezaafshar.com','','Ahmad Reza Afshar','2023-12-20 17:26:38','2023-12-20 17:26:38'),
(3256,'Power Realty Organization Inc.','Toronto','Metro Toronto','power-org.com','','Patrick Power','2023-12-20 17:26:38','2023-12-20 17:26:38'),
(3257,'Premia Realty Inc.','Toronto','Metro Toronto','','','Rhoda Chen','2023-12-20 17:26:38','2023-12-20 17:26:38'),
(3258,'Premier Matrix Realty Ltd','Toronto','Metro Toronto','premiermatrixrealty.com','','Mohammed Ovais Qassim','2023-12-20 17:26:38','2023-12-20 17:26:38'),
(3259,'Prestige World Realty Inc.','Toronto','Metro Toronto','','','Sarvenaz Barghgir','2023-12-20 17:26:39','2023-12-20 17:26:39'),
(3260,'Pricewaterhousecoopers Real Estate Inc.','Toronto','Metro Toronto','pwc.com','','Braiden Craig Goodchild','2023-12-20 17:26:39','2023-12-20 17:26:39'),
(3261,'Prime Holdings Realty Inc.','Toronto','Metro Toronto','','','Farzana Anwar','2023-12-20 17:26:39','2023-12-20 17:26:39'),
(3262,'Prime Home Realty Inc.','Toronto','Metro Toronto','','','Sathiyanarayanan Sathiyamoorthy','2023-12-20 17:26:39','2023-12-20 17:26:39'),
(3263,'Primecore Realty Inc.','Toronto','Metro Toronto','primecorerealty.com','','Philip Nicol','2023-12-20 17:26:39','2023-12-20 17:26:39'),
(3264,'Primera Realty Corporation','Toronto','Metro Toronto','meretsky.com','','Jason D Meretsky','2023-12-20 17:26:39','2023-12-20 17:26:39'),
(3265,'Principled Realty Inc.','Toronto','Metro Toronto','principledrealty.ca','','Stefanos Papadopoulos','2023-12-20 17:26:39','2023-12-20 17:26:39'),
(3266,'Private Service Realty Ltd.','Toronto','Metro Toronto','psrbrokerage.com','','','2023-12-20 17:26:39','2023-12-20 17:26:39'),
(3267,'Prive Realty Inc.','Toronto','Metro Toronto','prive.capital','','Matthew Leo Gilbert Elkind','2023-12-20 17:26:39','2023-12-20 17:26:39'),
(3268,'Prompton Real Estate Services Corp.','Toronto','Metro Toronto','prompton.ca','','','2023-12-20 17:26:39','2023-12-20 17:26:39'),
(3269,'Properly Homes Inc.','Toronto','Metro Toronto','properly.ca','','','2023-12-20 17:26:39','2023-12-20 17:26:39'),
(3270,'Properties Unlimited Realty Ltd.','Toronto','Metro Toronto','propertiesunlimited.ca','','Wendy B. Leblanc','2023-12-20 17:26:39','2023-12-20 17:26:39'),
(3271,'Property Stars Brokerage Inc.','Toronto','Metro Toronto','propertystarsbrokerage.com','','Paul William Simmons','2023-12-20 17:26:39','2023-12-20 17:26:39'),
(3272,'Property Trading Realty Services Corp.','Toronto','Metro Toronto','','','Thomas Membreno','2023-12-20 17:26:39','2023-12-20 17:26:39'),
(3273,'Property.ca Inc.','Toronto','Metro Toronto','property.ca','','Jeffrey Benoliel','2023-12-20 17:26:39','2023-12-20 17:26:39'),
(3274,'Quadreal Property Group Limited Partnership','Toronto','Metro Toronto','quadreal.com','','Persis Anne Demara','2023-12-20 17:26:39','2023-12-20 17:26:39'),
(3275,'Queenland East Realty Inc.','Toronto','Metro Toronto','','','Qingzuo Zhou','2023-12-20 17:26:39','2023-12-20 17:26:39'),
(3276,'Queensland Realty Inc','Toronto','Metro Toronto','','','Raymond Ka Lun Kan','2023-12-20 17:26:39','2023-12-20 17:26:39'),
(3277,'Queensway Real Estate Brokerage Inc.','Toronto','Metro Toronto','','','Vasile Ioan Dincov','2023-12-20 17:26:39','2023-12-20 17:26:39'),
(3278,'Queenswood National Real Estate Ltd.','Toronto','Metro Toronto','','','','2024-01-31 12:27:23','2023-12-20 17:26:39'),
(3279,'R. D. Realty Ltd','Toronto','Metro Toronto','','','Richard Lionel Drebin','2023-12-20 17:26:39','2023-12-20 17:26:39'),
(3280,'Ram Real Estate Services Limited','Toronto','Metro Toronto','ramrealestate.ca','','Jeffrey P Parissi','2023-12-20 17:26:39','2023-12-20 17:26:39'),
(3281,'Rancar Ltd.','Toronto','Metro Toronto','umba.ca','','Arthur H. Rothbart','2023-12-20 17:26:39','2023-12-20 17:26:39'),
(3282,'Rapid Realty Inc.','Toronto','Metro Toronto','','','Thaya Pk Kandiah','2023-12-20 17:26:39','2023-12-20 17:26:39'),
(3283,'Rare Real Estate Inc.','Toronto','Metro Toronto','rarerealestate.ca','','Yair Rabinovich','2023-12-20 17:26:39','2023-12-20 17:26:39'),
(3284,'Raymund W Domian','Toronto','Metro Toronto','','','Raymund W Domian','2023-12-20 17:26:39','2023-12-20 17:26:39'),
(3285,'Rbc Capital Markets Realty Inc.','Toronto','Metro Toronto','rbccm.com','','Daniel Carmelo Giaquinto','2023-12-20 17:26:39','2023-12-20 17:26:39'),
(3286,'Re/max Ace Realty Inc.','Toronto','Metro Toronto','remaxace.com','','Selvan Kasipillai','2023-12-20 17:26:39','2023-12-20 17:26:39'),
(3287,'Re/max City Accord Realty Inc.','Toronto','Metro Toronto','cityaccord.com','','Michelle Denise Kam','2023-12-20 17:26:39','2023-12-20 17:26:39'),
(3288,'Re/max Community Realty Inc.','Toronto','Metro Toronto','remaxcommunity.ca','','Rajeef Koneswaran','2023-12-20 17:26:39','2023-12-20 17:26:39'),
(3289,'Re/max Condos Plus Corporation','Toronto','Metro Toronto','remaxcondosplus.com','','James L Johnston','2023-12-20 17:26:39','2023-12-20 17:26:39'),
(3290,'Re/max Crossroads Realty Incorporated','Toronto','Metro Toronto','topremax.ca','','','2023-12-20 17:26:39','2023-12-20 17:26:39'),
(3291,'Re/max Dynasty Realty Inc.','Toronto','Metro Toronto','','','Amarjit Saini','2023-12-20 17:26:39','2023-12-20 17:26:39'),
(3292,'Re/max Hallmark Batori Group Inc.','Toronto','Metro Toronto','batorigroup.com','','David Batori','2023-12-20 17:26:39','2023-12-20 17:26:39'),
(3293,'Re/max Hallmark Corbo & Kelos Group Realty Ltd.','Toronto','Metro Toronto','marlenacorbo.com','','Marlena Corbo','2023-12-20 17:26:39','2023-12-20 17:26:39'),
(3294,'Re/max Hallmark Emerson Group Realty Ltd.','Toronto','Metro Toronto','emersongrouprealty.com','','Matthew Sean Emerson','2023-12-20 17:26:39','2023-12-20 17:26:39'),
(3295,'Re/max Hallmark Estate Group Realty Ltd.','Toronto','Metro Toronto','audreyazad.com','','Brent M. Crawford','2023-12-20 17:26:39','2023-12-20 17:26:39'),
(3296,'Re/max Hallmark Kathy Mclachlan Group Realty Ltd.','Toronto','Metro Toronto','kathymclachlan.com','','Kathleen Ann Mclachlan','2023-12-20 17:26:39','2023-12-20 17:26:39'),
(3297,'Re/max Hallmark Realty Limited','Toronto','Metro Toronto','remaxhallmark.com','','','2023-12-20 17:26:39','2023-12-20 17:26:39'),
(3298,'Re/max Hallmark Richards Group Realty Ltd.','Toronto','Metro Toronto','therichardsgroup.ca','','Arthur Zachary Kershaw','2023-12-20 17:26:40','2023-12-20 17:26:40'),
(3299,'Re/max Hallmark Yu Group Realty Ltd.','Toronto','Metro Toronto','','','Albert Yu','2023-12-20 17:26:40','2023-12-20 17:26:40'),
(3300,'Re/max Plus - City Team Inc.','Toronto','Metro Toronto','realestatesolution.ca','','Alexandra Danielle Elaine Bulloch','2023-12-20 17:26:40','2023-12-20 17:26:40'),
(3301,'Re/max Premier Inc','Toronto','Metro Toronto','','','','2023-12-20 17:26:40','2023-12-20 17:26:40'),
(3302,'Re/max Professionals Inc','Toronto','Metro Toronto','remaxprofessionals.ca','','','2023-12-20 17:26:40','2023-12-20 17:26:40'),
(3303,'Re/max Realtron Barry Cohen Homes Inc.','Toronto','Metro Toronto','propertyedge.ca','','','2023-12-20 17:26:40','2023-12-20 17:26:40'),
(3304,'Re/max Realtron City Realty Inc.','Toronto','Metro Toronto','','','Alisa Berman','2023-12-20 17:26:40','2023-12-20 17:26:40'),
(3305,'Re/max Realtron Mich Leung Realty Inc.','Toronto','Metro Toronto','michleung.com','','Michelle Pui Shuen Leung','2023-12-20 17:26:40','2023-12-20 17:26:40'),
(3306,'Re/max Realtron Property Group Realty Inc.','Toronto','Metro Toronto','remaxrealtronpropertygroup.com','','Maryjane Paris Viejo','2023-12-20 17:26:40','2023-12-20 17:26:40'),
(3307,'Re/max Realtron Realty Inc','Toronto','Metro Toronto','','','','2023-12-20 17:26:40','2023-12-20 17:26:40'),
(3308,'Re/max Realtron Wynter Inc.','Toronto','Metro Toronto','remaxwynter.com','','Maxwell Wynter','2023-12-20 17:26:40','2023-12-20 17:26:40'),
(3309,'Re/max Rouge River Realty Ltd.','Toronto','Metro Toronto','remaxrougeriver.com','','','2023-12-20 17:26:40','2023-12-20 17:26:40'),
(3310,'Re/max Ultimate Realty Inc.','Toronto','Metro Toronto','remaxultimate.com','','Timoleon Syrianos','2023-12-20 17:26:40','2023-12-20 17:26:40'),
(3311,'Re/max Unique Inc.','Toronto','Metro Toronto','remaxprimeproperties.ca','','Asif Ali Khan','2023-12-20 17:26:40','2023-12-20 17:26:40'),
(3312,'Re/max Urban Toronto Team Realty Inc.','Toronto','Metro Toronto','jonedwards.ca','','Jonathan Lawrence Burton Edwards','2023-12-20 17:26:40','2023-12-20 17:26:40'),
(3313,'Re/max West Realty Inc','Toronto','Metro Toronto','remaxwest.net','','Jason Frank Colatosti','2023-12-20 17:26:40','2023-12-20 17:26:40'),
(3314,'Re/max West Signature Realty Inc.','Toronto','Metro Toronto','','','Joe Saraceni','2023-12-20 17:26:40','2023-12-20 17:26:40'),
(3315,'Real Broker Ontario Ltd.','Toronto','Metro Toronto','therealbrokerage.com','','','2023-12-20 17:26:40','2023-12-20 17:26:40'),
(3316,'Real Estate Marketing Inc','Toronto','Metro Toronto','','','Stephan Kuzoff','2023-12-20 17:26:40','2023-12-20 17:26:40'),
(3317,'Real Land Realty Inc.','Toronto','Metro Toronto','','','Dong Du','2023-12-20 17:26:40','2023-12-20 17:26:40'),
(3318,'Realcan Group Inc.','Toronto','Metro Toronto','','','Paul Manousos','2023-12-20 17:26:40','2023-12-20 17:26:40'),
(3319,'Realdom Inc.','Toronto','Metro Toronto','','','Anna G Gagatek','2023-12-20 17:26:40','2023-12-20 17:26:40'),
(3320,'Realosophy Realty Inc.','Toronto','Metro Toronto','realosophy.com','','John Pasalis','2023-12-20 17:26:40','2023-12-20 17:26:40'),
(3321,'Realty 21 Inc.','Toronto','Metro Toronto','realty21.ca','','Badsha Alam','2023-12-20 17:26:40','2023-12-20 17:26:40'),
(3322,'Realty 7 Ltd.','Toronto','Metro Toronto','','','Ludmila Zuskin','2023-12-20 17:26:40','2023-12-20 17:26:40'),
(3323,'Realty Advisors First Corporation','Toronto','Metro Toronto','realtyadvisorsfirst.com','','Robert Aaron Flagal','2023-12-20 17:26:40','2023-12-20 17:26:40'),
(3324,'Realty Canada Inc.','Toronto','Metro Toronto','','','Balwinder Kaur','2023-12-20 17:26:40','2023-12-20 17:26:40'),
(3325,'Realty Corporation Of Canada I.c.i. Limited','Toronto','Metro Toronto','','','Joseph A Iacolucci','2023-12-20 17:26:40','2023-12-20 17:26:40'),
(3326,'Realty Executives Plus Ltd','Toronto','Metro Toronto','realtyexecutives.com','','','2023-12-20 17:26:40','2023-12-20 17:26:40'),
(3327,'Realty Guys Inc.','Toronto','Metro Toronto','','','','2024-01-29 17:31:35','2023-12-20 17:26:40'),
(3328,'Realty Hub Ontario Inc.','Toronto','Metro Toronto','realtyhubontario.com','','','2023-12-20 17:26:40','2023-12-20 17:26:40'),
(3329,'Realty In The 6ix Inc.','Toronto','Metro Toronto','','','Ryan Seepersad','2023-12-20 17:26:40','2023-12-20 17:26:40'),
(3330,'Realty International Corporation','Toronto','Metro Toronto','','','Giuseppe La Marca','2024-01-31 12:27:23','2023-12-20 17:26:40'),
(3331,'Realty Life Ltd.','Toronto','Metro Toronto','realtylife.com','','Joseph Giacomo Donato','2023-12-20 17:26:40','2023-12-20 17:26:40'),
(3332,'Realty Partners Corp','Toronto','Metro Toronto','realtypartners.ca','','Phyllis Arlene Shapiro','2023-12-20 17:26:40','2023-12-20 17:26:40'),
(3333,'Realty Smart Inc.','Toronto','Metro Toronto','realtysmart.ca','','Simon Wakileh','2023-12-20 17:26:40','2023-12-20 17:26:40'),
(3334,'Realty Specialists Inc.','Toronto','Metro Toronto','evcanada.com','','Renaldo Amendola','2023-12-20 17:26:40','2023-12-20 17:26:40'),
(3335,'Realty Toronto Inc.','Toronto','Metro Toronto','realtytoronto.ca','','Asher Horowitz','2023-12-20 17:26:40','2023-12-20 17:26:40'),
(3336,'Realty Way Corporation','Toronto','Metro Toronto','realtywaycorp.com','','Mitra Katirai','2023-12-20 17:26:40','2023-12-20 17:26:40'),
(3337,'Realty Works Ltd.','Toronto','Metro Toronto','','','Allan W. Goulding','2023-12-20 17:26:40','2023-12-20 17:26:40'),
(3338,'Realty-net Toronto Inc.','Toronto','Metro Toronto','','','Andrew Midas Cassel','2023-12-20 17:26:40','2023-12-20 17:26:40'),
(3339,'Realty-one Real Estate Ltd','Toronto','Metro Toronto','','','Sydney Fisher','2023-12-20 17:26:40','2023-12-20 17:26:40'),
(3340,'Realtysense Inc.','Toronto','Metro Toronto','','','Stephen M. Lee','2023-12-20 17:26:40','2023-12-20 17:26:40'),
(3341,'Red House Realty Inc.','Toronto','Metro Toronto','redhouserealty.ca','','Alessandro Valente','2023-12-20 17:26:40','2023-12-20 17:26:40'),
(3342,'Red Maple Leaf Realty Inc.','Toronto','Metro Toronto','','','Nazim Abbas Malik','2023-12-20 17:26:40','2023-12-20 17:26:40'),
(3343,'Red Roof Realty Inc','Toronto','Metro Toronto','','','Lydia Agop Yapoujian','2023-12-20 17:26:40','2023-12-20 17:26:40'),
(3344,'Red Rose Realty Inc.','Toronto','Metro Toronto','redroserealty.ca','','Mir-babak Refani','2023-12-20 17:26:40','2023-12-20 17:26:40'),
(3345,'Redfin Unlimited Liability Company','Toronto','Metro Toronto','redfin.ca','','Sean Starr','2023-12-20 17:26:40','2023-12-20 17:26:40'),
(3346,'Redwater Capital Realty Inc.','Toronto','Metro Toronto','rwcap.ca','','Aaroon Amadi','2023-12-20 17:26:40','2023-12-20 17:26:40'),
(3347,'Rees Inc. Brokerage','Toronto','Metro Toronto','reesinc.ca','','Kyle John David Rees','2023-12-20 17:26:40','2023-12-20 17:26:40'),
(3348,'Referral Network Realty Inc.','Toronto','Metro Toronto','referralnetworkrealty.com','','Linda Erin Mccoy','2023-12-20 17:26:40','2023-12-20 17:26:40'),
(3349,'Referred Realty Inc.','Toronto','Metro Toronto','kw.com','','Surina Hart','2023-12-20 17:26:40','2023-12-20 17:26:40'),
(3350,'Referred West Inc.','Toronto','Metro Toronto','kw.com','','Kenneth Yim','2023-12-20 17:26:40','2023-12-20 17:26:40'),
(3351,'Regal Asset Holdings Inc.','Toronto','Metro Toronto','','','Allan Ross Tarkmeel','2023-12-20 17:26:40','2023-12-20 17:26:40'),
(3352,'Regal Max Inc.','Toronto','Metro Toronto','','','Heng Ji Jiang','2023-12-20 17:26:40','2023-12-20 17:26:40'),
(3353,'Regent Street Commercial Corp.','Toronto','Metro Toronto','regentstreet.ca','','Vanessa Oliver','2023-12-20 17:26:40','2023-12-20 17:26:40'),
(3354,'Reliable Real Estate Inc','Toronto','Metro Toronto','reliable.realtor','','Stephen S. Chiu','2023-12-20 17:26:40','2023-12-20 17:26:40'),
(3355,'Relocation Realty Ltd','Toronto','Metro Toronto','','','Ardis John Mcarthur','2024-01-31 12:27:23','2023-12-20 17:26:40'),
(3356,'Remigius M.a. Fernandes','Toronto','Metro Toronto','','','','2023-12-20 17:26:40','2023-12-20 17:26:40'),
(3357,'Residential Development Services Inc.','Toronto','Metro Toronto','rdsbrokerage.com','','Charles Etienne Jaque','2023-12-20 17:26:40','2023-12-20 17:26:40'),
(3358,'Retail Logic Realty Inc.','Toronto','Metro Toronto','retaillogic.ca','','Samuel Barry Wertman','2023-12-20 17:26:40','2023-12-20 17:26:40'),
(3359,'Retail Ventures Cnd Inc.','Toronto','Metro Toronto','retailcnd.com','','Samuel Neil Winberg','2023-12-20 17:26:40','2023-12-20 17:26:40'),
(3360,'Retrend Realty Ltd','Toronto','Metro Toronto','retrendrealty.com','','Seyun Lee','2023-12-20 17:26:40','2023-12-20 17:26:40'),
(3361,'Revalio Inc.','Toronto','Metro Toronto','revalio.com','','Shaolin Lu O\'neill','2023-12-20 17:26:40','2023-12-20 17:26:40'),
(3362,'Revel Realty Inc.','Toronto','Metro Toronto','revelrealty.ca','','','2023-12-20 17:26:40','2023-12-20 17:26:40'),
(3363,'Revolution Realty Inc.','Toronto','Metro Toronto','revolutionrealty.ca','','Jonathan Phillip Schwarz','2023-12-20 17:26:40','2023-12-20 17:26:40'),
(3364,'Rew Realty Ltd.','Toronto','Metro Toronto','rew.ca','','Elizabeth Erin Best','2023-12-20 17:26:40','2023-12-20 17:26:40'),
(3365,'Rexton Commercial Realty Advisors Inc.','Toronto','Metro Toronto','rextonrealty.com','','Rocco Forgione','2023-12-20 17:26:40','2023-12-20 17:26:40'),
(3366,'Rich View Real Estate Limited','Toronto','Metro Toronto','richviewrealestate.ca','','Frank De Luca','2023-12-20 17:26:40','2023-12-20 17:26:40'),
(3367,'Richard Ciupa','Toronto','Metro Toronto','','','Richard Ciupa','2023-12-20 17:26:40','2023-12-20 17:26:40'),
(3368,'Ridgemore Realty Ltd.','Toronto','Metro Toronto','','','Demetra Layzell','2023-12-20 17:26:40','2023-12-20 17:26:40'),
(3369,'Rizzo Real Estate Inc.','Toronto','Metro Toronto','','','Tony Rizzo','2023-12-20 17:26:41','2023-12-20 17:26:41'),
(3370,'Ro Brokerage Inc.','Toronto','Metro Toronto','realtyonegroupcanada.com','','Vicki Lynn Schmidt','2023-12-20 17:26:41','2023-12-20 17:26:41'),
(3371,'Robert Bruce March','Toronto','Metro Toronto','sustainableproperty.ca','','','2023-12-20 17:26:41','2023-12-20 17:26:41'),
(3372,'Robert M Archambault','Toronto','Metro Toronto','','','','2023-12-20 17:26:41','2023-12-20 17:26:41'),
(3373,'Robert Michael Archambault','Toronto','Metro Toronto','','','','2023-12-20 17:26:41','2023-12-20 17:26:41'),
(3374,'Ross Realty Corporation','Toronto','Metro Toronto','','','Colin Malcolm Ross','2023-12-20 17:26:41','2023-12-20 17:26:41'),
(3375,'Roxborough Realty Ltd.','Toronto','Metro Toronto','cliftonblake.com','','Qasim Kc Daya','2023-12-20 17:26:41','2023-12-20 17:26:41'),
(3376,'Royal Cachet Realty Ltd.','Toronto','Metro Toronto','royalcachetrealtors.com','','Daljit Layal Singh','2023-12-20 17:26:41','2023-12-20 17:26:41'),
(3377,'Royal Estates Realty Point Inc.','Toronto','Metro Toronto','','','Oludare Moses Ogunmola','2023-12-20 17:26:41','2023-12-20 17:26:41'),
(3378,'Royal Homes Realty Inc.','Toronto','Metro Toronto','','','Chamalie Indar','2023-12-20 17:26:41','2023-12-20 17:26:41'),
(3379,'Royal Lepage Downsview Realty Inc.','Toronto','Metro Toronto','rlpdownsview.ca','','Irshad Khalid','2023-12-20 17:26:41','2023-12-20 17:26:41'),
(3380,'Royal Lepage Real Estate Services Ltd.','Toronto','Metro Toronto','royallepage.ca','','','2023-12-20 17:26:41','2023-12-20 17:26:41'),
(3381,'Royal St.andrews Real Estate Services Limited','Toronto','Metro Toronto','','','Peter J Macinnis','2023-12-20 17:26:41','2023-12-20 17:26:41'),
(3382,'Royal Star Realty Inc','Toronto','Metro Toronto','royalstarrealty.com','','','2023-12-20 17:26:41','2023-12-20 17:26:41'),
(3383,'Royal York Real Estate Limited','Toronto','Metro Toronto','','','Michael Chu','2023-12-20 17:26:41','2023-12-20 17:26:41'),
(3384,'Royaline Real Estate Limited','Toronto','Metro Toronto','','','Demetre Jim Folias','2024-01-31 12:11:15','2023-12-20 17:26:41'),
(3385,'Royalty Distinction Realty Inc.','Toronto','Metro Toronto','','','Frances Ho','2023-12-20 17:26:41','2023-12-20 17:26:41'),
(3386,'Royce Realty Inc.','Toronto','Metro Toronto','','','Ronald F Bluestein','2023-12-20 17:26:41','2023-12-20 17:26:41'),
(3387,'Rsi Real Estate Services Inc.','Toronto','Metro Toronto','','','Frank J. Volpe','2023-12-20 17:26:41','2023-12-20 17:26:41'),
(3388,'Rubikon Realty Inc.','Toronto','Metro Toronto','rubikonrealty.com','','Andrey Rukosuyev','2023-12-20 17:26:41','2023-12-20 17:26:41'),
(3389,'Rui De Realty Inc.','Toronto','Metro Toronto','','','Hao You','2023-12-20 17:26:41','2023-12-20 17:26:41'),
(3390,'Russell & Ward Realty Corporation','Toronto','Metro Toronto','russellandward.com','','Allan Leslie Ward','2023-12-20 17:26:41','2023-12-20 17:26:41'),
(3391,'Rybak Realty Inc.','Toronto','Metro Toronto','','','Sandra Roth','2023-12-20 17:26:41','2023-12-20 17:26:41'),
(3392,'S & H Realty Corporation','Toronto','Metro Toronto','shrealtycorp.com','','Danny Klempfner','2023-12-20 17:26:41','2023-12-20 17:26:41'),
(3393,'S. Ankin Realty Inc.','Toronto','Metro Toronto','','','Sheldon C. Anklewicz','2023-12-20 17:26:41','2023-12-20 17:26:41'),
(3394,'S. Botsis Realty Ltd.','Toronto','Metro Toronto','','','Spyridoula Roula Botsis','2023-12-20 17:26:41','2023-12-20 17:26:41'),
(3395,'S. Jhaveri Real Estate Limited','Toronto','Metro Toronto','','','Sajuli Jhaveri','2023-12-20 17:26:41','2023-12-20 17:26:41'),
(3396,'S. Liut Realty Limited','Toronto','Metro Toronto','','','Silvano Liut','2023-12-20 17:26:41','2023-12-20 17:26:41'),
(3397,'S.o.r.a. Real Estate & Insurance Limited','Toronto','Metro Toronto','','','Emilio Mammone','2024-01-31 12:27:23','2023-12-20 17:26:41'),
(3398,'Sachs Realty Inc.','Toronto','Metro Toronto','','','George Sachs','2023-12-20 17:26:41','2023-12-20 17:26:41'),
(3399,'Safeland Realty Inc.','Toronto','Metro Toronto','','','Nick Perioris','2023-12-20 17:26:41','2023-12-20 17:26:41'),
(3400,'Sage - Talkcondo Ltd.','Toronto','Metro Toronto','talkcondo.com','','Rohit Bhandari','2023-12-20 17:26:41','2023-12-20 17:26:41'),
(3401,'Sage Next Real Estate Limited','Toronto','Metro Toronto','sagerealestate.ca','','Jordan Thomas Mcgoey','2023-12-20 17:26:41','2023-12-20 17:26:41'),
(3402,'Sage Real Estate Limited','Toronto','Metro Toronto','sagerealestate.ca','','Larry G Sage','2023-12-20 17:26:41','2023-12-20 17:26:41'),
(3403,'Salthill Property Management Inc.','Toronto','Metro Toronto','salthillcapital.com','','Donald Joseph Burton','2023-12-20 17:26:42','2023-12-20 17:26:42'),
(3404,'Salvatore F Greco','Toronto','Metro Toronto','','','Salvatore F Greco','2023-12-20 17:26:42','2023-12-20 17:26:42'),
(3405,'Sam Mcdadi Real Estate Inc.','Toronto','Metro Toronto','mcdadi.com','','','2023-12-20 17:26:42','2023-12-20 17:26:42'),
(3406,'Samad Homes Realty Inc.','Toronto','Metro Toronto','samadhomes.com','','Omar Nashaat Abdel Samad','2023-12-20 17:26:42','2023-12-20 17:26:42'),
(3407,'San Star Realty Inc.','Toronto','Metro Toronto','sanstar.ca','','Winnifred Mary Ng','2023-12-20 17:26:42','2023-12-20 17:26:42'),
(3408,'Sandra Rinomato Realty Inc.','Toronto','Metro Toronto','rinomato.com','','Sandra Maria Rinomato','2023-12-20 17:26:42','2023-12-20 17:26:42'),
(3409,'Santee Realty Inc','Toronto','Metro Toronto','','','Santee C C Leung','2023-12-20 17:26:42','2023-12-20 17:26:42'),
(3410,'Save Max Real Estate Inc.','Toronto','Metro Toronto','savemax.com','','','2023-12-20 17:26:42','2023-12-20 17:26:42'),
(3411,'Savecom Realty Inc.','Toronto','Metro Toronto','','','Jin Mug Cho','2023-12-20 17:26:42','2023-12-20 17:26:42'),
(3412,'Savills Inc.','Toronto','Metro Toronto','savills.ca','','Howard S Bogler','2023-12-20 17:26:42','2023-12-20 17:26:42'),
(3413,'Scotia Real Estate Inc.','Toronto','Metro Toronto','scotiabank.com','','Peter Greg Zorbas','2023-12-20 17:26:42','2023-12-20 17:26:42'),
(3414,'Scott Wilberforce Thomas','Toronto','Metro Toronto','','','Scott Wilberforce Thomas','2023-12-20 17:26:42','2023-12-20 17:26:42'),
(3415,'Search Realty Corp.','Toronto','Metro Toronto','searchrealty.ca','','','2023-12-20 17:26:42','2023-12-20 17:26:42'),
(3416,'Secure Capital Realty Inc.','Toronto','Metro Toronto','','','Anthony Laird Williams Arnoldi','2023-12-20 17:26:42','2023-12-20 17:26:42'),
(3417,'Seidman Real Estate Limited','Toronto','Metro Toronto','','','Donna Seidman','2023-12-20 17:26:42','2023-12-20 17:26:42'),
(3418,'Seligman Commercial Real Estate Corporation','Toronto','Metro Toronto','seligmancommercial.com','','Richard Wayne Seligman','2023-12-20 17:26:42','2023-12-20 17:26:42'),
(3419,'Sequel Realty Ltd.','Toronto','Metro Toronto','mysequel.ca','','Joanne Verissimo','2023-12-20 17:26:42','2023-12-20 17:26:42'),
(3420,'Seymour Real Estate Inc.','Toronto','Metro Toronto','seymourrealestate.ca','','Jethro Simon Seymour','2023-12-20 17:26:42','2023-12-20 17:26:42'),
(3421,'Shahriar Shibley','Toronto','Metro Toronto','','','Shahriar Shibley','2023-12-20 17:26:42','2023-12-20 17:26:42'),
(3422,'Shawn Tahririha Group Realty Ltd.','Toronto','Metro Toronto','soldwithshawn.com','','Shaheen Tahririha','2023-12-20 17:26:42','2023-12-20 17:26:42'),
(3423,'Shearwater Real Estate Limited','Toronto','Metro Toronto','','','Sarah Segal','2023-12-20 17:26:42','2023-12-20 17:26:42'),
(3424,'Shel Realty Inc.','Toronto','Metro Toronto','shelrealty.ca','','','2023-12-20 17:26:43','2023-12-20 17:26:43'),
(3425,'Shirriff Wells Real Estate Group Inc.','Toronto','Metro Toronto','shirriffwells.com','','Andrew Wells','2023-12-20 17:26:43','2023-12-20 17:26:43'),
(3426,'Sia Realty Inc.','Toronto','Metro Toronto','rickjoshi.ca','','Rakesh Joshi','2023-12-20 17:26:43','2023-12-20 17:26:43'),
(3427,'Sidorova Inwood Realty Inc.','Toronto','Metro Toronto','sidorovainwood.com','','Michael Kirby Inwood','2023-12-20 17:26:43','2023-12-20 17:26:43'),
(3428,'Signature Realty Inc.','Toronto','Metro Toronto','','','','2023-12-20 17:26:43','2023-12-20 17:26:43'),
(3429,'Signature Realty Point Inc.','Toronto','Metro Toronto','','','Amin Jinnah','2023-12-20 17:26:43','2023-12-20 17:26:43'),
(3430,'Silverstarr Realty Inc.','Toronto','Metro Toronto','silverstarr.ca','','Harry Lieberman','2023-12-20 17:26:43','2023-12-20 17:26:43'),
(3431,'Sincere Realty Inc','Toronto','Metro Toronto','','','Victor W.k. Ng','2023-12-20 17:26:43','2023-12-20 17:26:43'),
(3432,'Skill Realty Inc.','Toronto','Metro Toronto','subodhsharma.ca','','Subodh Sharma','2023-12-20 17:26:43','2023-12-20 17:26:43'),
(3433,'Skyalliance Realty Inc','Toronto','Metro Toronto','','','Parthena Patty Keroglidis','2023-12-20 17:26:43','2023-12-20 17:26:43'),
(3434,'Skyview Realty Ltd.','Toronto','Metro Toronto','skyviewrealty.com','','Domenic Iannuzziello','2023-12-20 17:26:43','2023-12-20 17:26:43'),
(3435,'Slavens & Associates Real Estate Inc.','Toronto','Metro Toronto','slavensrealestate.com','','Darren Michael Slavens','2023-12-20 17:26:43','2023-12-20 17:26:43'),
(3436,'Sloane Real Estate Limited','Toronto','Metro Toronto','sloanerealestate.ca','','Samira B. Jaffer','2023-12-20 17:26:43','2023-12-20 17:26:43'),
(3437,'Smart Choice Realty Solutions Inc.','Toronto','Metro Toronto','','','Ralph Nardi','2023-12-20 17:26:43','2023-12-20 17:26:43'),
(3438,'Smart Choice Team Inc.','Toronto','Metro Toronto','smartchoiceteam.com','','Sherwin Dimaculangan','2023-12-20 17:26:43','2023-12-20 17:26:43'),
(3439,'Smart Move Realty Inc.','Toronto','Metro Toronto','smartmoverealty.ca','','Orest Artus','2023-12-20 17:26:43','2023-12-20 17:26:43'),
(3440,'Soho Classic Realty Ltd.','Toronto','Metro Toronto','sohoclassicrealty.com','','Kent Rostami','2023-12-20 17:26:43','2023-12-20 17:26:43'),
(3441,'Sol City Realty Limited','Toronto','Metro Toronto','','','Suganthini Senthinathan','2023-12-20 17:26:43','2023-12-20 17:26:43'),
(3442,'Solid Rock Realty Inc.','Toronto','Metro Toronto','ssrealty.ca','','Gina Rose Cristello','2023-12-20 17:26:43','2023-12-20 17:26:43'),
(3443,'Soltanian Real Estate Inc.','Toronto','Metro Toronto','','','Shahnaz Soltanian','2023-12-20 17:26:43','2023-12-20 17:26:43'),
(3444,'Sonte Realty Inc.','Toronto','Metro Toronto','','','Charanjit Jauhal','2023-12-20 17:26:43','2023-12-20 17:26:43'),
(3445,'Sophie Jaremko Real Estate Limited','Toronto','Metro Toronto','','','Christine Jaremko','2023-12-20 17:26:43','2023-12-20 17:26:43'),
(3446,'South Hill Real Estate Limited','Toronto','Metro Toronto','southhillrealestate.ca','','Archie Kin-mo Yau','2023-12-20 17:26:43','2023-12-20 17:26:43'),
(3447,'South Muskoka Realty Ltd.','Toronto','Metro Toronto','','','Ian Frederick Heerdegen','2023-12-20 17:26:43','2023-12-20 17:26:43'),
(3448,'Southvale Realty Inc.','Toronto','Metro Toronto','','','Bessie Anagnostopoulos','2023-12-20 17:26:43','2023-12-20 17:26:43'),
(3449,'Soze Real Estate Services Inc.','Toronto','Metro Toronto','adgar.com','','Chris G. Tambakis','2023-12-20 17:26:43','2023-12-20 17:26:43'),
(3450,'Spear Realty Inc.','Toronto','Metro Toronto','spearrealty.ca','','Diana Duc Quan Hoang','2023-12-20 17:26:43','2023-12-20 17:26:43'),
(3451,'Spire Commercial Realty Inc.','Toronto','Metro Toronto','spirerealty.ca','','Kane Perry Willmott','2023-12-20 17:26:43','2023-12-20 17:26:43'),
(3452,'Springate-renaud Holdings Inc.','Toronto','Metro Toronto','evcanada.com','','Anita Renate Springate-renaud','2023-12-20 17:26:43','2023-12-20 17:26:43'),
(3453,'Square Feet Inc.','Toronto','Metro Toronto','schillaci.ca','','Michael Schillaci','2023-12-20 17:26:43','2023-12-20 17:26:43'),
(3454,'Square Yards Real Estate Inc.','Toronto','Metro Toronto','squareyards.com','','','2023-12-20 17:26:43','2023-12-20 17:26:43'),
(3455,'Squarecube Real Estate Inc.','Toronto','Metro Toronto','squarecube.ca','','Marvin George Joseph','2023-12-20 17:26:43','2023-12-20 17:26:43'),
(3456,'St. George Realty Ltd','Toronto','Metro Toronto','','','George Vuckovich','2023-12-20 17:26:43','2023-12-20 17:26:43'),
(3457,'Starion Realty Inc.','Toronto','Metro Toronto','starionrealty.com','','Chukwudi Samuel Anyanwu','2023-12-20 17:26:43','2023-12-20 17:26:43'),
(3458,'Starland Realty Ltd.','Toronto','Metro Toronto','','','Ike Wilchfort','2023-12-20 17:26:43','2023-12-20 17:26:43'),
(3459,'Starts Realty Canada Inc.','Toronto','Metro Toronto','','','Jun-ichi Hosotsuji','2023-12-20 17:26:43','2023-12-20 17:26:43'),
(3460,'Stephen Edward Johnson','Toronto','Metro Toronto','','','','2023-12-20 17:26:43','2023-12-20 17:26:43'),
(3461,'Stepstone Realty Ltd.','Toronto','Metro Toronto','','','Radica R. Domian','2023-12-20 17:26:43','2023-12-20 17:26:43'),
(3462,'Stormont Partners Advisory Inc.','Toronto','Metro Toronto','stormontpartners.com','','Owen Cartwright','2023-12-20 17:26:43','2023-12-20 17:26:43'),
(3463,'Strata Realty Inc.','Toronto','Metro Toronto','strata.ca','','Robert Alexander Van Rhijn','2023-12-20 17:26:43','2023-12-20 17:26:43'),
(3464,'Streetcity Realty Inc.','Toronto','Metro Toronto','','','','2023-12-20 17:26:43','2023-12-20 17:26:43'),
(3465,'Streetscape Real Estate Service Inc.','Toronto','Metro Toronto','streetscaperetail.com','','Ryan Lee Mcgrath','2023-12-20 17:26:43','2023-12-20 17:26:43'),
(3466,'Stronghold Real Estate Inc','Toronto','Metro Toronto','strongholdinc.com','','','2023-12-20 17:26:43','2023-12-20 17:26:43'),
(3467,'Sturino Realty Limited','Toronto','Metro Toronto','','','Nicola Ann Mclauchlin','2023-12-20 17:26:43','2023-12-20 17:26:43'),
(3468,'Summerhill Prestige Real Estate Ltd.','Toronto','Metro Toronto','trebnet.com','','Dina Maglietta','2023-12-20 17:26:44','2023-12-20 17:26:44'),
(3469,'Summit Realty Inc.','Toronto','Metro Toronto','','','Deanna Dimonte','2023-12-20 17:26:44','2023-12-20 17:26:44'),
(3470,'Superior Realty Point Inc.','Toronto','Metro Toronto','realtypoint.ca','','Angelika Bekman','2023-12-20 17:26:44','2023-12-20 17:26:44'),
(3471,'Supreme Realty Inc.','Toronto','Metro Toronto','','','','2023-12-20 17:26:44','2023-12-20 17:26:44'),
(3472,'Susan Gucci Realty Inc.','Toronto','Metro Toronto','susangucci.com','','Franco Gucci','2023-12-20 17:26:44','2023-12-20 17:26:44'),
(3473,'Sutton Group - Admiral Realty Inc.','Toronto','Metro Toronto','teamadmiral.com','','Murray Goldkind','2023-12-20 17:26:44','2023-12-20 17:26:44'),
(3474,'Sutton Group - Old Mill Linda Tickins Inc.','Toronto','Metro Toronto','lindatickins.com','','Linda J. Tickins','2023-12-20 17:26:44','2023-12-20 17:26:44'),
(3475,'Sutton Group - Tower Realty Ltd.','Toronto','Metro Toronto','','','Kulvir Pharmaha','2023-12-20 17:26:44','2023-12-20 17:26:44'),
(3476,'Sutton Group Old Mill Realty Inc.','Toronto','Metro Toronto','sutton.com','','Loic Danis','2023-12-20 17:26:44','2023-12-20 17:26:44'),
(3477,'Sutton Group Realty Systems Inc.','Toronto','Metro Toronto','','','','2023-12-20 17:26:44','2023-12-20 17:26:44'),
(3478,'Sutton Group Security Real Estate Inc.','Toronto','Metro Toronto','suttonsecurity.ca','','Robert Joseph Volpentesta','2023-12-20 17:26:44','2023-12-20 17:26:44'),
(3479,'Sutton Group-associates Realty Inc.','Toronto','Metro Toronto','','','Henry Balaban','2023-12-20 17:26:44','2023-12-20 17:26:44'),
(3480,'Svs Realty Inc.','Toronto','Metro Toronto','svsrealty.com','','Arlene Melinte','2023-12-20 17:26:44','2023-12-20 17:26:44'),
(3481,'Swiss Canadian Management Company Limited','Toronto','Metro Toronto','swisscanadian.ca','','Dragana Brasic','2023-12-20 17:26:44','2023-12-20 17:26:44'),
(3482,'Synergy Real Estate Consulting Limited','Toronto','Metro Toronto','scholarproperties.com','','Tyler Ross','2023-12-20 17:26:44','2023-12-20 17:26:44'),
(3483,'T. O. Condos Realty Inc.','Toronto','Metro Toronto','tocondos.com','','Benjamin Persaud','2023-12-20 17:26:44','2023-12-20 17:26:44'),
(3484,'Taihome Realty Inc.','Toronto','Metro Toronto','','','Yuanqian Wei','2023-12-20 17:26:44','2023-12-20 17:26:44'),
(3485,'Tailored Realty Inc.','Toronto','Metro Toronto','tailoredrealtyinc.com','','Nichole Natasha Taylor','2023-12-20 17:26:44','2023-12-20 17:26:44'),
(3486,'Tamer Celik','Toronto','Metro Toronto','','','','2023-12-20 17:26:44','2023-12-20 17:26:44'),
(3487,'Target One Realty Inc.','Toronto','Metro Toronto','','','Xiaochuan Su','2023-12-20 17:26:44','2023-12-20 17:26:44'),
(3488,'Target West Realty Inc.','Toronto','Metro Toronto','','','Surinder P Goyal','2023-12-20 17:26:44','2023-12-20 17:26:44'),
(3489,'Taylor Co. Realty Solutions Inc.','Toronto','Metro Toronto','taylorcoltd.com','','Allan A.m. Taylor','2023-12-20 17:26:44','2023-12-20 17:26:44'),
(3490,'Taza Real Estate Inc.','Toronto','Metro Toronto','tazarealestate.com','','Nancy Rita Taza','2023-12-20 17:26:44','2023-12-20 17:26:44'),
(3491,'Tck Realty Inc.','Toronto','Metro Toronto','tckfinehomes.com','','George Filntissis','2023-12-20 17:26:44','2023-12-20 17:26:44'),
(3492,'Td Cornerstone Commercial Realty Inc.','Toronto','Metro Toronto','tdsecurities.com','','Ashley Jude Martis','2023-12-20 17:26:44','2023-12-20 17:26:44'),
(3493,'Team Soberano Real Estate Services Inc.','Toronto','Metro Toronto','teamsoberano.com','','Julie Ann Soberano','2023-12-20 17:26:44','2023-12-20 17:26:44'),
(3494,'Tenant Advisors Inc.','Toronto','Metro Toronto','tenantadvisors.ca','','Edward Anthony Glavan','2023-12-20 17:26:44','2023-12-20 17:26:44'),
(3495,'Terra Realty Inc. Brokerage','Toronto','Metro Toronto','terrarealty.ca','','Giorgio A. Carloni','2023-12-20 17:26:44','2023-12-20 17:26:44'),
(3496,'Terrabona Realty Advisory Inc.','Toronto','Metro Toronto','terrabona.ca','','Toivo Karl Heinsaar','2023-12-20 17:26:44','2023-12-20 17:26:44'),
(3497,'Terracomm Realty Inc.','Toronto','Metro Toronto','','','Babak Sarshar','2023-12-20 17:26:44','2023-12-20 17:26:44'),
(3498,'Terrequity Realty Inc','Toronto','Metro Toronto','terrequity.com','','','2023-12-20 17:26:44','2023-12-20 17:26:44'),
(3499,'The Behar Group Realty Inc.','Toronto','Metro Toronto','thebehargroup.com','','','2023-12-20 17:26:45','2023-12-20 17:26:45'),
(3500,'The Brokerage Inc.','Toronto','Metro Toronto','theagencyre.com','','','2023-12-20 17:26:45','2023-12-20 17:26:45'),
(3501,'The Cobblestone Real Estate Company Inc.','Toronto','Metro Toronto','','','Stephanie A Borg','2023-12-20 17:26:45','2023-12-20 17:26:45'),
(3502,'The Commercial Realty Group Ltd.','Toronto','Metro Toronto','commergroup.com','','Clayton John Smith','2023-12-20 17:26:45','2023-12-20 17:26:45'),
(3503,'The Daniels Realty Corporation','Toronto','Metro Toronto','danielscorp.com','','Dominic J Tompa','2023-12-20 17:26:45','2023-12-20 17:26:45'),
(3504,'The Diamond Realty Inc.','Toronto','Metro Toronto','thediamondrealty.ca','','Gary Chahinian','2023-12-20 17:26:45','2023-12-20 17:26:45'),
(3505,'The Guardian Home Realty Inc.','Toronto','Metro Toronto','','','Sutharsan Nadarajah','2023-12-20 17:26:45','2023-12-20 17:26:45'),
(3506,'The Market Real Estate Inc.','Toronto','Metro Toronto','raneen.ca','','Raneen Dhadli','2023-12-20 17:26:45','2023-12-20 17:26:45'),
(3507,'The Other Guys Realty Corp.','Toronto','Metro Toronto','togrealty.com','','Marek Yale Edell','2023-12-20 17:26:45','2023-12-20 17:26:45'),
(3508,'The Real Estate Centre Inc.','Toronto','Metro Toronto','wearetrec.com','','','2023-12-20 17:26:45','2023-12-20 17:26:45'),
(3509,'The Real Estate Office Inc.','Toronto','Metro Toronto','therealestateoffice.ca','','Shahab Roozbahani','2023-12-20 17:26:45','2023-12-20 17:26:45'),
(3510,'The Weir Team Brokerage Inc.','Toronto','Metro Toronto','theweirteam.ca','','','2023-12-20 17:26:45','2023-12-20 17:26:45'),
(3511,'Thomas Robert Reiner','Toronto','Metro Toronto','','','','2024-01-31 12:27:23','2023-12-20 17:26:45'),
(3512,'Titan York Realty Corporation','Toronto','Metro Toronto','titanyork.com','','Aaron Paul Graben','2023-12-20 17:26:45','2023-12-20 17:26:45'),
(3513,'T-one Group Realty Inc. Brokerage','Toronto','Metro Toronto','t-onegroup.ca','','','2023-12-20 17:26:45','2023-12-20 17:26:45'),
(3514,'Top Assets Realty Inc.','Toronto','Metro Toronto','topassetsrealty.com','','Lu Yi','2023-12-20 17:26:45','2023-12-20 17:26:45'),
(3515,'Top House Realty Inc.','Toronto','Metro Toronto','','','Ruofei Wu','2023-12-20 17:26:45','2023-12-20 17:26:45'),
(3516,'Top Producer Team Realty Inc.','Toronto','Metro Toronto','topproducerteam.ca','','Amandeep Kaur Dhillon','2023-12-20 17:26:45','2023-12-20 17:26:45'),
(3517,'Topcan Consulting Inc.','Toronto','Metro Toronto','','','Jining Mo','2023-12-20 17:26:45','2023-12-20 17:26:45'),
(3518,'Torbridge Realty Inc','Toronto','Metro Toronto','','','Suzanne H.y. Chiang','2024-01-31 12:27:23','2023-12-20 17:26:45'),
(3519,'Toronto Boutique Realty Ltd.','Toronto','Metro Toronto','torontoboutiquerealty.com','','William Yeung','2023-12-20 17:26:45','2023-12-20 17:26:45'),
(3520,'Toronto Central Inc.','Toronto','Metro Toronto','bhhstoronto.ca','','','2023-12-20 17:26:45','2023-12-20 17:26:45'),
(3521,'Toronto Downtown Condos Corp.','Toronto','Metro Toronto','torontodowntowncondos.com','','Imran Rashid Khan','2023-12-20 17:26:45','2023-12-20 17:26:45'),
(3522,'Toronto Home Realty Inc.','Toronto','Metro Toronto','torontohomerealty.com','','Janet Minard','2023-12-20 17:26:45','2023-12-20 17:26:45'),
(3523,'Toronto Homes And Buildings Realty Inc.','Toronto','Metro Toronto','','','Nader Akhbari','2023-12-20 17:26:45','2023-12-20 17:26:45'),
(3524,'Toronto Lofts Realty Corp.','Toronto','Metro Toronto','torontolofts.ca','','Edwin K Brdlik','2023-12-20 17:26:45','2023-12-20 17:26:45'),
(3525,'Toronto Real Estate Services Ltd.','Toronto','Metro Toronto','thewaz.ca','','Vincent Edward Wazonek','2023-12-20 17:26:45','2023-12-20 17:26:45'),
(3526,'Toronto West Realty Inc.','Toronto','Metro Toronto','torontowestrealty.com','','Ruth Anne Adams','2023-12-20 17:26:45','2023-12-20 17:26:45'),
(3527,'Torontopia Real Estate Brokerage Inc.','Toronto','Metro Toronto','torontopia.com','','Brennan Gene Aguanno','2023-12-20 17:26:45','2023-12-20 17:26:45'),
(3528,'Toronto\'s Best Home Realty Inc.','Toronto','Metro Toronto','','','Fatemeh Donna Mahmoudiani','2023-12-20 17:26:45','2023-12-20 17:26:45'),
(3529,'Torrens Realty Corporation','Toronto','Metro Toronto','torrensrealty.com','','Andreas Kondos','2023-12-20 17:26:45','2023-12-20 17:26:45'),
(3530,'Toscano Walker Inc.','Toronto','Metro Toronto','','','','2023-12-20 17:26:45','2023-12-20 17:26:45'),
(3531,'Trade One Realty Inc.','Toronto','Metro Toronto','','','Abdulfatah Ebadi','2023-12-20 17:26:45','2023-12-20 17:26:45'),
(3532,'Transitions Realty Inc.','Toronto','Metro Toronto','transitionsre.ca','','Keisha Candice Telfer','2023-12-20 17:26:45','2023-12-20 17:26:45'),
(3533,'Tri-ace Realty Group Inc.','Toronto','Metro Toronto','','','William Chung Tou Ng','2023-12-20 17:26:45','2023-12-20 17:26:45'),
(3534,'Tri-home Real Estate Ltd.','Toronto','Metro Toronto','','','Bernardino Spensieri','2023-12-20 17:26:45','2023-12-20 17:26:45'),
(3535,'Trillium Lane Realty Ltd.','Toronto','Metro Toronto','trilliumlane.ca','','Loyz Yvonne Muc','2023-12-20 17:26:45','2023-12-20 17:26:45'),
(3536,'Triovest Realty Advisors Inc.','Toronto','Metro Toronto','triovest.com','','Miriam Allison Hasko','2023-12-20 17:26:45','2023-12-20 17:26:45'),
(3537,'Tri-park Realty Limited','Toronto','Metro Toronto','','','Abe Larry Buchbinder','2023-12-20 17:26:45','2023-12-20 17:26:45'),
(3538,'Triple L Realty Inc.','Toronto','Metro Toronto','','','Menelik Fernandes','2023-12-20 17:26:45','2023-12-20 17:26:45'),
(3539,'Triple Max Realty Corporation','Toronto','Metro Toronto','','','Hong Wen','2023-12-20 17:26:45','2023-12-20 17:26:45'),
(3540,'Tripod Realty Inc.','Toronto','Metro Toronto','','','Ninghui Hao','2023-12-20 17:26:45','2023-12-20 17:26:45'),
(3541,'Trr Real Estate Brokerage','Toronto','Metro Toronto','','','Thomas Robert Reiner','2024-01-31 12:27:23','2023-12-20 17:26:45'),
(3542,'Truman Realty International Inc. Brokerage','Toronto','Metro Toronto','','','Liia Truman','2023-12-20 17:26:45','2023-12-20 17:26:45'),
(3543,'Trust Realty Group Inc.','Toronto','Metro Toronto','trustrealtygroup.ca','','Gregory Barry Makin','2023-12-20 17:26:45','2023-12-20 17:26:45'),
(3544,'Trusted One Realty Inc.','Toronto','Metro Toronto','','','Sumit Joshi','2023-12-20 17:26:45','2023-12-20 17:26:45'),
(3545,'Trusted Realty Source Inc.','Toronto','Metro Toronto','trustedrealtysource.com','','Medyan Al-issa','2023-12-20 17:26:45','2023-12-20 17:26:45'),
(3546,'Trustwell Realty Inc','Toronto','Metro Toronto','trustwellrealtyinc.com','','Stephen C.c. Wong','2023-12-20 17:26:45','2023-12-20 17:26:45'),
(3547,'Ulrike Gunda Streit','Toronto','Metro Toronto','','','','2023-12-20 17:26:45','2023-12-20 17:26:45'),
(3548,'Ungerman Associates Real Estate Limited','Toronto','Metro Toronto','ungerman.ca','','Alan B Ungerman','2023-12-20 17:26:45','2023-12-20 17:26:45'),
(3549,'Union Realty Brokerage Inc.','Toronto','Metro Toronto','declute.com','','Rochelle Suzzanne Declute','2023-12-20 17:26:45','2023-12-20 17:26:45'),
(3550,'United Century Real Estate Limited','Toronto','Metro Toronto','','','Frank Kosec','2023-12-20 17:26:45','2023-12-20 17:26:45'),
(3551,'Universal Home Realty Inc.','Toronto','Metro Toronto','universalhomerealty.com','','Kai Ren','2023-12-20 17:26:45','2023-12-20 17:26:45'),
(3552,'Unreserved Realty Inc.','Toronto','Metro Toronto','unreserved.com','','','2023-12-20 17:26:45','2023-12-20 17:26:45'),
(3553,'Uppercase Realty Inc.','Toronto','Metro Toronto','','','Steve Upegui','2023-12-20 17:26:45','2023-12-20 17:26:45'),
(3554,'Upperside Real Estate Limited','Toronto','Metro Toronto','','','','2023-12-20 17:26:45','2023-12-20 17:26:45'),
(3555,'Urban Capital Realty Inc.','Toronto','Metro Toronto','urbancapital.ca','','Taya Yana Rose Erin Cook','2023-12-20 17:26:45','2023-12-20 17:26:45'),
(3556,'Urban Empire Realty Corporation','Toronto','Metro Toronto','','','Suk Yan Young','2023-12-20 17:26:45','2023-12-20 17:26:45'),
(3557,'Urban Landmark Realty Inc','Toronto','Metro Toronto','urbanlankmark.com','','','2023-12-20 17:26:45','2023-12-20 17:26:45'),
(3558,'Urban Realty Inc.','Toronto','Metro Toronto','royallepageurban.com','','Anna Michaelidis','2023-12-20 17:26:45','2023-12-20 17:26:45'),
(3559,'Urban Realty Point Inc.','Toronto','Metro Toronto','','','Arsalan Baig','2023-12-20 17:26:45','2023-12-20 17:26:45'),
(3560,'Urban Reform Realty Inc.','Toronto','Metro Toronto','urbanreformrealty.com','','Toran Alison Eggert','2023-12-20 17:26:45','2023-12-20 17:26:45'),
(3561,'Urban Sites Corp','Toronto','Metro Toronto','','','Paul L Mcgregor','2023-12-20 17:26:45','2023-12-20 17:26:45'),
(3562,'Urban Toronto Real Estate Inc.','Toronto','Metro Toronto','urbantorontorealty.ca','','Sean Daniel Morris','2023-12-20 17:26:45','2023-12-20 17:26:45'),
(3563,'Urbanlife Realty Inc.','Toronto','Metro Toronto','urbanliferealty.com','','Marina C. Bolletta','2023-12-20 17:26:45','2023-12-20 17:26:45'),
(3564,'Urbanlinks Realty Inc.','Toronto','Metro Toronto','','','David Lee','2023-12-20 17:26:45','2023-12-20 17:26:45'),
(3565,'Urbanoma Inc.','Toronto','Metro Toronto','urbanoma.com','','','2023-12-20 17:26:45','2023-12-20 17:26:45'),
(3566,'Valerie Cai Realty Corp.','Toronto','Metro Toronto','','','Yingluo Cai','2023-12-20 17:26:46','2023-12-20 17:26:46'),
(3567,'Value Insight Realty Inc.','Toronto','Metro Toronto','valueinsightrealty.com','','Sari Samarah','2023-12-20 17:26:46','2023-12-20 17:26:46'),
(3568,'Vanguard Northeast Realty Corp.','Toronto','Metro Toronto','vanguardne.ca','','Hanan Goldfarb','2023-12-20 17:26:46','2023-12-20 17:26:46'),
(3569,'Vanguard Realty Brokerage Corp.','Toronto','Metro Toronto','vanguardrealty.ca','','','2023-12-20 17:26:46','2023-12-20 17:26:46'),
(3570,'Vasco Realty Ltd.','Toronto','Metro Toronto','','','Kim Hai Nguyen','2023-12-20 17:26:46','2023-12-20 17:26:46'),
(3571,'Veedu Realty Inc.','Toronto','Metro Toronto','','','Tam Sivathasan','2023-12-20 17:26:46','2023-12-20 17:26:46'),
(3572,'Venture Park Real Estate Ltd.','Toronto','Metro Toronto','','','Vito Cosentino','2023-12-20 17:26:46','2023-12-20 17:26:46'),
(3573,'Venture Point Realty Ltd.','Toronto','Metro Toronto','','','Jeffrey A. Snow','2023-12-20 17:26:46','2023-12-20 17:26:46'),
(3574,'Vess Realty Inc.','Toronto','Metro Toronto','','','Vesselin Atanasov Ivanov','2023-12-20 17:26:46','2023-12-20 17:26:46'),
(3575,'Vestcore Realty Corp','Toronto','Metro Toronto','vestcore.com','','Paul Mazzei','2023-12-20 17:26:46','2023-12-20 17:26:46'),
(3576,'Victoria & York Realty Inc.','Toronto','Metro Toronto','vicyork.com','','Joseph Colussi','2023-12-20 17:26:46','2023-12-20 17:26:46'),
(3577,'Visar Realty Inc.','Toronto','Metro Toronto','','','Paul Jone','2023-12-20 17:26:46','2023-12-20 17:26:46'),
(3578,'Vito Auciello Real Estate Corporation','Toronto','Metro Toronto','','','Vito Auciello','2023-12-20 17:26:46','2023-12-20 17:26:46'),
(3579,'Vittorio De Luca','Toronto','Metro Toronto','','','Vittorio De Luca','2023-12-20 17:26:46','2023-12-20 17:26:46'),
(3580,'Vo Realty Inc.','Toronto','Metro Toronto','vorealty.ca','','Kieu Vi Vo','2023-12-20 17:26:46','2023-12-20 17:26:46'),
(3581,'Voram Real Estate Inc.','Toronto','Metro Toronto','','','Vinneth O. Ramsay','2023-12-20 17:26:46','2023-12-20 17:26:46'),
(3582,'V-power Team Inc.','Toronto','Metro Toronto','remaxrougeriver.com','','Valerie Anne Oblefias','2023-12-20 17:26:46','2023-12-20 17:26:46'),
(3583,'Wahi Realty Inc.','Toronto','Metro Toronto','wahi.com','','','2023-12-20 17:26:46','2023-12-20 17:26:46'),
(3584,'Wakefield Realty Corporation','Toronto','Metro Toronto','wakefieldrealty.com','','Howard Freeman','2023-12-20 17:26:46','2023-12-20 17:26:46'),
(3585,'Wallace Taylor Realty Inc.','Toronto','Metro Toronto','wallacetaylor.com','','Patrick Andre Walsh','2023-12-20 17:26:46','2023-12-20 17:26:46'),
(3586,'Warwick Realty Group Inc.','Toronto','Metro Toronto','warwick-rg.com','','Raymond Wai Man Chan','2023-12-20 17:26:46','2023-12-20 17:26:46'),
(3587,'Watersun Realty Inc.','Toronto','Metro Toronto','','','James F H Barnes','2023-12-20 17:26:46','2023-12-20 17:26:46'),
(3588,'We Care Realty Inc.','Toronto','Metro Toronto','easygroup.ca','','Xiaowen Cai','2023-12-20 17:26:46','2023-12-20 17:26:46'),
(3589,'Wealth Builders Properties Inc.','Toronto','Metro Toronto','alexjwilson.com','','Alexander James Wilson','2023-12-20 17:26:46','2023-12-20 17:26:46'),
(3590,'Web Max Realty Inc.','Toronto','Metro Toronto','webmaxrealty.ca','','','2023-12-20 17:26:46','2023-12-20 17:26:46'),
(3591,'Weiss Realty Ltd','Toronto','Metro Toronto','weissrealty.com','','','2023-12-20 17:26:46','2023-12-20 17:26:46'),
(3592,'Wellington Real Estate Inc.','Toronto','Metro Toronto','wremls.com','','Robert Charles Cishecki','2023-12-20 17:26:46','2023-12-20 17:26:46'),
(3593,'Wenda Allen Realty Ltd.','Toronto','Metro Toronto','','','','2023-12-20 17:26:46','2023-12-20 17:26:46'),
(3594,'Wendy Zheng Realty Inc.','Toronto','Metro Toronto','','','Yun Chai Zheng','2023-12-20 17:26:46','2023-12-20 17:26:46'),
(3595,'West Realty Group Ltd.','Toronto','Metro Toronto','sturino.ca','','James Vincent Sturino','2023-12-20 17:26:46','2023-12-20 17:26:46'),
(3596,'West Toronto Inc.','Toronto','Metro Toronto','bhhswest.ca','','Kelly Suzanne Taylor','2023-12-20 17:26:46','2023-12-20 17:26:46'),
(3597,'West-100 Capital Realty Inc.','Toronto','Metro Toronto','','','Carmen Shoukralla','2023-12-20 17:26:46','2023-12-20 17:26:46'),
(3598,'Westhaven Commercial Ltd.','Toronto','Metro Toronto','royallepage.ca','','Michelina Groccia','2023-12-20 17:26:46','2023-12-20 17:26:46'),
(3599,'Westminster Group Realty Inc.','Toronto','Metro Toronto','','','Zvi Harry Hazanovsky','2023-12-20 17:26:46','2023-12-20 17:26:46'),
(3600,'Westview Realty Inc','Toronto','Metro Toronto','','','Luciano Meola','2023-12-20 17:26:46','2023-12-20 17:26:46'),
(3601,'Wexford Realty Corporation','Toronto','Metro Toronto','wexfordcorporation.com','','Thomas Gordon Mitchell Eyre','2023-12-20 17:26:46','2023-12-20 17:26:46'),
(3602,'Wide World Properties Limited','Toronto','Metro Toronto','wideworldproperties.com','','Inga E. Toi','2023-12-20 17:26:46','2023-12-20 17:26:46'),
(3603,'Wiki Hills Realty Inc.','Toronto','Metro Toronto','','','Albert Yong','2023-12-20 17:26:46','2023-12-20 17:26:46'),
(3604,'William Mcbrien Limited','Toronto','Metro Toronto','on.aibn.com','','Gregory W. Mcbrien','2023-12-20 17:26:46','2023-12-20 17:26:46'),
(3605,'Wiltshire Eccleston Realty Inc.','Toronto','Metro Toronto','werealtyinc.ca','','Odeen Saundra Eccleston','2023-12-20 17:26:46','2023-12-20 17:26:46'),
(3606,'Wimbleton Inc.','Toronto','Metro Toronto','kwcoelevation.ca','','Susan Meredith Adair','2023-12-20 17:26:46','2023-12-20 17:26:46'),
(3607,'Winco Real Estate Corp','Toronto','Metro Toronto','','','Wing-yip Man','2023-12-20 17:26:46','2023-12-20 17:26:46'),
(3608,'Wind Star Realty Limited','Toronto','Metro Toronto','','','Kamal Mike Nanavati','2023-12-20 17:26:46','2023-12-20 17:26:46'),
(3609,'Wineva Realty Inc.','Toronto','Metro Toronto','winevarealty.com','','Stephen Losee','2023-12-20 17:26:46','2023-12-20 17:26:46'),
(3610,'Winpax Realty Inc.','Toronto','Metro Toronto','','','Stephen K.h. Wong','2023-12-20 17:26:46','2023-12-20 17:26:46'),
(3611,'Wintana Realty Inc.','Toronto','Metro Toronto','wintanarealty.com','','Ali Shayan Zahedi','2023-12-20 17:26:46','2023-12-20 17:26:46'),
(3612,'Win-win Result Realty Inc.','Toronto','Metro Toronto','','','Valentina Vemmyta Phoey','2023-12-20 17:26:46','2023-12-20 17:26:46'),
(3613,'Winzen Real Estate Limited','Toronto','Metro Toronto','winzen.ca','','Raymond V Zenkovich','2023-12-20 17:26:46','2023-12-20 17:26:46'),
(3614,'Wise Group Realty Services Incorporated','Toronto','Metro Toronto','wisegrouprealty.ca','','Justin Wise','2023-12-20 17:26:46','2023-12-20 17:26:46'),
(3615,'World Class Realty Point Brokerage Inc.','Toronto','Metro Toronto','','','Tariq Mumtaz','2023-12-20 17:26:47','2023-12-20 17:26:47'),
(3616,'Wow Factor Realty Inc.','Toronto','Metro Toronto','','','Mark D. Stern','2023-12-20 17:26:47','2023-12-20 17:26:47'),
(3617,'Wp Realty Advisors Inc.','Toronto','Metro Toronto','protonmail.com','','Scott Christopher Mcilroy','2023-12-20 17:26:47','2023-12-20 17:26:47'),
(3618,'Wright Real Estate Ltd','Toronto','Metro Toronto','','','Neil Nicholas Wright','2023-12-20 17:26:47','2023-12-20 17:26:47'),
(3619,'Xo Retail Advisors Inc.','Toronto','Metro Toronto','auroraconsultants.com','','Jeraldine Joanne Brodie','2023-12-20 17:26:47','2023-12-20 17:26:47'),
(3620,'X-sell Realty Ltd.','Toronto','Metro Toronto','xsellrealty.ca','','Allan Brown','2023-12-20 17:26:47','2023-12-20 17:26:47'),
(3621,'Yajian Wang','Toronto','Metro Toronto','','','Yajian Wang','2023-12-20 17:26:47','2023-12-20 17:26:47'),
(3622,'Ymsl Realty Inc.','Toronto','Metro Toronto','royallepage.ca','','Yanmin Sally Lian','2023-12-20 17:26:47','2023-12-20 17:26:47'),
(3623,'Yorkview Commercial Brokerage Inc.','Toronto','Metro Toronto','yorkviewcommercial.com','','Natalie Anne Vaculik','2023-12-20 17:26:47','2023-12-20 17:26:47'),
(3624,'Yorkville Real Estate Corporation','Toronto','Metro Toronto','','','Jerzy Makarczyk','2023-12-20 17:26:47','2023-12-20 17:26:47'),
(3625,'Yorkville Realty Inc.','Toronto','Metro Toronto','','','Emile Amar','2023-12-20 17:26:47','2023-12-20 17:26:47'),
(3626,'Young Realty Inc.','Toronto','Metro Toronto','youngrealty.ca','','Stephen Patrick Young','2023-12-20 17:26:47','2023-12-20 17:26:47'),
(3627,'Your Community Realty Inc.','Toronto','Metro Toronto','','','','2023-12-20 17:26:47','2023-12-20 17:26:47'),
(3628,'Your Home Sold Guaranteed Realty - The Aa Realty Group Inc.','Toronto','Metro Toronto','','','Aristotle Abuyen','2023-12-20 17:26:47','2023-12-20 17:26:47'),
(3629,'Yule Realty Inc.','Toronto','Metro Toronto','utoronto.ca','','Yiu Leung Yu','2023-12-20 17:26:47','2023-12-20 17:26:47'),
(3630,'Zolo Realty (ontario) Inc.','Toronto','Metro Toronto','zolo.ca','','','2023-12-20 17:26:47','2023-12-20 17:26:47'),
(3631,'Zoocasa Realty Inc.','Toronto','Metro Toronto','zoocasa.com','','Lauren June Haw','2023-12-20 17:26:47','2023-12-20 17:26:47'),
(3632,'Zown Realty Inc.','Toronto','Metro Toronto','zown.ca','','Ishtiaq Ahmed','2023-12-20 17:26:47','2023-12-20 17:26:47'),
(3633,'Altius Realty Group Brokerage Ltd','Uxbridge','Durham Region','altiusrealtygroup.com','','Rubie Dervis','2023-12-20 20:00:36','2023-12-20 20:00:36'),
(3634,'Century 21 B. J. Roth Realty Ltd','Uxbridge','Durham Region','century21.ca','','','2023-12-20 20:00:36','2023-12-20 20:00:36'),
(3635,'Chestnut Park Real Estate Limited','Uxbridge','Durham Region','chestnutpark.com','','','2023-12-20 20:00:36','2023-12-20 20:00:36'),
(3636,'Comflex Realty Inc.','Uxbridge','Durham Region','comflex.ca','','Patrick John Bryant','2023-12-20 20:00:36','2023-12-20 20:00:36'),
(3637,'Frank Real Estate Inc.','Uxbridge','Durham Region','royallepage.ca','','','2023-12-20 20:00:36','2023-12-20 20:00:36'),
(3638,'Main Street Realty Ltd.','Uxbridge','Durham Region','usa.net','','Michael J Cartwright','2023-12-20 20:00:36','2023-12-20 20:00:36'),
(3639,'R.m.r. Real Estate Limited','Uxbridge','Durham Region','coldwellbanker.com','','','2023-12-20 20:00:36','2023-12-20 20:00:36'),
(3640,'Re/max All-stars Realty Inc.','Uxbridge','Durham Region','','','','2023-12-20 20:00:36','2023-12-20 20:00:36'),
(3641,'1000085532 Ontario Inc.','Vaughan','York Region','rightathomerealty.com','','','2023-12-20 20:00:38','2023-12-20 20:00:38'),
(3642,'1000408515 Ontario Inc.','Vaughan','York Region','','','Karan Malik','2023-12-20 20:00:38','2023-12-20 20:00:38'),
(3643,'2539947 Ontario Inc.','Vaughan','York Region','','','Tamara Didenko','2023-12-20 20:00:38','2023-12-20 20:00:38'),
(3644,'2605448 Ontario Inc.','Vaughan','York Region','','','Gurdeep Singh Saini','2023-12-20 20:00:38','2023-12-20 20:00:38'),
(3645,'2773382 Ontario Inc.','Vaughan','York Region','kwlegacies.com','','Martin Peter Kuev','2023-12-20 20:00:38','2023-12-20 20:00:38'),
(3646,'2824345 Ontario Inc.','Vaughan','York Region','','','Mike J. Squadrilla','2024-01-29 17:31:45','2023-12-20 20:00:38'),
(3647,'2851365 Ontario Inc.','Vaughan','York Region','','','Tegh Saini','2023-12-20 20:00:38','2023-12-20 20:00:38'),
(3648,'A Co Realty Inc.','Vaughan','York Region','','','Ali Sarabian Tehrani','2023-12-20 20:00:38','2023-12-20 20:00:38'),
(3649,'A7re Group Inc.','Vaughan','York Region','a7re.com','','Andriy Friz','2023-12-20 20:00:38','2023-12-20 20:00:38'),
(3650,'Access Realty Inc.','Vaughan','York Region','','','Luciana Anna Romero','2023-12-20 20:00:38','2023-12-20 20:00:38'),
(3651,'Allied International Realty Canada Inc.','Vaughan','York Region','alliedrealestate.ca','','Joseph K. Patterson','2023-12-20 20:00:38','2023-12-20 20:00:38'),
(3652,'Amatul Waheed Real Estate Inc.','Vaughan','York Region','','','Amatul Waheed','2023-12-20 20:00:38','2023-12-20 20:00:38'),
(3653,'Aspen Ridge Realty Inc.','Vaughan','York Region','aspenridgehomes.com','','Jason Frank Attard','2023-12-20 20:00:38','2023-12-20 20:00:38'),
(3654,'Bennett Property Group Ltd.','Vaughan','York Region','bennettpros.com','','','2023-12-20 20:00:38','2023-12-20 20:00:38'),
(3655,'Bloorview Realty Inc.','Vaughan','York Region','bloorviewrealty.com','','Marc Bryant Vanzant','2023-12-20 20:00:38','2023-12-20 20:00:38'),
(3656,'Brixton Realty Corp','Vaughan','York Region','brixtonre.com','','Richard Flomen','2023-12-20 20:00:38','2023-12-20 20:00:38'),
(3657,'Capital North Realty Corporation','Vaughan','York Region','capitalnorthrealty.com','','','2023-12-20 20:00:38','2023-12-20 20:00:38'),
(3658,'Carbone Realty Inc.','Vaughan','York Region','carbonerealty.ca','','Frank Carbone','2023-12-20 20:00:38','2023-12-20 20:00:38'),
(3659,'Castleview Realty Ltd.','Vaughan','York Region','','','Tony Galluzzo','2023-12-20 20:00:38','2023-12-20 20:00:38'),
(3660,'Century 21 Atria Realty Inc.','Vaughan','York Region','century21.ca','','','2023-12-20 20:00:38','2023-12-20 20:00:38'),
(3661,'Century 21 People\'s Choice Realty Inc.','Vaughan','York Region','','','','2023-12-20 20:00:38','2023-12-20 20:00:38'),
(3662,'Citibloc Corp.','Vaughan','York Region','citiblocrealty.com','','Vincent Angelo Macri','2023-12-20 20:00:38','2023-12-20 20:00:38'),
(3663,'Citymart Realty Corp','Vaughan','York Region','','','Franco Arezza','2023-12-20 20:00:38','2023-12-20 20:00:38'),
(3664,'Clairwood Real Estate Corporation','Vaughan','York Region','clairwoodrealestate.com','','','2023-12-20 20:00:38','2023-12-20 20:00:38'),
(3665,'Concord Realty Group Inc.','Vaughan','York Region','concordrealtygroup.ca','','Oksana Vialykh','2023-12-20 20:00:38','2023-12-20 20:00:38'),
(3666,'Condoville Realty Inc.','Vaughan','York Region','cvre.ca','','Shaminder Singh Gogna','2023-12-20 20:00:38','2023-12-20 20:00:38'),
(3667,'Crescendo Realty Inc.','Vaughan','York Region','crescendorealty.ca','','Luca Disimino','2023-12-20 20:00:38','2023-12-20 20:00:38'),
(3668,'Cwh Realty Inc.','Vaughan','York Region','','','Laura De Gasperis','2023-12-20 20:00:38','2023-12-20 20:00:38'),
(3669,'Danmar Empire Real Estate Corp.','Vaughan','York Region','danmarempire.com','','','2023-12-20 20:00:38','2023-12-20 20:00:38'),
(3670,'Desire More Realty Inc.','Vaughan','York Region','desiremorerealty.com','','Malektaj Hejazi','2023-12-20 20:00:38','2023-12-20 20:00:38'),
(3671,'Dotcom Advantage Realty Inc.','Vaughan','York Region','','','Gholamhossein Ghadaki','2023-12-20 20:00:39','2023-12-20 20:00:39'),
(3672,'Downtown Real Estate Corp.','Vaughan','York Region','','','Dmitry Faynblyum','2023-12-20 20:00:39','2023-12-20 20:00:39'),
(3673,'Dream Homes Realty Ltd.','Vaughan','York Region','','','Mohammad Reza Ghazvini','2023-12-20 20:00:39','2023-12-20 20:00:39'),
(3674,'Dream Land Realty Inc.','Vaughan','York Region','','','Maood Bin Tahir','2023-12-20 20:00:39','2023-12-20 20:00:39'),
(3675,'Dynamics Realty Inc.','Vaughan','York Region','remaxdynamics.com','','Mario Chan','2023-12-20 20:00:39','2023-12-20 20:00:39'),
(3676,'Elite Realty Group Inc.','Vaughan','York Region','eliterealty.info','','Roger Anthony Townsend','2023-12-20 20:00:39','2023-12-20 20:00:39'),
(3677,'Enlightened Intentions Realty Inc.','Vaughan','York Region','eirinvest.com','','Ashley Sherrard','2023-12-20 20:00:39','2023-12-20 20:00:39'),
(3678,'Enterhome Ltd.','Vaughan','York Region','enterhome.ca','','Eugene Paster','2023-12-20 20:00:39','2023-12-20 20:00:39'),
(3679,'Finchtown Realty Inc.','Vaughan','York Region','trebnet.com','','Angelo Lionti','2023-12-20 20:00:39','2023-12-20 20:00:39'),
(3680,'First Commercial Realty Ltd.','Vaughan','York Region','citiguard.ca','','Michael Boseovski','2023-12-20 20:00:39','2023-12-20 20:00:39'),
(3681,'First Optimum Realty Inc.','Vaughan','York Region','homelifeoptimum.ca','','','2023-12-20 20:00:39','2023-12-20 20:00:39'),
(3682,'Forest Hill Real Estate Inc','Vaughan','York Region','foresthill.com','','','2023-12-20 20:00:39','2023-12-20 20:00:39'),
(3683,'Futurehome Realty Services Inc','Vaughan','York Region','','','Harry Raymond Debi','2023-12-20 20:00:39','2023-12-20 20:00:39'),
(3684,'Grange Hall Realty Inc.','Vaughan','York Region','','','Joseph G Morriello','2023-12-20 20:00:39','2023-12-20 20:00:39'),
(3685,'Gta Leaders Realty Inc.','Vaughan','York Region','','','Abdool Saheed','2023-12-20 20:00:39','2023-12-20 20:00:39'),
(3686,'Highgate Property Investments Brokerage Inc.','Vaughan','York Region','highgateproperties.ca','','Jonathan Maloney','2023-12-20 20:00:39','2023-12-20 20:00:39'),
(3687,'Home Choice Realty Inc.','Vaughan','York Region','','','','2023-12-20 20:00:39','2023-12-20 20:00:39'),
(3688,'Homelife Achievers Realty Inc.','Vaughan','York Region','homelifeachievers.com','','Joseph Bozzo','2023-12-20 20:00:39','2023-12-20 20:00:39'),
(3689,'Homelife Classic Realty Inc.','Vaughan','York Region','homelifeclassic.com','','Samuel Lloyd Green','2023-12-20 20:00:39','2023-12-20 20:00:39'),
(3690,'Homelife Kingsview Real Estate Inc.','Vaughan','York Region','','','Mario Dipalo','2023-12-20 20:00:39','2023-12-20 20:00:39'),
(3691,'Homelife Partners Realty Corp.','Vaughan','York Region','','','Steven Simonetti','2023-12-20 20:00:39','2023-12-20 20:00:39'),
(3692,'Homeview Realty Inc. Brokerage','Vaughan','York Region','homeviewrealty.ca','','Elton Shakulli','2023-12-20 20:00:39','2023-12-20 20:00:39'),
(3693,'Humber Valley Real Estate Group Ltd.','Vaughan','York Region','','','Michael Jason D\'angelo','2023-12-20 20:00:39','2023-12-20 20:00:39'),
(3694,'Ibl Realty Inc.','Vaughan','York Region','trebnet.com','','Irina Georgievna Lackey','2023-12-20 20:00:39','2023-12-20 20:00:39'),
(3695,'Intercity Realty Inc.','Vaughan','York Region','intercityrealty.com','','Luciano Grossi','2023-12-20 20:00:39','2023-12-20 20:00:39'),
(3696,'Jdf Realty Ltd.','Vaughan','York Region','jdf-realty.com','','Joe Tersigni','2023-12-20 20:00:39','2023-12-20 20:00:39'),
(3697,'Kinsby Real Estate Inc.','Vaughan','York Region','kinsby.com','','Lucio Cioffi','2023-12-20 20:00:39','2023-12-20 20:00:39'),
(3698,'Lu Vesta Group Realty Corporation','Vaughan','York Region','luvestarealty.com','','Gurpreet Singh Dhunna','2023-12-20 20:00:39','2023-12-20 20:00:39'),
(3699,'Maple Ring Realty Inc.','Vaughan','York Region','mapleringrealty.com','','Alessandro Kosarew','2023-12-20 20:00:39','2023-12-20 20:00:39'),
(3700,'Maximum Realty Corp','Vaughan','York Region','royllepage.ca','','Marcello Miceli','2023-12-20 20:00:39','2023-12-20 20:00:39'),
(3701,'Metrics Realty Inc.','Vaughan','York Region','metricsrealty.com','','Domenic Grossi','2023-12-20 20:00:39','2023-12-20 20:00:39'),
(3702,'Micor Realty Corp.','Vaughan','York Region','trebnet.com','','Michael Corno','2023-12-20 20:00:39','2023-12-20 20:00:39'),
(3703,'Move Up Realty Inc.','Vaughan','York Region','','','Vyacheslav Shelepin','2023-12-20 20:00:39','2023-12-20 20:00:39'),
(3704,'Nelson Realty Inc.','Vaughan','York Region','','','Lori Suzanne Nelson','2023-12-20 20:00:39','2023-12-20 20:00:39'),
(3705,'Nest Seekers Ontario Inc.','Vaughan','York Region','nestseekers.com','','Angelo Ferlisi','2023-12-20 20:00:39','2023-12-20 20:00:39'),
(3706,'Next Phase Realty Inc.','Vaughan','York Region','nextphaserealty.ca','','Roberto Iacoucci','2023-12-20 20:00:39','2023-12-20 20:00:39'),
(3707,'Noblecorp Real Estate Inc.','Vaughan','York Region','','','Vito Anthony Casella','2023-12-20 20:00:39','2023-12-20 20:00:39'),
(3708,'Oakwood Realty Corporation','Vaughan','York Region','oakwoodrealtycorp.com','','Salvatore Tassone','2023-12-20 20:00:39','2023-12-20 20:00:39'),
(3709,'Orion Group Real Estate Services Ltd','Vaughan','York Region','ogpl.ca','','Terry Michael Sanderson','2023-12-20 20:00:39','2023-12-20 20:00:39'),
(3710,'Pantalone Realty Corporation Ltd','Vaughan','York Region','pantalonerealty.com','','Rocco Joseph Pantalone','2023-12-20 20:00:39','2023-12-20 20:00:39'),
(3711,'Potential Real Estate Ltd','Vaughan','York Region','','','Domenico A G Parrotta','2023-12-20 20:00:40','2023-12-20 20:00:40'),
(3712,'Premium One Realty Corp.','Vaughan','York Region','royallepage.ca','','Massimo Aiello','2023-12-20 20:00:40','2023-12-20 20:00:40'),
(3713,'Re/max Hallmark Realty Limited','Vaughan','York Region','arciteam.com','','','2023-12-20 20:00:40','2023-12-20 20:00:40'),
(3714,'Re/max Premier Inc','Vaughan','York Region','remax-premier.ca','','','2023-12-20 20:00:40','2023-12-20 20:00:40'),
(3715,'Real Estate Advisors Inc.','Vaughan','York Region','richardchhabra.com','','Richard S Chhabra','2023-12-20 20:00:40','2023-12-20 20:00:40'),
(3716,'Real Estate Agents.ca Inc.','Vaughan','York Region','','','Penny Felicia Ulrika Ahlstrom','2023-12-20 20:00:40','2023-12-20 20:00:40'),
(3717,'Real Estate Professionals Inc.','Vaughan','York Region','','','Peter J. Campoli','2023-12-20 20:00:40','2023-12-20 20:00:40'),
(3718,'Realty Executives Priority One Limited','Vaughan','York Region','realtyexecutives.com','','Frank Covello','2023-12-20 20:00:40','2023-12-20 20:00:40'),
(3719,'Saccoia Corp','Vaughan','York Region','','','Peter J Saccoia','2024-01-31 12:27:23','2023-12-20 20:00:40'),
(3720,'Secret Agent Realty Inc.','Vaughan','York Region','secretagentyrealty.com','','Adegbenro Benjamin Adeoba','2023-12-20 20:00:40','2023-12-20 20:00:40'),
(3721,'Skybrooke Realty Corp.','Vaughan','York Region','skybrookerealty.com','','Filippo Zoccoli','2023-12-20 20:00:40','2023-12-20 20:00:40'),
(3722,'Source 4 Realty Inc.','Vaughan','York Region','source4realty.ca','','Antonio Di Battista','2023-12-20 20:00:40','2023-12-20 20:00:40'),
(3723,'Spectrum Realty Services Inc.','Vaughan','York Region','','','','2023-12-20 20:00:40','2023-12-20 20:00:40'),
(3724,'Stone Castle Realty Group Inc.','Vaughan','York Region','stonecastlerealty.ca','','Frank Zoccoli','2023-12-20 20:00:40','2023-12-20 20:00:40'),
(3725,'Sutton Group Security Real Estate Inc.','Vaughan','York Region','suttonsecurity.ca','','','2023-12-20 20:00:40','2023-12-20 20:00:40'),
(3726,'Team 2000 Realty Inc.','Vaughan','York Region','team2000realty.com','','Tony Bova','2023-12-20 20:00:40','2023-12-20 20:00:40'),
(3727,'Tfn Realty Inc.','Vaughan','York Region','tfnrealty.com','','Dan Flomen','2023-12-20 20:00:40','2023-12-20 20:00:40'),
(3728,'The Op Team Inc.','Vaughan','York Region','theopteam.ca','','Angela Oppedisano','2023-12-20 20:00:40','2023-12-20 20:00:40'),
(3729,'The Real Estate Centre Inc.','Vaughan','York Region','wearetrec.com','','Tania Artenosi','2023-12-20 20:00:40','2023-12-20 20:00:40'),
(3730,'Times Realty Group Inc.','Vaughan','York Region','timesrealtygroup.com','','','2023-12-20 20:00:40','2023-12-20 20:00:40'),
(3731,'Townville Realty Inc.','Vaughan','York Region','townvillerealty.com','','','2023-12-20 20:00:40','2023-12-20 20:00:40'),
(3732,'Transact Realty Inc.','Vaughan','York Region','trebnet.com','','Fausto Saponara','2023-12-20 20:00:40','2023-12-20 20:00:40'),
(3733,'Triton Capital Inc.','Vaughan','York Region','homeatease.ca','','Jerry Celenza','2023-12-20 20:00:40','2023-12-20 20:00:40'),
(3734,'Triumph Realty Inc.','Vaughan','York Region','','','Larisa Dykhtan','2023-12-20 20:00:40','2023-12-20 20:00:40'),
(3735,'Urban Capital Realty Corp.','Vaughan','York Region','urbancapitalrealty.com','','Lawrence J Taylor','2023-12-20 20:00:40','2023-12-20 20:00:40'),
(3736,'Valery Real Estate Inc.','Vaughan','York Region','valery.ca','','Anza Ahmad Malik','2023-12-20 20:00:40','2023-12-20 20:00:40'),
(3737,'Vanguard Realty Brokerage Corp.','Vaughan','York Region','vanguardrealty.ca','','Marcello Scorza','2023-12-20 20:00:40','2023-12-20 20:00:40'),
(3738,'Venture Real Estate Corp.','Vaughan','York Region','venturerealestate.ca','','Nick A Damiano','2023-12-20 20:00:40','2023-12-20 20:00:40'),
(3739,'Welcome Home Realty Inc.','Vaughan','York Region','zubairafzal.com','','Zubair Afzal','2023-12-20 20:00:40','2023-12-20 20:00:40'),
(3740,'White Oak Realty Inc.','Vaughan','York Region','whiteoakrealty.ca','','Gonzalo Armando Santana Guerrero','2023-12-20 20:00:40','2023-12-20 20:00:40'),
(3741,'Your Advocates Realty Inc.','Vaughan','York Region','youradvocates.ca','','Riccardo Del Rosso','2023-12-20 20:00:40','2023-12-20 20:00:40'),
(3742,'Your Community Realty Inc.','Vaughan','York Region','','','','2023-12-20 20:00:40','2023-12-20 20:00:40'),
(3743,'Your Home Sold Guaranteed Realty Legacy House Inc.','Vaughan','York Region','','','Iszabella Sconza','2023-12-20 20:00:40','2023-12-20 20:00:40'),
(3744,'Right Choice Happenings Realty Ltd.','Wainfleet','Niagara S','rightchoice.ca','','Joe Gonzalez','2023-12-20 20:04:12','2023-12-20 20:04:12'),
(3745,'1881384 Ontario Inc.','Wasaga Beach','Simcoe County','royallepage.ca','','','2023-12-20 20:04:13','2023-12-20 20:04:13'),
(3746,'5027212 Ontario Inc.','Wasaga Beach','Simcoe County','','','Loredana Maria Scocco','2023-12-20 20:04:13','2023-12-20 20:04:13'),
(3747,'By The Bay Brokerage Inc.','Wasaga Beach','Simcoe County','','','','2023-12-20 20:04:13','2023-12-20 20:04:13'),
(3748,'Century 21 Millennium Inc.','Wasaga Beach','Simcoe County','c21m.ca','','','2023-12-20 20:04:13','2023-12-20 20:04:13'),
(3749,'First Goal Realty Ltd.','Wasaga Beach','Simcoe County','','','Lawrence R Marples','2023-12-20 20:04:13','2023-12-20 20:04:13'),
(3750,'Manuel Antunes Real Estate Inc.','Wasaga Beach','Simcoe County','','','Manuel Branco Antunes','2024-01-31 12:27:23','2023-12-20 20:04:13'),
(3751,'My Way Ontario Realty Ltd.','Wasaga Beach','Simcoe County','','','Terry W. Huehn','2023-12-20 20:04:13','2023-12-20 20:04:13'),
(3752,'Ojala Prosperity Specialists Inc.','Wasaga Beach','Simcoe County','ojalabankers.com','','','2023-12-20 20:04:13','2023-12-20 20:04:13'),
(3753,'Realty Executives On The Bay Inc.','Wasaga Beach','Simcoe County','','','','2023-12-20 20:04:13','2023-12-20 20:04:13'),
(3754,'Royal Lepage Real Estate Services Ltd.','Wasaga Beach','Simcoe County','royallepage.ca','','','2023-12-20 20:04:13','2023-12-20 20:04:13'),
(3755,'Zoocasa Realty Inc.','Wasaga Beach','Simcoe County','zoocasa.com','','','2023-12-20 20:04:13','2023-12-20 20:04:13'),
(3756,'1917149 Ontario Inc.','Waterloo','Kitchener-waterloo','wearetheagency.ca','','','2023-12-20 20:04:18','2023-12-20 20:04:18'),
(3757,'2615267 Ontario Inc.','Waterloo','Kitchener-waterloo','davenportrealty.ca','','','2023-12-20 20:04:18','2023-12-20 20:04:18'),
(3758,'2816012 Ontario Inc.','Waterloo','Kitchener-waterloo','engelvoelkers.com','','Mehrdad Mehravar','2023-12-20 20:04:18','2023-12-20 20:04:18'),
(3759,'2819179 Ontario Inc.','Waterloo','Kitchener-waterloo','ffaf.ca','','','2023-12-20 20:04:18','2023-12-20 20:04:18'),
(3760,'724 Realty Inc.','Waterloo','Kitchener-waterloo','724realty.com','','Christakis Georghiades','2023-12-20 20:04:18','2023-12-20 20:04:18'),
(3761,'Abicht Realty Limited','Waterloo','Kitchener-waterloo','abicht.ca','','Andrew Harry Abicht','2023-12-20 20:04:18','2023-12-20 20:04:18'),
(3762,'Bd Valuation Inc.','Waterloo','Kitchener-waterloo','bdvaluation.com','','Blake Austin Dawson','2023-12-20 20:04:18','2023-12-20 20:04:18'),
(3763,'Bubble Realty Inc.','Waterloo','Kitchener-waterloo','','','Ivana Cekic','2023-12-20 20:04:18','2023-12-20 20:04:18'),
(3764,'Chestnut Park Realty (southwestern Ontario) Ltd','Waterloo','Kitchener-waterloo','chestnutparkwest.com','','Lee S. Quaile','2023-12-20 20:04:18','2023-12-20 20:04:18'),
(3765,'Cloud Realty Inc.','Waterloo','Kitchener-waterloo','cloudrealty.ca','','Lang Vuong','2023-12-20 20:04:18','2023-12-20 20:04:18'),
(3766,'Condo Culture Inc.','Waterloo','Kitchener-waterloo','condoculture.ca','','Jeffrey Paul Gibson','2023-12-20 20:04:18','2023-12-20 20:04:18'),
(3767,'Coupal Markou Commercial Real Estate Inc.','Waterloo','Kitchener-waterloo','coupalmarkou.com','','Christopher Coupal','2023-12-20 20:04:18','2023-12-20 20:04:18'),
(3768,'Denski Realty Inc','Waterloo','Kitchener-waterloo','','','Dennis J. Cybalski','2023-12-20 20:04:18','2023-12-20 20:04:18'),
(3769,'Diamond International Realty Inc.','Waterloo','Kitchener-waterloo','','','','2023-12-20 20:04:18','2023-12-20 20:04:18'),
(3770,'El-corp Realty Ltd','Waterloo','Kitchener-waterloo','elcorp.ca','','James Warren Ellis','2023-12-20 20:04:18','2023-12-20 20:04:18'),
(3771,'Especially New Homes Inc.','Waterloo','Kitchener-waterloo','especiallynewhomes.ca','','Kathryn Anne Scharf','2023-12-20 20:04:18','2023-12-20 20:04:18'),
(3772,'Exp Realty Of Canada Inc','Waterloo','Kitchener-waterloo','exprealty.net','','','2023-12-20 20:04:18','2023-12-20 20:04:18'),
(3773,'Green City Realty Inc.','Waterloo','Kitchener-waterloo','','','Li Li','2023-12-20 20:04:18','2023-12-20 20:04:18'),
(3774,'Green Terra Realty Inc.','Waterloo','Kitchener-waterloo','','','Victoria Slawich','2023-12-20 20:04:18','2023-12-20 20:04:18'),
(3775,'H. De Groot Real Estate Limited','Waterloo','Kitchener-waterloo','','','Hendrikus De Groot','2023-12-20 20:04:18','2023-12-20 20:04:18'),
(3776,'Haney Realty Inc.','Waterloo','Kitchener-waterloo','','','David A Haney','2023-12-20 20:04:18','2023-12-20 20:04:18'),
(3777,'Homes By Watson Realty & Appraisals Inc.','Waterloo','Kitchener-waterloo','homesbywatson.com','','James Gordon Watson','2023-12-20 20:04:18','2023-12-20 20:04:18'),
(3778,'Hourglass Real Estate Inc.','Waterloo','Kitchener-waterloo','','','Sean Strongman','2023-12-20 20:04:18','2023-12-20 20:04:18'),
(3779,'Housesigma Inc.','Waterloo','Kitchener-waterloo','housesigma.com','','','2023-12-20 20:04:18','2023-12-20 20:04:18'),
(3780,'Innovation Real Estate Inc.','Waterloo','Kitchener-waterloo','kwinnovationrealty.com','','','2023-12-20 20:04:18','2023-12-20 20:04:18'),
(3781,'International Realty Firm Inc.','Waterloo','Kitchener-waterloo','internationalrealtyfirm.com','','','2023-12-20 20:04:18','2023-12-20 20:04:18'),
(3782,'King Realty Inc.','Waterloo','Kitchener-waterloo','','','Harbinder S Sahota','2023-12-20 20:04:18','2023-12-20 20:04:18'),
(3783,'Leap Real Estate Services Inc.','Waterloo','Kitchener-waterloo','justleap.ca','','Joseph Brett Wehrle','2023-12-20 20:04:18','2023-12-20 20:04:18'),
(3784,'Manorlead Group Inc.','Waterloo','Kitchener-waterloo','manorlead.com','','Ruiqi Xie','2023-12-20 20:04:18','2023-12-20 20:04:18'),
(3785,'Mcintyre Real Estate Services Inc.','Waterloo','Kitchener-waterloo','mres.ca','','David Mcintyre','2023-12-20 20:04:18','2023-12-20 20:04:18'),
(3786,'Peak Realty Ltd','Waterloo','Kitchener-waterloo','peakrealestate.com','','Jason Lamont Bunker','2023-12-20 20:04:18','2023-12-20 20:04:18'),
(3787,'Premier Realty (k-w) Inc.','Waterloo','Kitchener-waterloo','roseg.ca','','Rosemary Ursula Gummow','2023-12-20 20:04:18','2023-12-20 20:04:18'),
(3788,'Re/max Solid Gold Realty (ii) Ltd','Waterloo','Kitchener-waterloo','remaxsolidgold.biz','','James Kenneth Cameron','2023-12-20 20:04:18','2023-12-20 20:04:18'),
(3789,'Re/max Twin City Realty Inc.','Waterloo','Kitchener-waterloo','remaxtwincity.com','','','2023-12-20 20:04:18','2023-12-20 20:04:18'),
(3790,'Red And White Realty Inc.','Waterloo','Kitchener-waterloo','daveroachrealty.com','','','2023-12-20 20:04:18','2023-12-20 20:04:18'),
(3791,'Roger Roedding Real Estate Ltd','Waterloo','Kitchener-waterloo','','','Roger Terrance Roedding','2023-12-20 20:04:18','2023-12-20 20:04:18'),
(3792,'Rpremiere Realty Inc.','Waterloo','Kitchener-waterloo','','','Joshua Daniel Duma','2023-12-20 20:04:18','2023-12-20 20:04:18'),
(3793,'Scharf Realty Ltd.','Waterloo','Kitchener-waterloo','golden.net','','Edward Wilson Scharf','2023-12-20 20:04:18','2023-12-20 20:04:18'),
(3794,'Schmidt & Company Inc.','Waterloo','Kitchener-waterloo','schmidtandcompany.ca','','Landon Schmidt','2023-12-20 20:04:18','2023-12-20 20:04:18'),
(3795,'Signature Home Realty Inc.','Waterloo','Kitchener-waterloo','','','Muhammad Shafiq','2023-12-20 20:04:18','2023-12-20 20:04:18'),
(3796,'Smart From Home Realty Limited','Waterloo','Kitchener-waterloo','agent-ceo.com','','Henry Yu Hwa Hsieh','2023-12-20 20:04:18','2023-12-20 20:04:18'),
(3797,'Team Home Realty Inc.','Waterloo','Kitchener-waterloo','teamhomerealty.com','','Rajneesh Kumar Verma','2023-12-20 20:04:18','2023-12-20 20:04:18'),
(3798,'The Royal Estates Realty Inc.','Waterloo','Kitchener-waterloo','royalestatesrealty.ca','','Gorana Krstic','2023-12-20 20:04:18','2023-12-20 20:04:18'),
(3799,'Victoria Park Real Estate Ltd.','Waterloo','Kitchener-waterloo','','','Matthew Robert Davidson','2023-12-20 20:04:18','2023-12-20 20:04:18'),
(3800,'Whitney & Company Realty Limited','Waterloo','Kitchener-waterloo','','','John Whitney','2023-12-20 20:04:18','2023-12-20 20:04:18'),
(3801,'Wolle Realty Ltd','Waterloo','Kitchener-waterloo','wollerealty.com','','','2023-12-20 20:04:18','2023-12-20 20:04:18'),
(3802,'Zolo Realty (ontario) Inc.','Waterloo','Kitchener-waterloo','zolo.ca','','','2023-12-20 20:04:18','2023-12-20 20:04:18'),
(3803,'A G Robins & Company Ltd','Welland','Niagara S','','','Kristyn Jessica Robins','2023-12-20 20:05:05','2023-12-20 20:05:05'),
(3804,'Advantage Real Estate Inc.','Welland','Niagara S','coldwellbanker.ca','','Alain Raby','2023-12-20 20:05:05','2023-12-20 20:05:05'),
(3805,'Link Realty Inc.','Welland','Niagara S','','','Anthony Joseph Habjan','2023-12-20 20:05:05','2023-12-20 20:05:05'),
(3806,'Pat A. Rocca','Welland','Niagara S','','','Pat A. Rocca','2023-12-20 20:05:05','2023-12-20 20:05:05'),
(3807,'Re/max Niagara Realty Ltd.','Welland','Niagara S','rmxemail.com','','','2023-12-20 20:05:05','2023-12-20 20:05:05'),
(3808,'Royal Real Estate Inc.','Welland','Niagara S','','','Steven Ralph Kealey','2023-12-20 20:05:05','2023-12-20 20:05:05'),
(3809,'Arnott & Associates Realty Inc.','Wellesley','Kitchener-waterloo','','','Shain Robert Arnott','2023-12-20 20:05:08','2023-12-20 20:05:08'),
(3810,'R. Williams Realty Inc.','Wellesley','Kitchener-waterloo','','','Richard G. Williams','2023-12-20 20:05:08','2023-12-20 20:05:08'),
(3811,'1000421225 Ontario Ltd.','Whitby','Durham Region','realtyonegroupreveal.ca','','Rolland Lattouf','2023-12-20 20:05:08','2023-12-20 20:05:08'),
(3812,'2414040 Ontario Inc.','Whitby','Durham Region','ontariowiderealestate.com','','Krysta Marie Weisflock','2023-12-20 20:05:08','2023-12-20 20:05:08'),
(3813,'Aaa Pine Homes Realty Inc.','Whitby','Durham Region','','','Anil Kamal','2023-12-20 20:05:08','2023-12-20 20:05:08'),
(3814,'Ap2 Real Estate Services Inc.','Whitby','Durham Region','apsquared.ca','','Anna Panacci Gergley','2023-12-20 20:05:08','2023-12-20 20:05:08'),
(3815,'Century 21 - Leading Edge Realty Inc.','Whitby','Durham Region','century21.ca','','','2023-12-20 20:05:08','2023-12-20 20:05:08'),
(3816,'Century 21 Briscoe Estates Ltd','Whitby','Durham Region','rickbriscoe.com','','Richard James Briscoe','2023-12-20 20:05:08','2023-12-20 20:05:08'),
(3817,'Cindy & Craig Real Estate Ltd.','Whitby','Durham Region','cindyandcraig.ca','','Allan Craig Noftle','2023-12-20 20:05:08','2023-12-20 20:05:08'),
(3818,'Coughlan Realty Ltd.','Whitby','Durham Region','coughlanrealty.ca','','Thomas Brandon Coughlan','2023-12-20 20:05:08','2023-12-20 20:05:08'),
(3819,'Elite Advantage Realty Ltd.','Whitby','Durham Region','','','Frances Ann Wiseman','2023-12-20 20:05:08','2023-12-20 20:05:08'),
(3820,'Frank Real Estate Inc.','Whitby','Durham Region','royallepage.ca','','','2023-12-20 20:05:08','2023-12-20 20:05:08'),
(3821,'Genie Sabre Realty Ltd.','Whitby','Durham Region','','','Hannif H. Highclass','2023-12-20 20:05:08','2023-12-20 20:05:08'),
(3822,'International Realty Firm Inc.','Whitby','Durham Region','internationalrealtyfirm.com','','','2023-12-20 20:05:08','2023-12-20 20:05:08'),
(3823,'Jeremy James Schott','Whitby','Durham Region','','','Jeremy James Schott','2023-12-20 20:05:08','2023-12-20 20:05:08'),
(3824,'Lago Realty Inc.','Whitby','Durham Region','lagorealty.ca','','Dora Macgregor','2023-12-20 20:05:08','2023-12-20 20:05:08'),
(3825,'Major Realty Inc.','Whitby','Durham Region','','','Shawn L. A. Perry','2023-12-20 20:05:08','2023-12-20 20:05:08'),
(3826,'Mincom New Vision Real Estate Inc.','Whitby','Durham Region','','','Bozena Stefanienko','2023-12-20 20:05:08','2023-12-20 20:05:08'),
(3827,'Ontario One Realty Ltd.','Whitby','Durham Region','ontarioonerealty.com','','','2023-12-20 20:05:08','2023-12-20 20:05:08'),
(3828,'Onyx Realty Ltd.','Whitby','Durham Region','onyxrealty.ca','','Robert Bruce Macfarlane','2023-12-20 20:05:08','2023-12-20 20:05:08'),
(3829,'Pinnacle One Real Estate Inc.','Whitby','Durham Region','','','Tharmavarathan Nagulendran','2023-12-20 20:05:08','2023-12-20 20:05:08'),
(3830,'Proedge Realty Inc.','Whitby','Durham Region','','','Anil Kumar Verma','2023-12-20 20:05:08','2023-12-20 20:05:08'),
(3831,'Property Match Realty Ltd.','Whitby','Durham Region','','','Elizabeth Emma Darbyshire','2023-12-20 20:05:08','2023-12-20 20:05:08'),
(3832,'R.m.r. Real Estate Limited','Whitby','Durham Region','coldwellbanker.com','','Rafael M. Roberto','2023-12-20 20:05:08','2023-12-20 20:05:08'),
(3833,'Re/max Crossroads Realty Incorporated','Whitby','Durham Region','topremax.ca','','','2023-12-20 20:05:08','2023-12-20 20:05:08'),
(3834,'Re/max Hallmark First Group Realty Ltd.','Whitby','Durham Region','remaxhallmark.com','','','2023-12-20 20:05:08','2023-12-20 20:05:08'),
(3835,'Re/max Rouge River Realty Ltd.','Whitby','Durham Region','remaxrougeriver.com','','','2023-12-20 20:05:08','2023-12-20 20:05:08'),
(3836,'Re/max West Realty Inc','Whitby','Durham Region','remaxwest.net','','','2023-12-20 20:05:08','2023-12-20 20:05:08'),
(3837,'Realtyforsale Incorporated','Whitby','Durham Region','realtyforsale.ca','','Selvakumar Sriranganathan','2023-12-20 20:05:08','2023-12-20 20:05:08'),
(3838,'Rebel Real Estate Inc.','Whitby','Durham Region','rebel.realestate','','','2023-12-20 20:05:08','2023-12-20 20:05:08'),
(3839,'Royal Heritage Realty Ltd.','Whitby','Durham Region','trebnet.com','','','2023-12-20 20:05:08','2023-12-20 20:05:08'),
(3840,'Shawn Lepp Group Real Estate Ltd.','Whitby','Durham Region','shawnlepp.com','','Brenda Jean Denman','2023-12-20 20:05:08','2023-12-20 20:05:08'),
(3841,'Snp Realty Inc.','Whitby','Durham Region','trebnet.com','','Sheela Patel','2023-12-20 20:05:08','2023-12-20 20:05:08'),
(3842,'Sutton Group Heritage Realty Inc.','Whitby','Durham Region','sutton.com','','','2023-12-20 20:05:08','2023-12-20 20:05:08'),
(3843,'Tanya Tierney Team Realty Inc.','Whitby','Durham Region','','','Richard Shea','2023-12-20 20:05:08','2023-12-20 20:05:08'),
(3844,'Terrequity Realty Inc','Whitby','Durham Region','terrequity.com','','','2023-12-20 20:05:08','2023-12-20 20:05:08'),
(3845,'The Anderson Team Ltd.','Whitby','Durham Region','','','Leigh Anderson','2023-12-20 20:05:08','2023-12-20 20:05:08'),
(3846,'Urban Avenue Realty Ltd.','Whitby','Durham Region','','','Randy Miller','2023-12-20 20:05:08','2023-12-20 20:05:08'),
(3847,'Web Max Realty Inc.','Whitby','Durham Region','webmaxrealty.ca','','','2023-12-20 20:05:08','2023-12-20 20:05:08'),
(3848,'Wenda Allen Realty Ltd.','Whitby','Durham Region','','','Wenda L Allen','2023-12-20 20:05:08','2023-12-20 20:05:08'),
(3849,'Le Sold Realty Brokerage Inc.','Whitchurch-stouffville','York Region','lesold.ca','','Gang Jian Li','2023-12-20 20:05:40','2023-12-20 20:05:40'),
(3850,'Re/max All-stars Realty Inc.','Whitchurch-stouffville','York Region','remaxallstars.ca','','','2023-12-20 20:05:40','2023-12-20 20:05:40'),
(3851,'1000626244 Ontario Inc.','Windsor','Essex County','','','Gurmeet Singh Gill','2023-12-20 20:05:40','2023-12-20 20:05:40'),
(3852,'17th Century Realty Corporation','Windsor','Essex County','','','Domenic Cervini','2023-12-20 20:05:40','2023-12-20 20:05:40'),
(3853,'2716742 Ontario Inc.','Windsor','Essex County','propertyzilla.com','','','2023-12-20 20:05:40','2023-12-20 20:05:40'),
(3854,'4vgroup Realty Inc.','Windsor','Essex County','','','Vince Mancina','2023-12-20 20:05:40','2023-12-20 20:05:40'),
(3855,'5009760 Ontario Inc.','Windsor','Essex County','kandoorealty.ca','','Abbas Jafarnia','2023-12-20 20:05:40','2023-12-20 20:05:40'),
(3856,'Ak Realty Limited','Windsor','Essex County','','','','2024-01-29 17:32:41','2023-12-20 20:05:40'),
(3857,'Atlas World Real Estate Corporation','Windsor','Essex County','atlasworld.ca','','Leroy David Dirckx','2023-12-20 20:05:40','2023-12-20 20:05:40'),
(3858,'Binder Real Estate Inc.','Windsor','Essex County','royallepagebinder.com','','','2023-12-20 20:05:40','2023-12-20 20:05:40'),
(3859,'Bob Pedler Real Estate Limited','Windsor','Essex County','pedlerrealestate.com','','Greig J. Pedler','2023-12-20 20:05:40','2023-12-20 20:05:40'),
(3860,'Buckingham Realty (windsor) Ltd','Windsor','Essex County','buckinghamrealty.ca','','Cameron Paine','2023-12-20 20:05:40','2023-12-20 20:05:40'),
(3861,'Capital Plus Real Estate Corp.','Windsor','Essex County','bhgrecapital.ca','','Doreen Lee Aiello','2023-12-20 20:05:40','2023-12-20 20:05:40'),
(3862,'Cbre Limited','Windsor','Essex County','cbre.com','','','2023-12-20 20:05:40','2023-12-20 20:05:40'),
(3863,'Century 21 Request Realty Inc.','Windsor','Essex County','century21.ca','','Zdravko Tomas','2023-12-20 20:05:40','2023-12-20 20:05:40'),
(3864,'Century 21 Teams & Associates Ltd.','Windsor','Essex County','timcampbell.com','','Timothy P Campbell','2023-12-20 20:05:40','2023-12-20 20:05:40'),
(3865,'Certainli Realty Inc.','Windsor','Essex County','certainli.ca','','','2023-12-20 20:05:40','2023-12-20 20:05:40'),
(3866,'Consider It Sold Realty Inc.','Windsor','Essex County','','','Nick Jamal Foster','2023-12-20 20:05:40','2023-12-20 20:05:40'),
(3867,'Dattilo Realty Inc.','Windsor','Essex County','','','Frank John Dattilo','2023-12-20 20:05:40','2023-12-20 20:05:40'),
(3868,'Deerbrook Plus Realty Inc.','Windsor','Essex County','deerbrookrealty.net','','Ritchie W. Lescanec','2023-12-20 20:05:40','2023-12-20 20:05:40'),
(3869,'Deerbrook Realty Inc.','Windsor','Essex County','deerbrookrealty.net','','Kelly-lynne Helene Schroth','2023-12-20 20:05:40','2023-12-20 20:05:40'),
(3870,'Distinctive Homes & Real Estate Ltd.','Windsor','Essex County','','','Robert W. Mathers','2024-01-29 17:32:22','2023-12-20 20:05:41'),
(3871,'E.s. Gorski Realty Ltd.','Windsor','Essex County','gorskiappraisals.com','','Edward S. Gorski','2023-12-20 20:05:41','2023-12-20 20:05:41'),
(3872,'Elite Real Estate Limited','Windsor','Essex County','','','John Minovski','2023-12-20 20:05:41','2023-12-20 20:05:41'),
(3873,'Essential Realty Ltd.','Windsor','Essex County','coldwellbanker.ca','','Owen Crampsie','2023-12-20 20:05:41','2023-12-20 20:05:41'),
(3874,'Everest Realty Ltd.','Windsor','Essex County','everesthomes.ca','','','2023-12-20 20:05:41','2023-12-20 20:05:41'),
(3875,'Exp Realty Of Canada Inc','Windsor','Essex County','exprealty.net','','','2023-12-20 20:05:41','2023-12-20 20:05:41'),
(3876,'Fuerland Realty Limited','Windsor','Essex County','fuerlandrealty.com','','Donald Charles Fuerth','2023-12-20 20:05:41','2023-12-20 20:05:41'),
(3877,'Homelife Gold Star Realty Inc.','Windsor','Essex County','','','Manjeet Japra','2023-12-20 20:05:41','2023-12-20 20:05:41'),
(3878,'Jump Realty Inc.','Windsor','Essex County','jumprealty.ca','','','2023-12-20 20:05:41','2023-12-20 20:05:41'),
(3879,'K Rich Realty Inc.','Windsor','Essex County','','','Karen Janet Baron','2023-12-20 20:05:41','2023-12-20 20:05:41'),
(3880,'Kolachi Realty Inc.','Windsor','Essex County','','','Manzoor Alam Kolachi','2024-01-29 17:32:34','2023-12-20 20:05:41'),
(3881,'Lc Platinum Realty Inc.','Windsor','Essex County','lcplatinumrealty.com','','Yue Chen','2023-12-20 20:05:41','2023-12-20 20:05:41'),
(3882,'Listit.realty Brokerage Inc.','Windsor','Essex County','','','Paul Joseph Rouillard','2023-12-20 20:05:41','2023-12-20 20:05:41'),
(3883,'London Lifestyles Realty Inc.','Windsor','Essex County','kw.com','','','2023-12-20 20:05:41','2023-12-20 20:05:41'),
(3884,'Manor Windsor Realty Ltd.','Windsor','Essex County','thevanguardteam.com','','','2023-12-20 20:05:41','2023-12-20 20:05:41'),
(3885,'National Realty Exchange Corp.','Windsor','Essex County','nrec.ca','','Jeewenpreet Singh Gill','2023-12-20 20:05:41','2023-12-20 20:05:41'),
(3886,'Nu Stream Realty (toronto) Inc.','Windsor','Essex County','nustreamtoronto.com','','','2023-12-20 20:05:41','2023-12-20 20:05:41'),
(3887,'O\'brien Shores Realty Ltd.','Windsor','Essex County','obrienshoresrealty.com','','Justin Thomas O\'brien','2023-12-20 20:05:41','2023-12-20 20:05:41'),
(3888,'Pinnacle Plus Realty Ltd.','Windsor','Essex County','','','John Anthony Isshak','2023-12-20 20:05:41','2023-12-20 20:05:41'),
(3889,'Proedge Realty Inc.','Windsor','Essex County','','','','2023-12-20 20:05:41','2023-12-20 20:05:41'),
(3890,'Re/max Preferred Realty Ltd.','Windsor','Essex County','glenmuir.ca','','','2023-12-20 20:05:41','2023-12-20 20:05:41'),
(3891,'Remo Valente Real Estate (1990) Limited','Windsor','Essex County','valenterealestate.com','','Pietro Antonio Valente','2023-12-20 20:05:41','2023-12-20 20:05:41'),
(3892,'Rencen Real Estate Limited','Windsor','Essex County','rencen.ca','','Rocco T. Mancini','2023-12-20 20:05:41','2023-12-20 20:05:41'),
(3893,'Results Realty Inc','Windsor','Essex County','resultsrealty.ca','','Gary Allan Barbesin','2023-12-20 20:05:41','2023-12-20 20:05:41'),
(3894,'Scy Realty Ltd.','Windsor','Essex County','','','Sam B Younan','2023-12-20 20:05:41','2023-12-20 20:05:41'),
(3895,'Steward R. Fulford','Windsor','Essex County','fulford.com','','Steward R. Fulford','2023-12-20 20:05:41','2023-12-20 20:05:41'),
(3896,'Stonebridge Real Estate Corporation','Windsor','Essex County','','','Saso Trajkovski','2023-12-20 20:05:41','2023-12-20 20:05:41'),
(3897,'The Signature Group Realty Inc.','Windsor','Essex County','','','Zeshan Hasan','2024-01-29 17:32:41','2023-12-20 20:05:41'),
(3898,'Thomas E Goebel','Windsor','Essex County','','','','2023-12-20 20:05:41','2023-12-20 20:05:41'),
(3899,'Turn Key Real Estate Brokerage Inc.','Windsor','Essex County','','','','2024-01-29 17:32:34','2023-12-20 20:05:41'),
(3900,'Yared Realty Inc.','Windsor','Essex County','yared.biz','','John Allan Yared','2023-12-20 20:05:41','2023-12-20 20:05:41'),
(3901,'Zolo Realty (ontario) Inc.','Windsor','Essex County','zolo.ca','','','2023-12-20 20:05:42','2023-12-20 20:05:42'),
(3902,'Ali Ace Real Estate Brokerage Inc.','Woodstock','Oxford County','','','Ali Mahmood Zulfiqar','2023-12-20 20:07:13','2023-12-20 20:07:13'),
(3903,'B&b Real Estate Team Inc.','Woodstock','Oxford County','bradandbeckyteam.ca','','Bradley P. Vink','2023-12-20 20:07:13','2023-12-20 20:07:13'),
(3904,'Bridge Realty Inc.','Woodstock','Oxford County','bridgerealty.ca','','','2023-12-20 20:07:13','2023-12-20 20:07:13'),
(3905,'Century 21 Heritage House Ltd','Woodstock','Oxford County','century21.ca','','Anthony Augustine Montanaro','2023-12-20 20:07:13','2023-12-20 20:07:13'),
(3906,'Exp Realty Of Canada Inc','Woodstock','Oxford County','exprealty.net','','','2023-12-20 20:07:13','2023-12-20 20:07:13'),
(3907,'Go Platinum Realty Inc.','Woodstock','Oxford County','garyoverbeek.com','','Gary James Overbeek','2023-12-20 20:07:13','2023-12-20 20:07:13'),
(3908,'Hewitt Jancsar Realty Ltd.','Woodstock','Oxford County','thefamilyadvantage.ca','','','2023-12-20 20:07:13','2023-12-20 20:07:13'),
(3909,'Innovation Real Estate Inc.','Woodstock','Oxford County','kwinnovationrealty.com','','','2023-12-20 20:07:13','2023-12-20 20:07:13'),
(3910,'King Realty Inc.','Woodstock','Oxford County','','','','2023-12-20 20:07:13','2023-12-20 20:07:13'),
(3911,'Lesley Joan Michie','Woodstock','Oxford County','','','','2023-12-20 20:07:13','2023-12-20 20:07:13'),
(3912,'Ourhomes Realty Brokerage Ltd.','Woodstock','Oxford County','ourhomesrealty.com','','Jigar Popatlal Patel','2023-12-20 20:07:13','2023-12-20 20:07:13'),
(3913,'Re/max A-b Realty Ltd','Woodstock','Oxford County','oxfordcountyhomes.ca','','','2023-12-20 20:07:13','2023-12-20 20:07:13'),
(3914,'Revel Realty Inc.','Woodstock','Oxford County','revelrealty.ca','','','2023-12-20 20:07:13','2023-12-20 20:07:13'),
(3915,'Sutton Group Right Way Real Estate (2007) Inc','Woodstock','Oxford County','execulink.com','','Dave W. Redford','2023-12-20 20:07:13','2023-12-20 20:07:13'),
(3916,'Teamrv Realty Inc.','Woodstock','Oxford County','','','Vishal Verma','2023-12-20 20:07:13','2023-12-20 20:07:13'),
(3917,'The Realty Firm Inc.','Woodstock','Oxford County','therealtyfirm.ca','','','2023-12-20 20:07:13','2023-12-20 20:07:13'),
(3918,'Triland Realty Ltd.','Woodstock','Oxford County','royallepage.ca','','','2023-12-20 20:07:13','2023-12-20 20:07:13'
